t_s,F_N,p_kPa,thickness_um,T_degC,V_V,I_A,soc,seg_type
0.0,350.3455841920648,25.951524754967764,4969.971960648331,25.0,3.58,-0.0,0.2,rest
1.0,350.82161814350115,25.9872031958149,4970.001228436632,25.0,3.58,-0.0,0.2,rest
2.0,350.3304370761834,25.951236079717287,4970.056986087432,25.0,3.58,-0.0,0.2,rest
3.0,348.69684276839564,25.8306457606219,4969.977342848725,25.0,3.58,-0.0,0.2,rest
4.0,350.9053558666731,25.99465599012393,4970.045986813037,25.0,3.58,-0.0,0.2,rest
5.0,350.446374572364,25.961074042397332,4969.982611074931,25.0,3.58,-0.0,0.2,rest
6.0,349.4630467646397,25.888651612195535,4970.0492793491785,25.0,3.58,-0.0,0.2,rest
7.0,350.5811181041964,25.97188837808862,4969.965569884469,25.0,3.58,-0.0,0.2,rest
8.0,350.3645723961861,25.956264621939717,4969.998557709384,25.0,3.58,-0.0,0.2,rest
9.0,350.29413249665555,25.95146351827078,4970.044583764254,25.0,3.58,-0.0,0.2,rest
10.0,350.0284222413158,25.93219794380117,4969.998634958568,25.0,3.58,-0.0,0.2,rest
11.0,350.5467129866124,25.971006517526845,4969.874595535248,25.0,3.58,-0.0,0.2,rest
12.0,349.2635459129983,25.876373771333206,4969.982039932102,25.0,3.58,-0.0,0.2,rest
13.0,349.83709005200694,25.91927518903755,4970.022244089849,25.0,3.58,-0.0,0.2,rest
14.0,349.51788068732003,25.89604671757926,4970.000191198492,25.0,3.58,-0.0,0.2,rest
15.0,350.5988462126346,25.976534904639603,4969.941808223031,25.0,3.58,-0.0,0.2,rest
16.0,350.0397221074817,25.93553497092457,4969.971313940757,25.0,3.58,-0.0,0.2,rest
17.0,349.7075432490349,25.911345796224808,4970.035253106299,25.0,3.58,-0.0,0.2,rest
18.0,349.21809153764315,25.87550678056616,4970.044146238891,25.0,3.58,-0.0,0.2,rest
19.0,349.74280775938115,25.914791315509717,4970.022385570178,25.0,3.58,-0.0,0.2,rest
20.0,350.00814218051835,25.9348623837421,4969.96183754321,25.0,3.58,-0.0,0.2,rest
21.0,349.72439709470063,25.914260895903748,4969.949781973203,25.0,3.58,-0.0,0.2,rest
22.0,351.2940638143982,26.030949171436905,4970.10865444568,25.0,3.58,-0.0,0.2,rest
23.0,351.0067243153058,26.010081430763396,4969.940100182979,25.0,3.58,-0.0,0.2,rest
24.0,347.28883752103405,25.735099075632156,4970.059718564468,25.0,3.58,-0.0,0.2,rest
25.0,348.11098675403235,25.79641568548388,4970.004979670861,25.0,3.58,-0.0,0.2,rest
26.0,349.82522790794485,25.923813178366284,4970.027931147808,25.0,3.58,-0.0,0.2,rest
27.0,349.57780958842363,25.905902562105453,4970.017708820777,25.0,3.58,-0.0,0.2,rest
28.0,350.2136429974986,25.95341799981471,4969.984726393128,25.0,3.58,-0.0,0.2,rest
29.0,350.2173219310226,25.954107180075745,4970.031678654628,25.0,3.58,-0.0,0.2,rest
30.0,352.117838755051,26.09530287074452,4969.94939060951,25.0,3.58,-0.0,0.2,rest
31.0,348.8879792373077,25.85647068424501,4969.979673085826,25.0,3.58,-0.0,0.2,rest
32.0,349.622394992873,25.91128851799059,4970.008207749657,25.0,3.58,-0.0,0.2,rest
33.0,352.04277160749234,26.09099234129573,4969.863628236896,25.0,3.58,-0.0,0.2,rest
34.0,350.64670299620184,25.98799651823717,4970.068015440162,25.0,3.58,-0.0,0.2,rest
35.0,350.66306337237626,25.989625064620466,4969.989100656301,25.0,3.58,-0.0,0.2,rest
36.0,349.48599362831254,25.902851379875003,4969.982985046748,25.0,3.58,-0.0,0.2,rest
37.0,348.3519248291444,25.81926295030699,4969.942693165831,25.0,3.58,-0.0,0.2,rest
38.0,350.16746474422274,25.954164055127613,4969.986718225072,25.0,3.58,-0.0,0.2,rest
39.0,350.10901408782155,25.95025104354233,4969.923285825489,25.0,3.58,-0.0,0.2,rest
40.0,348.7726479457554,25.851677625611508,4969.941805890129,25.0,3.58,-0.0,0.2,rest
41.0,349.31677333821943,25.89239987690514,4969.959516001377,25.0,3.58,-0.0,0.2,rest
42.0,349.9279563202728,25.93808935705724,4969.995980923082,25.0,3.58,-0.0,0.2,rest
43.0,349.05524837693923,25.873860990884392,4969.992778425005,25.0,3.58,-0.0,0.2,rest
44.0,349.9017300321478,25.93698000238132,4969.959996432564,25.0,3.58,-0.0,0.2,rest
45.0,350.09548302746947,25.951748742775514,4969.968980071713,25.0,3.58,-0.0,0.2,rest
46.0,350.0355862370555,25.94772861015226,4970.025921955658,25.0,3.58,-0.0,0.2,rest
47.0,349.4937083416857,25.9080061734582,4969.9570156965065,25.0,3.58,-0.0,0.2,rest
48.0,350.5937480717858,25.98990726457673,4970.073296166667,25.0,3.58,-0.0,0.2,rest
49.0,350.8911669542823,26.01235495957647,4970.028733893297,25.0,3.58,-0.0,0.2,rest
50.0,350.32084830456654,25.97052580033826,4969.962026481785,25.0,3.58,-0.0,0.2,rest
51.0,349.1817697726097,25.88656627945257,4969.92591474368,25.0,3.58,-0.0,0.2,rest
52.0,350.7316522837854,26.001789058058183,4970.001296100149,25.0,3.58,-0.0,0.2,rest
53.0,349.49855998153294,25.910865554187627,4970.049209563281,25.0,3.58,-0.0,0.2,rest
54.0,350.879160618288,26.013548934688,4970.002212734254,25.0,3.58,-0.0,0.2,rest
55.0,348.92821258312256,25.86945093208315,4970.000531572006,25.0,3.58,-0.0,0.2,rest
56.0,350.9144672031288,26.01699757060213,4969.919128909416,25.0,3.58,-0.0,0.2,rest
57.0,349.97993654538453,25.94818974410256,4970.037205812803,25.0,3.58,-0.0,0.2,rest
58.0,348.7512511096656,25.857592674790045,4969.938941049001,25.0,3.58,-0.0,0.2,rest
59.0,349.68610052803314,25.92725744652097,4970.075580049847,25.0,3.58,-0.0,0.2,rest
60.0,350.05410227877155,25.954933502131222,4969.998235354188,25.0,3.58,-0.0,0.2,rest
61.0,350.2727913391644,25.971549358456624,4970.079866613405,25.0,3.58,-0.0,0.2,rest
62.0,349.017811875059,25.879004583337707,4970.030697762641,25.0,3.58,-0.0,0.2,rest
63.0,348.8926269528348,25.870148292802583,4969.895104290308,25.0,3.58,-0.0,0.2,rest
64.0,350.1995845328471,25.967376632062752,4969.99146394785,25.0,3.58,-0.0,0.2,rest
65.0,349.5332503831202,25.91843521356446,4970.02679454227,25.0,3.58,-0.0,0.2,rest
66.0,350.2355056117302,25.97087078605409,4970.069375314054,25.0,3.58,-0.0,0.2,rest
67.0,350.7595195224784,26.01010329796136,4969.989272698038,25.0,3.58,-0.0,0.2,rest
68.0,348.351212633649,25.832126861751775,4970.022466833611,25.0,3.58,-0.0,0.2,rest
69.0,350.2543881165176,25.973519490112416,4969.909956639332,25.0,3.58,-0.0,0.2,rest
70.0,351.2246469675357,26.045807182780425,4970.006491051028,25.0,3.58,-0.0,0.2,rest
71.0,349.70247315562955,25.933470233750334,4969.9859509649705,25.0,3.58,-0.0,0.2,rest
72.0,349.1891854167624,25.895865586426847,4970.028172083766,25.0,3.58,-0.0,0.2,rest
73.0,350.7522438271796,26.01206435756886,4969.992108343806,25.0,3.58,-0.0,0.2,rest
74.0,350.25344651620816,25.97553307527468,4969.984852798259,25.0,3.58,-0.0,0.2,rest
75.0,350.8958830707776,26.02353763487241,4969.990194128187,25.0,3.58,-0.0,0.2,rest
76.0,349.65478428994874,25.93202105851472,4970.029490816425,25.0,3.58,-0.0,0.2,rest
77.0,348.5181817262778,25.848244942687245,4970.070437763053,25.0,3.58,-0.0,0.2,rest
78.0,349.88998923528874,25.95027698039176,4970.043793971528,25.0,3.58,-0.0,0.2,rest
79.0,349.5541718469888,25.92581828496213,4970.054487146312,25.0,3.58,-0.0,0.2,rest
80.0,350.7753238220476,26.016690653485007,4969.946340960006,25.0,3.58,-0.0,0.2,rest
81.0,350.19363284837715,25.97401909987979,4969.924797172009,25.0,3.58,-0.0,0.2,rest
82.0,348.3691507675649,25.839288945745547,4969.941534999517,25.0,3.58,-0.0,0.2,rest
83.0,348.8048369198968,25.87197866073309,4969.942698983517,25.0,3.58,-0.0,0.2,rest
84.0,350.88378903658725,26.026391780487945,4970.025039703782,25.0,3.58,-0.0,0.2,rest
85.0,350.6797650174178,26.01169555684577,4969.991147048629,25.0,3.58,-0.0,0.2,rest
86.0,349.3597566340915,25.91433382474752,4969.983036681963,25.0,3.58,-0.0,0.2,rest
87.0,349.99895120343274,25.96209823729131,4970.114663791875,25.0,3.58,-0.0,0.2,rest
88.0,350.44557355377617,25.99559804102045,4969.983992204768,25.0,3.58,-0.0,0.2,rest
89.0,350.46840433584725,25.997705876729427,4970.044157640547,25.0,3.58,-0.0,0.2,rest
90.0,350.87624219611433,26.02833275526773,4970.001182951419,25.0,3.58,-0.0,0.2,rest
91.0,350.25648562722154,25.982841527942337,4969.942257152398,25.0,3.58,-0.0,0.2,rest
92.0,349.9051716610315,25.957234937854185,4969.911813049081,25.0,3.58,-0.0,0.2,rest
93.0,349.74115193521214,25.9455019952009,4969.967534135224,25.0,3.58,-0.0,0.2,rest
94.0,351.05574280053327,26.04329576300246,4970.019899998021,25.0,3.58,-0.0,0.2,rest
95.0,347.74914572492145,25.798779312957144,4970.025765623429,25.0,3.58,-0.0,0.2,rest
96.0,349.86134467490865,25.955655161104342,4970.063967307165,25.0,3.58,-0.0,0.2,rest
97.0,350.0330001039841,25.96878704473956,4970.026264743262,25.0,3.58,-0.0,0.2,rest
98.0,348.57465103912983,25.861177854750355,4970.094914571851,25.0,3.58,-0.0,0.2,rest
99.0,350.33281361313806,25.991828786158376,4969.963007946423,25.0,3.58,-0.0,0.2,rest
100.0,349.3487189875566,25.919349554633826,4969.963552267381,25.0,3.58,-0.0,0.2,rest
101.0,350.86244479631574,26.03189405898635,4970.04029793628,25.0,3.58,-0.0,0.2,rest
102.0,349.87440791596566,25.959122808590053,4969.992142237831,25.0,3.58,-0.0,0.2,rest
103.0,350.66915324078946,26.018409499317737,4970.05516702237,25.0,3.58,-0.0,0.2,rest
104.0,351.21884360517123,26.059543970753424,4970.082718296403,25.0,3.58,-0.0,0.2,rest
105.0,350.3829295827135,25.998041080200995,4970.019734144424,25.0,3.58,-0.0,0.2,rest
106.0,349.1242788565772,25.90522435974645,4969.982932068841,25.0,3.58,-0.0,0.2,rest
107.0,348.4856813682954,25.85833750876262,4969.872796732407,25.0,3.58,-0.0,0.2,rest
108.0,351.7533841175164,26.100806230927137,4969.987350429938,25.0,3.58,-0.0,0.2,rest
109.0,349.8887078068125,25.963098726430555,4970.015734445863,25.0,3.58,-0.0,0.2,rest
110.0,349.31143505236565,25.920754448323382,4969.931598707638,25.0,3.58,-0.0,0.2,rest
111.0,350.14425708806084,25.982861636152656,4970.022954472459,25.0,3.58,-0.0,0.2,rest
112.0,349.8085886695173,25.958413975519804,4970.0138301982,25.0,3.58,-0.0,0.2,rest
113.0,350.85214226421266,26.0361309084602,4970.010516172074,25.0,3.58,-0.0,0.2,rest
114.0,350.0339281824371,25.97593912462497,4970.049104354557,25.0,3.58,-0.0,0.2,rest
115.0,350.0137495836184,25.974861080268028,4970.080359162029,25.0,3.58,-0.0,0.2,rest
116.0,349.285420278967,25.921327428071628,4969.948183549071,25.0,3.58,-0.0,0.2,rest
117.0,350.4695680987475,26.00945874805537,4969.993223501269,25.0,3.58,-0.0,0.2,rest
118.0,348.96613327764504,25.898509872418156,4970.017845192105,25.0,3.58,-0.0,0.2,rest
119.0,350.665889439764,26.02483440294548,4970.0821747539,25.0,3.58,-0.0,0.2,rest
120.0,351.52393751299013,25.588810186147416,4970.005850635591,25.0,3.598,-5.0,0.2,charge
121.0,348.6142028507897,25.37369095191035,4970.062540262226,25.0,3.59825,-5.0,0.2002777777777777,charge
122.0,347.81154854642654,25.314651744179745,4970.063560176257,25.0,3.5985,-5.0,0.2005555555555555,charge
123.0,351.033545421821,25.553734846060813,4970.096660636086,25.0,3.59875,-5.0,0.2008333333333333,charge
124.0,353.10345337103865,25.707478027484346,4970.12605998809,25.0,3.599,-5.0,0.2011111111111111,charge
125.0,349.6935195955726,25.455307007079448,4970.199975465994,25.0,3.59925,-5.0,0.2013888888888889,charge
126.0,349.5826375745313,25.447510190706023,4970.196704308855,25.0,3.5995,-5.0,0.2016666666666667,charge
127.0,351.56119115600274,25.59448638192613,4970.244472585256,25.0,3.59975,-5.0,0.2019444444444444,charge
128.0,350.2703895210528,25.499288112670577,4970.230993310424,25.0,3.6,-5.0,0.2022222222222222,charge
129.0,350.74397451606325,25.53478514933802,4970.237641331927,25.0,3.60025,-5.0,0.2025,charge
130.0,351.0407714222051,25.5571867720152,4970.276667377389,25.0,3.6005,-5.0,0.2027777777777777,charge
131.0,352.0597798640696,25.63308554548664,4970.358403490542,25.0,3.60075,-5.0,0.2030555555555555,charge
132.0,351.2613643052736,25.57436031890915,4970.340654356037,25.0,3.6009999999999995,-5.0,0.2033333333333333,charge
133.0,352.0834383956357,25.635671362639684,4970.284248058859,25.0,3.60125,-5.0,0.2036111111111111,charge
134.0,351.7679111855509,25.612715643374138,4970.414350794015,25.0,3.6015,-5.0,0.2038888888888889,charge
135.0,351.2386622296818,25.57392868368013,4970.358343435406,25.0,3.60175,-5.0,0.2041666666666667,charge
136.0,351.902395964479,25.623510812183632,4970.330668359193,25.0,3.602,-5.0,0.2044444444444444,charge
137.0,351.41071144594315,25.5875064034032,4970.467605479703,25.0,3.60225,-5.0,0.2047222222222222,charge
138.0,352.5065149858697,25.66909370265702,4970.587710730882,25.0,3.6025,-5.0,0.205,charge
139.0,351.51502266132326,25.59606649343135,4970.571610937038,25.0,3.60275,-5.0,0.2052777777777777,charge
140.0,351.68488340848256,25.60906543766537,4970.58682823068,25.0,3.603,-5.0,0.2055555555555555,charge
141.0,354.3736284819719,25.808648406071992,4970.540879687539,25.0,3.60325,-5.0,0.2058333333333333,charge
142.0,353.0023713352502,25.70749046927779,4970.5546235833535,25.0,3.6035,-5.0,0.2061111111111111,charge
143.0,353.1405424189724,25.718142031034997,4970.584730090613,25.0,3.60375,-5.0,0.2063888888888889,charge
144.0,353.844869753251,25.770731092833405,4970.6453106098725,25.0,3.604,-5.0,0.2066666666666666,charge
145.0,353.0513652196734,25.71236964590173,4970.655174483744,25.0,3.60425,-5.0,0.2069444444444444,charge
146.0,353.3825757436329,25.737320425454293,4970.725726428238,25.0,3.6045,-5.0,0.2072222222222222,charge
147.0,354.1751487353319,25.79644620261718,4970.760501068969,25.0,3.60475,-5.0,0.2075,charge
148.0,354.1713047311333,25.7965781282321,4970.730100177556,25.0,3.605,-5.0,0.2077777777777777,charge
149.0,352.86848105084533,25.70048933709965,4970.830994089749,25.0,3.60525,-5.0,0.2080555555555555,charge
150.0,355.0000092633363,25.85879698246936,4970.719752926992,25.0,3.6055,-5.0,0.2083333333333333,charge
151.0,353.7151206122665,25.764036712019735,4970.82930495308,25.0,3.60575,-5.0,0.2086111111111111,charge
152.0,353.38836549413026,25.7402492958615,4970.859052346754,25.0,3.606,-5.0,0.2088888888888889,charge
153.0,353.6828582633343,25.762480241728465,4970.8763399743375,25.0,3.60625,-5.0,0.2091666666666666,charge
154.0,354.3316768778669,25.81095754650866,4970.931527157635,25.0,3.6065,-5.0,0.2094444444444444,charge
155.0,356.4884113657342,25.97113232338772,4970.958347944558,25.0,3.60675,-5.0,0.2097222222222222,charge
156.0,353.82446409507924,25.77421956259846,4971.011157270908,25.0,3.607,-5.0,0.21,charge
157.0,355.29896478142325,25.88385850232765,4971.046123101792,25.0,3.60725,-5.0,0.2102777777777777,charge
158.0,353.13995341968723,25.724348401458315,4970.964838537587,25.0,3.6075,-5.0,0.2105555555555555,charge
159.0,355.41509973352146,25.893294424705296,4971.12797661887,25.0,3.60775,-5.0,0.2108333333333333,charge
160.0,356.4551219730316,25.97074977578012,4971.132047741441,25.0,3.608,-5.0,0.2111111111111111,charge
161.0,355.457781122383,25.89728934239874,4971.2012548588455,25.0,3.60825,-5.0,0.2113888888888889,charge
162.0,355.20397840945003,25.878905808107408,4971.239519295439,25.0,3.6085,-5.0,0.2116666666666666,charge
163.0,356.20373328628085,25.95337839157636,4971.283448444758,25.0,3.60875,-5.0,0.2119444444444444,charge
164.0,356.81126286226174,25.998797249056423,4971.288320813326,25.0,3.609,-5.0,0.2122222222222222,charge
165.0,356.9136575710174,26.00679870896425,4971.249498259041,25.0,3.60925,-5.0,0.2125,charge
166.0,358.3613627428187,26.11445279576435,4971.35340133513,25.0,3.6095,-5.0,0.2127777777777778,charge
167.0,356.73694525011405,25.994542240749187,4971.308015662877,25.0,3.60975,-5.0,0.2130555555555555,charge
168.0,356.07425656691373,25.945870856808423,4971.316082838576,25.0,3.61,-5.0,0.2133333333333333,charge
169.0,356.6795763655689,25.99112602707918,4971.367143950589,25.0,3.61025,-5.0,0.2136111111111111,charge
170.0,356.87194589882466,26.005792288801825,4971.483684576726,25.0,3.6105,-5.0,0.2138888888888889,charge
171.0,357.1920707168115,26.029921904949,4971.472956186359,25.0,3.61075,-5.0,0.2141666666666666,charge
172.0,357.1921944089928,26.030347733999463,4971.454923976956,25.0,3.611,-5.0,0.2144444444444444,charge
173.0,357.5350770500073,26.05616311481536,4971.475482154498,25.0,3.61125,-5.0,0.2147222222222222,charge
174.0,355.8291499393849,25.93021481032481,4971.457195652964,25.0,3.6115,-5.0,0.215,charge
175.0,358.4685178449289,26.12614021073548,4971.57675985517,25.0,3.61175,-5.0,0.2152777777777778,charge
176.0,357.2030385088568,26.03281766732272,4971.372343075502,25.0,3.612,-5.0,0.2155555555555555,charge
177.0,356.7435079702196,25.99919503483108,4971.590624529592,25.0,3.61225,-5.0,0.2158333333333333,charge
178.0,358.69330671519697,26.14404123816274,4971.595323078231,25.0,3.6125,-5.0,0.2161111111111111,charge
179.0,359.51177045183056,26.205084848283743,4971.608832754278,25.0,3.61275,-5.0,0.2163888888888889,charge
180.0,358.8263614828328,26.154730480209835,4971.712326806754,25.0,3.613,-5.0,0.2166666666666666,charge
181.0,358.6333815360678,26.140852336005025,4971.680816808971,25.0,3.61325,-5.0,0.2169444444444444,charge
182.0,357.6788908057391,26.070565985610305,4971.800656050694,25.0,3.6135,-5.0,0.2172222222222222,charge
183.0,361.6215673378135,26.36303276576396,4971.686954866872,25.0,3.61375,-5.0,0.2175,charge
184.0,359.7691475095504,26.226233148855588,4971.887722825547,25.0,3.614,-5.0,0.2177777777777778,charge
185.0,357.8884831074348,26.08734134129147,4971.776778757289,25.0,3.61425,-5.0,0.2180555555555555,charge
186.0,358.38702875042696,26.124687314846444,4971.871334946186,25.0,3.6145,-5.0,0.2183333333333333,charge
187.0,359.3925348041274,26.199585911416847,4971.833489673041,25.0,3.61475,-5.0,0.2186111111111111,charge
188.0,357.88971331244846,26.08868246758877,4971.860039222686,25.0,3.615,-5.0,0.2188888888888889,charge
189.0,359.7519637403439,26.22704361039585,4971.919645170017,25.0,3.61525,-5.0,0.2191666666666666,charge
190.0,359.2631506665095,26.191251901222927,4971.983326415935,25.0,3.6155,-5.0,0.2194444444444444,charge
191.0,361.0873817114273,26.326796793439065,4971.946580589901,25.0,3.61575,-5.0,0.2197222222222222,charge
192.0,360.9621546636282,26.31793738249098,4971.964092861676,25.0,3.616,-5.0,0.22,charge
193.0,357.42760345145416,26.056535440848457,4972.001101185906,25.0,3.61625,-5.0,0.2202777777777778,charge
194.0,360.3194803638051,26.271165212133717,4971.988461528986,25.0,3.6165,-5.0,0.2205555555555555,charge
195.0,358.79919916714294,26.15896845682541,4972.018452756845,25.0,3.61675,-5.0,0.2208333333333333,charge
196.0,361.6651935548041,26.37168100405956,4972.120228138479,25.0,3.617,-5.0,0.2211111111111111,charge
197.0,360.8625503135723,26.31264261582017,4972.181390219008,25.0,3.61725,-5.0,0.2213888888888889,charge
198.0,361.3817387855204,26.35151768781633,4972.207238490852,25.0,3.6175,-5.0,0.2216666666666666,charge
199.0,359.9070974934189,26.24270166617918,4972.190859824455,25.0,3.61775,-5.0,0.2219444444444444,charge
200.0,362.9395413491066,26.467743803637525,4972.231526193117,25.0,3.618,-5.0,0.2222222222222222,charge
201.0,363.2700733671504,26.49264432349262,4972.120382131203,25.0,3.61825,-5.0,0.2225,charge
202.0,360.3241178462627,26.27484206268613,4972.234216110441,25.0,3.6185,-5.0,0.2227777777777778,charge
203.0,361.9005928996441,26.39203465923289,4972.281606559912,25.0,3.61875,-5.0,0.2230555555555555,charge
204.0,360.9933642382765,26.3252492028353,4972.353673422946,25.0,3.619,-5.0,0.2233333333333333,charge
205.0,361.7819856186948,26.38408226805147,4972.382221845426,25.0,3.61925,-5.0,0.2236111111111111,charge
206.0,360.6788074652199,26.302782034460733,4972.382267644269,25.0,3.6195,-5.0,0.2238888888888889,charge
207.0,363.950478847914,26.54554472947511,4972.41743530794,25.0,3.61975,-5.0,0.2241666666666666,charge
208.0,361.2530427111396,26.346151311936268,4972.555153117322,25.0,3.62,-5.0,0.2244444444444444,charge
209.0,362.06502729611367,26.40671498489731,4972.427538381046,25.0,3.62025,-5.0,0.2247222222222222,charge
210.0,363.0014829311105,26.47649873563781,4972.502919940839,25.0,3.6205,-5.0,0.225,charge
211.0,361.9913282104728,26.40208912670169,4972.503822947761,25.0,3.62075,-5.0,0.2252777777777778,charge
212.0,362.5384653480455,26.44303447022559,4972.5211363787375,25.0,3.621,-5.0,0.2255555555555555,charge
213.0,362.3530268202397,26.429714949647384,4972.56591989749,25.0,3.62125,-5.0,0.2258333333333333,charge
214.0,362.92209480071926,26.47228480005328,4972.617685912117,25.0,3.6215,-5.0,0.2261111111111111,charge
215.0,362.0239018093442,26.40616865254401,4972.5999184023685,25.0,3.62175,-5.0,0.2263888888888889,charge
216.0,362.8953452577311,26.47113668575786,4972.76103365226,25.0,3.622,-5.0,0.2266666666666666,charge
217.0,363.26532929751,26.49895957759333,4972.684670194937,25.0,3.62225,-5.0,0.2269444444444444,charge
218.0,363.2773851073069,26.500269267207923,4972.7125320184905,25.0,3.6225,-5.0,0.2272222222222222,charge
219.0,363.8066899548938,26.5398937003625,4972.828697774648,25.0,3.62275,-5.0,0.2275,charge
220.0,363.5957866695322,26.524687901446825,4972.855485930961,25.0,3.623,-5.0,0.2277777777777778,charge
221.0,364.78098918621714,26.6128973471272,4972.871543089822,25.0,3.62325,-5.0,0.2280555555555555,charge
222.0,363.8434707408808,26.543868203028207,4972.891271270424,25.0,3.6235,-5.0,0.2283333333333333,charge
223.0,364.1689059592596,26.56839118216738,4972.765547296771,25.0,3.62375,-5.0,0.2286111111111111,charge
224.0,363.77966310844863,26.539975045070268,4972.861058654257,25.0,3.624,-5.0,0.2288888888888889,charge
225.0,364.05681849321815,26.56092174023838,4972.901526756697,25.0,3.62425,-5.0,0.2291666666666666,charge
226.0,363.4577294314025,26.51696143936315,4972.905070843466,25.0,3.6245,-5.0,0.2294444444444444,charge
227.0,365.37989603198906,26.65976081718437,4973.04716834692,25.0,3.62475,-5.0,0.2297222222222222,charge
228.0,363.8574819823475,26.54740607276648,4973.047871517599,25.0,3.625,-5.0,0.23,charge
229.0,364.3930324907006,26.587493147459305,4972.9822458715125,25.0,3.62525,-5.0,0.2302777777777777,charge
230.0,365.637022429789,26.68005721702141,4972.983563177837,25.0,3.6255,-5.0,0.2305555555555555,charge
231.0,365.8192400326112,26.693971483897123,4973.000804577487,25.0,3.62575,-5.0,0.2308333333333333,charge
232.0,365.1554408045505,26.645217837374112,4973.045036858641,25.0,3.626,-5.0,0.2311111111111111,charge
233.0,363.6751786339557,26.53598545436709,4973.144639392028,25.0,3.62625,-5.0,0.2313888888888889,charge
234.0,366.25384662062896,26.727414564491035,4973.196203383067,25.0,3.6265,-5.0,0.2316666666666667,charge
235.0,366.2317856811143,26.726197087489947,4973.163569489761,25.0,3.62675,-5.0,0.2319444444444444,charge
236.0,364.6987298956393,26.61305406634365,4973.297203896097,25.0,3.627,-5.0,0.2322222222222222,charge
237.0,367.0203220827945,26.785440524651445,4973.236968222437,25.0,3.62725,-5.0,0.2325,charge
238.0,365.6877890884555,26.68715104358929,4973.296547487234,25.0,3.6275,-5.0,0.2327777777777777,charge
239.0,365.4015896616245,26.66636775271292,4973.245245303642,25.0,3.62775,-5.0,0.2330555555555555,charge
240.0,366.76239737763086,26.76758499093562,4973.316370748379,25.0,3.628,-5.0,0.2333333333333333,charge
241.0,366.62708512415634,26.757978527715284,4973.29347842136,25.0,3.62825,-5.0,0.2336111111111111,charge
242.0,367.1470684454356,26.79691247743968,4973.388406589668,25.0,3.6285,-5.0,0.2338888888888889,charge
243.0,365.47758527500895,26.673663724074736,4973.456144776793,25.0,3.62875,-5.0,0.2341666666666667,charge
244.0,369.0344523384946,26.93755202507367,4973.432635813308,25.0,3.629,-5.0,0.2344444444444444,charge
245.0,366.7584524965674,26.769376110856843,4973.46348802175,25.0,3.62925,-5.0,0.2347222222222222,charge
246.0,365.9603406915036,26.710673384555815,4973.55846116941,25.0,3.6295,-5.0,0.235,charge
247.0,368.25773107745607,26.881267116848598,4973.504211023912,25.0,3.62975,-5.0,0.2352777777777777,charge
248.0,367.4229736476766,26.819849899827894,4973.61063402811,25.0,3.63,-5.0,0.2355555555555555,charge
249.0,368.2415251524396,26.880900011291825,4973.598275753303,25.0,3.63025,-5.0,0.2358333333333333,charge
250.0,367.7159471249305,26.84238497221708,4973.576519058368,25.0,3.6305,-5.0,0.2361111111111111,charge
251.0,368.13470408396455,26.873820672886264,4973.593101459126,25.0,3.63075,-5.0,0.2363888888888889,charge
252.0,368.579106177072,26.907156013116445,4973.675811732446,25.0,3.631,-5.0,0.2366666666666666,charge
253.0,367.7255693382393,26.844347728758468,4973.740817107293,25.0,3.63125,-5.0,0.2369444444444444,charge
254.0,369.2898507069706,26.960637089405232,4973.710615260763,25.0,3.6315,-5.0,0.2372222222222222,charge
255.0,368.2800999009205,26.88625740006818,4973.682663575494,25.0,3.63175,-5.0,0.2375,charge
256.0,368.0192017447184,26.867348277386547,4973.749421417502,25.0,3.632,-5.0,0.2377777777777777,charge
257.0,369.10481019960025,26.94818038515557,4973.852197662595,25.0,3.63225,-5.0,0.2380555555555555,charge
258.0,369.6117079451577,26.98614503297465,4973.848644955496,25.0,3.6325,-5.0,0.2383333333333333,charge
259.0,369.0764762139369,26.94691490473607,4973.848429072515,25.0,3.63275,-5.0,0.2386111111111111,charge
260.0,368.5819246573649,26.91069812276777,4973.884362903485,25.0,3.633,-5.0,0.2388888888888889,charge
261.0,370.203118899642,27.03120325182533,4974.017270927796,25.0,3.63325,-5.0,0.2391666666666667,charge
262.0,367.96189343009945,26.86560321704441,4973.808637006643,25.0,3.6335,-5.0,0.2394444444444444,charge
263.0,368.8302469750756,26.93034236852412,4973.906001194666,25.0,3.63375,-5.0,0.2397222222222222,charge
264.0,370.03952289053336,27.0203350289284,4974.05435971744,25.0,3.634,-5.0,0.24,charge
265.0,368.7778294905838,26.927292925228432,4974.060347932528,25.0,3.63425,-5.0,0.2402777777777777,charge
266.0,370.3057720420269,27.040890521631624,4974.075874124413,25.0,3.6345,-5.0,0.2405555555555555,charge
267.0,370.3618035486482,27.045457670270235,4974.040748216172,25.0,3.63475,-5.0,0.2408333333333333,charge
268.0,371.4542953444137,27.12679965514176,4974.156948171618,25.0,3.635,-5.0,0.2411111111111111,charge
269.0,369.7796540926312,27.003168821676383,4974.097619062013,25.0,3.63525,-5.0,0.2413888888888889,charge
270.0,370.20742680969175,27.035272356273467,4974.136043190704,25.0,3.6355,-5.0,0.2416666666666666,charge
271.0,371.3054039069232,27.11702065977209,4974.1472107422005,25.0,3.63575,-5.0,0.2419444444444444,charge
272.0,368.6535475209053,26.921003520067057,4974.249504511197,25.0,3.636,-5.0,0.2422222222222222,charge
273.0,374.35004229891456,27.34338276288256,4974.1859073037385,25.0,3.63625,-5.0,0.2425,charge
274.0,370.6902381584271,27.07270282655016,4974.304750534241,25.0,3.6365,-5.0,0.2427777777777778,charge
275.0,370.7979427250522,27.08109760926313,4974.275588704205,25.0,3.63675,-5.0,0.2430555555555555,charge
276.0,372.5277941775704,27.20965142056077,4974.365775411027,25.0,3.637,-5.0,0.2433333333333333,charge
277.0,371.7657237141199,27.153618423268146,4974.336538123571,25.0,3.63725,-5.0,0.2436111111111111,charge
278.0,370.16501582574085,27.035464135240066,4974.470981222162,25.0,3.6375,-5.0,0.2438888888888889,charge
279.0,372.710260713426,27.224417460253772,4974.399812440942,25.0,3.63775,-5.0,0.2441666666666666,charge
280.0,373.0776000562215,27.252044448609,4974.436892755875,25.0,3.638,-5.0,0.2444444444444444,charge
281.0,371.9111648376352,27.16605850649149,4974.44295629522,25.0,3.63825,-5.0,0.2447222222222222,charge
282.0,372.218399641708,27.189233306793184,4974.468892489365,25.0,3.6385,-5.0,0.245,charge
283.0,373.1248734861483,27.25679618415913,4974.522692164615,25.0,3.63875,-5.0,0.2452777777777778,charge
284.0,371.8689975278633,27.164185002063945,4974.56158736612,25.0,3.639,-5.0,0.2455555555555555,charge
285.0,373.3550552308736,27.274680017101744,4974.49994540196,25.0,3.63925,-5.0,0.2458333333333333,charge
286.0,373.25485406600006,27.26767437525927,4974.572140191312,25.0,3.6395,-5.0,0.2461111111111111,charge
287.0,372.51951182866856,27.21362124656804,4974.641971362923,25.0,3.63975,-5.0,0.2463888888888888,charge
288.0,371.94123145952153,27.17120233033493,4974.625187049731,25.0,3.64,-5.0,0.2466666666666666,charge
289.0,373.2466163914612,27.26831417714527,4974.689979694727,25.0,3.64025,-5.0,0.2469444444444444,charge
290.0,372.7356888528509,27.23088435947044,4974.762320088108,25.0,3.6405,-5.0,0.2472222222222222,charge
291.0,374.75141022568016,27.38061372042075,4974.793609551169,25.0,3.64075,-5.0,0.2475,charge
292.0,374.0329742573888,27.327812907954723,4974.838482637134,25.0,3.641,-5.0,0.2477777777777778,charge
293.0,374.80986230033767,27.385776837062046,4974.832445317202,25.0,3.64125,-5.0,0.2480555555555555,charge
294.0,374.3012886020112,27.348521377926748,4974.902310140872,25.0,3.6415,-5.0,0.2483333333333333,charge
295.0,374.5684566726406,27.36872827204745,4974.777055962538,25.0,3.64175,-5.0,0.2486111111111111,charge
296.0,373.6614455272141,27.301958927941783,4974.855014599526,25.0,3.642,-5.0,0.2488888888888888,charge
297.0,375.2513807599055,27.42014857480782,4974.865402834495,25.0,3.64225,-5.0,0.2491666666666666,charge
298.0,376.5069204965292,27.51356818492809,4974.91240444806,25.0,3.6425,-5.0,0.2494444444444444,charge
299.0,374.5514235555936,27.369133226340267,4975.007709853918,25.0,3.64275,-5.0,0.2497222222222222,charge
300.0,374.40722547228586,27.358868553502656,4974.99363179701,25.0,3.643,-5.0,0.25,charge
301.0,374.9810521866985,27.401790902718407,4974.926656013306,25.0,3.64325,-5.0,0.2502777777777777,charge
302.0,374.7964974941767,27.388536851420493,4975.149247152933,25.0,3.6435,-5.0,0.2505555555555556,charge
303.0,374.7151873680131,27.38293054577875,4975.126722360324,25.0,3.64375,-5.0,0.2508333333333333,charge
304.0,375.6937491995237,27.455833274038792,4975.112778815628,25.0,3.644,-5.0,0.2511111111111111,charge
305.0,375.4035269113944,27.43475199343662,4975.112373181623,25.0,3.64425,-5.0,0.2513888888888889,charge
306.0,377.27220692717606,27.57358940201304,4975.116462904262,25.0,3.6445,-5.0,0.2516666666666667,charge
307.0,375.97242386517735,27.47772584186499,4975.135614280431,25.0,3.64475,-5.0,0.2519444444444444,charge
308.0,376.4350230887426,27.51240911768464,4975.1601134358825,25.0,3.645,-5.0,0.2522222222222222,charge
309.0,377.2020218679998,27.56964050874073,4975.282856659001,25.0,3.64525,-5.0,0.2525,charge
310.0,376.0881330363844,27.487546891584028,4975.196755542502,25.0,3.6455,-5.0,0.2527777777777777,charge
311.0,377.9645143178667,27.62695476428642,4975.334911126808,25.0,3.64575,-5.0,0.2530555555555556,charge
312.0,376.0339724541466,27.484368329936785,4975.394914085632,25.0,3.646,-5.0,0.2533333333333333,charge
313.0,375.9972278536694,27.48206317434588,4975.355596011585,25.0,3.64625,-5.0,0.2536111111111111,charge
314.0,376.5781774255942,27.52551314263661,4975.448400672768,25.0,3.6465,-5.0,0.2538888888888889,charge
315.0,376.9686159413662,27.55485118084194,4975.450724221647,25.0,3.64675,-5.0,0.2541666666666666,charge
316.0,375.8209040221232,27.4702521497869,4975.443195734755,25.0,3.647,-5.0,0.2544444444444445,charge
317.0,377.3260163269823,27.582158616813505,4975.469541820567,25.0,3.64725,-5.0,0.2547222222222222,charge
318.0,375.8325134095606,27.471945437745227,4975.586231197397,25.0,3.6475,-5.0,0.255,charge
319.0,379.0310272894344,27.709289058476624,4975.618606633847,25.0,3.64775,-5.0,0.2552777777777777,charge
320.0,377.69678082637006,27.61087265380519,4975.490773588542,25.0,3.648,-5.0,0.2555555555555555,charge
321.0,377.2747089419707,27.580024736442272,4975.589278451701,25.0,3.64825,-5.0,0.2558333333333333,charge
322.0,377.147217437272,27.570997587946074,4975.529548101577,25.0,3.6485,-5.0,0.2561111111111111,charge
323.0,377.8100139702362,27.62051029409157,4975.618378619172,25.0,3.64875,-5.0,0.2563888888888889,charge
324.0,378.1102538649029,27.643166952955774,4975.730198123621,25.0,3.649,-5.0,0.2566666666666666,charge
325.0,377.4277112566109,27.593024907897103,4975.704406506221,25.0,3.64925,-5.0,0.2569444444444444,charge
326.0,377.69131601728833,27.61296785313247,4975.685480331672,25.0,3.6495,-5.0,0.2572222222222222,charge
327.0,378.56282499493847,27.677940740365813,4975.788948857714,25.0,3.64975,-5.0,0.2575,charge
328.0,378.3681051410933,27.66393371415506,4975.813432289749,25.0,3.65,-5.0,0.2577777777777778,charge
329.0,379.9669908814561,27.78278636158934,4975.837106450764,25.0,3.65025,-5.0,0.2580555555555556,charge
330.0,380.3045370409122,27.80820644747498,4975.882658253847,25.0,3.6505,-5.0,0.2583333333333333,charge
331.0,379.32157675915545,27.73581124141892,4975.874870646808,25.0,3.65075,-5.0,0.2586111111111111,charge
332.0,379.918044016499,27.780410667888813,4975.901987845507,25.0,3.651,-5.0,0.2588888888888889,charge
333.0,378.2481449597082,27.65713110812653,4975.942704996452,25.0,3.65125,-5.0,0.2591666666666666,charge
334.0,380.3596399316549,27.81395480975221,4975.977657827935,25.0,3.6515,-5.0,0.2594444444444445,charge
335.0,379.8305276415979,27.775177973451694,4976.09713196343,25.0,3.65175,-5.0,0.2597222222222222,charge
336.0,380.4846683159509,27.824049504885245,4975.944895884882,25.0,3.652,-5.0,0.26,charge
337.0,381.7392450204826,27.91739777929501,4975.978858076835,25.0,3.65225,-5.0,0.2602777777777778,charge
338.0,377.9969200214334,27.640605186772845,4976.007014421908,25.0,3.6525,-5.0,0.2605555555555555,charge
339.0,380.6776148457201,27.839591840423708,4975.988393631203,25.0,3.65275,-5.0,0.2608333333333333,charge
340.0,379.4564364923877,27.749550851287974,4976.058216741687,25.0,3.653,-5.0,0.2611111111111111,charge
341.0,381.2866411358489,27.885538232285104,4976.075648754392,25.0,3.65325,-5.0,0.2613888888888889,charge
342.0,379.52001989590485,27.75509406636332,4976.20146843474,25.0,3.6535,-5.0,0.2616666666666666,charge
343.0,380.4768226552183,27.82638501149765,4976.239113940504,25.0,3.65375,-5.0,0.2619444444444444,charge
344.0,381.31384486687153,27.88880332347197,4976.14663385927,25.0,3.654,-5.0,0.2622222222222222,charge
345.0,381.8635093864354,27.929935880476695,4976.239172267324,25.0,3.65425,-5.0,0.2625,charge
346.0,381.4636829782255,27.90073577616485,4976.204353498209,25.0,3.6545,-5.0,0.2627777777777778,charge
347.0,380.73494683878994,27.847171988058516,4976.262986415502,25.0,3.65475,-5.0,0.2630555555555555,charge
348.0,381.1131344489512,27.87560255177416,4976.338310106943,25.0,3.655,-5.0,0.2633333333333333,charge
349.0,382.6900584468049,27.99282840346703,4976.341504188174,25.0,3.65525,-5.0,0.2636111111111111,charge
350.0,381.93894482875794,27.93760702435244,4976.370761968647,25.0,3.6555,-5.0,0.2638888888888889,charge
351.0,380.39951893649226,27.82399214344387,4976.4819531861485,25.0,3.65575,-5.0,0.2641666666666666,charge
352.0,383.065884930492,28.021917402258666,4976.461657979336,25.0,3.656,-5.0,0.2644444444444445,charge
353.0,382.77735959082463,28.000961821542568,4976.427577230073,25.0,3.65625,-5.0,0.2647222222222222,charge
354.0,383.37341554525193,28.045530781129774,4976.45168645063,25.0,3.6565,-5.0,0.265,charge
355.0,382.3022614225122,27.966602697963868,4976.445306402484,25.0,3.65675,-5.0,0.2652777777777778,charge
356.0,383.6059342962044,28.06358772564477,4976.5420800342845,25.0,3.657,-5.0,0.2655555555555555,charge
357.0,381.855601746665,27.934350129382597,4976.644767916005,25.0,3.65725,-5.0,0.2658333333333333,charge
358.0,383.625555366421,28.065874471586746,4976.659502761805,25.0,3.6575,-5.0,0.2661111111111111,charge
359.0,382.7040641348164,27.99803252850492,4976.618974968881,25.0,3.65775,-5.0,0.2663888888888889,charge
360.0,384.0076850382535,28.095013706537294,4976.604461693119,25.0,3.658,-5.0,0.2666666666666666,charge
361.0,384.4778663386386,28.130258617676933,4976.660390011705,25.0,3.65825,-5.0,0.2669444444444444,charge
362.0,382.8751209591026,28.011953404377973,4976.640819140199,25.0,3.6585,-5.0,0.2672222222222222,charge
363.0,383.6987705205013,28.07338114966676,4976.614234702583,25.0,3.65875,-5.0,0.2675,charge
364.0,383.9278435153449,28.090766186321847,4976.641344271347,25.0,3.659,-5.0,0.2677777777777778,charge
365.0,385.2174425956184,28.18670871078655,4976.80507192831,25.0,3.65925,-5.0,0.2680555555555555,charge
366.0,384.8772247580364,28.161924056150845,4976.785894556797,25.0,3.6595,-5.0,0.2683333333333333,charge
367.0,383.08627801154506,28.02967800085519,4976.773536684414,25.0,3.65975,-5.0,0.2686111111111111,charge
368.0,384.902052705153,28.164596496678,4976.919610884603,25.0,3.66,-5.0,0.2688888888888889,charge
369.0,385.3284225427125,28.196596114275,4976.946221424107,25.0,3.66025,-5.0,0.2691666666666666,charge
370.0,386.84602811815,28.309428008751848,4977.006744185177,25.0,3.6605,-5.0,0.2694444444444444,charge
371.0,383.18196201435694,28.03843237143385,4976.966965773886,25.0,3.66075,-5.0,0.2697222222222222,charge
372.0,384.463647700066,28.13378871852341,4976.957404566383,25.0,3.661,-5.0,0.27,charge
373.0,386.4722600769762,28.282991487183427,4977.057165541668,25.0,3.66125,-5.0,0.2702777777777778,charge
374.0,383.9227074791711,28.09455240586453,4976.992082345793,25.0,3.6615,-5.0,0.2705555555555555,charge
375.0,384.21720608274194,28.116783783906808,4977.056650655652,25.0,3.66175,-5.0,0.2708333333333333,charge
376.0,386.0726377509358,28.254639833402656,4977.162010936653,25.0,3.662,-5.0,0.2711111111111111,charge
377.0,386.7128531053232,28.302479859653573,4977.0736993213,25.0,3.66225,-5.0,0.2713888888888889,charge
378.0,385.1646528459578,28.188215025626505,4977.163392065116,25.0,3.6625,-5.0,0.2716666666666666,charge
379.0,386.5123493945143,28.28846106626032,4977.167287380498,25.0,3.66275,-5.0,0.2719444444444444,charge
380.0,386.22806638054107,28.267819731891933,4977.150324884225,25.0,3.663,-5.0,0.2722222222222222,charge
381.0,387.7687490340188,28.382361039556947,4977.330100886897,25.0,3.66325,-5.0,0.2725,charge
382.0,386.3873704491802,28.280453366605943,4977.207864590675,25.0,3.6635,-5.0,0.2727777777777778,charge
383.0,387.5180250897458,28.36462222887006,4977.261734477614,25.0,3.66375,-5.0,0.2730555555555555,charge
384.0,385.7635488073524,28.23507768943351,4977.319823218054,25.0,3.664,-5.0,0.2733333333333333,charge
385.0,386.6206767060936,28.29898531156249,4977.407937826204,25.0,3.66425,-5.0,0.2736111111111111,charge
386.0,386.8477399906826,28.316221480791302,4977.401917921316,25.0,3.6645,-5.0,0.2738888888888889,charge
387.0,388.2224412808186,28.418467872653228,4977.370401653734,25.0,3.66475,-5.0,0.2741666666666666,charge
388.0,387.80183526174267,28.387728537906863,4977.394092963667,25.0,3.665,-5.0,0.2744444444444444,charge
389.0,386.6093579798175,28.299813554060552,4977.501950491828,25.0,3.66525,-5.0,0.2747222222222222,charge
390.0,388.18196776368,28.416719834346665,4977.488964450925,25.0,3.6655,-5.0,0.275,charge
391.0,388.4095201653165,28.43399223446789,4977.512284401166,25.0,3.66575,-5.0,0.2752777777777778,charge
392.0,387.6661320554583,28.379343115219136,4977.550424403423,25.0,3.666,-5.0,0.2755555555555555,charge
393.0,387.6590043516348,28.3792318038248,4977.591881411917,25.0,3.66625,-5.0,0.2758333333333333,charge
394.0,387.861752310133,28.39466683778763,4977.592087430755,25.0,3.6665,-5.0,0.2761111111111111,charge
395.0,386.4994520384556,28.29417237321893,4977.696733698941,25.0,3.66675,-5.0,0.2763888888888889,charge
396.0,388.522076341458,28.44441306233022,4977.764871216776,25.0,3.667,-5.0,0.2766666666666666,charge
397.0,388.7068001514495,28.45851297418144,4977.644977101433,25.0,3.66725,-5.0,0.2769444444444444,charge
398.0,387.74558258735215,28.387728339803864,4977.697874110287,25.0,3.6675,-5.0,0.2772222222222222,charge
399.0,389.4924462498751,28.51754231480556,4977.784930571509,25.0,3.66775,-5.0,0.2775,charge
400.0,387.5159219530653,28.371549774301133,4977.792724974974,25.0,3.668,-5.0,0.2777777777777778,charge
401.0,388.4759649563848,28.443080737509987,4977.776751211945,25.0,3.66825,-5.0,0.2780555555555555,charge
402.0,388.6914475976751,28.459459081309262,4977.783453591423,25.0,3.6685,-5.0,0.2783333333333333,charge
403.0,391.29306538754446,28.652588176855147,4977.823362607232,25.0,3.66875,-5.0,0.2786111111111111,charge
404.0,387.84526038118656,28.397611880087894,4977.919092411715,25.0,3.669,-5.0,0.2788888888888889,charge
405.0,390.1459635885397,28.56845100655849,4977.957039456288,25.0,3.66925,-5.0,0.2791666666666667,charge
406.0,390.6643454998112,28.607266333319345,4977.8929944792,25.0,3.6695,-5.0,0.2794444444444444,charge
407.0,390.2388366751509,28.57616382778896,4977.98205261641,25.0,3.66975,-5.0,0.2797222222222222,charge
408.0,391.1818079443534,28.646430218100257,4977.938304157001,25.0,3.67,-5.0,0.28,charge
409.0,389.1361512017625,28.495316755686115,4978.085024897886,25.0,3.67025,-5.0,0.2802777777777778,charge
410.0,387.9975191754656,28.41139030929375,4978.0331567000585,25.0,3.6705,-5.0,0.2805555555555555,charge
411.0,391.1834845556369,28.647804411528657,4978.051398032461,25.0,3.67075,-5.0,0.2808333333333333,charge
412.0,389.3597273908845,28.51312795488033,4978.056425038993,25.0,3.671,-5.0,0.2811111111111111,charge
413.0,390.3680445678985,28.588234782807294,4978.16346035574,25.0,3.67125,-5.0,0.2813888888888889,charge
414.0,389.6544873359086,28.53579535821545,4978.211577326978,25.0,3.6715,-5.0,0.2816666666666667,charge
415.0,392.0245640791717,28.71177326512383,4978.121038041608,25.0,3.67175,-5.0,0.2819444444444444,charge
416.0,391.97626134597857,28.70861195155397,4978.275494400162,25.0,3.672,-5.0,0.2822222222222222,charge
417.0,390.529936338093,28.60189343245133,4978.205538242486,25.0,3.67225,-5.0,0.2825,charge
418.0,392.2923807334986,28.73286153581471,4978.253789721991,25.0,3.6725,-5.0,0.2827777777777778,charge
419.0,391.6490550370975,28.685624447192406,4978.263481973696,25.0,3.67275,-5.0,0.2830555555555555,charge
420.0,391.52727783610686,28.67702058045236,4978.379645232159,25.0,3.673,-5.0,0.2833333333333333,charge
421.0,391.8629722175979,28.702303497599846,4978.454834965158,25.0,3.67325,-5.0,0.2836111111111111,charge
422.0,391.7416950845945,28.693736672932925,4978.3498905300685,25.0,3.6735,-5.0,0.2838888888888888,charge
423.0,392.6983385971444,28.76501582201069,4978.464771451102,25.0,3.67375,-5.0,0.2841666666666667,charge
424.0,392.5325697926653,28.753153317975205,4978.428502713312,25.0,3.674,-5.0,0.2844444444444444,charge
425.0,392.01164396467726,28.714982886272388,4978.556800794438,25.0,3.67425,-5.0,0.2847222222222222,charge
426.0,393.5062557458156,28.82611153672708,4978.511133945711,25.0,3.6745,-5.0,0.285,charge
427.0,392.0274132741251,28.71698431660186,4978.498399971832,25.0,3.67475,-5.0,0.2852777777777778,charge
428.0,393.0647114208453,28.794237883025577,4978.6338918952215,25.0,3.675,-5.0,0.2855555555555555,charge
429.0,393.3388220379189,28.81495903984585,4978.591555646362,25.0,3.67525,-5.0,0.2858333333333333,charge
430.0,394.53436261539207,28.903934267806815,4978.630042928127,25.0,3.6755,-5.0,0.2861111111111111,charge
431.0,392.6890030810955,28.767657635636706,4978.685423065465,25.0,3.67575,-5.0,0.2863888888888889,charge
432.0,395.07641577964375,28.944919687381017,4978.645331275866,25.0,3.676,-5.0,0.2866666666666667,charge
433.0,393.64838717384464,28.839556457321823,4978.712268725944,25.0,3.67625,-5.0,0.2869444444444444,charge
434.0,393.4171342004585,28.822843274108035,4978.743900932853,25.0,3.6765,-5.0,0.2872222222222222,charge
435.0,393.0775272490614,28.79810387030084,4978.7688696058685,25.0,3.67675,-5.0,0.2875,charge
436.0,394.4751823079434,28.902050541329142,4978.688013006205,25.0,3.677,-5.0,0.2877777777777778,charge
437.0,394.0767130222201,28.8729509646089,4978.803036887884,25.0,3.67725,-5.0,0.2880555555555555,charge
438.0,393.0630574007389,28.79828202968436,4978.875758885577,25.0,3.6775,-5.0,0.2883333333333333,charge
439.0,393.1776683792969,28.80718839846644,4978.901989918566,25.0,3.67775,-5.0,0.2886111111111111,charge
440.0,393.8889252366439,28.86029075826992,4978.865311853099,25.0,3.678,-5.0,0.2888888888888888,charge
441.0,393.9073273294622,28.862070542923124,4978.9206962545,25.0,3.67825,-5.0,0.2891666666666667,charge
442.0,395.8125246139495,29.00361293436663,4978.913743257355,25.0,3.6785,-5.0,0.2894444444444444,charge
443.0,396.2366494090813,29.03544625252454,4978.941083893289,25.0,3.67875,-5.0,0.2897222222222222,charge
444.0,395.8685596238675,29.008597009175368,4978.936181027579,25.0,3.679,-5.0,0.29,charge
445.0,395.49675777892,28.981472798438517,4979.033284770403,25.0,3.67925,-5.0,0.2902777777777778,charge
446.0,394.84953956993314,28.9339473755506,4979.092209997911,25.0,3.6795,-5.0,0.2905555555555555,charge
447.0,395.47114987758687,28.98040925019162,4979.091459474948,25.0,3.67975,-5.0,0.2908333333333333,charge
448.0,396.44026256158406,29.052612041598824,4979.148294916062,25.0,3.68,-5.0,0.2911111111111111,charge
449.0,397.82541667816776,29.15563271690132,4979.146892978612,25.0,3.68025,-5.0,0.2913888888888889,charge
450.0,396.7462325386352,29.07610981767668,4979.182916219123,25.0,3.6805,-5.0,0.2916666666666667,charge
451.0,395.6918100779275,28.99842111688352,4979.198436833541,25.0,3.68075,-5.0,0.2919444444444444,charge
452.0,396.149136186882,29.03271379162089,4979.232385023261,25.0,3.681,-5.0,0.2922222222222222,charge
453.0,395.7674550988482,29.004857785099865,4979.194494634952,25.0,3.68125,-5.0,0.2925,charge
454.0,395.6064903129395,28.993351134291814,4979.264850107123,25.0,3.6815,-5.0,0.2927777777777778,charge
455.0,396.3435357755598,29.04836376115258,4979.252211137676,25.0,3.68175,-5.0,0.2930555555555555,charge
456.0,396.86228135887177,29.087206026583097,4979.274061042458,25.0,3.682,-5.0,0.2933333333333333,charge
457.0,398.6414571422331,29.219413492017267,4979.45686710277,25.0,3.68225,-5.0,0.2936111111111111,charge
458.0,396.9964769143979,29.097979771436883,4979.347269983881,25.0,3.6825,-5.0,0.2938888888888888,charge
459.0,398.4406914082968,29.20537528950347,4979.3623062444485,25.0,3.68275,-5.0,0.2941666666666667,charge
460.0,398.98971130334695,29.24646009654422,4979.252551337308,25.0,3.683,-5.0,0.2944444444444444,charge
461.0,397.4399189813708,29.13207733195339,4979.464433236276,25.0,3.68325,-5.0,0.2947222222222222,charge
462.0,399.1077988876162,29.25604065834194,4979.498304247706,25.0,3.6835,-5.0,0.295,charge
463.0,398.3538242934578,29.20060735507095,4979.419527954179,25.0,3.68375,-5.0,0.2952777777777778,charge
464.0,397.3602424828181,29.12742536909764,4979.542298352937,25.0,3.684,-5.0,0.2955555555555555,charge
465.0,398.1818466915155,29.188701606778928,4979.607410661621,25.0,3.68425,-5.0,0.2958333333333333,charge
466.0,398.0784333736005,29.18145802767411,4979.552940814016,25.0,3.6845,-5.0,0.2961111111111111,charge
467.0,397.9621054144995,29.173257808481445,4979.68316488433,25.0,3.68475,-5.0,0.2963888888888889,charge
468.0,398.1345521003384,29.18644830372877,4979.658682472848,25.0,3.685,-5.0,0.2966666666666666,charge
469.0,398.6164315256952,29.22255974264409,4979.716416798034,25.0,3.68525,-5.0,0.2969444444444444,charge
470.0,399.0452922515933,29.254743870488397,4979.678075206516,25.0,3.6855,-5.0,0.2972222222222222,charge
471.0,397.8651181248413,29.167740231469725,4979.752683987155,25.0,3.68575,-5.0,0.2975,charge
472.0,398.8795012268927,29.24329638717724,4979.803002463293,25.0,3.686,-5.0,0.2977777777777778,charge
473.0,397.5054227558328,29.141929463395016,4979.842876021744,25.0,3.68625,-5.0,0.2980555555555556,charge
474.0,399.4274621659469,29.284719419699773,4979.801254917572,25.0,3.6865,-5.0,0.2983333333333333,charge
475.0,399.9291550313369,29.322298520839773,4979.832701540177,25.0,3.68675,-5.0,0.2986111111111111,charge
476.0,399.6083992828042,29.298955502429948,4979.945843853827,25.0,3.687,-5.0,0.2988888888888888,charge
477.0,399.8691864852521,29.318689739648303,4979.885392902125,25.0,3.68725,-5.0,0.2991666666666667,charge
478.0,400.3121653257819,29.351919653761623,4979.914436440176,25.0,3.6875,-5.0,0.2994444444444444,charge
479.0,399.19601026689406,29.26965816791808,4979.967865795234,25.0,3.68775,-5.0,0.2997222222222222,charge
480.0,399.7609511406754,29.311922306716696,4979.9461281523045,25.0,3.688,-5.0,0.3,charge
481.0,400.6498109327047,29.378180439459605,4980.08043442064,25.0,3.68825,-5.0,0.3002777777777777,charge
482.0,401.2796635125069,29.42525285277829,4979.976633891128,25.0,3.6885,-5.0,0.3005555555555556,charge
483.0,400.81158806801193,29.390997264297184,4980.044536141627,25.0,3.68875,-5.0,0.3008333333333333,charge
484.0,403.10841497791074,29.56154925762302,4980.134281222646,25.0,3.689,-5.0,0.3011111111111111,charge
485.0,400.6030838722596,29.376385842389595,4980.134445486452,25.0,3.68925,-5.0,0.3013888888888889,charge
486.0,401.83299376268815,29.467906945384307,4980.111440606004,25.0,3.6895,-5.0,0.3016666666666666,charge
487.0,402.23894990047233,29.498394437072022,4980.225888071953,25.0,3.68975,-5.0,0.3019444444444444,charge
488.0,400.9773412647693,29.40535861220513,4980.241805502161,25.0,3.69,-5.0,0.3022222222222222,charge
489.0,400.4294871177973,29.3651934902072,4980.254517567044,25.0,3.69025,-5.0,0.3025,charge
490.0,400.2062859613617,29.34907673787864,4980.231340113217,25.0,3.6905,-5.0,0.3027777777777777,charge
491.0,401.6900547776069,29.45940220574866,4980.320658947153,25.0,3.69075,-5.0,0.3030555555555556,charge
492.0,402.7769586212055,29.540330268237444,4980.231697031006,25.0,3.691,-5.0,0.3033333333333333,charge
493.0,402.07722395441095,29.48891473736377,4980.402480115289,25.0,3.69125,-5.0,0.3036111111111111,charge
494.0,402.1173005198142,29.492300038504755,4980.420117221269,25.0,3.6915,-5.0,0.3038888888888889,charge
495.0,401.7041194503207,29.462110700023757,4980.32413396988,25.0,3.69175,-5.0,0.3041666666666667,charge
496.0,402.78325195501577,29.54246310777895,4980.367251360919,25.0,3.692,-5.0,0.3044444444444444,charge
497.0,400.22528005966734,29.353400374790173,4980.421992112742,25.0,3.69225,-5.0,0.3047222222222222,charge
498.0,402.7323732513747,29.53952764824998,4980.4928092412265,25.0,3.6925,-5.0,0.305,charge
499.0,402.66701519844185,29.53510297766236,4980.604299764988,25.0,3.69275,-5.0,0.3052777777777777,charge
500.0,401.407437531216,29.44221759490489,4980.539005355728,25.0,3.693,-5.0,0.3055555555555556,charge
501.0,405.09226459081054,29.715584414134117,4980.643456891165,25.0,3.69325,-5.0,0.3058333333333333,charge
502.0,401.66814232400094,29.46236239437044,4980.632590531082,25.0,3.6935,-5.0,0.3061111111111111,charge
503.0,402.1169239475968,29.49602214426643,4980.632013882712,25.0,3.69375,-5.0,0.3063888888888889,charge
504.0,402.1324702257805,29.49759038709485,4980.613701332551,25.0,3.694,-5.0,0.3066666666666666,charge
505.0,404.5825900239809,29.67949740918377,4980.74046045668,25.0,3.69425,-5.0,0.3069444444444444,charge
506.0,402.7230262499519,29.54216861110755,4980.746286034343,25.0,3.6945,-5.0,0.3072222222222222,charge
507.0,404.4186564129642,29.66818751207142,4980.677845229052,25.0,3.69475,-5.0,0.3075,charge
508.0,404.4763990414101,29.672881410474822,4980.740589824274,25.0,3.695,-5.0,0.3077777777777777,charge
509.0,404.2874481888259,29.65930171769081,4980.864717299077,25.0,3.69525,-5.0,0.3080555555555555,charge
510.0,402.8590877600098,29.553913908148875,4980.790764457918,25.0,3.6955,-5.0,0.3083333333333333,charge
511.0,403.6934491775677,29.61613512426428,4980.906834605976,25.0,3.69575,-5.0,0.3086111111111111,charge
512.0,406.11755941447854,29.7961155121836,4980.904798987303,25.0,3.696,-5.0,0.3088888888888889,charge
513.0,403.2925789339508,29.587274365477835,4980.935248983767,25.0,3.69625,-5.0,0.3091666666666667,charge
514.0,403.8905672618538,29.63198646384102,4980.926121257449,25.0,3.6965,-5.0,0.3094444444444444,charge
515.0,404.6988645883307,29.692277006543016,4980.973465539372,25.0,3.69675,-5.0,0.3097222222222222,charge
516.0,405.8089900720374,29.774925190521287,4981.062385889783,25.0,3.697,-5.0,0.31,charge
517.0,405.3905280794937,29.74434467255509,4981.0612041801405,25.0,3.69725,-5.0,0.3102777777777777,charge
518.0,406.0198219370731,29.79137569904245,4980.910311418031,25.0,3.6975,-5.0,0.3105555555555556,charge
519.0,404.34937243369467,29.668055365458866,4981.03813601117,25.0,3.69775,-5.0,0.3108333333333333,charge
520.0,406.5003321494716,29.827802381442336,4981.165657011879,25.0,3.698,-5.0,0.3111111111111111,charge
521.0,406.2634732610233,29.810673945260987,4981.070302836945,25.0,3.69825,-5.0,0.3113888888888889,charge
522.0,404.2387687782097,29.66111250208961,4981.14105268024,25.0,3.6985,-5.0,0.3116666666666666,charge
523.0,407.5121384301295,29.904000994824408,4981.151924636392,25.0,3.69875,-5.0,0.3119444444444444,charge
524.0,408.4035089712864,29.970445108984176,4981.282732632323,25.0,3.699,-5.0,0.3122222222222222,charge
525.0,405.4814226428533,29.754410936507654,4981.196400849906,25.0,3.69925,-5.0,0.3125,charge
526.0,406.4445417055056,29.82616975596337,4981.305761519167,25.0,3.6995,-5.0,0.3127777777777777,charge
527.0,407.9252003608853,29.936264841547057,4981.331473803073,25.0,3.69975,-5.0,0.3130555555555555,charge
528.0,405.1854264372394,29.733735291647367,4981.4200934211,25.0,3.7,-5.0,0.3133333333333333,charge
529.0,404.8156952364858,29.70676446196191,4981.3885493466805,25.0,3.70025,-5.0,0.3136111111111111,charge
530.0,405.6475003222445,29.768796320166263,4981.39611505103,25.0,3.7005,-5.0,0.3138888888888889,charge
531.0,406.5162665469773,29.83356604051684,4981.433472246859,25.0,3.70075,-5.0,0.3141666666666667,charge
532.0,406.6437800102373,29.84342814890647,4981.442169141028,25.0,3.701,-5.0,0.3144444444444444,charge
533.0,407.9684582849537,29.941969132218794,4981.466468385383,25.0,3.70125,-5.0,0.3147222222222222,charge
534.0,407.7685363719631,29.92757676829356,4981.544641673187,25.0,3.7015,-5.0,0.315,charge
535.0,406.3928116242199,29.82608789809036,4981.4284940654825,25.0,3.70175,-5.0,0.3152777777777777,charge
536.0,408.3451577478666,29.971122796138264,4981.497087374793,25.0,3.702,-5.0,0.3155555555555556,charge
537.0,409.7907480083478,30.078620222840577,4981.60306551471,25.0,3.70225,-5.0,0.3158333333333333,charge
538.0,409.2526098346258,30.03917480256488,4981.688299099656,25.0,3.7025,-5.0,0.3161111111111111,charge
539.0,409.185551892128,30.0346242142317,4981.642572878696,25.0,3.70275,-5.0,0.3163888888888889,charge
540.0,408.3535112618547,29.973408241618863,4981.646730257508,25.0,3.703,-5.0,0.3166666666666666,charge
541.0,409.4558536168668,30.055479897545688,4981.677924932382,25.0,3.70325,-5.0,0.3169444444444445,charge
542.0,407.6449782911416,29.921757651195676,4981.650635243394,25.0,3.7035,-5.0,0.3172222222222222,charge
543.0,409.50101463700304,30.059658491629857,4981.764307567095,25.0,3.70375,-5.0,0.3175,charge
544.0,408.8016404694077,30.00826966440057,4981.8308226157205,25.0,3.704,-5.0,0.3177777777777777,charge
545.0,410.1586834756572,30.109208035233863,4981.84205447025,25.0,3.70425,-5.0,0.3180555555555555,charge
546.0,409.6326772179245,30.07066127540181,4981.858650300739,25.0,3.7045,-5.0,0.3183333333333333,charge
547.0,408.2156757698432,29.966114871840237,4981.920902120002,25.0,3.70475,-5.0,0.3186111111111111,charge
548.0,409.572437397918,30.06703239984577,4981.88001419672,25.0,3.705,-5.0,0.3188888888888889,charge
549.0,410.8015548031451,30.158494800232976,4981.945061393469,25.0,3.70525,-5.0,0.3191666666666666,charge
550.0,408.5929883371554,29.995313950900403,4981.950278288905,25.0,3.7055,-5.0,0.3194444444444444,charge
551.0,409.30197123292646,30.048247869105666,4981.923743645649,25.0,3.70575,-5.0,0.3197222222222222,charge
552.0,409.23132699161226,30.043431629008317,4981.985800518958,25.0,3.706,-5.0,0.32,charge
553.0,408.6432429484432,30.000286514699493,4982.024732849785,25.0,3.70625,-5.0,0.3202777777777778,charge
554.0,411.2390460530475,30.19298489281833,4982.13068765478,25.0,3.7065,-5.0,0.3205555555555556,charge
555.0,411.7276639696527,30.22959547923353,4982.097643349218,25.0,3.70675,-5.0,0.3208333333333333,charge
556.0,411.3555987626125,30.20245176019352,4982.118962758427,25.0,3.707,-5.0,0.3211111111111111,charge
557.0,410.9370147598817,30.17186220443568,4982.209215492538,25.0,3.70725,-5.0,0.3213888888888889,charge
558.0,410.7813019490189,30.16074458881621,4982.091207957142,25.0,3.7075,-5.0,0.3216666666666666,charge
559.0,411.2116025227469,30.193035372055324,4982.115383438084,25.0,3.70775,-5.0,0.3219444444444445,charge
560.0,410.37955519402,30.131818903260747,4982.220855785192,25.0,3.708,-5.0,0.3222222222222222,charge
561.0,412.1438456004517,30.26292374818161,4982.274519244498,25.0,3.70825,-5.0,0.3225,charge
562.0,412.4343812129273,30.284861571327948,4982.292468444231,25.0,3.7085,-5.0,0.3227777777777778,charge
563.0,412.4603213117817,30.28719972679864,4982.33178184836,25.0,3.70875,-5.0,0.3230555555555555,charge
564.0,411.1357184489479,30.18949766288503,4982.35135046914,25.0,3.709,-5.0,0.3233333333333333,charge
565.0,411.8839598975024,30.24533962203721,4982.242309905216,25.0,3.70925,-5.0,0.3236111111111111,charge
566.0,411.77866362546513,30.237956564849267,4982.3838333854055,25.0,3.7095,-5.0,0.3238888888888889,charge
567.0,413.87190812130063,30.3934283793556,4982.365229548783,25.0,3.70975,-5.0,0.3241666666666666,charge
568.0,412.4019184241448,30.284956920307025,4982.486645257633,25.0,3.71,-5.0,0.3244444444444444,charge
569.0,410.4790402171808,30.142938164235613,4982.511199468713,25.0,3.71025,-5.0,0.3247222222222222,charge
570.0,412.8985056508311,30.32257449265415,4982.446512603044,25.0,3.7105,-5.0,0.325,charge
571.0,414.5211551379599,30.44318741762666,4982.506986882942,25.0,3.71075,-5.0,0.3252777777777778,charge
572.0,413.4629534940004,30.36521877733336,4982.502096384743,25.0,3.711,-5.0,0.3255555555555556,charge
573.0,413.7961463767128,30.390316398275026,4982.669202736968,25.0,3.71125,-5.0,0.3258333333333333,charge
574.0,413.0916168224044,30.338545690548475,4982.632132643142,25.0,3.7115,-5.0,0.3261111111111111,charge
575.0,411.2230549582593,30.200550367278467,4982.714387835967,25.0,3.71175,-5.0,0.3263888888888889,charge
576.0,411.5230755792804,30.2231907836504,4982.720660953962,25.0,3.712,-5.0,0.3266666666666666,charge
577.0,412.2262744474864,30.275696255369365,4982.69158675684,25.0,3.71225,-5.0,0.3269444444444445,charge
578.0,413.48427907407137,30.36929844993121,4982.734973349963,25.0,3.7125,-5.0,0.3272222222222222,charge
579.0,414.0599984964913,30.4123609997401,4982.689769086463,25.0,3.71275,-5.0,0.3275,charge
580.0,414.5783030410285,30.451170595631737,4982.776168356461,25.0,3.713,-5.0,0.3277777777777778,charge
581.0,413.687319735013,30.385588498889856,4982.793207862201,25.0,3.71325,-5.0,0.3280555555555555,charge
582.0,415.1235959250778,30.49239599445021,4982.789706758155,25.0,3.7135,-5.0,0.3283333333333333,charge
583.0,414.0258067971759,30.411494947938955,4982.777730757494,25.0,3.71375,-5.0,0.3286111111111111,charge
584.0,413.7399549290974,30.390737402155363,4982.912205164231,25.0,3.714,-5.0,0.3288888888888889,charge
585.0,415.4349750487783,30.51671111472432,4982.869132003588,25.0,3.71425,-5.0,0.3291666666666666,charge
586.0,413.8077772391181,30.396594610305044,4982.776239433813,25.0,3.7145,-5.0,0.3294444444444444,charge
587.0,412.1320261802901,30.27288156891037,4982.952013489988,25.0,3.71475,-5.0,0.3297222222222222,charge
588.0,413.9400432410521,30.40722542526312,4983.052437653912,25.0,3.715,-5.0,0.3299999999999999,charge
589.0,415.23304843439183,30.503420254399398,4983.079284690906,25.0,3.71525,-5.0,0.3302777777777778,charge
590.0,412.19760001872817,30.27898889027616,4983.072169666499,25.0,3.7155,-5.0,0.3305555555555556,charge
591.0,415.059528620488,30.4914002681843,4983.051698267961,25.0,3.71575,-5.0,0.3308333333333333,charge
592.0,415.2234651967925,30.5039603849476,4983.108700857689,25.0,3.716,-5.0,0.3311111111111111,charge
593.0,414.2679884754752,30.433600998183344,4983.158050012537,25.0,3.71625,-5.0,0.3313888888888889,charge
594.0,414.3508298687356,30.440154064350786,4983.119013642531,25.0,3.7165,-5.0,0.3316666666666666,charge
595.0,415.509760274123,30.52641742771281,4983.146424534098,25.0,3.71675,-5.0,0.3319444444444445,charge
596.0,415.5640109414763,30.53085266233158,4983.182363382304,25.0,3.717,-5.0,0.3322222222222222,charge
597.0,417.5099185093917,30.675410630325302,4983.2371505732135,25.0,3.71725,-5.0,0.3325,charge
598.0,416.76375193402174,30.62055569881643,4983.264542260916,25.0,3.7175,-5.0,0.3327777777777778,charge
599.0,414.9469223322722,30.486392394983127,4983.261120633493,25.0,3.71775,-5.0,0.3330555555555555,charge
600.0,415.8120151968299,30.55089001457999,4983.347140724803,25.0,3.718,-5.0,0.3333333333333333,charge
601.0,417.5106970826776,30.677134969087223,4983.365236908598,25.0,3.71825,-5.0,0.3336111111111111,charge
602.0,418.8404212134024,30.776049719511285,4983.42703105167,25.0,3.7185,-5.0,0.3338888888888889,charge
603.0,417.4698328270776,30.674941320524265,4983.343753180034,25.0,3.71875,-5.0,0.3341666666666666,charge
604.0,417.53293476688174,30.6800322049542,4983.51049034901,25.0,3.719,-5.0,0.3344444444444444,charge
605.0,419.2218635752831,30.805554709280237,4983.355719770645,25.0,3.71925,-5.0,0.3347222222222222,charge
606.0,417.477328555981,30.6767465597023,4983.501432127408,25.0,3.7195,-5.0,0.3349999999999999,charge
607.0,417.3297879305542,30.66623429115216,4983.552131618397,25.0,3.71975,-5.0,0.3352777777777778,charge
608.0,416.3645289954862,30.59515029596194,4983.601715975522,25.0,3.72,-5.0,0.3355555555555556,charge
609.0,417.4036505844389,30.67253893218066,4983.611895515635,25.0,3.72025,-5.0,0.3358333333333333,charge
610.0,420.2342682981537,30.882630985048426,4983.710221253073,25.0,3.7205,-5.0,0.3361111111111111,charge
611.0,416.7727030519557,30.62663541125598,4983.623331759719,25.0,3.72075,-5.0,0.3363888888888889,charge
612.0,418.3445250401466,30.743483336307158,4983.586396648619,25.0,3.721,-5.0,0.3366666666666666,charge
613.0,417.0638947942699,30.64903850327925,4983.56682344602,25.0,3.72125,-5.0,0.3369444444444444,charge
614.0,418.7395868591629,30.77358050808613,4983.6978476926415,25.0,3.7215,-5.0,0.3372222222222222,charge
615.0,419.6376472034521,30.84052016321868,4983.732579225179,25.0,3.72175,-5.0,0.3375,charge
616.0,418.6452395690757,30.76742515326487,4983.7016938104925,25.0,3.722,-5.0,0.3377777777777778,charge
617.0,419.75812504807726,30.85027778133906,4983.844404991419,25.0,3.72225,-5.0,0.3380555555555555,charge
618.0,419.8875104921755,30.860278554975967,4983.880932453985,25.0,3.7225,-5.0,0.3383333333333334,charge
619.0,419.7525803716625,30.850700397900923,4983.865516135828,25.0,3.72275,-5.0,0.3386111111111111,charge
620.0,421.1606924438604,30.955421662508176,4983.892294454177,25.0,3.723,-5.0,0.3388888888888889,charge
621.0,420.3621708873314,30.89668858424677,4983.848440015206,25.0,3.72325,-5.0,0.3391666666666666,charge
622.0,419.4172626560879,30.827112048599105,4983.965243771938,25.0,3.7235,-5.0,0.3394444444444444,charge
623.0,419.180287562619,30.80997500463844,4984.027073360352,25.0,3.72375,-5.0,0.3397222222222222,charge
624.0,419.15469365249567,30.80849582611079,4983.977454488053,25.0,3.724,-5.0,0.3399999999999999,charge
625.0,420.614756326524,30.91706528344622,4984.01008274081,25.0,3.72425,-5.0,0.3402777777777778,charge
626.0,419.9540559635276,30.86854118248353,4983.999259101191,25.0,3.7245,-5.0,0.3405555555555555,charge
627.0,423.14583370567095,31.105385830049705,4984.109174269855,25.0,3.72475,-5.0,0.3408333333333333,charge
628.0,422.3980031611737,31.05040764156842,4984.062608884276,25.0,3.725,-5.0,0.3411111111111111,charge
629.0,420.47992044493816,30.908744107032454,4984.152216101942,25.0,3.72525,-5.0,0.3413888888888889,charge
630.0,420.5042020791704,30.91095941327188,4984.108573656572,25.0,3.7255,-5.0,0.3416666666666667,charge
631.0,422.6623987755386,31.07124250189175,4984.170228375242,25.0,3.72575,-5.0,0.3419444444444444,charge
632.0,419.2277513298061,30.817240839244896,4984.238748498118,25.0,3.726,-5.0,0.3422222222222222,charge
633.0,420.79844894069487,30.934005477088512,4984.232994435169,25.0,3.72625,-5.0,0.3425,charge
634.0,422.3396458398842,31.04858487702846,4984.277415350623,25.0,3.7265,-5.0,0.3427777777777777,charge
635.0,420.6156802068588,30.921300385693247,4984.28061200045,25.0,3.72675,-5.0,0.3430555555555555,charge
636.0,421.1898366935732,30.964247162486902,4984.261227859735,25.0,3.727,-5.0,0.3433333333333334,charge
637.0,421.4544143894609,30.9842621769971,4984.401410484462,25.0,3.72725,-5.0,0.3436111111111111,charge
638.0,422.605252940951,31.06992614377415,4984.2910617888565,25.0,3.7275,-5.0,0.3438888888888889,charge
639.0,422.2208602181565,31.041869275419,4984.393984048427,25.0,3.72775,-5.0,0.3441666666666667,charge
640.0,422.6243096325104,31.072171083889657,4984.473525561332,25.0,3.728,-5.0,0.3444444444444444,charge
641.0,422.9563948362944,31.097186654540323,4984.452933811926,25.0,3.72825,-5.0,0.3447222222222222,charge
642.0,422.5299382281771,31.066013942827933,4984.513066817109,25.0,3.7285,-5.0,0.345,charge
643.0,423.7494550871376,31.15676519163982,4984.468164908882,25.0,3.72875,-5.0,0.3452777777777778,charge
644.0,422.0488189066721,31.03120880790164,4984.578863054587,25.0,3.729,-5.0,0.3455555555555555,charge
645.0,421.48054517104,30.98953112378074,4984.644494136452,25.0,3.72925,-5.0,0.3458333333333333,charge
646.0,421.2786837507431,30.974995092647635,4984.618402240091,25.0,3.7295,-5.0,0.3461111111111111,charge
647.0,421.573434665482,30.997245160406077,4984.569696752186,25.0,3.72975,-5.0,0.3463888888888888,charge
648.0,422.7828176037858,31.08724574842858,4984.62586321387,25.0,3.73,-5.0,0.3466666666666667,charge
649.0,424.50226911547855,31.21502919373915,4984.7722687821615,25.0,3.73025,-5.0,0.3469444444444444,charge
650.0,423.78527786848304,31.16233539766541,4984.755162836045,25.0,3.7305,-5.0,0.3472222222222222,charge
651.0,423.1514533904646,31.115802102997375,4984.728405375961,25.0,3.73075,-5.0,0.3475,charge
652.0,422.8190332958732,31.091595058953573,4984.750094756831,25.0,3.731,-5.0,0.3477777777777777,charge
653.0,423.4988921264472,31.14237163899609,4984.812677004436,25.0,3.73125,-5.0,0.3480555555555555,charge
654.0,423.7630002812702,31.162351872686685,4984.832624727466,25.0,3.7315,-5.0,0.3483333333333333,charge
655.0,423.74045616465634,31.16109860478936,4984.899196749751,25.0,3.73175,-5.0,0.3486111111111111,charge
656.0,423.0119001237017,31.10754815731124,4984.904808335043,25.0,3.732,-5.0,0.3488888888888889,charge
657.0,424.1075255122111,31.189122260163785,4984.942143869226,25.0,3.73225,-5.0,0.3491666666666667,charge
658.0,425.7393583556013,31.310415433748243,4985.02483240671,25.0,3.7325,-5.0,0.3494444444444444,charge
659.0,422.6865021695156,31.084694605149306,4984.951450394762,25.0,3.73275,-5.0,0.3497222222222222,charge
660.0,424.7593913275557,31.23865861685597,4984.929191025985,25.0,3.733,-5.0,0.35,charge
661.0,423.0175405340564,31.110049298818996,4984.999210936064,25.0,3.73325,-5.0,0.3502777777777778,charge
662.0,425.46082538835566,31.291450028767088,4985.110899425921,25.0,3.7335,-5.0,0.3505555555555555,charge
663.0,424.66917727575833,31.23322609450062,4985.084007172083,25.0,3.73375,-5.0,0.3508333333333333,charge
664.0,423.4698678874629,31.14480502870096,4985.09258586665,25.0,3.734,-5.0,0.3511111111111111,charge
665.0,425.7951466343779,31.317464565509475,4985.1225504197255,25.0,3.73425,-5.0,0.3513888888888888,charge
666.0,427.65073868688575,31.45533249532487,4985.066545465876,25.0,3.7345,-5.0,0.3516666666666667,charge
667.0,426.0811137555744,31.339480648561068,4985.191066440891,25.0,3.73475,-5.0,0.3519444444444444,charge
668.0,427.2729025948934,31.428177969992102,4985.163640642659,25.0,3.735,-5.0,0.3522222222222222,charge
669.0,426.1784955978311,31.347527451691192,4985.329110793382,25.0,3.73525,-5.0,0.3525,charge
670.0,424.2312980607268,31.20370726375754,4985.227993076576,25.0,3.7355,-5.0,0.3527777777777778,charge
671.0,427.0182612684018,31.410565649511245,4985.253533087936,25.0,3.73575,-5.0,0.3530555555555555,charge
672.0,426.24838735985446,31.35395461924848,4985.301991856348,25.0,3.736,-5.0,0.3533333333333333,charge
673.0,425.34347062788265,31.2873404168802,4985.393564312252,25.0,3.73625,-5.0,0.3536111111111111,charge
674.0,427.7292811183676,31.464483786545745,4985.329924488564,25.0,3.7365,-5.0,0.3538888888888889,charge
675.0,427.3701908987872,31.438301177687936,4985.420216385624,25.0,3.73675,-5.0,0.3541666666666666,charge
676.0,426.6968125815041,31.3888379690003,4985.391669244822,25.0,3.737,-5.0,0.3544444444444444,charge
677.0,428.2291805365132,31.50276337307505,4985.591269335624,25.0,3.73725,-5.0,0.3547222222222222,charge
678.0,426.62792803220697,31.38456874312644,4985.54221953634,25.0,3.7375,-5.0,0.355,charge
679.0,428.282321227629,31.50753305389844,4985.519708527415,25.0,3.73775,-5.0,0.3552777777777778,charge
680.0,426.83731730853447,31.40091239322478,4985.53870877863,25.0,3.738,-5.0,0.3555555555555555,charge
681.0,428.4506214283728,31.520833068768354,4985.599375445035,25.0,3.73825,-5.0,0.3558333333333333,charge
682.0,426.95480761100623,31.41044871192639,4985.535719028915,25.0,3.7385,-5.0,0.3561111111111111,charge
683.0,429.6836326474656,31.61300056647893,4985.647449720002,25.0,3.73875,-5.0,0.3563888888888888,charge
684.0,428.58764083334927,31.53223265432217,4985.7426326493605,25.0,3.739,-5.0,0.3566666666666667,charge
685.0,429.90509733821534,31.63023869171965,4985.617998386671,25.0,3.73925,-5.0,0.3569444444444444,charge
686.0,427.7886651335912,31.47388260248824,4985.654972577686,25.0,3.7395,-5.0,0.3572222222222222,charge
687.0,428.27389762703245,31.510242416817217,4985.682483699633,25.0,3.73975,-5.0,0.3575,charge
688.0,429.7285536874036,31.61841138425212,4985.788419118927,25.0,3.74,-5.0,0.3577777777777777,charge
689.0,426.28406062946846,31.363680416997667,4985.774675309565,25.0,3.74025,-5.0,0.3580555555555555,charge
690.0,428.0998758120194,31.49860191200144,4985.8392118973325,25.0,3.7405,-5.0,0.3583333333333333,charge
691.0,430.3387325078372,31.66485981539535,4985.925417527514,25.0,3.74075,-5.0,0.3586111111111111,charge
692.0,429.9095537683388,31.633485464321392,4985.907229169177,25.0,3.741,-5.0,0.3588888888888889,charge
693.0,430.56210267575113,31.682239087092675,4985.89703510637,25.0,3.74125,-5.0,0.3591666666666666,charge
694.0,429.4124613351375,31.59749713593611,4986.0010837723885,25.0,3.7415,-5.0,0.3594444444444444,charge
695.0,430.4251104927142,31.672924851312164,4985.903368597149,25.0,3.74175,-5.0,0.3597222222222222,charge
696.0,429.2691557297832,31.587715239243195,4985.971759551128,25.0,3.742,-5.0,0.36,charge
697.0,428.7669285212664,31.550929890464182,4986.068396475246,25.0,3.74225,-5.0,0.3602777777777777,charge
698.0,428.5829828040612,31.53772094844897,4986.052505557763,25.0,3.7425,-5.0,0.3605555555555556,charge
699.0,429.8649570956362,31.63309867375084,4986.18344465979,25.0,3.74275,-5.0,0.3608333333333333,charge
700.0,430.0066141331311,31.64400845430601,4986.031216170311,25.0,3.743,-5.0,0.3611111111111111,charge
701.0,430.0650670468477,31.648754966433167,4986.085351323088,25.0,3.74325,-5.0,0.3613888888888888,charge
702.0,427.2845283623354,31.44320580461744,4986.165604579786,25.0,3.7435,-5.0,0.3616666666666667,charge
703.0,428.9736186221857,31.56874026831005,4986.196864303196,25.0,3.74375,-5.0,0.3619444444444444,charge
704.0,430.5784786219176,31.68803545347538,4986.269576497532,25.0,3.744,-5.0,0.3622222222222222,charge
705.0,431.5370166275976,31.7594549353776,4986.270613162999,25.0,3.74425,-5.0,0.3625,charge
706.0,430.8100962638418,31.706025649173466,4986.314165777215,25.0,3.7445,-5.0,0.3627777777777777,charge
707.0,430.6508805774271,31.694648561290894,4986.337194005523,25.0,3.74475,-5.0,0.3630555555555556,charge
708.0,429.358193333515,31.59931061729741,4986.276633514164,25.0,3.745,-5.0,0.3633333333333333,charge
709.0,433.8270545945315,31.930754044039368,4986.345913534252,25.0,3.74525,-5.0,0.3636111111111111,charge
710.0,430.8433331649776,31.710154308516856,4986.363135259179,25.0,3.7455,-5.0,0.3638888888888889,charge
711.0,433.7667299710324,31.927118886743145,4986.521205994312,25.0,3.74575,-5.0,0.3641666666666666,charge
712.0,433.78290813921575,31.928733936238203,4986.449999847741,25.0,3.746,-5.0,0.3644444444444444,charge
713.0,432.635040177012,31.844123346445336,4986.524750710235,25.0,3.74625,-5.0,0.3647222222222222,charge
714.0,431.9273905949373,31.79212152555091,4986.490331633392,25.0,3.7465,-5.0,0.365,charge
715.0,432.7711044200712,31.855035512597865,4986.540126879419,25.0,3.74675,-5.0,0.3652777777777778,charge
716.0,431.6247358037384,31.770535985462107,4986.583741502917,25.0,3.747,-5.0,0.3655555555555555,charge
717.0,433.1773967933647,31.885964577286263,4986.545743023608,25.0,3.74725,-5.0,0.3658333333333333,charge
718.0,433.0585077034052,31.877574644696683,4986.579191525579,25.0,3.7475,-5.0,0.3661111111111111,charge
719.0,433.7264127123928,31.92746575647353,4986.660006948796,25.0,3.74775,-5.0,0.3663888888888889,charge
720.0,434.2837701819772,31.969168161627938,4986.689760336581,25.0,3.748,-5.0,0.3666666666666667,charge
721.0,435.205060709635,32.03782857108407,4986.749642835925,25.0,3.74825,-5.0,0.3669444444444444,charge
722.0,433.2227952765944,31.891410761229213,4986.695562366476,25.0,3.7485,-5.0,0.3672222222222222,charge
723.0,434.7933884177593,32.00816766057476,4986.791881735858,25.0,3.74875,-5.0,0.3675,charge
724.0,433.09721930826,31.882942170982226,4986.8290209355255,25.0,3.749,-5.0,0.3677777777777777,charge
725.0,433.1332128302565,31.886025024463446,4986.786206959016,25.0,3.74925,-5.0,0.3680555555555556,charge
726.0,433.5486102313473,31.917211868988684,4986.794875999464,25.0,3.7495,-5.0,0.3683333333333333,charge
727.0,433.32358989976586,31.900960362945625,4986.824997785895,25.0,3.74975,-5.0,0.3686111111111111,charge
728.0,435.4247087627791,32.057015463909565,4986.907853803546,25.0,3.75,-5.0,0.3688888888888889,charge
729.0,435.50657447179503,32.06349625717,4986.813256434267,25.0,3.75025,-5.0,0.3691666666666666,charge
730.0,435.9945339692616,32.10005807179716,4987.014962121941,25.0,3.7505,-5.0,0.3694444444444444,charge
731.0,434.835810781847,32.01464339124792,4986.865377629504,25.0,3.75075,-5.0,0.3697222222222222,charge
732.0,435.27438159608727,32.04754678489535,4986.956120732133,25.0,3.751,-5.0,0.37,charge
733.0,434.5604618902888,31.99508051039177,4987.003957811249,25.0,3.75125,-5.0,0.3702777777777777,charge
734.0,434.126816529928,31.963375298513185,4987.052173493826,25.0,3.7515,-5.0,0.3705555555555555,charge
735.0,435.8636848171983,32.09244887534802,4987.045190084111,25.0,3.75175,-5.0,0.3708333333333333,charge
736.0,435.8239286668721,32.089920641990524,4987.037823764246,25.0,3.752,-5.0,0.3711111111111111,charge
737.0,434.5874311793867,31.9987449021768,4987.116539015238,25.0,3.75225,-5.0,0.3713888888888889,charge
738.0,436.41866579998,32.13480857777629,4987.247888181254,25.0,3.7525,-5.0,0.3716666666666667,charge
739.0,434.2304948796225,31.973138509601664,4987.18402051907,25.0,3.75275,-5.0,0.3719444444444444,charge
740.0,435.93211262698657,32.09960093533234,4987.270134942844,25.0,3.753,-5.0,0.3722222222222222,charge
741.0,435.6196861628845,32.07687490095441,4987.1982993745005,25.0,3.75325,-5.0,0.3725,charge
742.0,435.8596126726661,32.09506390167898,4987.301938814563,25.0,3.7535,-5.0,0.3727777777777777,charge
743.0,435.4443200225526,32.06471814981872,4987.386812159169,25.0,3.75375,-5.0,0.3730555555555556,charge
744.0,437.6191607581285,32.226234130231745,4987.343217111962,25.0,3.754,-5.0,0.3733333333333333,charge
745.0,437.3715037676047,32.208305834637386,4987.307836123759,25.0,3.75425,-5.0,0.3736111111111111,charge
746.0,438.12786471125565,32.26474923787079,4987.444855790955,25.0,3.7545,-5.0,0.3738888888888889,charge
747.0,437.2138306819785,32.19745968014656,4987.480553207803,25.0,3.75475,-5.0,0.3741666666666666,charge
748.0,435.9241685680264,32.10234581985381,4987.498476465532,25.0,3.755,-5.0,0.3744444444444444,charge
749.0,436.9821095931663,32.18112848838269,4987.455439275469,25.0,3.75525,-5.0,0.3747222222222222,charge
750.0,436.3084821946264,32.131646829231585,4987.492775026644,25.0,3.7555,-5.0,0.375,charge
751.0,438.0856840538688,32.263708078064354,4987.508487756403,25.0,3.75575,-5.0,0.3752777777777778,charge
752.0,438.976483706826,32.33010990420934,4987.529159555799,25.0,3.756,-5.0,0.3755555555555555,charge
753.0,438.2327570582463,32.27543570801824,4987.462863560126,25.0,3.75625,-5.0,0.3758333333333333,charge
754.0,437.4430346416959,32.217354417903394,4987.640857217219,25.0,3.7565,-5.0,0.3761111111111111,charge
755.0,437.811117321961,32.24503646829341,4987.632613997595,25.0,3.75675,-5.0,0.3763888888888889,charge
756.0,438.523783336,32.29824321007407,4987.583232281565,25.0,3.757,-5.0,0.3766666666666667,charge
757.0,437.0118648286718,32.18666591323495,4987.725223002898,25.0,3.75725,-5.0,0.3769444444444444,charge
758.0,438.7457132543706,32.31551579662004,4987.637682781445,25.0,3.7575,-5.0,0.3772222222222222,charge
759.0,438.9334978775244,32.32984243537217,4987.771321870258,25.0,3.75775,-5.0,0.3775,charge
760.0,438.3286460132367,32.285455260239765,4987.811911762515,25.0,3.758,-5.0,0.3777777777777777,charge
761.0,438.5937425107324,32.3055087044987,4987.8752662115885,25.0,3.75825,-5.0,0.3780555555555556,charge
762.0,439.3205113097516,32.35976009701864,4987.754778878663,25.0,3.7585,-5.0,0.3783333333333333,charge
763.0,438.46726670829935,32.29697345987403,4987.850479080348,25.0,3.75875,-5.0,0.3786111111111111,charge
764.0,438.6039816504479,32.30751715929243,4987.908860210285,25.0,3.759,-5.0,0.3788888888888889,charge
765.0,440.3433041977413,32.43677253316602,4987.869591676912,25.0,3.75925,-5.0,0.3791666666666666,charge
766.0,439.9255929417605,32.40624762531559,4987.981586935148,25.0,3.7595,-5.0,0.3794444444444445,charge
767.0,441.5197747119263,32.52475183051306,4987.942744968234,25.0,3.75975,-5.0,0.3797222222222222,charge
768.0,438.9920220010715,32.33792755563493,4988.054942153151,25.0,3.76,-5.0,0.38,charge
769.0,438.3379230402334,32.2898924474247,4988.033542513623,25.0,3.76025,-5.0,0.3802777777777777,charge
770.0,441.1965566619456,32.50205975273671,4988.104521236392,25.0,3.7605,-5.0,0.3805555555555555,charge
771.0,441.350811085458,32.513902672996885,4988.109481804747,25.0,3.76075,-5.0,0.3808333333333333,charge
772.0,439.7933722294873,32.39895349848054,4988.078252925221,25.0,3.761,-5.0,0.3811111111111111,charge
773.0,439.2015874315479,32.35553425418873,4988.150671061208,25.0,3.76125,-5.0,0.3813888888888889,charge
774.0,440.7611427421356,32.47147353645448,4988.190182643105,25.0,3.7615,-5.0,0.3816666666666666,charge
775.0,439.19431683301246,32.35582902466759,4988.21259122024,25.0,3.76175,-5.0,0.3819444444444444,charge
776.0,440.7421464644524,32.47089973810758,4988.271386272442,25.0,3.762,-5.0,0.3822222222222222,charge
777.0,439.0390877999882,32.34516391111024,4988.274230510181,25.0,3.76225,-5.0,0.3824999999999999,charge
778.0,441.1209431253205,32.49979208335707,4988.327203105716,25.0,3.7625,-5.0,0.3827777777777778,charge
779.0,439.3764275075818,32.37098537093199,4988.270499057138,25.0,3.76275,-5.0,0.3830555555555556,charge
780.0,441.39782706522936,32.521135338165145,4988.400503095106,25.0,3.763,-5.0,0.3833333333333333,charge
781.0,443.2900668160662,32.6617179123012,4988.386015848159,25.0,3.76325,-5.0,0.3836111111111111,charge
782.0,441.6437492186787,32.540185127309535,4988.368530867851,25.0,3.7635,-5.0,0.3838888888888889,charge
783.0,442.8185719151983,32.6276256974221,4988.420915455358,25.0,3.76375,-5.0,0.3841666666666666,charge
784.0,441.5451454774638,32.53371447981213,4988.396605511532,25.0,3.764,-5.0,0.3844444444444445,charge
785.0,441.4326280720047,32.5257965238522,4988.437332469202,25.0,3.76425,-5.0,0.3847222222222222,charge
786.0,440.964921625968,32.49156826859022,4988.5437055909615,25.0,3.7645,-5.0,0.385,charge
787.0,443.6411973517425,32.69022758161056,4988.578264846101,25.0,3.76475,-5.0,0.3852777777777778,charge
788.0,442.68079804719673,32.61950355905161,4988.54278288877,25.0,3.765,-5.0,0.3855555555555555,charge
789.0,444.4989849344456,32.75460073588486,4988.483884724824,25.0,3.76525,-5.0,0.3858333333333333,charge
790.0,441.8357370453537,32.55773978113731,4988.560631082907,25.0,3.7655,-5.0,0.386111111111111,charge
791.0,442.92935204354194,32.63916496618829,4988.673618478415,25.0,3.76575,-5.0,0.3863888888888889,charge
792.0,443.369520121388,32.67218667565837,4988.686710292328,25.0,3.766,-5.0,0.3866666666666667,charge
793.0,444.8403939208236,32.78155695709805,4988.716127557514,25.0,3.76625,-5.0,0.3869444444444444,charge
794.0,445.3880457623716,32.82254042684234,4988.664334722564,25.0,3.7665,-5.0,0.3872222222222222,charge
795.0,443.05540664245007,32.650169010551856,4988.732751716856,25.0,3.76675,-5.0,0.3875,charge
796.0,442.7086049770393,32.624896664965874,4988.79275820729,25.0,3.767,-5.0,0.3877777777777778,charge
797.0,442.2439322995824,32.59089313330241,4988.829826431524,25.0,3.76725,-5.0,0.3880555555555556,charge
798.0,445.4553898353912,32.82919554336231,4988.81104015116,25.0,3.7675,-5.0,0.3883333333333333,charge
799.0,444.16956132466873,32.73436565367916,4988.849859273182,25.0,3.76775,-5.0,0.3886111111111111,charge
800.0,443.7469675304408,32.70347907632895,4988.905492555144,25.0,3.768,-5.0,0.3888888888888889,charge
801.0,444.4818933266976,32.75833469086649,4988.878601991561,25.0,3.76825,-5.0,0.3891666666666666,charge
802.0,442.113313749613,32.583301018489855,4988.89445483324,25.0,3.7685,-5.0,0.3894444444444444,charge
803.0,443.0844780854269,32.6556557841057,4989.004583432045,25.0,3.76875,-5.0,0.3897222222222222,charge
804.0,445.8838022868727,32.863429799027614,4989.003740991871,25.0,3.769,-5.0,0.39,charge
805.0,445.4829214427408,32.83415158835117,4988.963682101537,25.0,3.76925,-5.0,0.3902777777777777,charge
806.0,445.3758572708701,32.826637575620005,4989.114622158191,25.0,3.7695,-5.0,0.3905555555555555,charge
807.0,444.3629797562424,32.75202627824018,4989.16038426443,25.0,3.76975,-5.0,0.3908333333333333,charge
808.0,446.0909006044277,32.880437081809454,4989.138632196517,25.0,3.77,-5.0,0.3911111111111111,charge
809.0,447.4203497699784,32.97933146444284,4989.126860677647,25.0,3.77025,-5.0,0.3913888888888889,charge
810.0,444.5560650973642,32.76757889610105,4989.173561102973,25.0,3.7705,-5.0,0.3916666666666666,charge
811.0,445.9340590936045,32.87006919211885,4989.216810445191,25.0,3.77075,-5.0,0.3919444444444444,charge
812.0,445.6229273827475,32.847439065388706,4989.197657625233,25.0,3.771,-5.0,0.3922222222222222,charge
813.0,446.5576118347895,32.91709161739181,4989.268587551567,25.0,3.77125,-5.0,0.3924999999999999,charge
814.0,446.3494636753941,32.902089901881034,4989.235398688754,25.0,3.7715,-5.0,0.3927777777777778,charge
815.0,446.3271578226264,32.900854283157514,4989.30023113359,25.0,3.77175,-5.0,0.3930555555555555,charge
816.0,445.7308513199093,32.85710009777107,4989.265178341044,25.0,3.772,-5.0,0.3933333333333333,charge
817.0,446.7359703013684,32.93197002232359,4989.332303332826,25.0,3.77225,-5.0,0.3936111111111111,charge
818.0,446.2761532849899,32.89832616925852,4989.369627176948,25.0,3.7725,-5.0,0.3938888888888888,charge
819.0,446.8829367542319,32.943689759572734,4989.311409295856,25.0,3.77275,-5.0,0.3941666666666666,charge
820.0,447.10470844488,32.96053395888,4989.445651099309,25.0,3.773,-5.0,0.3944444444444445,charge
821.0,447.9614066307625,33.024409750426855,4989.486658008205,25.0,3.77325,-5.0,0.3947222222222222,charge
822.0,446.8636826684408,32.94351353099562,4989.533537792516,25.0,3.7735,-5.0,0.395,charge
823.0,447.2614686854515,32.973395828551965,4989.554157193579,25.0,3.77375,-5.0,0.3952777777777778,charge
824.0,448.7957446795489,33.08746256885547,4989.555591381602,25.0,3.774,-5.0,0.3955555555555555,charge
825.0,447.644339471047,33.0025899608183,4989.522170834922,25.0,3.77425,-5.0,0.3958333333333333,charge
826.0,447.7395913350534,33.010062321115065,4989.670389763399,25.0,3.7745,-5.0,0.3961111111111111,charge
827.0,449.0047145918521,33.10419182161867,4989.623929709655,25.0,3.77475,-5.0,0.3963888888888889,charge
828.0,448.5518595182416,33.07106366801789,4989.574170879528,25.0,3.775,-5.0,0.3966666666666666,charge
829.0,448.5094648461032,33.06833998860024,4989.645923847609,25.0,3.77525,-5.0,0.3969444444444444,charge
830.0,448.7773065962786,33.08859678490953,4989.710244605526,25.0,3.7755,-5.0,0.3972222222222222,charge
831.0,447.45697969412726,32.99121145882424,4989.765141381458,25.0,3.77575,-5.0,0.3974999999999999,charge
832.0,449.2970925378795,33.12793278058366,4989.781466726595,25.0,3.776,-5.0,0.3977777777777778,charge
833.0,450.3015757449815,33.202755610739366,4989.873239348648,25.0,3.77625,-5.0,0.3980555555555556,charge
834.0,449.6965831110749,33.158358008227765,4989.755389200388,25.0,3.7765,-5.0,0.3983333333333333,charge
835.0,447.69937849473024,33.010833592202246,4989.847407999714,25.0,3.77675,-5.0,0.3986111111111111,charge
836.0,449.6797047421048,33.15794109200777,4989.817298133447,25.0,3.777,-5.0,0.3988888888888889,charge
837.0,448.6306084149078,33.0806469196228,4989.858170827068,25.0,3.77725,-5.0,0.3991666666666666,charge
838.0,449.44888259686,33.141676488656294,4989.992525302416,25.0,3.7775,-5.0,0.3994444444444444,charge
839.0,449.9450208312021,33.1788441356446,4989.971464273654,25.0,3.77775,-5.0,0.3997222222222222,charge
840.0,448.7629694772804,33.09170144276152,4990.0889514923065,25.0,3.778,-5.0,0.4,charge
841.0,451.4309943290569,33.289749579930145,4990.088384473072,25.0,3.77825,-5.0,0.4002777777777777,charge
842.0,450.1661161191408,33.1964715643808,4990.098880346547,25.0,3.7785,-5.0,0.4005555555555555,charge
843.0,451.1670730566072,33.27103318937831,4990.117978104655,25.0,3.77875,-5.0,0.4008333333333333,charge
844.0,451.1490354141964,33.270113734384914,4990.071250117148,25.0,3.779,-5.0,0.4011111111111111,charge
845.0,451.9978011157537,33.33340193450027,4990.10901254549,25.0,3.77925,-5.0,0.4013888888888889,charge
846.0,451.9851017076134,33.33287790426766,4990.151951455538,25.0,3.7795,-5.0,0.4016666666666666,charge
847.0,449.4590620319374,33.14618052088425,4990.160348299576,25.0,3.77975,-5.0,0.4019444444444444,charge
848.0,451.1159220140757,33.26932755659819,4990.215260652769,25.0,3.78,-5.0,0.4022222222222222,charge
849.0,449.0775944833576,33.11875699876723,4990.339103189263,25.0,3.78025,-5.0,0.4024999999999999,charge
850.0,450.9051119072407,33.25454532646227,4990.2958203241815,25.0,3.7805,-5.0,0.4027777777777778,charge
851.0,452.2062004638716,33.35133892324974,4990.289481802492,25.0,3.78075,-5.0,0.4030555555555555,charge
852.0,452.5449633194672,33.37684913477535,4990.30871451278,25.0,3.781,-5.0,0.4033333333333333,charge
853.0,453.05938151377,33.415370852871845,4990.368195247033,25.0,3.78125,-5.0,0.4036111111111111,charge
854.0,451.5326667947948,33.30269754035517,4990.455868662545,25.0,3.7815,-5.0,0.4038888888888888,charge
855.0,452.3692974144512,33.36508684551492,4990.423019924079,25.0,3.78175,-5.0,0.4041666666666667,charge
856.0,452.28589585305417,33.359325618744755,4990.4261880535605,25.0,3.782,-5.0,0.4044444444444444,charge
857.0,453.59479792288704,33.456697994287936,4990.544322649007,25.0,3.78225,-5.0,0.4047222222222222,charge
858.0,454.0552999906872,33.491225925236094,4990.483467532595,25.0,3.7825,-5.0,0.405,charge
859.0,452.2473555902093,33.35772078445995,4990.481600617933,25.0,3.78275,-5.0,0.4052777777777777,charge
860.0,456.5294127450441,33.67532687000327,4990.52548936582,25.0,3.783,-5.0,0.4055555555555555,charge
861.0,452.8806259324873,33.405463032036096,4990.558008665686,25.0,3.78325,-5.0,0.4058333333333334,charge
862.0,452.6566671222613,33.38929015720454,4990.567164049553,25.0,3.7835,-5.0,0.4061111111111111,charge
863.0,453.76228448119167,33.4716044060142,4990.647691260482,25.0,3.78375,-5.0,0.4063888888888889,charge
864.0,454.0605257183912,33.49411301617713,4990.7491004100775,25.0,3.784,-5.0,0.4066666666666667,charge
865.0,453.9878364769844,33.48914529459144,4990.686141009111,25.0,3.78425,-5.0,0.4069444444444444,charge
866.0,452.93143447760025,33.41130996130372,4990.637019073615,25.0,3.7845,-5.0,0.4072222222222222,charge
867.0,455.1938009715174,33.57930933122351,4990.770678751607,25.0,3.78475,-5.0,0.4075,charge
868.0,453.9147127527837,33.48497872242842,4990.809649960274,25.0,3.785,-5.0,0.4077777777777778,charge
869.0,455.53824794445984,33.60565725514517,4990.768039426417,25.0,3.78525,-5.0,0.4080555555555555,charge
870.0,455.5332285281808,33.605702113198575,4990.789353976296,25.0,3.7855,-5.0,0.4083333333333333,charge
871.0,453.0067003262217,33.41896854268308,4990.899605156717,25.0,3.78575,-5.0,0.4086111111111111,charge
872.0,453.4401313175136,33.45149120870472,4990.99438510159,25.0,3.786,-5.0,0.4088888888888889,charge
873.0,453.5591001955229,33.46072038485355,4990.893119798934,25.0,3.78625,-5.0,0.4091666666666667,charge
874.0,454.9492997828136,33.56411479872693,4991.045076002347,25.0,3.7865,-5.0,0.4094444444444444,charge
875.0,454.8932252336119,33.56037779508237,4991.052743787187,25.0,3.78675,-5.0,0.4097222222222222,charge
876.0,455.247575239534,33.58704261033586,4991.021166062335,25.0,3.787,-5.0,0.41,charge
877.0,454.306178079506,33.51772615403748,4991.009722000358,25.0,3.78725,-5.0,0.4102777777777777,charge
878.0,455.6849251436932,33.620272232866164,4990.962769267369,25.0,3.7875,-5.0,0.4105555555555555,charge
879.0,456.80177127643486,33.70341824269888,4991.096437493462,25.0,3.78775,-5.0,0.4108333333333333,charge
880.0,454.2019608409098,33.51125635858591,4991.061707361608,25.0,3.788,-5.0,0.4111111111111111,charge
881.0,455.4806492007969,33.60639068154051,4991.200012326979,25.0,3.78825,-5.0,0.4113888888888889,charge
882.0,456.0643390878366,33.65004363613604,4991.148462122265,25.0,3.7885,-5.0,0.4116666666666666,charge
883.0,455.82517164364185,33.63274419582532,4991.247366416292,25.0,3.78875,-5.0,0.4119444444444444,charge
884.0,455.8969836663522,33.63848027158164,4991.190603611916,25.0,3.789,-5.0,0.4122222222222222,charge
885.0,458.00226398454527,33.794843628484834,4991.281992048792,25.0,3.78925,-5.0,0.4125,charge
886.0,457.6559563936737,33.76960788101287,4991.257176892434,25.0,3.7895,-5.0,0.4127777777777778,charge
887.0,457.3611727211039,33.74818872008177,4991.348374477459,25.0,3.78975,-5.0,0.4130555555555555,charge
888.0,455.8894671032752,33.63959015579816,4991.27080257623,25.0,3.79,-5.0,0.4133333333333333,charge
889.0,459.0311622755274,33.8727249833724,4991.329941131338,25.0,3.79025,-5.0,0.4136111111111111,charge
890.0,457.2903471071669,33.744192378308654,4991.348971170595,25.0,3.7905,-5.0,0.4138888888888888,charge
891.0,456.4903573904927,33.68535054744391,4991.411665405105,25.0,3.79075,-5.0,0.4141666666666667,charge
892.0,456.8698449407534,33.71387740301878,4991.557495215578,25.0,3.791,-5.0,0.4144444444444444,charge
893.0,456.85678249195337,33.713326480885435,4991.486368432241,25.0,3.79125,-5.0,0.4147222222222222,charge
894.0,459.6065366439613,33.91742864029343,4991.482830143135,25.0,3.7915,-5.0,0.415,charge
895.0,457.8300758645656,33.78625561959745,4991.48565200783,25.0,3.79175,-5.0,0.4152777777777777,charge
896.0,457.8270974607205,33.78645166375708,4991.67363742813,25.0,3.792,-5.0,0.4155555555555555,charge
897.0,455.75005450734847,33.63301329684062,4991.690342635949,25.0,3.79225,-5.0,0.4158333333333333,charge
898.0,458.7793658078328,33.8578233931728,4991.611853810885,25.0,3.7925,-5.0,0.4161111111111111,charge
899.0,457.1229484873593,33.73554248054513,4991.581154937943,25.0,3.79275,-5.0,0.4163888888888888,charge
900.0,457.190376699587,33.74095382959904,4991.569313922022,25.0,3.793,-5.0,0.4166666666666667,charge
901.0,459.0717799201863,33.88073369779157,4991.744525163192,25.0,3.79325,-5.0,0.4169444444444444,charge
902.0,457.7347025939246,33.782107599549974,4991.792559928247,25.0,3.7935,-5.0,0.4172222222222222,charge
903.0,459.5728349505059,33.91868221855599,4991.704866512507,25.0,3.79375,-5.0,0.4175,charge
904.0,459.9977819768374,33.950576442728696,4991.776968419965,25.0,3.794,-5.0,0.4177777777777778,charge
905.0,457.2253828572869,33.74563021165088,4991.825605860047,25.0,3.79425,-5.0,0.4180555555555555,charge
906.0,459.0175566317984,33.87880049124433,4991.866263576042,25.0,3.7945,-5.0,0.4183333333333333,charge
907.0,457.7187375866444,33.78300833975144,4991.808473674088,25.0,3.79475,-5.0,0.4186111111111111,charge
908.0,459.3695104616297,33.90570447863924,4991.861610843909,25.0,3.795,-5.0,0.4188888888888888,charge
909.0,460.4825313118396,33.988567134210335,4991.882954614307,25.0,3.79525,-5.0,0.4191666666666667,charge
910.0,458.34539485631694,33.83067739676422,4991.873761525648,25.0,3.7955,-5.0,0.4194444444444444,charge
911.0,461.65027092185,34.075899697914814,4991.991595863975,25.0,3.79575,-5.0,0.4197222222222222,charge
912.0,459.6753588611206,33.93002658230523,4991.96967379982,25.0,3.796,-5.0,0.42,charge
913.0,458.9413210888493,33.8760700806555,4992.101650029337,25.0,3.79625,-5.0,0.4202777777777777,charge
914.0,460.1384604257969,33.96516373524422,4992.076275237891,25.0,3.7965,-5.0,0.4205555555555555,charge
915.0,461.1934413943916,34.0437271403253,4992.0623861583335,25.0,3.79675,-5.0,0.4208333333333333,charge
916.0,459.1626222595276,33.893712759965005,4992.103030165207,25.0,3.797,-5.0,0.4211111111111111,charge
917.0,460.6801784832962,34.00654099876268,4992.116144618821,25.0,3.79725,-5.0,0.4213888888888889,charge
918.0,459.4435208370605,33.915353395337824,4992.297797958884,25.0,3.7975,-5.0,0.4216666666666666,charge
919.0,462.15976839374673,34.11697358472198,4992.182769415014,25.0,3.79775,-5.0,0.4219444444444444,charge
920.0,461.24898400394375,34.049924741032875,4992.177570229334,25.0,3.798,-5.0,0.4222222222222222,charge
921.0,460.8073151456866,34.01762519597679,4992.232472245429,25.0,3.79825,-5.0,0.4225,charge
922.0,462.40637536327,34.13649076764963,4992.250497142644,25.0,3.7985,-5.0,0.4227777777777778,charge
923.0,460.2211665181799,33.97504011245777,4992.26313222988,25.0,3.79875,-5.0,0.4230555555555555,charge
924.0,461.25497987306096,34.05203554615266,4992.364877852475,25.0,3.799,-5.0,0.4233333333333333,charge
925.0,463.6330741225637,34.22860734241212,4992.376134327162,25.0,3.79925,-5.0,0.4236111111111111,charge
926.0,461.8013780639804,34.0933428195541,4992.3990574908985,25.0,3.7995,-5.0,0.4238888888888888,charge
927.0,463.42089426419074,34.21372364919932,4992.464487775937,25.0,3.79975,-5.0,0.4241666666666666,charge
928.0,462.39795817254367,34.13836727204027,4992.4967014114,25.0,3.8,-5.0,0.4244444444444444,charge
929.0,461.6414861494263,34.08274897403158,4992.451783267889,25.0,3.80025,-5.0,0.4247222222222222,charge
930.0,462.23377862888594,34.12703915769526,4992.55822508934,25.0,3.8005,-5.0,0.425,charge
931.0,462.6958229304552,34.16168132818187,4992.548350988031,25.0,3.80075,-5.0,0.4252777777777777,charge
932.0,462.3477640621349,34.13631585645444,4992.550605775624,25.0,3.801,-5.0,0.4255555555555556,charge
933.0,462.07196493690645,34.11630295828937,4992.605119214794,25.0,3.80125,-5.0,0.4258333333333333,charge
934.0,462.2531638774584,34.130141768700625,4992.61341410561,25.0,3.8015,-5.0,0.4261111111111111,charge
935.0,461.6899765076808,34.088840852420795,4992.579173219762,25.0,3.80175,-5.0,0.4263888888888889,charge
936.0,463.42243660327216,34.21758789653868,4992.657116710486,25.0,3.802,-5.0,0.4266666666666666,charge
937.0,463.84430306712704,34.2492539308983,4992.6089205094,25.0,3.80225,-5.0,0.4269444444444444,charge
938.0,464.3384110131598,34.286271186159986,4992.748917315077,25.0,3.8025,-5.0,0.4272222222222221,charge
939.0,461.9224137542691,34.107725092908815,4992.693834448653,25.0,3.80275,-5.0,0.4275,charge
940.0,464.6727566104183,34.311870860030986,4992.783461038965,25.0,3.803,-5.0,0.4277777777777777,charge
941.0,463.98867170501927,34.26161457074217,4992.813678662968,25.0,3.80325,-5.0,0.4280555555555556,charge
942.0,462.71605071479945,34.16776301591107,4992.784984505511,25.0,3.8035,-5.0,0.4283333333333333,charge
943.0,464.3813906680036,34.2915381976299,4992.913176205789,25.0,3.80375,-5.0,0.4286111111111111,charge
944.0,465.2370392556076,34.35533624115611,4992.861514487521,25.0,3.804,-5.0,0.4288888888888889,charge
945.0,465.0837540645159,34.34439844922339,4992.927492469,25.0,3.80425,-5.0,0.4291666666666667,charge
946.0,465.42554945985455,34.37013329332255,4992.904602689089,25.0,3.8045,-5.0,0.4294444444444444,charge
947.0,465.7844455462176,34.39713485527538,4993.016361146672,25.0,3.80475,-5.0,0.4297222222222222,charge
948.0,465.87395725485993,34.404182018878515,4993.078306139045,25.0,3.805,-5.0,0.43,charge
949.0,465.08143884003977,34.345893617780725,4993.052130421727,25.0,3.80525,-5.0,0.4302777777777777,charge
950.0,463.1735471692832,34.20498497550246,4993.084561009897,25.0,3.8055,-5.0,0.4305555555555556,charge
951.0,464.63543509424346,34.31368963661063,4993.04872356394,25.0,3.80575,-5.0,0.4308333333333333,charge
952.0,465.8901516939375,34.407048273625,4993.127847895311,25.0,3.806,-5.0,0.4311111111111111,charge
953.0,465.20357162307,34.35660715726444,4993.122369303309,25.0,3.80625,-5.0,0.4313888888888889,charge
954.0,466.4977155416423,34.45288633641795,4993.241299838704,25.0,3.8065,-5.0,0.4316666666666666,charge
955.0,466.7490403272057,34.47191965386708,4993.163517300499,25.0,3.80675,-5.0,0.4319444444444444,charge
956.0,466.1384667224402,34.42710864610669,4993.251988440837,25.0,3.807,-5.0,0.4322222222222222,charge
957.0,468.10918710236814,34.57350460017542,4993.262061129715,25.0,3.80725,-5.0,0.4325,charge
958.0,465.3933559473375,34.372748588691664,4993.351515635975,25.0,3.8075,-5.0,0.4327777777777778,charge
959.0,467.4388361103716,34.524682304471966,4993.340000439519,25.0,3.80775,-5.0,0.4330555555555555,charge
960.0,466.17408066321343,34.43141338246025,4993.237159933461,25.0,3.808,-5.0,0.4333333333333333,charge
961.0,466.0050892414444,34.41931216603292,4993.429130112549,25.0,3.80825,-5.0,0.4336111111111111,charge
962.0,467.5132597143695,34.531445164027375,4993.341686314633,25.0,3.8085,-5.0,0.4338888888888889,charge
963.0,466.44771956398137,34.452932930665284,4993.457997124829,25.0,3.80875,-5.0,0.4341666666666666,charge
964.0,468.0615112039383,34.57288971881024,4993.360430656872,25.0,3.809,-5.0,0.4344444444444444,charge
965.0,466.1748174238929,34.43355129065873,4993.473944469244,25.0,3.80925,-5.0,0.4347222222222222,charge
966.0,467.5155839340559,34.533283995115255,4993.5290098553605,25.0,3.8095,-5.0,0.435,charge
967.0,466.7759589665854,34.47891362715448,4993.402267672521,25.0,3.80975,-5.0,0.4352777777777777,charge
968.0,467.5232997181616,34.534688868011976,4993.479285743054,25.0,3.81,-5.0,0.4355555555555555,charge
969.0,467.5252553250167,34.53525039444568,4993.699120691577,25.0,3.81025,-5.0,0.4358333333333333,charge
970.0,466.9075861744522,34.48991379070017,4993.597720064023,25.0,3.8105,-5.0,0.4361111111111111,charge
971.0,468.8307241107463,34.63278511931454,4993.731907399739,25.0,3.81075,-5.0,0.4363888888888889,charge
972.0,467.0690897921325,34.50271035497278,4993.67670040682,25.0,3.811,-5.0,0.4366666666666666,charge
973.0,467.4731326552663,34.53305612261232,4993.66411348476,25.0,3.81125,-5.0,0.4369444444444444,charge
974.0,469.48386227977335,34.682415724427656,4993.700146972529,25.0,3.8115,-5.0,0.4372222222222222,charge
975.0,469.7047403510078,34.699193729704284,4993.732827771133,25.0,3.81175,-5.0,0.4375,charge
976.0,469.5383341642297,34.687284012165165,4993.771110649243,25.0,3.812,-5.0,0.4377777777777777,charge
977.0,469.3498183687534,34.67373654583359,4993.834642332737,25.0,3.81225,-5.0,0.4380555555555555,charge
978.0,471.4269392002739,34.828014014835105,4993.833563137339,25.0,3.8125,-5.0,0.4383333333333333,charge
979.0,468.07815014309375,34.58037223282176,4993.926568448572,25.0,3.81275,-5.0,0.438611111111111,charge
980.0,468.6834562631046,34.6256263898596,4993.8890585874415,25.0,3.813,-5.0,0.4388888888888889,charge
981.0,468.5720558793069,34.61779117624496,4993.874790985899,25.0,3.81325,-5.0,0.4391666666666666,charge
982.0,470.60368105467103,34.768698596642295,4993.968388329818,25.0,3.8135,-5.0,0.4394444444444444,charge
983.0,470.1321210580353,34.7341848931878,4993.955774162012,25.0,3.81375,-5.0,0.4397222222222222,charge
984.0,471.09398593267167,34.80585080982753,4994.053136099245,25.0,3.814,-5.0,0.44,charge
985.0,471.0946512211421,34.806316757121635,4994.039687383707,25.0,3.81425,-5.0,0.4402777777777777,charge
986.0,470.036152819998,34.72832613481467,4994.027601723599,25.0,3.8145,-5.0,0.4405555555555556,charge
987.0,469.5812699981893,34.69504777764366,4994.10444675676,25.0,3.81475,-5.0,0.4408333333333333,charge
988.0,469.5471055902504,34.692933747425954,4994.076385891225,25.0,3.815,-5.0,0.4411111111111111,charge
989.0,472.89011815607086,34.940980974523775,4994.137657383685,25.0,3.81525,-5.0,0.4413888888888889,charge
990.0,471.78515668034106,34.85954864298823,4994.109523614176,25.0,3.8155,-5.0,0.4416666666666666,charge
991.0,471.5497542314126,34.84252809121575,4994.3046089130685,25.0,3.81575,-5.0,0.4419444444444445,charge
992.0,470.75678066909086,34.78420597548821,4994.2075426799165,25.0,3.816,-5.0,0.4422222222222222,charge
993.0,471.0366018292384,34.80535013549914,4994.196189093725,25.0,3.81625,-5.0,0.4425,charge
994.0,471.0297967531257,34.80526272245376,4994.164545792446,25.0,3.8165,-5.0,0.4427777777777777,charge
995.0,471.1889929492198,34.8174716999422,4994.376799893482,25.0,3.81675,-5.0,0.4430555555555555,charge
996.0,469.24816729806514,34.67412350356038,4994.4133894902025,25.0,3.817,-5.0,0.4433333333333333,charge
997.0,471.7293561389242,34.85833193621661,4994.376173723967,25.0,3.81725,-5.0,0.4436111111111111,charge
998.0,471.5473107777103,34.84526376131188,4994.350324895735,25.0,3.8175,-5.0,0.4438888888888889,charge
999.0,472.3582896566005,34.90575293752596,4994.425940879429,25.0,3.81775,-5.0,0.4441666666666667,charge
1000.0,472.41706178539175,34.9105230952142,4994.415360665629,25.0,3.818,-5.0,0.4444444444444444,charge
1001.0,473.1998291044366,34.96892252625456,4994.42775631493,25.0,3.81825,-5.0,0.4447222222222222,charge
1002.0,472.4723507195674,34.915451905153134,4994.524383798318,25.0,3.8185,-5.0,0.445,charge
1003.0,473.4213206811658,34.98616264304932,4994.561696267889,25.0,3.81875,-5.0,0.4452777777777778,charge
1004.0,470.2023347562891,34.74813590787327,4994.513843510025,25.0,3.819,-5.0,0.4455555555555555,charge
1005.0,471.8009895820923,34.86697145052536,4994.632840422205,25.0,3.81925,-5.0,0.4458333333333333,charge
1006.0,474.76699835261815,35.08709247056431,4994.585983097727,25.0,3.8195,-5.0,0.4461111111111111,charge
1007.0,471.9609255467264,34.879651892350104,4994.48440688547,25.0,3.81975,-5.0,0.4463888888888888,charge
1008.0,473.0400285643081,34.96000211587468,4994.59893900852,25.0,3.82,-5.0,0.4466666666666666,charge
1009.0,474.1648257573168,35.04373709313458,4994.727914159365,25.0,3.82025,-5.0,0.4469444444444445,charge
1010.0,472.7143915096991,34.93671418590364,4994.730874010005,25.0,3.8205,-5.0,0.4472222222222222,charge
1011.0,474.4583744951908,35.06631477742154,4994.795216043341,25.0,3.82075,-5.0,0.4475,charge
1012.0,472.4466324429024,34.91771351428906,4994.804185944859,25.0,3.821,-5.0,0.4477777777777778,charge
1013.0,472.1002715940448,34.8924738217811,4994.874879018955,25.0,3.82125,-5.0,0.4480555555555555,charge
1014.0,472.82321436538615,34.94644180484342,4994.782419750132,25.0,3.8215,-5.0,0.4483333333333333,charge
1015.0,472.6376881415579,34.93311578826355,4994.904242107814,25.0,3.82175,-5.0,0.448611111111111,charge
1016.0,474.4125850696507,35.065006301455604,4994.989912344523,25.0,3.822,-5.0,0.4488888888888889,charge
1017.0,474.2513940003988,35.053482888918424,4994.8965150373215,25.0,3.82225,-5.0,0.4491666666666666,charge
1018.0,475.0364998136665,35.11205554175307,4994.881123096445,25.0,3.8225,-5.0,0.4494444444444444,charge
1019.0,473.8112166410247,35.02171049192776,4994.967539240339,25.0,3.82275,-5.0,0.4497222222222222,charge
1020.0,477.52875737143233,35.29750054603202,4995.023466027467,25.0,3.823,-5.0,0.4499999999999999,charge
1021.0,475.0292680605614,35.11276985633788,4995.062150671191,25.0,3.82325,-5.0,0.4502777777777778,charge
1022.0,475.217860389074,35.127156325116594,4995.083800949084,25.0,3.8235,-5.0,0.4505555555555555,charge
1023.0,475.858326802612,35.17501494834163,4995.237734840305,25.0,3.82375,-5.0,0.4508333333333333,charge
1024.0,475.29795580188426,35.133922651991426,4995.068532547209,25.0,3.824,-5.0,0.4511111111111111,charge
1025.0,475.0489236604853,35.11589249336929,4995.101707136675,25.0,3.82425,-5.0,0.4513888888888889,charge
1026.0,475.9051318766786,35.179731990865086,4995.2028202224365,25.0,3.8245,-5.0,0.4516666666666666,charge
1027.0,476.8769998023091,35.25213887424512,4995.167375621803,25.0,3.82475,-5.0,0.4519444444444444,charge
1028.0,476.76287016320015,35.24410149357038,4995.199695491715,25.0,3.825,-5.0,0.4522222222222222,charge
1029.0,477.17808035387054,35.27527447065708,4995.255603763773,25.0,3.82525,-5.0,0.4524999999999999,charge
1030.0,475.8111081906648,35.17443394004925,4995.358827159313,25.0,3.8255,-5.0,0.4527777777777778,charge
1031.0,475.7394760660282,35.1695445234095,4995.275004418857,25.0,3.82575,-5.0,0.4530555555555555,charge
1032.0,478.657833739668,35.386135832567994,4995.263548049923,25.0,3.826,-5.0,0.4533333333333333,charge
1033.0,476.5536657903537,35.23068820669286,4995.38011945393,25.0,3.82625,-5.0,0.4536111111111111,charge
1034.0,477.4101381903974,35.294547273362774,4995.412584304007,25.0,3.8265,-5.0,0.4538888888888889,charge
1035.0,477.80925517220896,35.324528160904364,4995.494605911839,25.0,3.82675,-5.0,0.4541666666666666,charge
1036.0,478.6307245741912,35.38579441290305,4995.444001594718,25.0,3.827,-5.0,0.4544444444444444,charge
1037.0,475.99788287762624,35.19118576871305,4995.467360507046,25.0,3.82725,-5.0,0.4547222222222222,charge
1038.0,477.0079307707608,35.26642079783414,4995.485022082307,25.0,3.8275,-5.0,0.455,charge
1039.0,477.1935955838737,35.280590413620274,4995.5245786321975,25.0,3.82775,-5.0,0.4552777777777778,charge
1040.0,477.46469709019857,35.30108867334804,4995.51087008779,25.0,3.828,-5.0,0.4555555555555555,charge
1041.0,475.4924315513919,35.15541159639941,4995.581550522026,25.0,3.82825,-5.0,0.4558333333333333,charge
1042.0,477.9479594606588,35.33771921930806,4995.548675016637,25.0,3.8285,-5.0,0.4561111111111111,charge
1043.0,475.2892711775689,35.141196013153255,4995.669609723918,25.0,3.82875,-5.0,0.4563888888888888,charge
1044.0,478.62042673123153,35.388364943054185,4995.662626137274,25.0,3.829,-5.0,0.4566666666666666,charge
1045.0,478.9990699374926,35.416829254629086,4995.709508895903,25.0,3.82925,-5.0,0.4569444444444444,charge
1046.0,479.1985334511832,35.43202099638393,4995.688991548514,25.0,3.8295,-5.0,0.4572222222222222,charge
1047.0,477.5349183361545,35.309206913789225,4995.7489557309855,25.0,3.82975,-5.0,0.4575,charge
1048.0,479.8339367072448,35.479921237573684,4995.749010711401,25.0,3.83,-5.0,0.4577777777777778,charge
1049.0,478.1538705086281,35.35588855619468,4995.896176765414,25.0,3.83025,-5.0,0.4580555555555555,charge
1050.0,477.9298395141532,35.33971033438172,4995.861359293371,25.0,3.8305,-5.0,0.4583333333333333,charge
1051.0,478.3157265822754,35.3687112283167,4995.84892434104,25.0,3.83075,-5.0,0.4586111111111111,charge
1052.0,478.5874061829502,35.38925230984816,4995.915598810346,25.0,3.831,-5.0,0.4588888888888889,charge
1053.0,479.7468427716778,35.475553168272434,4995.950120693553,25.0,3.83125,-5.0,0.4591666666666666,charge
1054.0,480.5382329262772,35.534591327872384,4995.951524630565,25.0,3.8315,-5.0,0.4594444444444444,charge
1055.0,477.75105506563983,35.32855037523258,4995.910064013883,25.0,3.83175,-5.0,0.4597222222222222,charge
1056.0,479.4507229623375,35.45486836758055,4996.092155390651,25.0,3.832,-5.0,0.4599999999999999,charge
1057.0,481.0328605401812,35.57248041038379,4996.025127962045,25.0,3.83225,-5.0,0.4602777777777777,charge
1058.0,480.4739727205418,35.531497979299395,4996.035713549901,25.0,3.8325,-5.0,0.4605555555555555,charge
1059.0,480.9184399561336,35.56483814489878,4996.061293269832,25.0,3.83275,-5.0,0.4608333333333333,charge
1060.0,479.0508845859721,35.42691737673867,4996.150750330565,25.0,3.833,-5.0,0.4611111111111111,charge
1061.0,481.6431818575816,35.61935606352457,4996.122185194624,25.0,3.83325,-5.0,0.4613888888888889,charge
1062.0,479.2643891588351,35.44356586361742,4996.194014545443,25.0,3.8335,-5.0,0.4616666666666666,charge
1063.0,481.16229368625136,35.58456805083344,4996.207655337313,25.0,3.83375,-5.0,0.4619444444444444,charge
1064.0,482.4723685019991,35.68202729644438,4996.247611892492,25.0,3.834,-5.0,0.4622222222222222,charge
1065.0,483.129350389847,35.73110928813682,4996.3013477155455,25.0,3.83425,-5.0,0.4624999999999999,charge
1066.0,481.9004254389352,35.64049447695817,4996.249479233797,25.0,3.8345,-5.0,0.4627777777777778,charge
1067.0,482.40874697973607,35.67856459109156,4996.221631921546,25.0,3.83475,-5.0,0.4630555555555555,charge
1068.0,481.06033503249495,35.57909889129592,4996.309947082949,25.0,3.835,-5.0,0.4633333333333333,charge
1069.0,481.3241114233196,35.599054549875525,4996.370125726649,25.0,3.83525,-5.0,0.4636111111111111,charge
1070.0,483.113867815832,35.732045764135705,4996.411979514612,25.0,3.8355,-5.0,0.4638888888888889,charge
1071.0,482.0849397158058,35.65624553450413,4996.438937260966,25.0,3.83575,-5.0,0.4641666666666666,charge
1072.0,482.0949083983612,35.65740062210083,4996.393945441448,25.0,3.836,-5.0,0.4644444444444444,charge
1073.0,480.950553010924,35.5730502230314,4996.450414065468,25.0,3.83625,-5.0,0.4647222222222222,charge
1074.0,482.6505909778948,35.6993956279922,4996.484356299345,25.0,3.8365,-5.0,0.465,charge
1075.0,483.28475229597154,35.746787207109,4996.447292361473,25.0,3.83675,-5.0,0.4652777777777778,charge
1076.0,481.9836083025373,35.650822837224986,4996.4695963958375,25.0,3.837,-5.0,0.4655555555555555,charge
1077.0,482.4095868442179,35.68279346994206,4996.649166305196,25.0,3.83725,-5.0,0.4658333333333333,charge
1078.0,484.6360121515765,35.8481305297464,4996.549103125896,25.0,3.8375,-5.0,0.4661111111111111,charge
1079.0,483.3727105935933,35.75496930322913,4996.632325111503,25.0,3.83775,-5.0,0.4663888888888888,charge
1080.0,483.0447396877483,35.7310918287221,4996.630980190157,25.0,3.838,-5.0,0.4666666666666667,charge
1081.0,482.3352394328829,35.67895292095429,4996.688550358179,25.0,3.83825,-5.0,0.4669444444444444,charge
1082.0,482.9915320798301,35.72798385776519,4996.712882197692,25.0,3.8385,-5.0,0.4672222222222222,charge
1083.0,483.5000037489585,35.76606509251544,4996.712125437188,25.0,3.83875,-5.0,0.4675,charge
1084.0,485.2580167401026,35.896704943711306,4996.708927829569,25.0,3.839,-5.0,0.4677777777777778,charge
1085.0,483.4172830795955,35.76077096885893,4996.791821455563,25.0,3.83925,-5.0,0.4680555555555555,charge
1086.0,485.9610024341328,35.94961129141724,4996.965290906978,25.0,3.8395,-5.0,0.4683333333333333,charge
1087.0,483.3768677386047,35.75861057322998,4996.891737910027,25.0,3.83975,-5.0,0.4686111111111111,charge
1088.0,484.0868576396184,35.81161908441618,4996.857363516096,25.0,3.84,-5.0,0.4688888888888889,charge
1089.0,485.4268769812442,35.91129644305513,4996.954208029227,25.0,3.84025,-5.0,0.4691666666666667,charge
1090.0,484.4820272910872,35.84172424378423,4997.0078123801295,25.0,3.8405,-5.0,0.4694444444444444,charge
1091.0,484.0308490687105,35.80872030138597,4996.9274660603805,25.0,3.84075,-5.0,0.4697222222222222,charge
1092.0,484.86815658851833,35.871159747297654,4996.996530140744,25.0,3.841,-5.0,0.47,charge
1093.0,485.5876013823178,35.92486862091243,4997.054812648511,25.0,3.84125,-5.0,0.4702777777777777,charge
1094.0,483.5620435629288,35.77524396762435,4997.042685822994,25.0,3.8415,-5.0,0.4705555555555555,charge
1095.0,485.168130320918,35.894630023771704,4997.061200551363,25.0,3.84175,-5.0,0.4708333333333333,charge
1096.0,485.446218931104,35.91564584674844,4997.14392051091,25.0,3.842,-5.0,0.4711111111111111,charge
1097.0,485.2906966845188,35.9045423470014,4997.1309269026815,25.0,3.84225,-5.0,0.4713888888888889,charge
1098.0,486.5686893997123,35.99962514071943,4997.150319428926,25.0,3.8425,-5.0,0.4716666666666667,charge
1099.0,485.40367005270633,35.91374407797825,4997.176180914796,25.0,3.84275,-5.0,0.4719444444444444,charge
1100.0,485.7465962625248,35.93956268611295,4997.2398350736885,25.0,3.843,-5.0,0.4722222222222222,charge
1101.0,486.28764258736254,35.98005685832315,4997.293168030725,25.0,3.84325,-5.0,0.4725,charge
1102.0,487.1177379832044,36.04196207282996,4997.253916218163,25.0,3.8435,-5.0,0.4727777777777778,charge
1103.0,486.3066151601301,35.98229556741704,4997.367975903966,25.0,3.84375,-5.0,0.4730555555555555,charge
1104.0,488.1832639375684,36.1217232546347,4997.199896407249,25.0,3.844,-5.0,0.4733333333333333,charge
1105.0,485.89783725553184,35.95284905596532,4997.363989689252,25.0,3.84425,-5.0,0.4736111111111111,charge
1106.0,488.23095879677857,36.12608954050212,4997.422240147475,25.0,3.8445,-5.0,0.4738888888888888,charge
1107.0,486.22551178222267,35.97795457646094,4997.509088362931,25.0,3.84475,-5.0,0.4741666666666667,charge
1108.0,487.0591557402464,36.040122647425655,4997.516075966783,25.0,3.845,-5.0,0.4744444444444444,charge
1109.0,487.7251572964786,36.08987276270212,4997.382574945512,25.0,3.84525,-5.0,0.4747222222222222,charge
1110.0,489.5548398612597,36.22582147120442,4997.492537887806,25.0,3.8455,-5.0,0.475,charge
1111.0,488.5347150355421,36.15067333596608,4997.53204613101,25.0,3.84575,-5.0,0.4752777777777778,charge
1112.0,487.3719149282208,36.06495666134969,4997.488096811475,25.0,3.846,-5.0,0.4755555555555555,charge
1113.0,489.2157857822584,36.20195635424137,4997.517018269857,25.0,3.84625,-5.0,0.4758333333333333,charge
1114.0,487.84185065066185,36.10060004819717,4997.568983177337,25.0,3.8465,-5.0,0.4761111111111111,charge
1115.0,487.4029985881448,36.068509154677386,4997.606445800739,25.0,3.84675,-5.0,0.4763888888888888,charge
1116.0,488.78201802512,36.17107540926816,4997.686826846176,25.0,3.847,-5.0,0.4766666666666667,charge
1117.0,488.5666930702556,36.15554207927819,4997.700838007929,25.0,3.84725,-5.0,0.4769444444444444,charge
1118.0,489.5647774783743,36.229890924324025,4997.6402950903375,25.0,3.8475,-5.0,0.4772222222222222,charge
1119.0,488.2002616358527,36.1292323433965,4997.7071563397785,25.0,3.84775,-5.0,0.4775,charge
1120.0,489.27039238654976,36.20891795455925,4997.6898314283535,25.0,3.848,-5.0,0.4777777777777777,charge
1121.0,489.6623271106125,36.238366823008334,4997.870403300302,25.0,3.84825,-5.0,0.4780555555555555,charge
1122.0,489.44471222621735,36.2226638686087,4997.807318261562,25.0,3.8485,-5.0,0.4783333333333333,charge
1123.0,489.2765720234642,36.2106257054418,4997.84311743014,25.0,3.84875,-5.0,0.4786111111111111,charge
1124.0,488.7468260703535,36.17180193113729,4997.889438535707,25.0,3.849,-5.0,0.4788888888888889,charge
1125.0,490.4870851246888,36.30112667590287,4997.889451775381,25.0,3.84925,-5.0,0.4791666666666667,charge
1126.0,489.8594467225346,36.255051609076645,4998.007713768183,25.0,3.8495,-5.0,0.4794444444444444,charge
1127.0,490.35741508362,36.292354821008885,4997.99273285715,25.0,3.84975,-5.0,0.4797222222222222,charge
1128.0,489.6492217591394,36.24031272289921,4998.039013855324,25.0,3.85,-5.0,0.48,charge
1129.0,490.151900579631,36.27796485775044,4998.014112135674,25.0,3.85025,-5.0,0.4802777777777777,charge
1130.0,489.2405497860731,36.21087405822763,4998.083468087225,25.0,3.8505,-5.0,0.4805555555555555,charge
1131.0,490.5021919618025,36.30474570087426,4998.047301249033,25.0,3.85075,-5.0,0.4808333333333333,charge
1132.0,491.3207658792098,36.36579747253406,4998.143949228696,25.0,3.851,-5.0,0.4811111111111111,charge
1133.0,490.7874377305243,36.326708350409206,4998.146096111284,25.0,3.85125,-5.0,0.4813888888888888,charge
1134.0,491.6927261438516,36.39418341806308,4998.213133772118,25.0,3.8515,-5.0,0.4816666666666666,charge
1135.0,491.2851327043449,36.36440797809962,4998.163265309777,25.0,3.85175,-5.0,0.4819444444444444,charge
1136.0,492.4749677411304,36.45296057341707,4998.228304483988,25.0,3.852,-5.0,0.4822222222222222,charge
1137.0,491.0599503678472,36.34856113835905,4998.127656864229,25.0,3.85225,-5.0,0.4825,charge
1138.0,489.750258662336,36.25196360461748,4998.204270445089,25.0,3.8525,-5.0,0.4827777777777778,charge
1139.0,491.9602660068633,36.41608451902692,4998.306796573931,25.0,3.85275,-5.0,0.4830555555555555,charge
1140.0,491.5014771787891,36.382516828058456,4998.283521863073,25.0,3.853,-5.0,0.4833333333333333,charge
1141.0,490.8312621732729,36.33328793876096,4998.353277470736,25.0,3.85325,-5.0,0.4836111111111111,charge
1142.0,492.5957098023672,36.46440442980498,4998.481437115874,25.0,3.8535,-5.0,0.4838888888888888,charge
1143.0,492.347662472588,36.4464472201917,4998.374920216364,25.0,3.85375,-5.0,0.4841666666666667,charge
1144.0,492.6675608241569,36.47056006104865,4998.490578271608,25.0,3.854,-5.0,0.4844444444444444,charge
1145.0,492.0287351603244,36.42365630817218,4998.431997222359,25.0,3.85425,-5.0,0.4847222222222222,charge
1146.0,492.69704716424775,36.47357756772206,4998.496430016352,25.0,3.8545,-5.0,0.485,charge
1147.0,492.8932279330443,36.48852614318847,4998.548746682862,25.0,3.85475,-5.0,0.4852777777777777,charge
1148.0,494.5524328843194,36.61184688031996,4998.539158853502,25.0,3.855,-5.0,0.4855555555555555,charge
1149.0,492.232706902208,36.44043199275615,4998.554552562618,25.0,3.85525,-5.0,0.4858333333333333,charge
1150.0,493.0450613559981,36.50102306340727,4998.656371033391,25.0,3.8555,-5.0,0.4861111111111111,charge
1151.0,493.5583042567141,36.53945772271956,4998.703358442246,25.0,3.85575,-5.0,0.4863888888888888,charge
1152.0,491.608546407238,36.39544788201763,4998.600643309405,25.0,3.856,-5.0,0.4866666666666667,charge
1153.0,491.869253854794,36.41517621146622,4998.66613723108,25.0,3.85625,-5.0,0.4869444444444444,charge
1154.0,495.7769294819389,36.70505033199548,4998.741518400573,25.0,3.8565,-5.0,0.4872222222222222,charge
1155.0,491.9828810463383,36.42442637380284,4998.822908083139,25.0,3.85675,-5.0,0.4875,charge
1156.0,494.4638180335441,36.6086161506329,4998.882205086855,25.0,3.857,-5.0,0.4877777777777777,charge
1157.0,493.1795523717132,36.51390202753432,4998.795497342176,25.0,3.85725,-5.0,0.4880555555555556,charge
1158.0,493.4035065639155,36.53090789362337,4998.8881818362215,25.0,3.8575,-5.0,0.4883333333333333,charge
1159.0,492.3230306512832,36.451289307502456,4998.925421076783,25.0,3.85775,-5.0,0.4886111111111111,charge
1160.0,493.5437058721191,36.54212636089772,4998.858794423679,25.0,3.858,-5.0,0.4888888888888889,charge
1161.0,495.367711948837,36.67765458880274,4998.915763609563,25.0,3.85825,-5.0,0.4891666666666666,charge
1162.0,493.3334793813057,36.5273873615782,4998.918692828572,25.0,3.8585,-5.0,0.4894444444444444,charge
1163.0,495.4565379914529,36.68506762899651,4999.007440931056,25.0,3.85875,-5.0,0.4897222222222222,charge
1164.0,495.3132977493486,36.67487390735916,4998.989560625655,25.0,3.859,-5.0,0.49,charge
1165.0,497.15719118824126,36.81187527320306,4999.055521990599,25.0,3.85925,-5.0,0.4902777777777777,charge
1166.0,494.80324419452006,36.63792549589037,4999.017143118141,25.0,3.8595,-5.0,0.4905555555555556,charge
1167.0,496.6800807058695,36.77736708932367,4999.028164152,25.0,3.85975,-5.0,0.4908333333333333,charge
1168.0,496.444424509797,36.76032774146644,4999.120511650472,25.0,3.86,-5.0,0.4911111111111111,charge
1169.0,495.40777602712615,36.68395563163897,4999.132590623491,25.0,3.86025,-5.0,0.4913888888888889,charge
1170.0,494.17037734439714,36.59271313662201,4999.246855426389,25.0,3.8605,-5.0,0.4916666666666666,charge
1171.0,497.4816626018088,36.83841019272657,4999.224716004124,25.0,3.86075,-5.0,0.4919444444444444,charge
1172.0,494.74672220526753,36.63623868187167,4999.291877422837,25.0,3.861,-5.0,0.4922222222222222,charge
1173.0,495.7765840473772,36.712941410916834,4999.291999625333,25.0,3.86125,-5.0,0.4925,charge
1174.0,497.27206542888905,36.824134476214006,4999.323668473097,25.0,3.8615,-5.0,0.4927777777777777,charge
1175.0,497.6437333465711,36.85208209974601,4999.197579355877,25.0,3.86175,-5.0,0.4930555555555555,charge
1176.0,495.8212199705087,36.71749777559324,4999.293258022205,25.0,3.862,-5.0,0.4933333333333333,charge
1177.0,496.7735538696573,36.788457694048695,4999.320694828347,25.0,3.86225,-5.0,0.4936111111111111,charge
1178.0,496.6858660023751,36.782378963138896,4999.3836562403,25.0,3.8625,-5.0,0.4938888888888889,charge
1179.0,498.2648919089157,36.89976051177154,4999.427619253342,25.0,3.86275,-5.0,0.4941666666666667,charge
1180.0,499.7268555964032,37.00847078491875,4999.483655347377,25.0,3.863,-5.0,0.4944444444444444,charge
1181.0,495.5312242855912,36.698099947080834,4999.4810731018815,25.0,3.86325,-5.0,0.4947222222222222,charge
1182.0,498.41642290998425,36.91223503036921,4999.384859033133,25.0,3.8635,-5.0,0.495,charge
1183.0,494.7807135119821,36.64333988977645,4999.610107462827,25.0,3.86375,-5.0,0.4952777777777777,charge
1184.0,497.7918441499424,36.866803270366105,4999.554175946086,25.0,3.864,-5.0,0.4955555555555555,charge
1185.0,496.8078821427175,36.79433386242352,4999.598816552135,25.0,3.86425,-5.0,0.4958333333333333,charge
1186.0,500.0473743456656,37.03471291449375,4999.593522510916,25.0,3.8645,-5.0,0.4961111111111111,charge
1187.0,498.3608129727455,36.910199109092254,4999.686653670117,25.0,3.86475,-5.0,0.4963888888888889,charge
1188.0,497.5965615853775,36.85400456187981,4999.701606954257,25.0,3.865,-5.0,0.4966666666666666,charge
1189.0,497.9729093675134,36.882298842038026,4999.634174101726,25.0,3.86525,-5.0,0.4969444444444444,charge
1190.0,498.03581535906886,36.88737521178288,4999.707308368684,25.0,3.8655,-5.0,0.4972222222222222,charge
1191.0,498.9383116085627,36.95464345248613,4999.78417639591,25.0,3.86575,-5.0,0.4975,charge
1192.0,498.73074041850913,36.93968447544512,4999.8129882184985,25.0,3.866,-5.0,0.4977777777777777,charge
1193.0,499.6836633517593,37.01068802605624,4999.8696738654135,25.0,3.86625,-5.0,0.4980555555555556,charge
1194.0,500.7069277485914,37.08690205545122,4999.8214298733055,25.0,3.8665,-5.0,0.4983333333333333,charge
1195.0,500.006967602463,37.03546982240467,4999.877705914165,25.0,3.86675,-5.0,0.4986111111111111,charge
1196.0,498.2184413967404,36.90340306642521,4999.886343208804,25.0,3.867,-5.0,0.4988888888888889,charge
1197.0,497.95952652684736,36.884640853840544,4999.9277168882845,25.0,3.86725,-5.0,0.4991666666666666,charge
1198.0,498.9668026965665,36.95967057011603,4999.924960220963,25.0,3.8675,-5.0,0.4994444444444444,charge
1199.0,500.9143263754209,37.10434825003118,5000.025868702727,25.0,3.86775,-5.0,0.4997222222222222,charge
1200.0,499.66495184633465,37.01221865528405,4999.952072794457,25.0,3.868,-5.0,0.5,charge
1201.0,499.4713160698123,36.99829193109721,5000.038796539657,25.0,3.86825,-5.0,0.5002777777777778,charge
1202.0,500.41606033558367,37.06868965448768,5000.007285312475,25.0,3.8685,-5.0,0.5005555555555555,charge
1203.0,499.0011407170752,36.96429746052409,5000.114500424442,25.0,3.86875,-5.0,0.5008333333333332,charge
1204.0,499.41622783388624,36.99546132102861,5000.120465203664,25.0,3.869,-5.0,0.5011111111111111,charge
1205.0,501.20476986965394,37.12836258293733,5000.269383533357,25.0,3.86925,-5.0,0.5013888888888889,charge
1206.0,500.5301798404252,37.07880961780926,5000.141956036177,25.0,3.8695,-5.0,0.5016666666666667,charge
1207.0,500.5189859801318,37.07839710963939,5000.301239711349,25.0,3.86975,-5.0,0.5019444444444445,charge
1208.0,501.4287461364276,37.14620341751315,5000.206845096074,25.0,3.87,-5.0,0.5022222222222221,charge
1209.0,500.6651287968192,37.09005583680142,5000.291376474488,25.0,3.87025,-5.0,0.5025,charge
1210.0,500.70259784232616,37.093247988320456,5000.312441679215,25.0,3.8705,-5.0,0.5027777777777778,charge
1211.0,501.0679676152441,37.12072908261068,5000.2499694135095,25.0,3.87075,-5.0,0.5030555555555556,charge
1212.0,502.26928725577824,37.21013238931691,5000.34314917144,25.0,3.871,-5.0,0.5033333333333333,charge
1213.0,501.8653754912767,37.1806296660205,5000.41587485254,25.0,3.87125,-5.0,0.5036111111111111,charge
1214.0,500.74984685976807,37.098414582205045,5000.332506549281,25.0,3.8715,-5.0,0.5038888888888888,charge
1215.0,501.7802764188041,37.17515936435586,5000.485020552626,25.0,3.87175,-5.0,0.5041666666666667,charge
1216.0,502.8704461486735,37.25632934434619,5000.372989724455,25.0,3.872,-5.0,0.5044444444444445,charge
1217.0,504.2318630542681,37.35759170772357,5000.497311700254,25.0,3.87225,-5.0,0.5047222222222223,charge
1218.0,501.357646007878,37.14510340799096,5000.460316727254,25.0,3.8725,-5.0,0.5049999999999999,charge
1219.0,502.9774241829374,37.26550364318055,5000.489559736283,25.0,3.87275,-5.0,0.5052777777777777,charge
1220.0,502.5190295009624,37.23196514821944,5000.595200137922,25.0,3.873,-5.0,0.5055555555555555,charge
1221.0,503.74218610347896,37.32298600766511,5000.630000158771,25.0,3.87325,-5.0,0.5058333333333334,charge
1222.0,503.5051105328717,37.30584152095345,5000.644294477753,25.0,3.8735,-5.0,0.5061111111111112,charge
1223.0,504.6666213521853,37.39229602608779,5000.62339743503,25.0,3.87375,-5.0,0.5063888888888889,charge
1224.0,503.852784235608,37.33242846189689,5000.691493298031,25.0,3.874,-5.0,0.5066666666666666,charge
1225.0,502.9271089099933,37.26427658592543,5000.6871548896215,25.0,3.87425,-5.0,0.5069444444444444,charge
1226.0,503.0725179329319,37.27546429132829,5000.770130883973,25.0,3.8745,-5.0,0.5072222222222222,charge
1227.0,504.1555501097171,37.356105563682746,5000.658965523545,25.0,3.87475,-5.0,0.5075,charge
1228.0,504.2838320783135,37.3660245983936,5000.789114378739,25.0,3.875,-5.0,0.5077777777777778,charge
1229.0,506.4257150453631,37.52509926261949,5000.866311357603,25.0,3.87525,-5.0,0.5080555555555555,charge
1230.0,505.8429993863322,37.48235180639499,5000.814767251997,25.0,3.8755,-5.0,0.5083333333333333,charge
1231.0,503.1319772031805,37.28195201505041,5000.837763040708,25.0,3.87575,-5.0,0.5086111111111111,charge
1232.0,504.794669240218,37.405531054830966,5000.839265601537,25.0,3.876,-5.0,0.508888888888889,charge
1233.0,503.2523444719648,37.29170144236776,5000.920568436764,25.0,3.87625,-5.0,0.5091666666666668,charge
1234.0,503.0665453265028,37.27835520937058,5000.927740498362,25.0,3.8765,-5.0,0.5094444444444444,charge
1235.0,505.6046571125538,37.46678015648546,5001.0115521092885,25.0,3.87675,-5.0,0.5097222222222222,charge
1236.0,505.5517475330452,37.46327759504038,5000.943168802226,25.0,3.877,-5.0,0.51,charge
1237.0,504.10032109455193,37.35618119218904,5001.043078499591,25.0,3.87725,-5.0,0.5102777777777778,charge
1238.0,506.9214645158763,37.56557144562047,5001.023968435622,25.0,3.8775,-5.0,0.5105555555555555,charge
1239.0,504.4390967371664,37.382109017567885,5001.009908847949,25.0,3.87775,-5.0,0.5108333333333334,charge
1240.0,504.38782717440887,37.3787279388451,5001.056688386758,25.0,3.878,-5.0,0.5111111111111111,charge
1241.0,506.3470626658645,37.5242731604344,5001.047559455343,25.0,3.87825,-5.0,0.5113888888888889,charge
1242.0,506.05427187904894,37.50300162067029,5001.048104480009,25.0,3.8785,-5.0,0.5116666666666667,charge
1243.0,505.8117142212534,37.48545105342618,5001.156417007196,25.0,3.87875,-5.0,0.5119444444444444,charge
1244.0,506.04404527821015,37.503077428015565,5001.326715001056,25.0,3.879,-5.0,0.5122222222222221,charge
1245.0,506.47380079125855,37.53532783638952,5001.2090256348165,25.0,3.87925,-5.0,0.5125,charge
1246.0,506.2493089031401,37.51911547430667,5001.290274979498,25.0,3.8795,-5.0,0.5127777777777778,charge
1247.0,506.3552729094968,37.5273813266294,5001.282073996542,25.0,3.87975,-5.0,0.5130555555555556,charge
1248.0,504.7707099780002,37.41042296133335,5001.270559826176,25.0,3.88,-5.0,0.5133333333333334,charge
1249.0,505.4635941895458,37.462164384410805,5001.375820699903,25.0,3.88025,-5.0,0.513611111111111,charge
1250.0,507.5553940147672,37.61752918627906,5001.306940707039,25.0,3.8805,-5.0,0.5138888888888888,charge
1251.0,506.3790324428866,37.530807958732346,5001.468794380745,25.0,3.88075,-5.0,0.5141666666666667,charge
1252.0,507.767415481334,37.63406781343215,5001.3944506745065,25.0,3.881,-5.0,0.5144444444444445,charge
1253.0,508.59657501035673,37.69590370447087,5001.555900701232,25.0,3.88125,-5.0,0.5147222222222222,charge
1254.0,507.1450491735516,37.588799938781605,5001.543105752459,25.0,3.8815,-5.0,0.515,charge
1255.0,507.9218586702319,37.64675804964681,5001.539822502219,25.0,3.88175,-5.0,0.5152777777777777,charge
1256.0,509.8542542245565,37.790315127744925,5001.549304221712,25.0,3.882,-5.0,0.5155555555555555,charge
1257.0,508.61160230898025,37.69868350436891,5001.5682679471465,25.0,3.88225,-5.0,0.5158333333333334,charge
1258.0,509.89742938630695,37.79434662120792,5001.600743253035,25.0,3.8825,-5.0,0.5161111111111112,charge
1259.0,509.72785149835846,37.78220196284136,5001.6545668139,25.0,3.88275,-5.0,0.5163888888888888,charge
1260.0,509.0866936828545,37.73512545798922,5001.695651710075,25.0,3.883,-5.0,0.5166666666666666,charge
1261.0,508.3603284607985,37.68173729339248,5001.704914362137,25.0,3.88325,-5.0,0.5169444444444444,charge
1262.0,507.7691175778756,37.63836056132412,5001.703952657091,25.0,3.8835,-5.0,0.5172222222222222,charge
1263.0,507.6383020104777,37.62908718596131,5001.764987830796,25.0,3.88375,-5.0,0.5175000000000001,charge
1264.0,509.3752178235702,37.75816428322742,5001.745603199689,25.0,3.884,-5.0,0.5177777777777778,charge
1265.0,509.4959611544526,37.76752490032982,5001.861162942625,25.0,3.88425,-5.0,0.5180555555555555,charge
1266.0,508.9920444586339,37.730614404343264,5001.800928039494,25.0,3.8845,-5.0,0.5183333333333333,charge
1267.0,510.15402193664215,37.81710347678831,5001.903188508804,25.0,3.88475,-5.0,0.5186111111111111,charge
1268.0,508.83990733010125,37.720178320748246,5001.8605058641415,25.0,3.885,-5.0,0.5188888888888888,charge
1269.0,510.6935524014445,37.85790202973663,5001.94341742752,25.0,3.88525,-5.0,0.5191666666666667,charge
1270.0,509.76222928700827,37.78933179903765,5001.950021149424,25.0,3.8855,-5.0,0.5194444444444444,charge
1271.0,509.82478453533054,37.79438218780226,5001.989328906183,25.0,3.88575,-5.0,0.5197222222222222,charge
1272.0,509.9997267030205,37.80775753355708,5002.053437718293,25.0,3.886,-5.0,0.52,charge
1273.0,510.0402976121044,37.81117945274847,5002.014337213735,25.0,3.88625,-5.0,0.5202777777777778,charge
1274.0,512.7660420661065,38.01350311600788,5002.019030449922,25.0,3.8865,-5.0,0.5205555555555554,charge
1275.0,508.80514683751903,37.72052013611252,5002.081510668432,25.0,3.88675,-5.0,0.5208333333333333,charge
1276.0,510.7327780993373,37.86372430365461,5002.169545607271,25.0,3.887,-5.0,0.5211111111111111,charge
1277.0,511.9385506337835,37.95345745435433,5002.246691936619,25.0,3.88725,-5.0,0.5213888888888889,charge
1278.0,511.5508463859059,37.92515528784489,5002.144829439149,25.0,3.8875,-5.0,0.5216666666666667,charge
1279.0,510.670140250515,37.86033446300111,5002.097058241383,25.0,3.88775,-5.0,0.5219444444444444,charge
1280.0,512.851232135328,38.02231349150578,5002.17972424263,25.0,3.888,-5.0,0.5222222222222223,charge
1281.0,510.1815071422343,37.82497275127662,5002.301291119015,25.0,3.88825,-5.0,0.5225,charge
1282.0,510.08259275917067,37.81806242660523,5002.312060323013,25.0,3.8885,-5.0,0.5227777777777778,charge
1283.0,512.0958483407103,37.967609136348905,5002.382697441958,25.0,3.88875,-5.0,0.5230555555555556,charge
1284.0,510.21219686543367,37.8284960641062,5002.380306600715,25.0,3.889,-5.0,0.5233333333333333,charge
1285.0,509.4276058025889,37.770794874265846,5002.457465038427,25.0,3.88925,-5.0,0.523611111111111,charge
1286.0,512.8273310821723,38.02304304312388,5002.446509285515,25.0,3.8895,-5.0,0.5238888888888888,charge
1287.0,512.8446836459538,38.02474508488547,5002.451473908305,25.0,3.88975,-5.0,0.5241666666666667,charge
1288.0,512.9545090851657,38.03329696927153,5002.548473771013,25.0,3.89,-5.0,0.5244444444444445,charge
1289.0,511.8736399664271,37.95364925677237,5002.497099358073,25.0,3.89025,-5.0,0.5247222222222223,charge
1290.0,512.6829461276893,38.01401452797699,5002.515617402736,25.0,3.8905,-5.0,0.5249999999999999,charge
1291.0,511.6735623106465,37.93966202301085,5002.587599741768,25.0,3.89075,-5.0,0.5252777777777777,charge
1292.0,514.5121289843905,38.15034288773264,5002.495612737459,25.0,3.891,-5.0,0.5255555555555556,charge
1293.0,513.7076909181712,38.09117154949417,5002.558245129899,25.0,3.89125,-5.0,0.5258333333333334,charge
1294.0,513.7978116279257,38.0982638242908,5002.586066480218,25.0,3.8915,-5.0,0.5261111111111111,charge
1295.0,511.2444597035378,37.90954331137318,5002.659590536666,25.0,3.89175,-5.0,0.5263888888888889,charge
1296.0,514.1406353773232,38.124491509431344,5002.681373287088,25.0,3.892,-5.0,0.5266666666666666,charge
1297.0,514.9661942442035,38.186060684755816,5002.620205502964,25.0,3.89225,-5.0,0.5269444444444444,charge
1298.0,514.8273731967585,38.17619431087099,5002.788124249226,25.0,3.8925,-5.0,0.5272222222222223,charge
1299.0,514.5391303357965,38.15525965450344,5002.782834042406,25.0,3.89275,-5.0,0.5275,charge
1300.0,513.8879317198591,38.10743938665623,5002.655843669836,25.0,3.893,-5.0,0.5277777777777777,charge
1301.0,513.6859449305226,38.0928940689276,5002.833639614972,25.0,3.89325,-5.0,0.5280555555555555,charge
1302.0,514.7683083522855,38.173485803873,5002.785531059245,25.0,3.8935,-5.0,0.5283333333333333,charge
1303.0,514.6883249113529,38.167977771211326,5002.799920292634,25.0,3.89375,-5.0,0.5286111111111111,charge
1304.0,514.6808189748303,38.16783844258003,5002.839811406832,25.0,3.894,-5.0,0.528888888888889,charge
1305.0,514.2741085865443,38.1381284138181,5003.017257685078,25.0,3.89425,-5.0,0.5291666666666667,charge
1306.0,516.4034787501477,38.29627620371464,5002.909277770205,25.0,3.8945,-5.0,0.5294444444444444,charge
1307.0,513.693267818915,38.09593650510482,5003.010920752553,25.0,3.89475,-5.0,0.5297222222222222,charge
1308.0,514.9773675441879,38.19147166993985,5003.015239127761,25.0,3.895,-5.0,0.53,charge
1309.0,514.5587080160997,38.16087651971109,5003.151360511664,25.0,3.89525,-5.0,0.5302777777777777,charge
1310.0,516.3098208258687,38.29100524636064,5003.07412035407,25.0,3.8955,-5.0,0.5305555555555556,charge
1311.0,516.8471481739609,38.33122393881192,5003.056099892275,25.0,3.89575,-5.0,0.5308333333333333,charge
1312.0,516.7996443963658,38.3281218071382,5003.161001818155,25.0,3.896,-5.0,0.5311111111111111,charge
1313.0,516.449851626203,38.302627898237255,5003.220706804988,25.0,3.89625,-5.0,0.5313888888888889,charge
1314.0,514.4307313568534,38.15348010050766,5003.176890592436,25.0,3.8965,-5.0,0.5316666666666667,charge
1315.0,518.0534549297685,38.42224666146433,5003.247238856971,25.0,3.89675,-5.0,0.5319444444444443,charge
1316.0,516.6278072006858,38.31705979264338,5003.177576464147,25.0,3.897,-5.0,0.5322222222222222,charge
1317.0,516.1415367550031,38.28145642629653,5003.187125449546,25.0,3.89725,-5.0,0.5325,charge
1318.0,516.4103894850036,38.301788110000274,5003.332912184989,25.0,3.8975,-5.0,0.5327777777777778,charge
1319.0,516.1882586441262,38.28575064030564,5003.306060790914,25.0,3.89775,-5.0,0.5330555555555556,charge
1320.0,517.0905472393904,38.3530034992141,5003.363365275212,25.0,3.898,-5.0,0.5333333333333333,charge
1321.0,517.1157233636661,38.35528506397527,5003.33488021198,25.0,3.89825,-5.0,0.533611111111111,charge
1322.0,516.5843443987777,38.31634032583538,5003.343903874264,25.0,3.8985,-5.0,0.5338888888888889,charge
1323.0,514.5134418965579,38.16335680715244,5003.395832878849,25.0,3.89875,-5.0,0.5341666666666667,charge
1324.0,517.1871008871742,38.36182228793883,5003.421928669392,25.0,3.899,-5.0,0.5344444444444444,charge
1325.0,517.8379470673506,38.41044978276671,5003.457644757264,25.0,3.89925,-5.0,0.5347222222222222,charge
1326.0,518.0261678448924,38.42480872925129,5003.479441214725,25.0,3.8995,-5.0,0.5349999999999999,charge
1327.0,517.4854238881132,38.38517028800839,5003.491845718851,25.0,3.89975,-5.0,0.5352777777777777,charge
1328.0,518.2310925472412,38.44082167016602,5003.579188182365,25.0,3.9,-5.0,0.5355555555555556,charge
1329.0,518.9449856071037,38.49411930422991,5003.537436926124,25.0,3.90025,-5.0,0.5358333333333334,charge
1330.0,517.5853052729918,38.39381890911051,5003.48324374391,25.0,3.9005,-5.0,0.5361111111111112,charge
1331.0,519.660723489863,38.54797025850837,5003.643338438878,25.0,3.90075,-5.0,0.5363888888888888,charge
1332.0,516.3781750315123,38.30523518751944,5003.730994736793,25.0,3.901,-5.0,0.5366666666666666,charge
1333.0,517.2111736885031,38.36735545840764,5003.741333589172,25.0,3.90125,-5.0,0.5369444444444444,charge
1334.0,517.7059661607357,38.40442341931375,5003.759973129884,25.0,3.9015,-5.0,0.5372222222222223,charge
1335.0,516.3055332905244,38.30110431781662,5003.7258150754415,25.0,3.90175,-5.0,0.5375,charge
1336.0,517.8891262678561,38.41882416798934,5003.725094329855,25.0,3.902,-5.0,0.5377777777777778,charge
1337.0,520.2761497534141,38.59605738914178,5003.728534781774,25.0,3.90225,-5.0,0.5380555555555555,charge
1338.0,520.4081957319192,38.60625523940143,5003.831230146674,25.0,3.9025,-5.0,0.5383333333333333,charge
1339.0,519.4029140182818,38.5322065939468,5003.85347198789,25.0,3.90275,-5.0,0.5386111111111112,charge
1340.0,521.1654464111824,38.66318121564314,5003.936447862121,25.0,3.903,-5.0,0.5388888888888889,charge
1341.0,519.8228235532796,38.56414433727997,5003.989937065527,25.0,3.90325,-5.0,0.5391666666666667,charge
1342.0,519.2244102656059,38.52023409374859,5003.880514734444,25.0,3.9035,-5.0,0.5394444444444444,charge
1343.0,520.1027418804939,38.58571236151807,5003.954630675874,25.0,3.90375,-5.0,0.5397222222222222,charge
1344.0,519.8628533896361,38.56835951034342,5003.962271392715,25.0,3.904,-5.0,0.54,charge
1345.0,520.8748223493889,38.64373684069548,5004.0463201736,25.0,3.90425,-5.0,0.5402777777777779,charge
1346.0,518.7747271380243,38.488590899112914,5004.07809756719,25.0,3.9045,-5.0,0.5405555555555555,charge
1347.0,521.4160816099978,38.68466345259243,5004.0748187483605,25.0,3.90475,-5.0,0.5408333333333333,charge
1348.0,520.0960288243671,38.5872984314346,5004.146424334384,25.0,3.905,-5.0,0.5411111111111111,charge
1349.0,521.5497674609547,38.6953994415522,5004.102515888123,25.0,3.90525,-5.0,0.5413888888888889,charge
1350.0,519.2922931314869,38.528595787517546,5004.238944608298,25.0,3.9055,-5.0,0.5416666666666666,charge
1351.0,520.5529635667699,38.62239544939036,5004.241492601848,25.0,3.90575,-5.0,0.5419444444444445,charge
1352.0,521.1891743314613,38.66993883936751,5004.284001239213,25.0,3.906,-5.0,0.5422222222222223,charge
1353.0,522.1514526289511,38.74163537992231,5004.309893286099,25.0,3.90625,-5.0,0.5425,charge
1354.0,520.1713578197171,38.59537835701608,5004.279080775383,25.0,3.9065,-5.0,0.5427777777777778,charge
1355.0,523.1952220336866,38.81978496545826,5004.192869686361,25.0,3.90675,-5.0,0.5430555555555556,charge
1356.0,522.1493301416701,38.74272815864223,5004.445992400114,25.0,3.907,-5.0,0.5433333333333333,charge
1357.0,521.2797801371524,38.67873371386314,5004.296407990148,25.0,3.90725,-5.0,0.543611111111111,charge
1358.0,523.1617464786325,38.81855529471352,5004.361885749047,25.0,3.9075,-5.0,0.5438888888888889,charge
1359.0,522.186044356356,38.74669773010044,5004.494519317544,25.0,3.90775,-5.0,0.5441666666666667,charge
1360.0,523.3805192029336,38.83559401503212,5004.452989305569,25.0,3.908,-5.0,0.5444444444444445,charge
1361.0,524.6842589198578,38.93258399406355,5004.480460489189,25.0,3.90825,-5.0,0.5447222222222222,charge
1362.0,523.2685283776585,38.82813173167841,5004.560706753554,25.0,3.9085,-5.0,0.5449999999999999,charge
1363.0,522.1122094253188,38.74289514261621,5004.432472596059,25.0,3.90875,-5.0,0.5452777777777778,charge
1364.0,522.3520703423867,38.76107928462124,5004.595590754465,25.0,3.909,-5.0,0.5455555555555556,charge
1365.0,523.4992210130451,38.84647007504038,5004.49843475561,25.0,3.90925,-5.0,0.5458333333333333,charge
1366.0,523.3434609726493,38.83534896093698,5004.592646213154,25.0,3.9095,-5.0,0.5461111111111111,charge
1367.0,522.3614144808914,38.763021443029,5004.711176270223,25.0,3.90975,-5.0,0.5463888888888889,charge
1368.0,522.6652238177074,38.78594250501536,5004.687223872482,25.0,3.91,-5.0,0.5466666666666666,charge
1369.0,524.1380042515044,38.89545401862996,5004.711985277528,25.0,3.91025,-5.0,0.5469444444444445,charge
1370.0,525.9578094819724,39.03067107273869,5004.661737887507,25.0,3.9105,-5.0,0.5472222222222223,charge
1371.0,521.1196326186921,38.67270426805127,5004.76122589569,25.0,3.91075,-5.0,0.5475,charge
1372.0,524.6128050267115,38.93187444642307,5004.742539690231,25.0,3.911,-5.0,0.5477777777777777,charge
1373.0,523.816730594756,38.8733226366486,5004.772521141441,25.0,3.91125,-5.0,0.5480555555555555,charge
1374.0,524.9460313804068,38.957391213363465,5004.89140294114,25.0,3.9115,-5.0,0.5483333333333333,charge
1375.0,525.1732769336209,38.97464088397192,5004.856294145445,25.0,3.91175,-5.0,0.5486111111111112,charge
1376.0,524.497282529483,38.924983891072806,5004.910218676548,25.0,3.912,-5.0,0.5488888888888889,charge
1377.0,523.5673597863112,38.856517391578606,5004.8954287067145,25.0,3.91225,-5.0,0.5491666666666667,charge
1378.0,523.3251703287192,38.838994098423655,5004.992750164342,25.0,3.9125,-5.0,0.5494444444444444,charge
1379.0,522.986932422518,38.81435610537171,5004.890619003184,25.0,3.91275,-5.0,0.5497222222222222,charge
1380.0,526.2223456002349,39.05443300742481,5004.9376246007805,25.0,3.913,-5.0,0.55,charge
1381.0,524.9291865231319,38.95906011282459,5005.01556314228,25.0,3.91325,-5.0,0.5502777777777778,charge
1382.0,524.7375028104193,38.94527798595698,5004.97449387033,25.0,3.9135,-5.0,0.5505555555555556,charge
1383.0,525.1389472558402,38.97543127821039,5005.093381605792,25.0,3.91375,-5.0,0.5508333333333333,charge
1384.0,524.216087837159,38.9074879879377,5005.133120822868,25.0,3.914,-5.0,0.5511111111111111,charge
1385.0,525.9990590239655,39.03997659436782,5005.128434191688,25.0,3.91425,-5.0,0.5513888888888889,charge
1386.0,527.1520348293772,39.125798876250165,5005.182019170855,25.0,3.9145,-5.0,0.5516666666666667,charge
1387.0,527.1106828529931,39.12315243355504,5005.197326198738,25.0,3.91475,-5.0,0.5519444444444443,charge
1388.0,524.5453120398834,38.93354163258395,5005.341158739771,25.0,3.915,-5.0,0.5522222222222222,charge
1389.0,527.613511883809,39.16123236176363,5005.2796277890375,25.0,3.91525,-5.0,0.5525,charge
1390.0,525.6246519941626,39.01432607364167,5005.198163845624,25.0,3.9155,-5.0,0.5527777777777778,charge
1391.0,524.6148255125349,38.93994077870629,5005.342349647126,25.0,3.91575,-5.0,0.5530555555555555,charge
1392.0,525.437194431256,39.00127366157452,5005.257305391697,25.0,3.916,-5.0,0.5533333333333333,charge
1393.0,525.8390414443105,39.03145677365263,5005.427231919112,25.0,3.91625,-5.0,0.553611111111111,charge
1394.0,526.9374966041045,39.11324048919292,5005.469124155412,25.0,3.9165,-5.0,0.5538888888888889,charge
1395.0,526.0513578603471,39.04801724891461,5005.338455250001,25.0,3.91675,-5.0,0.5541666666666667,charge
1396.0,525.7119767614422,39.02329457492164,5005.439157125597,25.0,3.917,-5.0,0.5544444444444444,charge
1397.0,527.0966170759798,39.126277190813326,5005.440417894256,25.0,3.91725,-5.0,0.5547222222222222,charge
1398.0,529.4239039427936,39.29908547724397,5005.475466233574,25.0,3.9175,-5.0,0.5549999999999999,charge
1399.0,526.9365380065003,39.11525281529632,5005.488194395022,25.0,3.91775,-5.0,0.5552777777777778,charge
1400.0,528.2420312932276,39.21237268838723,5005.584313189042,25.0,3.918,-5.0,0.5555555555555556,charge
1401.0,527.9966134978962,39.19461025910342,5005.596211613863,25.0,3.91825,-5.0,0.5558333333333334,charge
1402.0,530.7136232697501,39.39628690887038,5005.572995703157,25.0,3.9185,-5.0,0.5561111111111111,charge
1403.0,526.296186284785,39.06948602109519,5005.516635825087,25.0,3.91875,-5.0,0.5563888888888888,charge
1404.0,529.4287149805483,39.30194185041098,5005.6589978706525,25.0,3.919,-5.0,0.5566666666666666,charge
1405.0,527.1908372264222,39.1365897945498,5005.656280073282,25.0,3.91925,-5.0,0.5569444444444445,charge
1406.0,528.018695857091,39.19832932274748,5005.823772544656,25.0,3.9195,-5.0,0.5572222222222222,charge
1407.0,528.6533183466066,39.2457550627116,5005.743279643293,25.0,3.91975,-5.0,0.5575,charge
1408.0,532.074975090687,39.49962778449533,5005.801094933431,25.0,3.92,-5.0,0.5577777777777778,charge
1409.0,528.2647724674944,39.2178072198144,5005.766557009819,25.0,3.92025,-5.0,0.5580555555555555,charge
1410.0,527.2777825534183,39.14511352247544,5005.713937515531,25.0,3.9205,-5.0,0.5583333333333333,charge
1411.0,530.6029191558968,39.391836604140494,5005.849961014755,25.0,3.92075,-5.0,0.5586111111111112,charge
1412.0,528.6052083361144,39.24427469156402,5005.798438939039,25.0,3.921,-5.0,0.5588888888888889,charge
1413.0,529.3403829796425,39.299148739232784,5005.97477612792,25.0,3.92125,-5.0,0.5591666666666666,charge
1414.0,529.6981803992779,39.32606891846503,5005.96527001743,25.0,3.9215,-5.0,0.5594444444444444,charge
1415.0,529.958099896692,39.34573888123644,5006.060311322795,25.0,3.92175,-5.0,0.5597222222222222,charge
1416.0,529.8298613716431,39.33665639789949,5005.976625091125,25.0,3.922,-5.0,0.56,charge
1417.0,530.406645324863,39.37979780184171,5006.017553550896,25.0,3.92225,-5.0,0.5602777777777778,charge
1418.0,530.6651373800134,39.39936202814915,5006.143702322864,25.0,3.9225,-5.0,0.5605555555555555,charge
1419.0,531.2705894848846,39.444626998880345,5006.107785560565,25.0,3.92275,-5.0,0.5608333333333333,charge
1420.0,530.1283224196559,39.36043129034488,5006.118346414386,25.0,3.923,-5.0,0.5611111111111111,charge
1421.0,529.9457143010895,39.34732142971034,5006.148702238716,25.0,3.92325,-5.0,0.5613888888888888,charge
1422.0,529.7697830546663,39.33470615219751,5006.1412507992,25.0,3.9235,-5.0,0.5616666666666666,charge
1423.0,531.5649311223915,39.46809674980678,5006.146195493478,25.0,3.92375,-5.0,0.5619444444444445,charge
1424.0,531.0648129659149,39.431467627104816,5006.218235330311,25.0,3.924,-5.0,0.5622222222222222,charge
1425.0,531.8032045714278,39.48657996825391,5006.220639064402,25.0,3.92425,-5.0,0.5625,charge
1426.0,531.9270851307048,39.4961729726448,5006.218236010497,25.0,3.9245,-5.0,0.5627777777777778,charge
1427.0,533.2136547111324,39.59189108971352,5006.271692443507,25.0,3.92475,-5.0,0.5630555555555556,charge
1428.0,531.8741717622337,39.493086797202494,5006.30291617781,25.0,3.925,-5.0,0.5633333333333332,charge
1429.0,532.5579268722456,39.54415199053671,5006.288113581407,25.0,3.92525,-5.0,0.5636111111111111,charge
1430.0,530.7418546181497,39.4100447865296,5006.382706691369,25.0,3.9255,-5.0,0.5638888888888889,charge
1431.0,531.0030316571434,39.42980790052914,5006.454688337193,25.0,3.92575,-5.0,0.5641666666666667,charge
1432.0,531.9104844764178,39.49744329454946,5006.395664144077,25.0,3.926,-5.0,0.5644444444444444,charge
1433.0,531.1443934352966,39.44111247668864,5006.484373684942,25.0,3.92625,-5.0,0.5647222222222222,charge
1434.0,533.1895932177912,39.59302542354008,5006.473889704276,25.0,3.9265,-5.0,0.565,charge
1435.0,531.3058361006146,39.45390452597145,5006.48643999918,25.0,3.92675,-5.0,0.5652777777777778,charge
1436.0,532.8461607965136,39.56841931826027,5006.558433144071,25.0,3.927,-5.0,0.5655555555555556,charge
1437.0,530.458571045167,39.39197748482719,5006.501644289097,25.0,3.92725,-5.0,0.5658333333333333,charge
1438.0,531.9507758321502,39.50292783941853,5006.627621855871,25.0,3.9275,-5.0,0.5661111111111111,charge
1439.0,532.8554091081755,39.57035437838337,5006.611387850207,25.0,3.92775,-5.0,0.5663888888888888,charge
1440.0,533.0742936464682,39.5869847145532,5006.639936219272,25.0,3.928,-5.0,0.5666666666666667,charge
1441.0,531.680576478856,39.484163072507855,5006.694838313633,25.0,3.92825,-5.0,0.5669444444444445,charge
1442.0,533.7197801902037,39.635631865941015,5006.803879086402,25.0,3.9285,-5.0,0.5672222222222223,charge
1443.0,534.7248640287033,39.71049918731136,5006.738138178277,25.0,3.92875,-5.0,0.5674999999999999,charge
1444.0,534.5371292941265,39.69700957734271,5006.80369966364,25.0,3.929,-5.0,0.5677777777777777,charge
1445.0,533.3691947133399,39.6109125713585,5006.774791826899,25.0,3.92925,-5.0,0.5680555555555555,charge
1446.0,533.5793698284981,39.626897765073934,5006.777394591356,25.0,3.9295,-5.0,0.5683333333333334,charge
1447.0,533.1192552738561,39.59323187213749,5006.847022268285,25.0,3.92975,-5.0,0.5686111111111111,charge
1448.0,535.0742324390565,39.738461662152325,5006.924535637036,25.0,3.93,-5.0,0.5688888888888889,charge
1449.0,536.0249921710853,39.809304975635946,5006.9344756002765,25.0,3.93025,-5.0,0.5691666666666667,charge
1450.0,534.1962667467217,39.67426049975716,5006.931770945155,25.0,3.9305,-5.0,0.5694444444444444,charge
1451.0,533.1632930441633,39.598160595863945,5007.040924034125,25.0,3.93075,-5.0,0.5697222222222222,charge
1452.0,535.2000042426049,39.74944475871148,5006.999857916857,25.0,3.931,-5.0,0.5700000000000001,charge
1453.0,535.8466583129955,39.79776172688855,5007.105812125322,25.0,3.93125,-5.0,0.5702777777777778,charge
1454.0,532.5556539280526,39.55440029096687,5007.016783671853,25.0,3.9315,-5.0,0.5705555555555555,charge
1455.0,535.5550227062988,39.77699242268881,5007.080484037641,25.0,3.93175,-5.0,0.5708333333333333,charge
1456.0,537.7199425352363,39.93777352112862,5007.094303130579,25.0,3.932,-5.0,0.5711111111111111,charge
1457.0,536.5150920538741,39.84894200399068,5007.137352380834,25.0,3.93225,-5.0,0.571388888888889,charge
1458.0,536.3837921342558,39.83963275068562,5007.185029191349,25.0,3.9325,-5.0,0.5716666666666667,charge
1459.0,536.3743434995472,39.83934951848498,5007.211274411308,25.0,3.93275,-5.0,0.5719444444444444,charge
1460.0,537.1730099324058,39.89892666165969,5007.18227388668,25.0,3.933,-5.0,0.5722222222222222,charge
1461.0,535.308832746193,39.76125612934763,5007.179455605747,25.0,3.93325,-5.0,0.5725,charge
1462.0,535.5435510864519,39.77905933973718,5007.243373074706,25.0,3.9335,-5.0,0.5727777777777777,charge
1463.0,536.935347086672,39.88257200642015,5007.276507039093,25.0,3.93375,-5.0,0.5730555555555555,charge
1464.0,535.9813373221763,39.81232128312417,5007.325244386288,25.0,3.934,-5.0,0.5733333333333334,charge
1465.0,537.0642579757704,39.89295429450151,5007.370389103842,25.0,3.93425,-5.0,0.5736111111111111,charge
1466.0,535.0318819608141,39.74282458968993,5007.371127511949,25.0,3.9345,-5.0,0.5738888888888889,charge
1467.0,537.841287997048,39.95134540718874,5007.458995538957,25.0,3.93475,-5.0,0.5741666666666667,charge
1468.0,538.069193634422,39.96864397292016,5007.421832135911,25.0,3.935,-5.0,0.5744444444444444,charge
1469.0,537.4047890132083,39.91984548245987,5007.392180052212,25.0,3.93525,-5.0,0.5747222222222221,charge
1470.0,537.6644229411481,39.939494291936896,5007.5641239140405,25.0,3.9355,-5.0,0.575,charge
1471.0,539.2595399745921,40.05806777589571,5007.5727533316285,25.0,3.93575,-5.0,0.5752777777777778,charge
1472.0,536.6946831498958,39.86849504814043,5007.53803506131,25.0,3.936,-5.0,0.5755555555555556,charge
1473.0,537.0035100103814,39.89178777854678,5007.628288012349,25.0,3.93625,-5.0,0.5758333333333333,charge
1474.0,536.9617492616401,39.88911105641778,5007.470023181311,25.0,3.9365,-5.0,0.5761111111111111,charge
1475.0,537.7697142731889,39.94937698319918,5007.61529386738,25.0,3.93675,-5.0,0.5763888888888888,charge
1476.0,537.322183412325,39.916643215727774,5007.575010225512,25.0,3.937,-5.0,0.5766666666666667,charge
1477.0,538.5092706994112,40.004992274030464,5007.695471310688,25.0,3.93725,-5.0,0.5769444444444445,charge
1478.0,537.960374305112,39.964749948526816,5007.708551450898,25.0,3.9375,-5.0,0.5772222222222222,charge
1479.0,537.3008508803447,39.91631302817368,5007.743040643198,25.0,3.93775,-5.0,0.5775,charge
1480.0,537.3387111527142,39.91953415946031,5007.771794626549,25.0,3.938,-5.0,0.5777777777777777,charge
1481.0,540.2394348846593,40.13481925071551,5007.777115239991,25.0,3.93825,-5.0,0.5780555555555555,charge
1482.0,539.0977878487132,40.050669470275054,5007.819542040868,25.0,3.9385,-5.0,0.5783333333333334,charge
1483.0,539.078217731221,40.04963649860896,5007.810835677389,25.0,3.93875,-5.0,0.5786111111111112,charge
1484.0,539.4710140298473,40.0791491873961,5007.891415407748,25.0,3.939,-5.0,0.5788888888888888,charge
1485.0,539.5009712174891,40.08178490499919,5007.915648556729,25.0,3.93925,-5.0,0.5791666666666666,charge
1486.0,540.4783351578045,40.15459890057811,5007.883270654752,25.0,3.9395,-5.0,0.5794444444444444,charge
1487.0,540.4233701393064,40.15094408439306,5008.058687691494,25.0,3.93975,-5.0,0.5797222222222222,charge
1488.0,539.4102922536462,40.076317944714525,5007.9333037117685,25.0,3.94,-5.0,0.58,charge
1489.0,539.3153618316757,40.06970272827227,5007.997606198511,25.0,3.94025,-5.0,0.5802777777777778,charge
1490.0,539.1910569892166,40.06091162883085,5007.98746197261,25.0,3.9405,-5.0,0.5805555555555555,charge
1491.0,539.165535370455,40.05943780521889,5007.967316630984,25.0,3.94075,-5.0,0.5808333333333333,charge
1492.0,541.9577011956259,40.26668157004636,5008.09487485046,25.0,3.941,-5.0,0.5811111111111111,charge
1493.0,539.77790520978,40.10563186739112,5008.195331227085,25.0,3.94125,-5.0,0.5813888888888888,charge
1494.0,538.8142875397917,40.03466944739198,5008.222175564899,25.0,3.9415,-5.0,0.5816666666666667,charge
1495.0,540.1287377603646,40.13245279706405,5008.173849337446,25.0,3.94175,-5.0,0.5819444444444444,charge
1496.0,540.3227494167994,40.147240697540695,5008.282369525622,25.0,3.942,-5.0,0.5822222222222222,charge
1497.0,541.5798516141598,40.24077604549332,5008.265209869281,25.0,3.94225,-5.0,0.5825,charge
1498.0,540.5029063031035,40.16141898541507,5008.261074214083,25.0,3.9425,-5.0,0.5827777777777778,charge
1499.0,542.0625308448145,40.27736339591219,5008.23039882274,25.0,3.94275,-5.0,0.5830555555555555,charge
1500.0,542.0551936412681,40.277236566019866,5008.3950786343885,25.0,3.943,-5.0,0.5833333333333333,charge
1501.0,543.0723850735905,40.35300074619189,5008.440305881811,25.0,3.94325,-5.0,0.5836111111111111,charge
1502.0,544.111437523518,40.430384261001336,5008.418512031152,25.0,3.9435,-5.0,0.5838888888888889,charge
1503.0,544.9322374584642,40.4916009228492,5008.390403185093,25.0,3.94375,-5.0,0.5841666666666666,charge
1504.0,543.573056865105,40.39133754556333,5008.471693474601,25.0,3.944,-5.0,0.5844444444444444,charge
1505.0,541.2014107898344,40.216076725172925,5008.485335846933,25.0,3.94425,-5.0,0.5847222222222223,charge
1506.0,542.0958006069985,40.28274448940729,5008.482777600978,25.0,3.9445,-5.0,0.585,charge
1507.0,542.8865350319002,40.34173407643704,5008.519235772406,25.0,3.94475,-5.0,0.5852777777777778,charge
1508.0,544.8459052817741,40.48728928013141,5008.528214516351,25.0,3.945,-5.0,0.5855555555555556,charge
1509.0,543.5932869992638,40.39491940735287,5008.624738060781,25.0,3.94525,-5.0,0.5858333333333333,charge
1510.0,544.2589279601583,40.44464281186358,5008.566362993467,25.0,3.9455,-5.0,0.586111111111111,charge
1511.0,543.0204925628326,40.35332352317279,5008.537464541268,25.0,3.94575,-5.0,0.5863888888888888,charge
1512.0,543.9236178296441,40.420638357751415,5008.690510386033,25.0,3.946,-5.0,0.5866666666666667,charge
1513.0,544.1904144781926,40.44081773912537,5008.699586935822,25.0,3.94625,-5.0,0.5869444444444445,charge
1514.0,543.154802615648,40.36452241597393,5008.765193776664,25.0,3.9465,-5.0,0.5872222222222222,charge
1515.0,544.5273279636543,40.46660762693736,5008.72574096849,25.0,3.94675,-5.0,0.5874999999999999,charge
1516.0,544.9596994826152,40.49905181352705,5008.789694390434,25.0,3.947,-5.0,0.5877777777777777,charge
1517.0,543.8694120430221,40.41870644763127,5008.862916381077,25.0,3.94725,-5.0,0.5880555555555556,charge
1518.0,545.1848132007855,40.51656023709522,5008.80810460279,25.0,3.9475,-5.0,0.5883333333333333,charge
1519.0,545.9535102658757,40.573917427101904,5008.806969128134,25.0,3.94775,-5.0,0.5886111111111111,charge
1520.0,544.5107443829213,40.46746254688306,5008.854836122415,25.0,3.948,-5.0,0.5888888888888889,charge
1521.0,544.58365551111,40.47328003786,5008.97399429707,25.0,3.94825,-5.0,0.5891666666666666,charge
1522.0,544.4126049271957,40.46102629090338,5008.902227890357,25.0,3.9485,-5.0,0.5894444444444444,charge
1523.0,544.2418016540851,40.44879086326556,5008.971405794503,25.0,3.94875,-5.0,0.5897222222222223,charge
1524.0,545.1561511466457,40.51693712197376,5008.99553648829,25.0,3.949,-5.0,0.5900000000000001,charge
1525.0,544.7270620370616,40.48556941015271,5009.056885129545,25.0,3.94925,-5.0,0.5902777777777777,charge
1526.0,544.9657971193774,40.503670156990914,5009.058497439755,25.0,3.9495,-5.0,0.5905555555555555,charge
1527.0,544.6431753925064,40.480188917963424,5009.116279628784,25.0,3.94975,-5.0,0.5908333333333333,charge
1528.0,544.0195074555979,40.43440795967392,5009.065419881774,25.0,3.95,-5.0,0.5911111111111111,charge
1529.0,544.7572003527182,40.4894685446458,5009.224291497168,25.0,3.95025,-5.0,0.5913888888888889,charge
1530.0,546.1623307632905,40.59396894542893,5009.363344410544,25.0,3.9505,-5.0,0.5916666666666667,charge
1531.0,544.7890838482954,40.49266361839225,5009.206243966919,25.0,3.95075,-5.0,0.5919444444444444,charge
1532.0,545.4631372175405,40.54301016426226,5009.212630108597,25.0,3.951,-5.0,0.5922222222222222,charge
1533.0,547.8921601269501,40.72335445384816,5009.176612209676,25.0,3.95125,-5.0,0.5925,charge
1534.0,547.5154046533661,40.69586330765674,5009.332449611283,25.0,3.9515,-5.0,0.5927777777777777,charge
1535.0,545.8343617254131,40.57175827595653,5009.257143384119,25.0,3.95175,-5.0,0.5930555555555556,charge
1536.0,547.2700460934419,40.67852193284755,5009.381780811167,25.0,3.952,-5.0,0.5933333333333333,charge
1537.0,546.1552696110484,40.59636256378136,5009.441862490914,25.0,3.95225,-5.0,0.5936111111111111,charge
1538.0,548.572033611042,40.77579878600311,5009.445070335491,25.0,3.9525,-5.0,0.5938888888888889,charge
1539.0,546.4976396379958,40.622556639851545,5009.499270986477,25.0,3.95275,-5.0,0.5941666666666667,charge
1540.0,547.303938922583,40.682699179450594,5009.382156375431,25.0,3.953,-5.0,0.5944444444444443,charge
1541.0,548.7459197273608,40.78992923906377,5009.388291147811,25.0,3.95325,-5.0,0.5947222222222222,charge
1542.0,546.6721232405137,40.63673135114916,5009.571830560928,25.0,3.9535,-5.0,0.595,charge
1543.0,548.9434230965276,40.80539245159464,5009.535599130177,25.0,3.95375,-5.0,0.5952777777777778,charge
1544.0,546.9603264382063,40.65891306949676,5009.573692766682,25.0,3.954,-5.0,0.5955555555555555,charge
1545.0,548.154862411537,40.74781388233608,5009.542118147258,25.0,3.95425,-5.0,0.5958333333333333,charge
1546.0,547.75994086271,40.71897710094147,5009.567394154284,25.0,3.9545,-5.0,0.5961111111111111,charge
1547.0,548.1059394078409,40.7450232894697,5009.587806568993,25.0,3.95475,-5.0,0.5963888888888889,charge
1548.0,548.4934236333622,40.774142491360166,5009.580146953447,25.0,3.955,-5.0,0.5966666666666667,charge
1549.0,548.3978778301638,40.76748169112325,5009.732599045246,25.0,3.95525,-5.0,0.5969444444444445,charge
1550.0,547.5937777019875,40.70833538533241,5009.771724888135,25.0,3.9555,-5.0,0.5972222222222222,charge
1551.0,549.6165798234085,40.85858924617841,5009.773866431576,25.0,3.95575,-5.0,0.5974999999999999,charge
1552.0,549.6094282178377,40.85847616428428,5009.820609189389,25.0,3.956,-5.0,0.5977777777777777,charge
1553.0,550.317614302011,40.91135105940822,5009.785321128576,25.0,3.95625,-5.0,0.5980555555555556,charge
1554.0,550.551614823496,40.929101098036746,5009.735613484657,25.0,3.9565,-5.0,0.5983333333333334,charge
1555.0,547.9615877292804,40.73766390587262,5009.817809249375,25.0,3.95675,-5.0,0.5986111111111111,charge
1556.0,550.7299557309929,40.94314486896244,5009.947583039108,25.0,3.957,-5.0,0.5988888888888888,charge
1557.0,550.8810680071138,40.954755037563984,5009.965565376493,25.0,3.95725,-5.0,0.5991666666666666,charge
1558.0,549.1899790286645,40.82990585397515,5009.918423457565,25.0,3.9575,-5.0,0.5994444444444444,charge
1559.0,550.898515716981,40.956880793850445,5009.972661034303,25.0,3.95775,-5.0,0.5997222222222222,charge
1560.0,551.4682311715954,40.999498605303366,5010.048950024088,25.0,3.958,-5.0,0.6,charge
1561.0,549.6000533853835,40.86153173225063,5010.030078812908,25.0,3.95825,-5.0,0.6002777777777778,charge
1562.0,548.8990184285543,40.81001988359662,5010.011950053891,25.0,3.9585,-5.0,0.6005555555555555,charge
1563.0,550.0571301404566,40.89622260299679,5010.049319403728,25.0,3.95875,-5.0,0.6008333333333333,charge
1564.0,553.3482626199678,41.14042686073836,5010.12619493351,25.0,3.959,-5.0,0.6011111111111112,charge
1565.0,550.9307048972447,40.96176517757368,5010.108122575734,25.0,3.95925,-5.0,0.6013888888888889,charge
1566.0,549.6191238815887,40.8650276949325,5010.197628622872,25.0,3.9595,-5.0,0.6016666666666666,charge
1567.0,550.7192749498151,40.94693703331964,5010.179412728546,25.0,3.95975,-5.0,0.6019444444444444,charge
1568.0,550.1170588965144,40.90274510344552,5010.240852219128,25.0,3.96,-5.0,0.6022222222222222,charge
1569.0,550.8507194041833,40.95750699290247,5010.221541905738,25.0,3.96025,-5.0,0.6025,charge
1570.0,551.4840330074458,41.00483577832932,5010.286248535021,25.0,3.9605,-5.0,0.6027777777777777,charge
1571.0,548.966180772836,40.81874487206193,5010.32859066958,25.0,3.96075,-5.0,0.6030555555555556,charge
1572.0,552.027067448146,41.04589388504785,5010.3638326270575,25.0,3.961,-5.0,0.6033333333333333,charge
1573.0,553.220225192587,41.1346926068583,5010.399826295138,25.0,3.96125,-5.0,0.6036111111111111,charge
1574.0,551.747075639098,41.025987084377626,5010.5001558302565,25.0,3.9615,-5.0,0.6038888888888889,charge
1575.0,551.7006384104283,41.02296395632802,5010.442029166924,25.0,3.96175,-5.0,0.6041666666666666,charge
1576.0,553.315812668137,41.14302316060274,5010.435907531265,25.0,3.962,-5.0,0.6044444444444445,charge
1577.0,551.0944724850516,40.97889611000382,5010.485660999078,25.0,3.96225,-5.0,0.6047222222222222,charge
1578.0,551.2541098188914,40.99113776436233,5010.413834957515,25.0,3.9625,-5.0,0.605,charge
1579.0,551.2483528261924,40.99112798712537,5010.509131494364,25.0,3.96275,-5.0,0.6052777777777778,charge
1580.0,552.6203998209122,41.09317776451201,5010.520744147516,25.0,3.963,-5.0,0.6055555555555556,charge
1581.0,553.3106936442838,41.14472730698398,5010.63448879008,25.0,3.96325,-5.0,0.6058333333333332,charge
1582.0,552.9649826114957,41.11953574899968,5010.621141267309,25.0,3.9635,-5.0,0.606111111111111,charge
1583.0,553.7442206677425,41.1776737531661,5010.708947392234,25.0,3.96375,-5.0,0.6063888888888889,charge
1584.0,554.1640805332959,41.20919115061451,5010.684318052478,25.0,3.964,-5.0,0.6066666666666667,charge
1585.0,553.9688074894937,41.19514314736991,5010.664149168988,25.0,3.96425,-5.0,0.6069444444444444,charge
1586.0,552.8024573045698,41.109163504042215,5010.733011492202,25.0,3.9645,-5.0,0.6072222222222222,charge
1587.0,553.4819123108637,41.159910171175085,5010.711513295903,25.0,3.96475,-5.0,0.6074999999999999,charge
1588.0,555.1371360840993,41.282936006229576,5010.797343166367,25.0,3.965,-5.0,0.6077777777777778,charge
1589.0,552.9810911845542,41.12364564330032,5010.832788483503,25.0,3.96525,-5.0,0.6080555555555556,charge
1590.0,553.9132429621807,41.19311058979116,5010.823723497617,25.0,3.9655,-5.0,0.6083333333333333,charge
1591.0,553.8882817418908,41.19167827717709,5010.833208328765,25.0,3.96575,-5.0,0.6086111111111111,charge
1592.0,554.2643557854834,41.21995228040618,5010.838020859197,25.0,3.966,-5.0,0.6088888888888888,charge
1593.0,553.5076648416015,41.16431776604456,5010.944211470711,25.0,3.96625,-5.0,0.6091666666666666,charge
1594.0,553.3728887196348,41.154751016269245,5010.890265040062,25.0,3.9665,-5.0,0.6094444444444445,charge
1595.0,557.4170750908605,41.454737043767445,5011.030639211747,25.0,3.96675,-5.0,0.6097222222222223,charge
1596.0,555.9459010850877,41.34617785815465,5011.057450705668,25.0,3.967,-5.0,0.61,charge
1597.0,554.4262716539114,41.23402938177121,5011.033918862905,25.0,3.96725,-5.0,0.6102777777777777,charge
1598.0,555.2188128013362,41.29315280009897,5011.084851958246,25.0,3.9675,-5.0,0.6105555555555555,charge
1599.0,556.0933751819599,41.35835186533036,5011.148566687064,25.0,3.96775,-5.0,0.6108333333333333,charge
1600.0,555.2118945766739,41.29347367234621,5011.138550735455,25.0,3.968,-5.0,0.611111111111111,charge
1601.0,556.3109680103977,41.37530318595538,5011.1362528042855,25.0,3.96825,-5.0,0.6113888888888889,charge
1602.0,555.2180486400232,41.29476286222394,5011.143018153242,25.0,3.9685,-5.0,0.6116666666666667,charge
1603.0,555.6136930724024,41.32448652388166,5011.198268300236,25.0,3.96875,-5.0,0.6119444444444444,charge
1604.0,556.0263423552697,41.35546980409405,5011.23442603044,25.0,3.969,-5.0,0.6122222222222222,charge
1605.0,555.7925044892429,41.33856514735133,5011.253476514965,25.0,3.96925,-5.0,0.6125,charge
1606.0,553.9360663982648,41.20146788135296,5011.306465553388,25.0,3.9695,-5.0,0.6127777777777778,charge
1607.0,556.5489298618076,41.39542998976353,5011.214204421806,25.0,3.96975,-5.0,0.6130555555555555,charge
1608.0,556.928288682395,41.42394730980704,5011.275126371533,25.0,3.97,-5.0,0.6133333333333333,charge
1609.0,557.2817520240505,41.45054644622597,5011.30376325576,25.0,3.97025,-5.0,0.6136111111111111,charge
1610.0,555.9504594361462,41.35234884712194,5011.394661646751,25.0,3.9705,-5.0,0.6138888888888889,charge
1611.0,557.4275806989294,41.462181903624405,5011.381475438192,25.0,3.97075,-5.0,0.6141666666666667,charge
1612.0,557.4379228091124,41.46336465252684,5011.417308468399,25.0,3.971,-5.0,0.6144444444444443,charge
1613.0,555.5922932397045,41.32706801775589,5011.540595005684,25.0,3.97125,-5.0,0.6147222222222222,charge
1614.0,555.2980646945407,41.30568997737338,5011.603024044732,25.0,3.9715,-5.0,0.615,charge
1615.0,558.1153594735249,41.51479514618703,5011.532414745151,25.0,3.97175,-5.0,0.6152777777777778,charge
1616.0,556.8235924416088,41.41952536604509,5011.519037322702,25.0,3.972,-5.0,0.6155555555555555,charge
1617.0,558.9188729945098,41.57514799959332,5011.538527647153,25.0,3.97225,-5.0,0.6158333333333333,charge
1618.0,560.1959268518864,41.67016124828788,5011.616974743726,25.0,3.9725,-5.0,0.616111111111111,charge
1619.0,557.6117175384784,41.47915500285025,5011.550899849901,25.0,3.97275,-5.0,0.6163888888888889,charge
1620.0,557.6439385769228,41.48195841310539,5011.68415921002,25.0,3.973,-5.0,0.6166666666666667,charge
1621.0,558.460526097138,41.54286304423244,5011.642319182441,25.0,3.97325,-5.0,0.6169444444444445,charge
1622.0,559.2858577879964,41.60441539170344,5011.801524873937,25.0,3.9735,-5.0,0.6172222222222221,charge
1623.0,557.6142007863903,41.48100561380669,5011.71863604762,25.0,3.97375,-5.0,0.6174999999999999,charge
1624.0,560.1343605514974,41.6681007815924,5011.767384859919,25.0,3.974,-5.0,0.6177777777777778,charge
1625.0,560.0189993553907,41.65997217447339,5011.754986367046,25.0,3.97425,-5.0,0.6180555555555556,charge
1626.0,559.8277731450085,41.6462239366673,5011.878837978204,25.0,3.9745,-5.0,0.6183333333333334,charge
1627.0,558.7657145753319,41.56796959817274,5011.7910213211735,25.0,3.97475,-5.0,0.6186111111111111,charge
1628.0,560.3607465402885,41.6865367807621,5011.890717867536,25.0,3.975,-5.0,0.6188888888888888,charge
1629.0,560.4405461933638,41.69286453284177,5011.897629634583,25.0,3.97525,-5.0,0.6191666666666666,charge
1630.0,558.5212513239372,41.55111120918053,5011.941786897871,25.0,3.9755,-5.0,0.6194444444444445,charge
1631.0,561.951295410453,41.80560521558911,5011.9676860279305,25.0,3.97575,-5.0,0.6197222222222222,charge
1632.0,559.6994726672687,41.639220197575455,5011.996540686747,25.0,3.976,-5.0,0.62,charge
1633.0,560.5080748631045,41.69953332319293,5012.047509908391,25.0,3.97625,-5.0,0.6202777777777777,charge
1634.0,559.7536223411385,41.64406461786211,5012.06110938354,25.0,3.9765,-5.0,0.6205555555555555,charge
1635.0,560.8015634382028,41.72210655097798,5012.085811665795,25.0,3.97675,-5.0,0.6208333333333333,charge
1636.0,561.7156379731476,41.79023244245538,5012.079356819075,25.0,3.977,-5.0,0.6211111111111112,charge
1637.0,559.8870757864548,41.65520005825592,5012.086718375112,25.0,3.97725,-5.0,0.6213888888888888,charge
1638.0,559.177907465704,41.6030857382003,5012.119848639065,25.0,3.9775,-5.0,0.6216666666666666,charge
1639.0,560.5222367355872,41.70308235078424,5012.153201069524,25.0,3.97775,-5.0,0.6219444444444444,charge
1640.0,559.8050650981835,41.65037519245803,5012.127825773267,25.0,3.978,-5.0,0.6222222222222222,charge
1641.0,560.4914272727588,41.70163350168584,5012.236203515924,25.0,3.97825,-5.0,0.6225,charge
1642.0,561.2624058836584,41.75915969508581,5012.253346492714,25.0,3.9785,-5.0,0.6227777777777778,charge
1643.0,561.4636203751246,41.774481138898125,5012.288984573228,25.0,3.97875,-5.0,0.6230555555555556,charge
1644.0,562.9573956296919,41.88554782442162,5012.352145198164,25.0,3.979,-5.0,0.6233333333333333,charge
1645.0,560.790757204407,41.725472755882,5012.396924782148,25.0,3.97925,-5.0,0.6236111111111111,charge
1646.0,562.297152847972,41.837474285034965,5012.356914427872,25.0,3.9795,-5.0,0.6238888888888889,charge
1647.0,561.5757658804472,41.78445488003312,5012.387407426751,25.0,3.97975,-5.0,0.6241666666666666,charge
1648.0,563.5872792574002,41.9338725375852,5012.41180187652,25.0,3.98,-5.0,0.6244444444444444,charge
1649.0,564.8888096067786,42.03069885976138,5012.52876583814,25.0,3.98025,-5.0,0.6247222222222222,charge
1650.0,562.8034397358351,41.87664368413594,5012.486149929737,25.0,3.9805,-5.0,0.625,charge
1651.0,564.313079940339,41.98888555113622,5012.465994752209,25.0,3.98075,-5.0,0.6252777777777778,charge
1652.0,562.2475721863387,41.8363016434325,5012.520777643848,25.0,3.981,-5.0,0.6255555555555556,charge
1653.0,561.3172601578746,41.7678063079907,5012.637772706534,25.0,3.98125,-5.0,0.6258333333333332,charge
1654.0,561.785157039556,41.80288200293007,5012.635095497424,25.0,3.9815,-5.0,0.6261111111111111,charge
1655.0,561.6153545069776,41.79072070422057,5012.641367635417,25.0,3.98175,-5.0,0.6263888888888889,charge
1656.0,562.3785840112326,41.84767288972094,5012.6779181802685,25.0,3.982,-5.0,0.6266666666666667,charge
1657.0,563.2320035180089,41.91130581614881,5012.628273040423,25.0,3.98225,-5.0,0.6269444444444444,charge
1658.0,564.7612145563389,42.02499737454362,5012.687972884208,25.0,3.9825,-5.0,0.6272222222222222,charge
1659.0,564.4498591122962,42.0023506749849,5012.828550927627,25.0,3.98275,-5.0,0.6275,charge
1660.0,564.3526527298083,41.99556686887469,5012.736787725997,25.0,3.983,-5.0,0.6277777777777778,charge
1661.0,563.604041707944,41.94053086725512,5012.801698600505,25.0,3.98325,-5.0,0.6280555555555556,charge
1662.0,563.4447543464453,41.92914847010706,5012.872275422422,25.0,3.9835,-5.0,0.6283333333333333,charge
1663.0,564.3388202112018,41.9957922378668,5012.81697766844,25.0,3.98375,-5.0,0.628611111111111,charge
1664.0,564.5821111747495,42.014230457388855,5012.909121407224,25.0,3.984,-5.0,0.6288888888888888,charge
1665.0,564.8395445427004,42.03371626242225,5012.805696459086,25.0,3.98425,-5.0,0.6291666666666667,charge
1666.0,565.0937703464006,42.05296447010375,5012.92037068242,25.0,3.9845,-5.0,0.6294444444444445,charge
1667.0,564.7434971589718,42.02743497473865,5012.920691474969,25.0,3.98475,-5.0,0.6297222222222223,charge
1668.0,563.0753437044677,41.90428471884946,5012.94409792889,25.0,3.985,-5.0,0.63,charge
1669.0,564.0236498577849,41.974946285761845,5012.982008469181,25.0,3.98525,-5.0,0.6302777777777777,charge
1670.0,564.4521634406055,42.00710469930412,5013.028235160029,25.0,3.9855,-5.0,0.6305555555555555,charge
1671.0,567.1133993719651,42.20464995347889,5012.954447960397,25.0,3.98575,-5.0,0.6308333333333334,charge
1672.0,565.1282830837825,42.05802096916908,5013.146508818268,25.0,3.986,-5.0,0.6311111111111111,charge
1673.0,566.3694785741689,42.15037804253103,5013.089250781793,25.0,3.98625,-5.0,0.6313888888888889,charge
1674.0,567.2975718099082,42.21954235628949,5013.24314586597,25.0,3.9865,-5.0,0.6316666666666666,charge
1675.0,566.3055858732243,42.146478583201805,5013.206133588411,25.0,3.98675,-5.0,0.6319444444444444,charge
1676.0,565.7183195464665,42.103394040479,5013.232364608646,25.0,3.987,-5.0,0.6322222222222222,charge
1677.0,565.9567789916138,42.12147436974916,5013.308010091805,25.0,3.98725,-5.0,0.6325000000000001,charge
1678.0,565.3664962030016,42.07816638540753,5013.259708105478,25.0,3.9875,-5.0,0.6327777777777777,charge
1679.0,566.8343166719537,42.1873104942188,5013.348030141949,25.0,3.98775,-5.0,0.6330555555555555,charge
1680.0,567.7947364652138,42.258869367793615,5013.266440300574,25.0,3.988,-5.0,0.6333333333333333,charge
1681.0,567.3753669669916,42.22822162718457,5013.396877131256,25.0,3.98825,-5.0,0.6336111111111111,charge
1682.0,567.7157616119068,42.25385271199311,5013.340011962388,25.0,3.9885,-5.0,0.633888888888889,charge
1683.0,567.8010142847035,42.26058439145952,5013.43550968447,25.0,3.98875,-5.0,0.6341666666666667,charge
1684.0,569.2262452883481,42.36657372506282,5013.486968771454,25.0,3.989,-5.0,0.6344444444444444,charge
1685.0,566.7272980071971,42.1818831857183,5013.495644619572,25.0,3.98925,-5.0,0.6347222222222222,charge
1686.0,567.6575238525072,42.25120547055609,5013.465617746522,25.0,3.9895,-5.0,0.635,charge
1687.0,568.3443649261656,42.302499253790046,5013.567700066785,25.0,3.98975,-5.0,0.6352777777777778,charge
1688.0,569.0250440938461,42.35333659954416,5013.5074363078265,25.0,3.99,-5.0,0.6355555555555555,charge
1689.0,565.4890242337622,42.091825869167565,5013.601402694956,25.0,3.99025,-5.0,0.6358333333333333,charge
1690.0,567.5332139550391,42.24366399666956,5013.607709801947,25.0,3.9905,-5.0,0.6361111111111111,charge
1691.0,567.9859507730056,42.27761672392634,5013.679729626158,25.0,3.99075,-5.0,0.6363888888888889,charge
1692.0,567.303913017847,42.22751207539607,5013.719018851631,25.0,3.991,-5.0,0.6366666666666667,charge
1693.0,569.3193565510285,42.37722085563173,5013.691029766785,25.0,3.99125,-5.0,0.6369444444444445,charge
1694.0,568.830100627392,42.34139634276978,5013.677635612823,25.0,3.9915,-5.0,0.6372222222222221,charge
1695.0,568.3535503673592,42.30651299017475,5013.707322559998,25.0,3.99175,-5.0,0.6375,charge
1696.0,567.2547683932293,42.22553839949846,5013.752497855641,25.0,3.992,-5.0,0.6377777777777778,charge
1697.0,567.7040054537812,42.25923188546527,5013.783795028602,25.0,3.99225,-5.0,0.6380555555555556,charge
1698.0,568.181331955714,42.29500607079363,5013.817297013574,25.0,3.9925,-5.0,0.6383333333333333,charge
1699.0,569.7603675879277,42.4123883398465,5013.850163232697,25.0,3.99275,-5.0,0.6386111111111111,charge
1700.0,568.2251835403517,42.29908766965569,5013.850007625255,25.0,3.993,-5.0,0.6388888888888888,charge
1701.0,567.5139054708006,42.24681707191116,5013.8655730820565,25.0,3.99325,-5.0,0.6391666666666667,charge
1702.0,568.2697047035718,42.303218866931246,5013.8387036070535,25.0,3.9935,-5.0,0.6394444444444445,charge
1703.0,569.269148881956,42.37766843570045,5013.942298553593,25.0,3.99375,-5.0,0.6397222222222222,charge
1704.0,571.6732755866586,42.55616856197472,5014.066491060102,25.0,3.994,-5.0,0.6399999999999999,charge
1705.0,572.6408193578484,42.6282551376184,5013.960780622533,25.0,3.99425,-5.0,0.6402777777777777,charge
1706.0,569.796398907054,42.41797399311511,5014.04236909299,25.0,3.9945,-5.0,0.6405555555555555,charge
1707.0,571.3605250435685,42.53425185507915,5014.043391597007,25.0,3.99475,-5.0,0.6408333333333334,charge
1708.0,571.956766540422,42.57883455854977,5014.032666875527,25.0,3.995,-5.0,0.6411111111111112,charge
1709.0,571.978986436949,42.5808971434777,5014.135879179673,25.0,3.99525,-5.0,0.6413888888888888,charge
1710.0,570.7165476552672,42.487799826316085,5014.153226346339,25.0,3.9955,-5.0,0.6416666666666666,charge
1711.0,569.6701429214537,42.4107050312188,5014.214222659559,25.0,3.99575,-5.0,0.6419444444444444,charge
1712.0,570.622806752312,42.48168938906015,5014.3020815686905,25.0,3.996,-5.0,0.6422222222222222,charge
1713.0,569.3880176299765,42.39064019481307,5014.1824584041005,25.0,3.99625,-5.0,0.6425,charge
1714.0,571.6275245758936,42.556946264881006,5014.444879513123,25.0,3.9965,-5.0,0.6427777777777778,charge
1715.0,572.3052717708472,42.60756642747016,5014.336347760356,25.0,3.99675,-5.0,0.6430555555555555,charge
1716.0,569.7736761955259,42.42045749596488,5014.351929312767,25.0,3.997,-5.0,0.6433333333333333,charge
1717.0,571.7537363316593,42.56754528382662,5014.398299191865,25.0,3.99725,-5.0,0.6436111111111111,charge
1718.0,572.2368001299878,42.60374445407317,5014.398650985201,25.0,3.9975,-5.0,0.643888888888889,charge
1719.0,573.3326542216386,42.68533549789916,5014.476138500547,25.0,3.99775,-5.0,0.6441666666666666,charge
1720.0,573.6008453383859,42.705618173213765,5014.39729136256,25.0,3.998,-5.0,0.6444444444444444,charge
1721.0,573.1623850523683,42.67355630017544,5014.395684291071,25.0,3.99825,-5.0,0.6447222222222222,charge
1722.0,571.8132659329341,42.574038217254376,5014.44135120938,25.0,3.9985,-5.0,0.645,charge
1723.0,572.2705412274225,42.60832712795722,5014.523261250875,25.0,3.99875,-5.0,0.6452777777777778,charge
1724.0,573.982070470242,42.73552373853644,5014.560839102323,25.0,3.999,-5.0,0.6455555555555555,charge
1725.0,572.3107601203943,42.61213963854773,5014.556969461683,25.0,3.99925,-5.0,0.6458333333333333,charge
1726.0,573.0133076428915,42.6645968624364,5014.676795793016,25.0,3.9995,-5.0,0.6461111111111111,charge
1727.0,574.7552549808249,42.79404666524629,5014.676857739867,25.0,3.99975,-5.0,0.6463888888888889,charge
1728.0,573.4612148721544,42.69860850904848,5014.698778916852,25.0,4.0,-5.0,0.6466666666666666,charge
1729.0,572.0977069024653,42.5980245853678,5014.72681874622,25.0,4.00025,-5.0,0.6469444444444444,charge
1730.0,573.3155213735496,42.68864973137404,5014.7394176547605,25.0,4.0005,-5.0,0.6472222222222221,charge
1731.0,574.389321964795,42.76860718257741,5014.842063872536,25.0,4.00075,-5.0,0.6475,charge
1732.0,573.6985579671046,42.71785614571146,5014.722987597707,25.0,4.001,-5.0,0.6477777777777778,charge
1733.0,575.1890898528686,42.82868258169397,5014.876541855535,25.0,4.00125,-5.0,0.6480555555555556,charge
1734.0,575.4486762251806,42.8483278685319,5014.886395519405,25.0,4.0015,-5.0,0.6483333333333332,charge
1735.0,573.6547376119526,42.71586019347797,5014.769669424036,25.0,4.00175,-5.0,0.648611111111111,charge
1736.0,573.9407857397424,42.73746561035129,5014.873705861556,25.0,4.002,-5.0,0.6488888888888888,charge
1737.0,574.4790267375754,42.77775198056114,5014.918227645329,25.0,4.00225,-5.0,0.6491666666666667,charge
1738.0,573.5204582579679,42.70716357466429,5015.008765742866,25.0,4.0025,-5.0,0.6494444444444445,charge
1739.0,575.2389294244397,42.834874401810346,5014.97546391729,25.0,4.00275,-5.0,0.6497222222222222,charge
1740.0,574.8197728767535,42.80424243531508,5015.003390114228,25.0,4.003,-5.0,0.65,charge
1741.0,575.9240923923991,42.88646054758512,5015.006312269929,25.0,4.00325,-5.0,0.6502777777777777,charge
1742.0,574.6776743525131,42.79454995203801,5015.047547418727,25.0,4.0035,-5.0,0.6505555555555556,charge
1743.0,574.5368999871208,42.78453888793488,5015.147164181332,25.0,4.00375,-5.0,0.6508333333333334,charge
1744.0,577.3933390540445,42.99654363363293,5015.094127528624,25.0,4.004,-5.0,0.6511111111111111,charge
1745.0,574.815118314254,42.80598098624104,5015.092824837281,25.0,4.00425,-5.0,0.6513888888888888,charge
1746.0,575.2477106024601,42.83844152610815,5015.150899517015,25.0,4.0045,-5.0,0.6516666666666666,charge
1747.0,575.2397346247925,42.83826737961426,5015.183013810817,25.0,4.00475,-5.0,0.6519444444444444,charge
1748.0,575.8064873705187,42.88066573114953,5015.140852131374,25.0,4.005,-5.0,0.6522222222222223,charge
1749.0,575.3339537262999,42.84607990565184,5015.213887420257,25.0,4.00525,-5.0,0.6525000000000001,charge
1750.0,576.3439026672339,42.92130760498029,5015.279212535331,25.0,4.0055,-5.0,0.6527777777777777,charge
1751.0,575.8229014236862,42.88313158693972,5015.322335877687,25.0,4.00575,-5.0,0.6530555555555555,charge
1752.0,576.2497915535023,42.915169744703874,5015.326993784657,25.0,4.006,-5.0,0.6533333333333333,charge
1753.0,577.168373545123,42.98362952186096,5015.404040284521,25.0,4.00625,-5.0,0.6536111111111111,charge
1754.0,577.6460252672389,43.01942779757326,5015.34053764017,25.0,4.0065,-5.0,0.6538888888888889,charge
1755.0,577.5503030785451,43.012753931744086,5015.427851832927,25.0,4.00675,-5.0,0.6541666666666667,charge
1756.0,576.486155756939,42.93434487088437,5015.450419387616,25.0,4.007,-5.0,0.6544444444444444,charge
1757.0,577.7582755128636,43.02899263058249,5015.351810342384,25.0,4.00725,-5.0,0.6547222222222222,charge
1758.0,577.379537107384,43.00135460054696,5015.541006205787,25.0,4.0075,-5.0,0.655,charge
1759.0,577.5325635991625,43.01310656290093,5015.541650402841,25.0,4.00775,-5.0,0.6552777777777778,charge
1760.0,576.0554085593378,42.904104337728725,5015.564126965433,25.0,4.008,-5.0,0.6555555555555554,charge
1761.0,578.5879838807847,43.09211917635442,5015.61556833527,25.0,4.008249999999999,-5.0,0.6558333333333333,charge
1762.0,577.9159501656354,43.04275556782485,5015.546396959404,25.0,4.0085,-5.0,0.6561111111111111,charge
1763.0,579.9007118904726,43.1901916215165,5015.556937996009,25.0,4.00875,-5.0,0.6563888888888889,charge
1764.0,578.9734352529937,43.12192112985138,5015.589271205265,25.0,4.009,-5.0,0.6566666666666667,charge
1765.0,577.3557048582205,43.00250591542374,5015.650919761757,25.0,4.00925,-5.0,0.6569444444444444,charge
1766.0,577.2389175420655,42.99427166978262,5015.779289088127,25.0,4.0095,-5.0,0.6572222222222222,charge
1767.0,579.9009784502401,43.19187803335112,5015.784671298518,25.0,4.00975,-5.0,0.6575,charge
1768.0,578.0140176505927,43.052519825969824,5015.77452775899,25.0,4.01,-5.0,0.6577777777777778,charge
1769.0,579.712268985234,43.17873288779511,5015.77498941741,25.0,4.01025,-5.0,0.6580555555555555,charge
1770.0,578.865895782982,43.11645524318385,5015.866939389012,25.0,4.0105,-5.0,0.6583333333333333,charge
1771.0,581.409390290141,43.30527891038081,5015.777002002441,25.0,4.01075,-5.0,0.658611111111111,charge
1772.0,579.524637876263,43.16608428713059,5015.942467356568,25.0,4.011,-5.0,0.6588888888888889,charge
1773.0,581.0991065312522,43.28312826157424,5015.887820843612,25.0,4.01125,-5.0,0.6591666666666667,charge
1774.0,581.0563693932961,43.28037921431824,5015.966360306129,25.0,4.0115,-5.0,0.6594444444444445,charge
1775.0,579.4000548733271,43.15810591654275,5015.964610901652,25.0,4.01175,-5.0,0.6597222222222221,charge
1776.0,579.673948370625,43.17881099041667,5015.940729860583,25.0,4.012,-5.0,0.6599999999999999,charge
1777.0,581.6284009402974,43.32400192150352,5016.056056581816,25.0,4.01225,-5.0,0.6602777777777777,charge
1778.0,580.2848559552644,43.224896737427,5016.162054283849,25.0,4.0125,-5.0,0.6605555555555556,charge
1779.0,579.5559874508159,43.17132314450488,5016.089227394379,25.0,4.01275,-5.0,0.6608333333333334,charge
1780.0,581.7692129082075,43.335682437645,5016.101948928342,25.0,4.013,-5.0,0.6611111111111111,charge
1781.0,583.2792909499032,43.44795673702986,5016.097138566493,25.0,4.01325,-5.0,0.6613888888888888,charge
1782.0,580.8098339457465,43.26545066264789,5016.159117903206,25.0,4.0135,-5.0,0.6616666666666666,charge
1783.0,582.3906346766431,43.38296367975134,5016.241753090401,25.0,4.01375,-5.0,0.6619444444444444,charge
1784.0,580.9712561874576,43.27824119907093,5016.135115945747,25.0,4.014,-5.0,0.6622222222222223,charge
1785.0,582.6311515428893,43.401613077251056,5016.268126925014,25.0,4.01425,-5.0,0.6625,charge
1786.0,581.1774197257105,43.29434590560818,5016.2141659997615,25.0,4.0145,-5.0,0.6627777777777777,charge
1787.0,582.8914073913261,43.421724621579706,5016.333849884664,25.0,4.01475,-5.0,0.6630555555555555,charge
1788.0,582.2445308601968,43.37422450816273,5016.389934356779,25.0,4.015,-5.0,0.6633333333333333,charge
1789.0,581.658699990353,43.3312462955817,5016.343592056692,25.0,4.01525,-5.0,0.6636111111111112,charge
1790.0,582.2203154577198,43.373264107979246,5016.316759085032,25.0,4.0155,-5.0,0.663888888888889,charge
1791.0,581.5826178417485,43.3264439142036,5016.395395085888,25.0,4.01575,-5.0,0.6641666666666666,charge
1792.0,581.1396325763542,43.29404685750772,5016.486185387103,25.0,4.016,-5.0,0.6644444444444444,charge
1793.0,581.3504722383847,43.31008127691739,5016.445046727914,25.0,4.01625,-5.0,0.6647222222222222,charge
1794.0,582.4913894026982,43.3950103261258,5016.474738652142,25.0,4.0165,-5.0,0.665,charge
1795.0,581.6315797024696,43.33173738536812,5016.500652496846,25.0,4.01675,-5.0,0.6652777777777777,charge
1796.0,583.2712416306879,43.45361049116208,5016.604656464727,25.0,4.017,-5.0,0.6655555555555556,charge
1797.0,583.5039174525098,43.47126240388961,5016.591210662489,25.0,4.01725,-5.0,0.6658333333333333,charge
1798.0,583.5843027944156,43.47763354032708,5016.619002049115,25.0,4.0175,-5.0,0.6661111111111111,charge
1799.0,582.7574996938448,43.4168055328774,5016.569371935298,25.0,4.01775,-5.0,0.6663888888888889,charge
1800.0,583.4516850048765,43.46864333369456,5016.743052251625,25.0,4.018,-5.0,0.6666666666666666,charge
1801.0,583.5097806064487,43.473363378255456,5016.744361158596,25.0,4.018249999999999,-5.0,0.6669444444444443,charge
1802.0,584.9984652000957,43.584052977784864,5016.658883448203,25.0,4.0185,-5.0,0.6672222222222222,charge
1803.0,583.0081389582576,43.43703807098204,5016.65702874474,25.0,4.01875,-5.0,0.6675,charge
1804.0,583.5702233545173,43.479090618853135,5016.77586269075,25.0,4.019,-5.0,0.6677777777777778,charge
1805.0,583.8608427816898,43.50103465049554,5016.789828773239,25.0,4.01925,-5.0,0.6680555555555556,charge
1806.0,584.0911438672971,43.51851065683682,5016.8665547120445,25.0,4.0195,-5.0,0.6683333333333332,charge
1807.0,583.6238846588343,43.484315530284015,5016.854800089026,25.0,4.019749999999999,-5.0,0.668611111111111,charge
1808.0,583.8838615941546,43.50398974771515,5016.96369159542,25.0,4.02,-5.0,0.6688888888888889,charge
1809.0,585.6684506880649,43.63659819911592,5016.975595934749,25.0,4.02025,-5.0,0.6691666666666667,charge
1810.0,584.1529567556081,43.524756055970975,5016.942869136508,25.0,4.020499999999999,-5.0,0.6694444444444444,charge
1811.0,585.8483411815041,43.65075675418549,5016.9657468984,25.0,4.02075,-5.0,0.6697222222222222,charge
1812.0,587.105889005866,43.74432511154564,5017.066384864959,25.0,4.021,-5.0,0.6699999999999999,charge
1813.0,586.4881378784361,43.69898243543971,5017.033988828682,25.0,4.021249999999999,-5.0,0.6702777777777778,charge
1814.0,583.5398330971269,43.48100615534273,5017.057368420848,25.0,4.0215,-5.0,0.6705555555555556,charge
1815.0,586.2613378250027,43.68301576481501,5017.107064279378,25.0,4.02175,-5.0,0.6708333333333334,charge
1816.0,586.1051382717721,43.67186209420535,5017.1368611840935,25.0,4.021999999999999,-5.0,0.671111111111111,charge
1817.0,586.3100697904852,43.68745887336927,5017.210322334306,25.0,4.02225,-5.0,0.6713888888888888,charge
1818.0,584.2772825886062,43.53729871026712,5017.082305907841,25.0,4.0225,-5.0,0.6716666666666666,charge
1819.0,586.8024412517769,43.724764166798295,5017.1602862496575,25.0,4.022749999999999,-5.0,0.6719444444444445,charge
1820.0,585.0919903900393,43.59848076963255,5017.179674902798,25.0,4.023,-5.0,0.6722222222222223,charge
1821.0,587.6145570475782,43.78575422574653,5017.345341702481,25.0,4.02325,-5.0,0.6725,charge
1822.0,587.5303195968042,43.77993108124476,5017.307881868115,25.0,4.023499999999999,-5.0,0.6727777777777777,charge
1823.0,589.1463787264933,43.90005583159209,5017.307464705241,25.0,4.02375,-5.0,0.6730555555555555,charge
1824.0,586.34743137914,43.69314306512148,5017.384039903997,25.0,4.024,-5.0,0.6733333333333333,charge
1825.0,585.3467784955886,43.619437295969526,5017.2452148091015,25.0,4.024249999999999,-5.0,0.673611111111111,charge
1826.0,588.0587285535831,43.82073915211727,5017.374541845233,25.0,4.0245,-5.0,0.6738888888888889,charge
1827.0,588.0224603332454,43.8184692839441,5017.39646905832,25.0,4.02475,-5.0,0.6741666666666666,charge
1828.0,586.903611900169,43.73600828890142,5017.351246888912,25.0,4.025,-5.0,0.6744444444444444,charge
1829.0,588.7860120441076,43.87586200326724,5017.464147772921,25.0,4.02525,-5.0,0.6747222222222222,charge
1830.0,588.2527135417726,43.83677507716834,5017.449832149378,25.0,4.0255,-5.0,0.675,charge
1831.0,586.4136376028129,43.70096389650466,5017.487595610308,25.0,4.02575,-5.0,0.6752777777777779,charge
1832.0,587.4888765440138,43.781027892149176,5017.594184020011,25.0,4.026,-5.0,0.6755555555555555,charge
1833.0,587.532967024277,43.78471052031682,5017.635295207736,25.0,4.02625,-5.0,0.6758333333333333,charge
1834.0,588.0080921367252,43.820321639757424,5017.617918196731,25.0,4.0265,-5.0,0.6761111111111111,charge
1835.0,588.4486212903136,43.85337009557878,5017.661083070327,25.0,4.02675,-5.0,0.6763888888888889,charge
1836.0,587.6993488215649,43.79828509789369,5017.628844329071,25.0,4.027,-5.0,0.6766666666666666,charge
1837.0,588.336403243877,43.845890981027935,5017.734690810348,25.0,4.02725,-5.0,0.6769444444444445,charge
1838.0,589.2624554209683,43.91490410525692,5017.746521586959,25.0,4.0275,-5.0,0.6772222222222222,charge
1839.0,588.7376127298955,43.87644353554782,5017.714065421502,25.0,4.02775,-5.0,0.6775,charge
1840.0,588.6796556517457,43.8725670853145,5017.712165987998,25.0,4.028,-5.0,0.6777777777777778,charge
1841.0,588.7840142307269,43.88071401709089,5017.844528315965,25.0,4.02825,-5.0,0.6780555555555555,charge
1842.0,589.1271808599959,43.906550434073765,5017.808433923617,25.0,4.028499999999999,-5.0,0.6783333333333332,charge
1843.0,587.4504343622965,43.78276365646641,5017.853153375409,25.0,4.02875,-5.0,0.678611111111111,charge
1844.0,589.6654854082893,43.9472581783918,5017.934886451628,25.0,4.029,-5.0,0.6788888888888889,charge
1845.0,588.6151376214215,43.86987130529048,5017.911807472065,25.0,4.02925,-5.0,0.6791666666666667,charge
1846.0,589.888830785686,43.96463561375452,5018.033468283885,25.0,4.0295,-5.0,0.6794444444444445,charge
1847.0,588.4491837675004,43.85841176055558,5017.964204941877,25.0,4.02975,-5.0,0.6797222222222221,charge
1848.0,590.9827264199909,44.04649825333266,5017.8627928966935,25.0,4.029999999999999,-5.0,0.6799999999999999,charge
1849.0,590.436305721327,44.006439312690894,5018.076290117388,25.0,4.03025,-5.0,0.6802777777777778,charge
1850.0,588.9868387514906,43.89948805566598,5018.042123301352,25.0,4.0305,-5.0,0.6805555555555556,charge
1851.0,590.714389610543,44.027871452632816,5017.999700141681,25.0,4.030749999999999,-5.0,0.6808333333333333,charge
1852.0,589.8563040956702,43.9647262293089,5018.11240761604,25.0,4.031,-5.0,0.6811111111111111,charge
1853.0,592.5565765286867,44.165163076199015,5018.12519841548,25.0,4.03125,-5.0,0.6813888888888888,charge
1854.0,591.3852400677746,44.078814079094414,5018.149261721314,25.0,4.031499999999999,-5.0,0.6816666666666666,charge
1855.0,590.2364518328749,43.994135320953696,5018.289858344861,25.0,4.03175,-5.0,0.6819444444444445,charge
1856.0,591.3976003219857,44.08056298681375,5018.144452098193,25.0,4.032,-5.0,0.6822222222222223,charge
1857.0,591.2792806622426,44.0722152342402,5018.222290099158,25.0,4.03225,-5.0,0.6824999999999999,charge
1858.0,592.6495158266914,44.17413080197714,5018.221345599921,25.0,4.0325,-5.0,0.6827777777777777,charge
1859.0,591.9479380908066,44.12257874746716,5018.24017186183,25.0,4.03275,-5.0,0.6830555555555555,charge
1860.0,592.244267416148,44.14494573452948,5018.342997422004,25.0,4.033,-5.0,0.6833333333333333,charge
1861.0,590.7514104233616,44.03478040173048,5018.393206502767,25.0,4.03325,-5.0,0.6836111111111112,charge
1862.0,592.8020270859143,44.18709459895662,5018.428472492128,25.0,4.0335,-5.0,0.6838888888888889,charge
1863.0,594.2431935383405,44.29426433617337,5018.419750248906,25.0,4.03375,-5.0,0.6841666666666666,charge
1864.0,592.9256149766449,44.19708259086258,5018.356037763709,25.0,4.034,-5.0,0.6844444444444444,charge
1865.0,592.3881482736853,44.15768690916187,5018.474264579068,25.0,4.03425,-5.0,0.6847222222222222,charge
1866.0,592.7307250434943,44.18347963285144,5018.506774292972,25.0,4.0345,-5.0,0.6849999999999999,charge
1867.0,591.7528734907224,44.11146285116463,5018.459257395768,25.0,4.03475,-5.0,0.6852777777777778,charge
1868.0,593.0311304893347,44.20656522143221,5018.552998560402,25.0,4.034999999999999,-5.0,0.6855555555555555,charge
1869.0,591.8856546738182,44.12213182769024,5018.657725366918,25.0,4.03525,-5.0,0.6858333333333333,charge
1870.0,593.167333423856,44.21748766102637,5018.664965034193,25.0,4.0355,-5.0,0.6861111111111111,charge
1871.0,592.8741319933489,44.19618570321104,5018.628149861087,25.0,4.035749999999999,-5.0,0.6863888888888889,charge
1872.0,592.5704677237271,44.17410872027608,5018.650087062984,25.0,4.036,-5.0,0.6866666666666665,charge
1873.0,594.1208913644479,44.289371582551695,5018.689879868583,25.0,4.03625,-5.0,0.6869444444444444,charge
1874.0,592.1897674042787,44.146742029946566,5018.702452800075,25.0,4.036499999999999,-5.0,0.6872222222222222,charge
1875.0,593.7782165587458,44.26482159694414,5018.790015963564,25.0,4.03675,-5.0,0.6875,charge
1876.0,592.6323914765086,44.18036233159323,5018.707032337268,25.0,4.037,-5.0,0.6877777777777778,charge
1877.0,595.9270553850696,44.424828176671824,5018.797342128325,25.0,4.037249999999999,-5.0,0.6880555555555555,charge
1878.0,596.2109954953781,44.44627744410209,5018.839133570058,25.0,4.0375,-5.0,0.6883333333333334,charge
1879.0,595.2213805722243,44.37338930164625,5018.812523724662,25.0,4.03775,-5.0,0.6886111111111111,charge
1880.0,596.4111847053874,44.46193960780648,5018.942259286022,25.0,4.037999999999999,-5.0,0.6888888888888889,charge
1881.0,595.245818059872,44.37603281924977,5018.9369089737565,25.0,4.03825,-5.0,0.6891666666666667,charge
1882.0,595.3337674952311,44.382964258906,5018.998905805721,25.0,4.0385,-5.0,0.6894444444444444,charge
1883.0,594.5045891937697,44.3219603106496,5018.993999064514,25.0,4.038749999999999,-5.0,0.6897222222222222,charge
1884.0,594.1730935160585,44.29782174193026,5018.959027446495,25.0,4.039,-5.0,0.69,charge
1885.0,595.3351109772057,44.384313776089314,5018.9893340713015,25.0,4.03925,-5.0,0.6902777777777778,charge
1886.0,594.8104596583629,44.34586738210096,5019.111272124844,25.0,4.039499999999999,-5.0,0.6905555555555556,charge
1887.0,595.0467146724476,44.36378442018131,5019.054487612393,25.0,4.03975,-5.0,0.6908333333333334,charge
1888.0,596.3524365231475,44.46092122393686,5019.17133806511,25.0,4.04,-5.0,0.691111111111111,charge
1889.0,595.6343734355937,44.408148032266205,5019.168742180282,25.0,4.04025,-5.0,0.6913888888888888,charge
1890.0,594.3397146897763,44.31266405109454,5019.152207484019,25.0,4.0405,-5.0,0.6916666666666667,charge
1891.0,595.8224083129625,44.42290987503426,5019.198175258425,25.0,4.04075,-5.0,0.6919444444444445,charge
1892.0,595.4139438972352,44.393069918313714,5019.263667767176,25.0,4.041,-5.0,0.6922222222222222,charge
1893.0,596.0212183632879,44.438469878762064,5019.251543082845,25.0,4.04125,-5.0,0.6925,charge
1894.0,595.356621800223,44.38965717038689,5019.253260167374,25.0,4.0415,-5.0,0.6927777777777777,charge
1895.0,597.7932288202101,44.570563245941486,5019.362606234493,25.0,4.04175,-5.0,0.6930555555555555,charge
1896.0,598.6346519604093,44.63330755262292,5019.349639647949,25.0,4.042,-5.0,0.6933333333333334,charge
1897.0,595.7588297559178,44.42070035229021,5019.402221731179,25.0,4.04225,-5.0,0.6936111111111111,charge
1898.0,597.6577656729031,44.56177893873356,5019.379107480632,25.0,4.0425,-5.0,0.6938888888888889,charge
1899.0,597.7458605676188,44.56872115315694,5019.431184600862,25.0,4.04275,-5.0,0.6941666666666666,charge
1900.0,596.2121235643795,44.45552767143551,5019.4129903959965,25.0,4.043,-5.0,0.6944444444444444,charge
1901.0,597.5264126132497,44.55329908246294,5019.429845594828,25.0,4.04325,-5.0,0.6947222222222222,charge
1902.0,598.9751232181038,44.66102764578547,5019.46946786718,25.0,4.0435,-5.0,0.6950000000000001,charge
1903.0,598.5494653920796,44.62991410311702,5019.465832997918,25.0,4.04375,-5.0,0.6952777777777778,charge
1904.0,599.4601126002216,44.697786118534935,5019.575811165577,25.0,4.044,-5.0,0.6955555555555555,charge
1905.0,596.8086903346739,44.50180113590177,5019.5911324043855,25.0,4.04425,-5.0,0.6958333333333333,charge
1906.0,597.3706477216269,44.54384427567607,5019.676248081431,25.0,4.0445,-5.0,0.6961111111111111,charge
1907.0,598.546652670197,44.63137242001459,5019.674412460679,25.0,4.04475,-5.0,0.6963888888888888,charge
1908.0,598.7476831438836,44.64668023288026,5019.610381310913,25.0,4.045,-5.0,0.6966666666666667,charge
1909.0,598.555683678504,44.632874716926224,5019.703443426076,25.0,4.04525,-5.0,0.6969444444444445,charge
1910.0,598.2822908596872,44.61304006368054,5019.749611545904,25.0,4.0455,-5.0,0.6972222222222222,charge
1911.0,598.3966499341085,44.621927772896925,5019.620737237654,25.0,4.04575,-5.0,0.6975,charge
1912.0,598.3373935998754,44.61795508147225,5019.759502474898,25.0,4.046,-5.0,0.6977777777777778,charge
1913.0,599.5340669312908,44.70701421713265,5019.79931484473,25.0,4.04625,-5.0,0.6980555555555555,charge
1914.0,596.4613492174002,44.47982216425187,5019.816071931403,25.0,4.0465,-5.0,0.6983333333333333,charge
1915.0,600.9588920753,44.813390153725926,5019.935422963491,25.0,4.046749999999999,-5.0,0.6986111111111111,charge
1916.0,598.9693957584535,44.66643672284841,5019.870789346794,25.0,4.047,-5.0,0.6988888888888889,charge
1917.0,598.2047403816564,44.61021225049306,5019.9670125858165,25.0,4.04725,-5.0,0.6991666666666667,charge
1918.0,600.317635830885,44.767139691176666,5019.897591129717,25.0,4.047499999999999,-5.0,0.6994444444444444,charge
1919.0,598.5058893750148,44.63335291666776,5019.980465237501,25.0,4.04775,-5.0,0.6997222222222221,charge
1920.0,600.4352311275912,44.77668378722898,5019.992760302124,25.0,4.048,-5.0,0.7,charge
1921.0,599.7852778636837,44.72895576768027,5020.091632504951,25.0,4.04825,-5.0,0.7002777777777778,charge
1922.0,600.9156209032476,44.81310154838872,5020.0303471477055,25.0,4.0485,-5.0,0.7005555555555556,charge
1923.0,601.2521528104091,44.83844650447475,5020.016946581442,25.0,4.048749999999999,-5.0,0.7008333333333332,charge
1924.0,601.8953622217767,44.88650831272421,5020.20334819138,25.0,4.049,-5.0,0.701111111111111,charge
1925.0,600.2431460163054,44.7645385938004,5020.055136283302,25.0,4.04925,-5.0,0.7013888888888888,charge
1926.0,600.5852611974069,44.79029712573384,5020.182086435719,25.0,4.0495,-5.0,0.7016666666666667,charge
1927.0,601.0020857274997,44.821589683518496,5020.163624198238,25.0,4.04975,-5.0,0.7019444444444445,charge
1928.0,599.7376701686608,44.72834593841932,5020.221341946175,25.0,4.05,-5.0,0.7022222222222223,charge
1929.0,601.8836269136768,44.88772236397607,5020.276654321775,25.0,4.050249999999999,-5.0,0.7024999999999999,charge
1930.0,601.557597217962,44.863988682812,5020.168624087199,25.0,4.0505,-5.0,0.7027777777777777,charge
1931.0,600.2264552683033,44.76580224209654,5020.345169612223,25.0,4.05075,-5.0,0.7030555555555555,charge
1932.0,602.9158277372493,44.96543168424069,5020.326324786703,25.0,4.050999999999999,-5.0,0.7033333333333334,charge
1933.0,603.2097221899509,44.98761831036673,5020.408854849798,25.0,4.05125,-5.0,0.7036111111111112,charge
1934.0,600.6651687087154,44.799549533978926,5020.377935257213,25.0,4.0515,-5.0,0.7038888888888888,charge
1935.0,602.692863416819,44.95016580865326,5020.489316139914,25.0,4.051749999999999,-5.0,0.7041666666666666,charge
1936.0,603.5098906389181,45.01110301029023,5020.46207300805,25.0,4.052,-5.0,0.7044444444444444,charge
1937.0,603.237602837541,44.99135021018822,5020.43683677032,25.0,4.05225,-5.0,0.7047222222222222,charge
1938.0,601.5550078734041,44.86713021284475,5020.523690848046,25.0,4.052499999999999,-5.0,0.7049999999999998,charge
1939.0,601.2769967880412,44.84695346578083,5020.55138999961,25.0,4.05275,-5.0,0.7052777777777777,charge
1940.0,602.697107520791,44.95256352005858,5020.548115173863,25.0,4.053,-5.0,0.7055555555555555,charge
1941.0,602.4547706277497,44.93502930575924,5020.532263189619,25.0,4.053249999999999,-5.0,0.7058333333333333,charge
1942.0,603.0812616139592,44.981852712145134,5020.558407718185,25.0,4.0535,-5.0,0.7061111111111111,charge
1943.0,603.1246659727541,44.98548451650031,5020.598334098548,25.0,4.05375,-5.0,0.706388888888889,charge
1944.0,603.8933393309795,45.042839950442925,5020.631575487781,25.0,4.053999999999999,-5.0,0.7066666666666666,charge
1945.0,602.943653884731,44.97290954701711,5020.6618206889,25.0,4.05425,-5.0,0.7069444444444444,charge
1946.0,603.4807715749532,45.01311270925579,5020.6714732878645,25.0,4.0545,-5.0,0.7072222222222222,charge
1947.0,606.7490635644997,45.25562507885183,5020.721830697248,25.0,4.054749999999999,-5.0,0.7075,charge
1948.0,603.7894574658494,45.036811664137,5020.736125374257,25.0,4.055,-5.0,0.7077777777777778,charge
1949.0,604.7940512685764,45.11164268656121,5020.87484635256,25.0,4.05525,-5.0,0.7080555555555554,charge
1950.0,604.484226883635,45.08910939878778,5020.785188808305,25.0,4.055499999999999,-5.0,0.7083333333333333,charge
1951.0,604.5520436405361,45.0945495289286,5020.854635953282,25.0,4.05575,-5.0,0.7086111111111111,charge
1952.0,603.5603094391477,45.02150440289983,5020.82642329862,25.0,4.056,-5.0,0.7088888888888889,charge
1953.0,605.1376211833674,45.13875897654573,5020.981312780367,25.0,4.05625,-5.0,0.7091666666666667,charge
1954.0,604.6973300988071,45.10656148880053,5020.936918894888,25.0,4.0565,-5.0,0.7094444444444443,charge
1955.0,605.7047831786534,45.18160430952988,5021.021239967974,25.0,4.05675,-5.0,0.7097222222222221,charge
1956.0,607.0769138277847,45.2836602835396,5020.941333992145,25.0,4.057,-5.0,0.71,charge
1957.0,605.3487544963427,45.15606514787724,5021.011950324212,25.0,4.05725,-5.0,0.7102777777777778,charge
1958.0,606.0640812401241,45.20946898074993,5020.993297590674,25.0,4.0575,-5.0,0.7105555555555556,charge
1959.0,604.4176919799443,45.08793088740328,5021.154674790299,25.0,4.05775,-5.0,0.7108333333333334,charge
1960.0,605.696640852279,45.18308450757623,5021.221311046267,25.0,4.058,-5.0,0.711111111111111,charge
1961.0,607.2698270453991,45.300033484844384,5021.129366332192,25.0,4.05825,-5.0,0.7113888888888888,charge
1962.0,605.797055050175,45.1913559296426,5021.198601531051,25.0,4.0585,-5.0,0.7116666666666667,charge
1963.0,605.3586063807436,45.15929491709212,5021.190885145058,25.0,4.05875,-5.0,0.7119444444444445,charge
1964.0,606.3407154327306,45.23246040242449,5021.299096834016,25.0,4.058999999999999,-5.0,0.7122222222222221,charge
1965.0,606.0883153921859,45.214180769791554,5021.232621664867,25.0,4.05925,-5.0,0.7124999999999999,charge
1966.0,606.1711240223389,45.22073140906214,5021.294634862627,25.0,4.0595,-5.0,0.7127777777777777,charge
1967.0,606.1777911872389,45.22164193979548,5021.262051939366,25.0,4.05975,-5.0,0.7130555555555556,charge
1968.0,608.6758325357979,45.4070987063554,5021.319562211931,25.0,4.06,-5.0,0.7133333333333334,charge
1969.0,605.9569373656917,45.20611573079198,5021.3534411849305,25.0,4.06025,-5.0,0.713611111111111,charge
1970.0,606.5538032010913,45.25074468156232,5021.434937768631,25.0,4.060499999999999,-5.0,0.7138888888888888,charge
1971.0,606.5350929689376,45.24977540510649,5021.434202070933,25.0,4.06075,-5.0,0.7141666666666666,charge
1972.0,608.484333722307,45.39458027572645,5021.418643471709,25.0,4.061,-5.0,0.7144444444444444,charge
1973.0,607.1041369764243,45.29276014640181,5021.497547920239,25.0,4.06125,-5.0,0.7147222222222223,charge
1974.0,608.8261259497441,45.420731551832894,5021.516709054374,25.0,4.0615,-5.0,0.7150000000000001,charge
1975.0,607.8271088959217,45.34714695525346,5021.487702910448,25.0,4.06175,-5.0,0.7152777777777777,charge
1976.0,607.776032289448,45.34378016958874,5021.536588213921,25.0,4.061999999999999,-5.0,0.7155555555555555,charge
1977.0,606.4774540590769,45.24800585622791,5021.616331977111,25.0,4.06225,-5.0,0.7158333333333333,charge
1978.0,609.2883869473189,45.45663977387548,5021.591221518837,25.0,4.0625,-5.0,0.7161111111111111,charge
1979.0,608.7567786111748,45.41767804527221,5021.607639658075,25.0,4.062749999999999,-5.0,0.7163888888888887,charge
1980.0,608.7596714570215,45.41830899681641,5021.731189277749,25.0,4.063,-5.0,0.7166666666666666,charge
1981.0,608.3760458603665,45.39030895261974,5021.693165468772,25.0,4.06325,-5.0,0.7169444444444444,charge
1982.0,608.2156424170463,45.37884388274417,5021.719040750093,25.0,4.0635,-5.0,0.7172222222222222,charge
1983.0,607.5031122829472,45.32648053947757,5021.835888344546,25.0,4.06375,-5.0,0.7175,charge
1984.0,609.8558190683427,45.50117178284021,5021.747751444242,25.0,4.064,-5.0,0.7177777777777778,charge
1985.0,609.3178975137625,45.46174240842686,5021.818765241897,25.0,4.06425,-5.0,0.7180555555555554,charge
1986.0,608.828724482649,45.42592403575178,5021.769631125372,25.0,4.0645,-5.0,0.7183333333333333,charge
1987.0,608.696377334173,45.41653720993874,5021.898138560679,25.0,4.06475,-5.0,0.7186111111111111,charge
1988.0,609.5816780886735,45.482531710272106,5021.830829673948,25.0,4.065,-5.0,0.7188888888888889,charge
1989.0,609.513671743041,45.47791086985489,5021.841084267356,25.0,4.06525,-5.0,0.7191666666666667,charge
1990.0,611.3863321293974,45.6170431206961,5021.948928973101,25.0,4.065499999999999,-5.0,0.7194444444444443,charge
1991.0,610.6562939949447,45.56338288851442,5021.979130310365,25.0,4.06575,-5.0,0.7197222222222222,charge
1992.0,609.4252725317162,45.47261278012713,5022.091324064367,25.0,4.066,-5.0,0.72,charge
1993.0,609.0546941883642,45.44557919913809,5022.041832506863,25.0,4.066249999999999,-5.0,0.7202777777777778,charge
1994.0,610.0633205529435,45.52070892984767,5022.036451229396,25.0,4.0665,-5.0,0.7205555555555554,charge
1995.0,609.5266210439132,45.48137007732691,5022.066471275973,25.0,4.06675,-5.0,0.7208333333333332,charge
1996.0,610.6532976236222,45.56524426841646,5022.087786935956,25.0,4.066999999999999,-5.0,0.721111111111111,charge
1997.0,611.1205010720679,45.60026859793096,5022.165881130139,25.0,4.06725,-5.0,0.7213888888888889,charge
1998.0,611.4919688883756,45.62820139913894,5022.138524770867,25.0,4.0675,-5.0,0.7216666666666667,charge
1999.0,611.411315860254,45.62264376742623,5022.164222326676,25.0,4.067749999999999,-5.0,0.7219444444444445,charge
2000.0,610.9442414012631,45.588462326019496,5022.204073090799,25.0,4.068,-5.0,0.7222222222222223,charge
2001.0,611.874694152639,45.657801418714,5022.292858444292,25.0,4.06825,-5.0,0.7224999999999999,charge
2002.0,610.5246406493843,45.558214122176615,5022.25610812203,25.0,4.068499999999999,-5.0,0.7227777777777777,charge
2003.0,611.4749537993752,45.62902435550927,5022.316904746593,25.0,4.06875,-5.0,0.7230555555555556,charge
2004.0,612.5052831141718,45.70576171216087,5022.23582340293,25.0,4.069,-5.0,0.7233333333333334,charge
2005.0,612.120260745803,45.67765820339282,5022.370633252789,25.0,4.069249999999999,-5.0,0.723611111111111,charge
2006.0,610.7005193596634,45.57290884145655,5022.423897258495,25.0,4.0695,-5.0,0.7238888888888888,charge
2007.0,610.9560159200031,45.59225117925949,5022.363032595103,25.0,4.06975,-5.0,0.7241666666666666,charge
2008.0,610.635561458561,45.56893047841192,5022.363513798677,25.0,4.069999999999999,-5.0,0.7244444444444444,charge
2009.0,614.1941703021547,45.8329478001596,5022.54024834469,25.0,4.07025,-5.0,0.7247222222222223,charge
2010.0,610.9797904824568,45.59526225795977,5022.531494894415,25.0,4.0705,-5.0,0.7249999999999999,charge
2011.0,612.5308568562272,45.7105727300909,5022.452329036184,25.0,4.070749999999999,-5.0,0.7252777777777777,charge
2012.0,614.6450235910825,45.86759434008018,5022.543941728505,25.0,4.071,-5.0,0.7255555555555555,charge
2013.0,614.0249805026368,45.82208188908421,5022.589986735888,25.0,4.07125,-5.0,0.7258333333333333,charge
2014.0,614.4043685944566,45.85060137736716,5022.666292864827,25.0,4.0715,-5.0,0.7261111111111112,charge
2015.0,612.727492125908,45.72680497228948,5022.693516536722,25.0,4.07175,-5.0,0.726388888888889,charge
2016.0,614.1047885702487,45.82924359779621,5022.709464620474,25.0,4.072,-5.0,0.7266666666666666,charge
2017.0,616.5504054694607,46.01081707181191,5022.766705401101,25.0,4.07225,-5.0,0.7269444444444444,charge
2018.0,613.6076828935702,45.79325428841261,5022.708933429225,25.0,4.0725,-5.0,0.7272222222222222,charge
2019.0,614.1968066117404,45.837309749017805,5022.755496439818,25.0,4.07275,-5.0,0.7275,charge
2020.0,613.607292862448,45.79405873055171,5022.753720338553,25.0,4.073,-5.0,0.7277777777777779,charge
2021.0,614.0485701307307,45.82716260227635,5022.843493373954,25.0,4.07325,-5.0,0.7280555555555555,charge
2022.0,614.5746921293505,45.86655126884079,5022.948933488087,25.0,4.0735,-5.0,0.7283333333333333,charge
2023.0,615.726931199008,45.9523189777043,5022.875054335612,25.0,4.07375,-5.0,0.7286111111111111,charge
2024.0,613.5789697063194,45.793627385653295,5022.863904078348,25.0,4.074,-5.0,0.7288888888888889,charge
2025.0,613.189945090038,45.7652274140769,5022.835379893537,25.0,4.07425,-5.0,0.7291666666666667,charge
2026.0,614.7833187119041,45.883671756437344,5023.00393825579,25.0,4.0745,-5.0,0.7294444444444443,charge
2027.0,615.1021408698768,45.90770487925013,5023.024292024204,25.0,4.07475,-5.0,0.7297222222222222,charge
2028.0,616.4472238376432,46.0077573213069,5023.072160244038,25.0,4.075,-5.0,0.73,charge
2029.0,615.8926559462162,45.9670948849049,5022.946211120665,25.0,4.07525,-5.0,0.7302777777777778,charge
2030.0,614.6896707331772,45.87840153579091,5023.080303060351,25.0,4.0755,-5.0,0.7305555555555556,charge
2031.0,616.0198245153088,45.97734811224509,5023.003964517992,25.0,4.07575,-5.0,0.7308333333333334,charge
2032.0,616.708197895396,46.02875539965896,5023.001180002664,25.0,4.076,-5.0,0.731111111111111,charge
2033.0,616.0172063518137,45.97798750754176,5023.114526416473,25.0,4.07625,-5.0,0.7313888888888889,charge
2034.0,615.5300757725971,45.94232042759978,5023.138438510758,25.0,4.0765,-5.0,0.7316666666666667,charge
2035.0,616.6854217829942,46.0283182802218,5023.163976052826,25.0,4.07675,-5.0,0.7319444444444445,charge
2036.0,615.7926234274037,45.96260173536324,5023.210342792327,25.0,4.077,-5.0,0.7322222222222221,charge
2037.0,614.4189706158453,45.86126634191447,5023.24955503064,25.0,4.077249999999999,-5.0,0.7324999999999999,charge
2038.0,617.7556683213902,46.10884580158447,5023.350896755687,25.0,4.0775,-5.0,0.7327777777777778,charge
2039.0,615.2734232565235,45.92539246344619,5023.261231764826,25.0,4.07775,-5.0,0.7330555555555556,charge
2040.0,616.3667520578572,46.00679644873016,5023.272985092774,25.0,4.077999999999999,-5.0,0.7333333333333334,charge
2041.0,616.523723472877,46.01884062762053,5023.29673667082,25.0,4.07825,-5.0,0.733611111111111,charge
2042.0,616.6427634929115,46.028075073549005,5023.378420173824,25.0,4.0785,-5.0,0.7338888888888888,charge
2043.0,616.8315298281858,46.04247443171747,5023.320815343459,25.0,4.078749999999999,-5.0,0.7341666666666666,charge
2044.0,615.8142514459655,45.9675371441456,5023.4779529124535,25.0,4.079,-5.0,0.7344444444444445,charge
2045.0,617.9184884966359,46.12382322197303,5023.415591300004,25.0,4.07925,-5.0,0.7347222222222223,charge
2046.0,617.55832471979,46.097561090354816,5023.459710701204,25.0,4.0795,-5.0,0.7350000000000001,charge
2047.0,617.7084318284006,46.10909680210375,5023.473743944519,25.0,4.07975,-5.0,0.7352777777777777,charge
2048.0,618.8792861056868,46.19624341523605,5023.552870654839,25.0,4.08,-5.0,0.7355555555555555,charge
2049.0,619.0453562123672,46.20896157128646,5023.529685449881,25.0,4.08025,-5.0,0.7358333333333333,charge
2050.0,619.423080047389,46.23735778128808,5023.593997334223,25.0,4.0805,-5.0,0.7361111111111112,charge
2051.0,620.0732790077918,46.2859373339105,5023.668005179344,25.0,4.080749999999999,-5.0,0.7363888888888888,charge
2052.0,618.8146072559801,46.19311905599853,5023.720441062603,25.0,4.081,-5.0,0.7366666666666666,charge
2053.0,616.9620059505521,46.0563059963372,5023.753839543289,25.0,4.08125,-5.0,0.7369444444444444,charge
2054.0,618.8518406689805,46.19671041992448,5023.690382319071,25.0,4.081499999999999,-5.0,0.7372222222222222,charge
2055.0,618.7908131553063,46.19260653002269,5023.76424685122,25.0,4.08175,-5.0,0.7375,charge
2056.0,618.985754512908,46.207463297252445,5023.713779458656,25.0,4.082,-5.0,0.7377777777777779,charge
2057.0,618.4552917153832,46.16858642336172,5023.822098209528,25.0,4.082249999999999,-5.0,0.7380555555555555,charge
2058.0,618.3056924658808,46.15792166413932,5023.830098989193,25.0,4.0825,-5.0,0.7383333333333333,charge
2059.0,620.1298818796853,46.293463472569286,5023.842899729284,25.0,4.08275,-5.0,0.7386111111111111,charge
2060.0,620.4422979375904,46.31702206945114,5023.934256640187,25.0,4.082999999999999,-5.0,0.7388888888888889,charge
2061.0,618.4934457828696,46.1730793172496,5023.974687435734,25.0,4.08325,-5.0,0.7391666666666667,charge
2062.0,620.2897252609026,46.30655372302982,5023.8700658077305,25.0,4.0835,-5.0,0.7394444444444443,charge
2063.0,619.7200205528658,46.26477004095302,5023.98659279145,25.0,4.083749999999999,-5.0,0.7397222222222222,charge
2064.0,619.6400930493684,46.259266151805065,5023.977685923989,25.0,4.084,-5.0,0.74,charge
2065.0,620.8509846851166,46.34937849519383,5024.048737929368,25.0,4.08425,-5.0,0.7402777777777778,charge
2066.0,620.2541676031854,46.30558648912484,5024.033173834978,25.0,4.084499999999999,-5.0,0.7405555555555554,charge
2067.0,619.8897711465393,46.27901082566957,5024.09120982077,25.0,4.08475,-5.0,0.7408333333333332,charge
2068.0,620.6382165288678,46.33486789102725,5024.191203485978,25.0,4.085,-5.0,0.741111111111111,charge
2069.0,618.7240937091507,46.19349768215931,5024.178730801456,25.0,4.085249999999999,-5.0,0.7413888888888889,charge
2070.0,620.2665534296004,46.30817062441484,5024.097005697847,25.0,4.0855,-5.0,0.7416666666666667,charge
2071.0,620.5571953915045,46.33011632529663,5024.2760198606975,25.0,4.08575,-5.0,0.7419444444444445,charge
2072.0,619.7367371173686,46.26975830499028,5024.126438806909,25.0,4.085999999999999,-5.0,0.7422222222222223,charge
2073.0,621.4496538292342,46.39705769105439,5024.1976414864375,25.0,4.08625,-5.0,0.7424999999999999,charge
2074.0,621.6791694806626,46.414475517086125,5024.243647807942,25.0,4.0865,-5.0,0.7427777777777778,charge
2075.0,620.94541047185,46.36053966458148,5024.303434697724,25.0,4.086749999999999,-5.0,0.7430555555555556,charge
2076.0,621.5149246766624,46.40314256864166,5024.357267992986,25.0,4.087,-5.0,0.7433333333333334,charge
2077.0,622.4960473701337,46.47623499038028,5024.3719491334,25.0,4.08725,-5.0,0.743611111111111,charge
2078.0,623.020621274484,46.51550898329511,5024.39148778581,25.0,4.0875,-5.0,0.7438888888888888,charge
2079.0,621.3387292717446,46.39134105716627,5024.41325138162,25.0,4.08775,-5.0,0.7441666666666666,charge
2080.0,622.5757985629186,46.48339248614212,5024.423105818713,25.0,4.088,-5.0,0.7444444444444445,charge
2081.0,623.4118771987385,46.54574090361026,5024.493493576244,25.0,4.08825,-5.0,0.7447222222222223,charge
2082.0,622.4823963770014,46.47730713903714,5024.459224335259,25.0,4.0885,-5.0,0.7449999999999999,charge
2083.0,621.8787913040636,46.43301231881953,5024.611493000515,25.0,4.08875,-5.0,0.7452777777777777,charge
2084.0,622.0214712077473,46.44399786724054,5024.489623258762,25.0,4.089,-5.0,0.7455555555555555,charge
2085.0,622.6037906014558,46.487549303811534,5024.5525595430345,25.0,4.08925,-5.0,0.7458333333333333,charge
2086.0,622.030883957695,46.445528441310735,5024.695245777188,25.0,4.0895,-5.0,0.7461111111111112,charge
2087.0,625.2145115142505,46.681769371425965,5024.654882114437,25.0,4.08975,-5.0,0.746388888888889,charge
2088.0,622.7697390765295,46.50109178344663,5024.616913914903,25.0,4.09,-5.0,0.7466666666666666,charge
2089.0,623.8559415300106,46.58196789111189,5024.732006940874,25.0,4.09025,-5.0,0.7469444444444444,charge
2090.0,623.7990796438277,46.57817256620945,5024.761453923182,25.0,4.0905,-5.0,0.7472222222222222,charge
2091.0,624.3909974837927,46.62243499879946,5024.753734703704,25.0,4.09075,-5.0,0.7475,charge
2092.0,623.506771231805,46.55735342457815,5024.777686631868,25.0,4.090999999999999,-5.0,0.7477777777777777,charge
2093.0,622.7312973558629,46.50032758191577,5024.880562680607,25.0,4.09125,-5.0,0.7480555555555555,charge
2094.0,625.8063843071587,46.72852846719695,5024.784920147844,25.0,4.0915,-5.0,0.7483333333333333,charge
2095.0,624.228036253275,46.61203046320556,5024.877729491996,25.0,4.09175,-5.0,0.7486111111111111,charge
2096.0,624.5614425883136,46.63714389543064,5024.891178041101,25.0,4.092,-5.0,0.7488888888888889,charge
2097.0,624.7836935638884,46.65402359732507,5024.82311136225,25.0,4.09225,-5.0,0.7491666666666668,charge
2098.0,625.9839016804041,46.74334456891882,5024.942172778342,25.0,4.092499999999999,-5.0,0.7494444444444444,charge
2099.0,625.6301789848005,46.71755955442967,5024.924363051541,25.0,4.09275,-5.0,0.7497222222222222,charge
2100.0,626.1740643135782,46.758264023228016,5025.023578794785,25.0,4.093,-5.0,0.75,charge
2101.0,625.9617217373084,46.74295161017099,5025.06380134796,25.0,4.093249999999999,-5.0,0.7502777777777778,charge
2102.0,625.4316244782732,46.70410181320542,5025.1400977856,25.0,4.0935,-5.0,0.7505555555555556,charge
2103.0,625.6719354606063,46.72231929337824,5025.042540076686,25.0,4.09375,-5.0,0.7508333333333332,charge
2104.0,624.8137904116007,46.65916966011857,5025.177824276804,25.0,4.093999999999999,-5.0,0.7511111111111111,charge
2105.0,623.7572877952947,46.58132687372553,5025.046096829489,25.0,4.09425,-5.0,0.7513888888888889,charge
2106.0,625.5955652007165,46.7179122370901,5025.10402682765,25.0,4.0945,-5.0,0.7516666666666667,charge
2107.0,624.9008903946863,46.6668715107175,5025.275176205637,25.0,4.09475,-5.0,0.7519444444444443,charge
2108.0,628.6997506436525,46.94868523286314,5025.201162459521,25.0,4.095,-5.0,0.7522222222222221,charge
2109.0,627.8104216853428,46.88322568039576,5025.266803610944,25.0,4.09525,-5.0,0.7525,charge
2110.0,627.561074559634,46.865172189602525,5025.247326901458,25.0,4.0955,-5.0,0.7527777777777778,charge
2111.0,625.9785962139639,46.7483682380714,5025.215587565391,25.0,4.09575,-5.0,0.7530555555555556,charge
2112.0,628.7269839347274,46.95236918035018,5025.3798436380175,25.0,4.096,-5.0,0.7533333333333334,charge
2113.0,625.1029223370269,46.68433683977978,5025.331334389512,25.0,4.09625,-5.0,0.753611111111111,charge
2114.0,625.7375547009407,46.73176331118079,5025.438494578088,25.0,4.0965,-5.0,0.7538888888888888,charge
2115.0,626.3040103307346,46.7741396541285,5025.411475945049,25.0,4.096749999999999,-5.0,0.7541666666666667,charge
2116.0,626.2657692577824,46.771723648724624,5025.486288958022,25.0,4.097,-5.0,0.7544444444444445,charge
2117.0,627.4951829908065,46.863207999319,5025.595650489331,25.0,4.09725,-5.0,0.7547222222222223,charge
2118.0,627.6954071326703,46.878456083901504,5025.513791680761,25.0,4.097499999999999,-5.0,0.7549999999999999,charge
2119.0,629.5504353527278,47.016282248350215,5025.547019225028,25.0,4.09775,-5.0,0.7552777777777777,charge
2120.0,628.7767170344307,46.95938644699486,5025.486098739997,25.0,4.098,-5.0,0.7555555555555555,charge
2121.0,629.1391122740015,46.98664720548159,5025.616267184022,25.0,4.098249999999999,-5.0,0.7558333333333334,charge
2122.0,628.4755838372052,46.93791361757077,5025.539977100438,25.0,4.0985,-5.0,0.7561111111111112,charge
2123.0,628.0487856067406,46.9067156004993,5025.596556282897,25.0,4.09875,-5.0,0.7563888888888888,charge
2124.0,627.6485111405577,46.877482306707975,5025.634707881871,25.0,4.098999999999999,-5.0,0.7566666666666666,charge
2125.0,626.9646660709939,46.82724378303658,5025.697150579516,25.0,4.09925,-5.0,0.7569444444444444,charge
2126.0,627.7429693160285,46.88531254192804,5025.657689087458,25.0,4.0995,-5.0,0.7572222222222222,charge
2127.0,628.3707226754569,46.932229457441245,5025.781133865648,25.0,4.099749999999999,-5.0,0.7575000000000001,charge
2128.0,629.6532912495396,47.027651203669606,5025.707279917428,25.0,4.1,-5.0,0.7577777777777779,charge
2129.0,627.3429117071689,46.85692864497548,5025.887081762883,25.0,4.10025,-5.0,0.7580555555555555,charge
2130.0,627.8019537477917,46.89134842576235,5025.842195176845,25.0,4.100499999999999,-5.0,0.7583333333333333,charge
2131.0,629.5266203194021,47.01951817180757,5025.85422352601,25.0,4.10075,-5.0,0.7586111111111111,charge
2132.0,628.3970601137569,46.93626371213014,5025.891284324684,25.0,4.101,-5.0,0.758888888888889,charge
2133.0,629.9202855479992,47.04951189244439,5025.902992149664,25.0,4.101249999999999,-5.0,0.7591666666666665,charge
2134.0,629.3120476046765,47.00487389664271,5025.951287786146,25.0,4.1015,-5.0,0.7594444444444444,charge
2135.0,629.1108257210326,46.99038523859501,5025.907719987717,25.0,4.10175,-5.0,0.7597222222222222,charge
2136.0,628.6684303333033,46.958031876540986,5026.013167806634,25.0,4.101999999999999,-5.0,0.76,charge
2137.0,630.046411076492,47.06052119085125,5026.085724537997,25.0,4.10225,-5.0,0.7602777777777778,charge
2138.0,629.5505367009038,47.02420642228917,5025.922448829611,25.0,4.1025,-5.0,0.7605555555555554,charge
2139.0,629.8051318991173,47.04348199252721,5025.989110621265,25.0,4.10275,-5.0,0.7608333333333333,charge
2140.0,629.9196520924664,47.052381636479,5026.200397948415,25.0,4.103,-5.0,0.7611111111111111,charge
2141.0,630.8821231428184,47.12409245502359,5026.164033462415,25.0,4.10325,-5.0,0.7613888888888889,charge
2142.0,630.9825629797283,47.1319491096095,5026.114899716794,25.0,4.1035,-5.0,0.7616666666666667,charge
2143.0,629.2593010225839,47.00471674241362,5026.149009768629,25.0,4.10375,-5.0,0.7619444444444445,charge
2144.0,630.950621284365,47.13041639143445,5026.180664011466,25.0,4.104,-5.0,0.7622222222222221,charge
2145.0,631.6487328445761,47.18254502552416,5026.19844771659,25.0,4.10425,-5.0,0.7625,charge
2146.0,632.4283506670602,47.24071116052297,5026.314306398743,25.0,4.1045,-5.0,0.7627777777777778,charge
2147.0,632.3110547343408,47.2324392395808,5026.278193517214,25.0,4.10475,-5.0,0.7630555555555556,charge
2148.0,631.8762104717237,47.20064522012768,5026.276453217831,25.0,4.105,-5.0,0.7633333333333332,charge
2149.0,630.6631060167068,47.11120229753384,5026.283287446662,25.0,4.10525,-5.0,0.763611111111111,charge
2150.0,631.1745046628174,47.14950034539388,5026.381115697388,25.0,4.1055,-5.0,0.7638888888888888,charge
2151.0,632.9978821880493,47.28498201392958,5026.43320695112,25.0,4.10575,-5.0,0.7641666666666667,charge
2152.0,631.5200560319781,47.175930076442825,5026.531363417203,25.0,4.106,-5.0,0.7644444444444445,charge
2153.0,633.3873757253392,47.3146667203955,5026.373444764329,25.0,4.10625,-5.0,0.7647222222222223,charge
2154.0,633.7739675027108,47.34371981501561,5026.506405189062,25.0,4.1065,-5.0,0.7649999999999999,charge
2155.0,631.5767129009089,47.18137688154881,5026.44861790263,25.0,4.10675,-5.0,0.7652777777777777,charge
2156.0,633.2183924386463,47.30339943989973,5026.618535556835,25.0,4.107,-5.0,0.7655555555555555,charge
2157.0,632.8045935181202,47.27316433467557,5026.486051369713,25.0,4.10725,-5.0,0.7658333333333334,charge
2158.0,635.083259202097,47.44237105200718,5026.620607330795,25.0,4.1075,-5.0,0.7661111111111112,charge
2159.0,634.0324904032858,47.36495299283599,5026.67743464642,25.0,4.107749999999999,-5.0,0.7663888888888888,charge
2160.0,632.8228739366342,47.27576843975068,5026.647289481634,25.0,4.108,-5.0,0.7666666666666666,charge
2161.0,633.8795306872388,47.3544559768325,5026.653202720187,25.0,4.10825,-5.0,0.7669444444444444,charge
2162.0,632.6934273734716,47.26701313877568,5026.738668767164,25.0,4.108499999999999,-5.0,0.7672222222222222,charge
2163.0,633.5985174765459,47.33447351678118,5026.810955132766,25.0,4.10875,-5.0,0.7674999999999998,charge
2164.0,634.0938783065085,47.37158357825989,5026.815638319537,25.0,4.109,-5.0,0.7677777777777777,charge
2165.0,634.1771490982669,47.37816845172347,5026.827396937139,25.0,4.109249999999999,-5.0,0.7680555555555555,charge
2166.0,634.4744351959714,47.40060631081271,5026.93524752716,25.0,4.1095,-5.0,0.7683333333333333,charge
2167.0,633.3986152264907,47.32133260936968,5026.872856385993,25.0,4.10975,-5.0,0.7686111111111111,charge
2168.0,632.5911646811523,47.261938124529806,5026.902657202918,25.0,4.109999999999999,-5.0,0.768888888888889,charge
2169.0,634.2204185470315,47.38304026274307,5026.874009185924,25.0,4.11025,-5.0,0.7691666666666668,charge
2170.0,633.829865043715,47.35452704027519,5026.93576893495,25.0,4.1105,-5.0,0.7694444444444444,charge
2171.0,634.1609269763692,47.37946681306438,5027.008226512153,25.0,4.11075,-5.0,0.7697222222222222,charge
2172.0,637.1373360200486,47.6003582237073,5026.96049407272,25.0,4.111,-5.0,0.77,charge
2173.0,636.3017768748194,47.538881620357,5027.014453689935,25.0,4.11125,-5.0,0.7702777777777778,charge
2174.0,635.1033266194065,47.45052419403011,5027.075240518953,25.0,4.1115,-5.0,0.7705555555555554,charge
2175.0,633.983231197295,47.36797082942927,5027.059709055194,25.0,4.11175,-5.0,0.7708333333333333,charge
2176.0,634.2573597697337,47.38869331627657,5027.013586245343,25.0,4.111999999999999,-5.0,0.7711111111111111,charge
2177.0,636.0556405197514,47.52231596442603,5027.146461062118,25.0,4.11225,-5.0,0.7713888888888889,charge
2178.0,636.9026821495361,47.58547645552119,5027.209848415832,25.0,4.1125,-5.0,0.7716666666666667,charge
2179.0,635.6837072909263,47.49559868821677,5027.18115041913,25.0,4.112749999999999,-5.0,0.7719444444444443,charge
2180.0,636.246210779542,47.53768227996608,5027.24221703377,25.0,4.113,-5.0,0.7722222222222221,charge
2181.0,636.5048057321719,47.55725412830903,5027.1731889775465,25.0,4.11325,-5.0,0.7725,charge
2182.0,637.4550820802057,47.62806163557079,5027.322623508049,25.0,4.113499999999999,-5.0,0.7727777777777778,charge
2183.0,634.6473064279542,47.42049492058919,5027.280556996872,25.0,4.11375,-5.0,0.7730555555555556,charge
2184.0,636.8226189508448,47.582045848210726,5027.332428391089,25.0,4.114,-5.0,0.7733333333333334,charge
2185.0,637.2110864952249,47.61123788853518,5027.315197311281,25.0,4.114249999999999,-5.0,0.773611111111111,charge
2186.0,637.8945365418683,47.66228048458285,5027.469712864463,25.0,4.1145,-5.0,0.7738888888888888,charge
2187.0,637.4794713263716,47.63195157973123,5027.42811019513,25.0,4.11475,-5.0,0.7741666666666667,charge
2188.0,636.1215253294673,47.53177965403462,5027.554307716454,25.0,4.114999999999999,-5.0,0.7744444444444445,charge
2189.0,636.7805575363757,47.581013521213016,5027.447691632956,25.0,4.11525,-5.0,0.7747222222222221,charge
2190.0,635.9758174066005,47.521819807896335,5027.521674096419,25.0,4.1155,-5.0,0.7749999999999999,charge
2191.0,637.832091365227,47.65973824927608,5027.549164158174,25.0,4.115749999999999,-5.0,0.7752777777777777,charge
2192.0,637.9701378121484,47.67038057867767,5027.469169248604,25.0,4.116,-5.0,0.7755555555555556,charge
2193.0,638.4284982862292,47.70474987305402,5027.557620141073,25.0,4.11625,-5.0,0.7758333333333334,charge
2194.0,637.0856835686565,47.60569878286344,5027.58975214132,25.0,4.116499999999999,-5.0,0.7761111111111112,charge
2195.0,637.0542137620071,47.60378435274127,5027.720332169516,25.0,4.11675,-5.0,0.7763888888888888,charge
2196.0,639.8589318901785,47.811957917791,5027.682668810862,25.0,4.117,-5.0,0.7766666666666666,charge
2197.0,638.6544043228928,47.72315032021428,5027.651117401797,25.0,4.117249999999999,-5.0,0.7769444444444444,charge
2198.0,640.3571145325819,47.84969366908014,5027.741879683647,25.0,4.1175,-5.0,0.7772222222222223,charge
2199.0,639.1894441485332,47.76361623322468,5027.656844230838,25.0,4.11775,-5.0,0.7775000000000001,charge
2200.0,637.4271817340001,47.63349494325927,5027.788561788517,25.0,4.117999999999999,-5.0,0.7777777777777777,charge
2201.0,639.8331945603923,47.81213478225128,5027.810138267853,25.0,4.11825,-5.0,0.7780555555555555,charge
2202.0,640.4017969967946,47.85467014791071,5027.903032972141,25.0,4.1185,-5.0,0.7783333333333333,charge
2203.0,638.8548321196305,47.74049682367634,5027.858391230766,25.0,4.11875,-5.0,0.7786111111111111,charge
2204.0,637.5197857949004,47.642021169992624,5027.803724626428,25.0,4.119,-5.0,0.7788888888888887,charge
2205.0,640.2485747084972,47.84457034877758,5027.947256642927,25.0,4.11925,-5.0,0.7791666666666666,charge
2206.0,639.5818696503305,47.79560145558004,5028.055082437347,25.0,4.1195,-5.0,0.7794444444444444,charge
2207.0,640.1387041161279,47.83726511971318,5027.939593848912,25.0,4.11975,-5.0,0.7797222222222222,charge
2208.0,637.3134880704615,47.62840652373789,5028.004484051852,25.0,4.12,-5.0,0.78,charge
2209.0,640.5960139515868,47.87197325567309,5027.989759008175,25.0,4.12025,-5.0,0.7802777777777778,charge
2210.0,637.5272619709793,47.64507496081329,5028.06150161869,25.0,4.1205,-5.0,0.7805555555555554,charge
2211.0,639.5492603316613,47.79526928382677,5028.005442833531,25.0,4.12075,-5.0,0.7808333333333333,charge
2212.0,641.4414569694856,47.93584866440634,5028.17129819163,25.0,4.121,-5.0,0.7811111111111111,charge
2213.0,638.8699672915182,47.745784614186526,5028.255302104859,25.0,4.12125,-5.0,0.7813888888888889,charge
2214.0,638.9695306261971,47.753576342681264,5028.117423980152,25.0,4.1215,-5.0,0.7816666666666667,charge
2215.0,640.5224432288697,47.86902357250887,5028.211447383253,25.0,4.12175,-5.0,0.7819444444444443,charge
2216.0,642.7577711897795,48.03502008813182,5028.195228321062,25.0,4.122,-5.0,0.7822222222222222,charge
2217.0,642.8656522730864,48.04342794615455,5028.25525985189,25.0,4.12225,-5.0,0.7825,charge
2218.0,640.780606364156,47.88939676771526,5028.333391901826,25.0,4.1225,-5.0,0.7827777777777778,charge
2219.0,642.5273005055027,48.01919818559279,5028.344231245785,25.0,4.12275,-5.0,0.7830555555555556,charge
2220.0,642.2455827984112,47.99874687395639,5028.413444210823,25.0,4.122999999999999,-5.0,0.7833333333333332,charge
2221.0,642.0665372081394,47.98590090430662,5028.383472425586,25.0,4.12325,-5.0,0.783611111111111,charge
2222.0,642.2988326878692,48.00352464354586,5028.403876105616,25.0,4.1235,-5.0,0.7838888888888889,charge
2223.0,641.3572245050052,47.93419255592632,5028.561223311438,25.0,4.123749999999999,-5.0,0.7841666666666667,charge
2224.0,643.0222662813551,48.05794565047076,5028.504588760994,25.0,4.124,-5.0,0.7844444444444445,charge
2225.0,643.4210792534652,48.087904018775205,5028.493376398626,25.0,4.12425,-5.0,0.7847222222222223,charge
2226.0,645.199911032138,48.22008600238059,5028.480176526319,25.0,4.124499999999999,-5.0,0.7849999999999999,charge
2227.0,643.5540850009795,48.09858962970219,5028.556048834842,25.0,4.12475,-5.0,0.7852777777777777,charge
2228.0,640.3230580436549,47.85967096619666,5028.61688064691,25.0,4.125,-5.0,0.7855555555555556,charge
2229.0,641.7095648693588,47.96279184217473,5028.621223778915,25.0,4.125249999999999,-5.0,0.7858333333333334,charge
2230.0,643.3856602258589,48.08736372043399,5028.613126472079,25.0,4.1255,-5.0,0.786111111111111,charge
2231.0,643.2595135653366,48.07843619002494,5028.64303635998,25.0,4.12575,-5.0,0.7863888888888888,charge
2232.0,641.4689238449462,47.94621658110712,5028.672498600806,25.0,4.126,-5.0,0.7866666666666666,charge
2233.0,643.3282555807907,48.08436152450302,5028.653404053513,25.0,4.12625,-5.0,0.7869444444444444,charge
2234.0,643.2483951587006,48.0788626043482,5028.674680435866,25.0,4.1265,-5.0,0.7872222222222223,charge
2235.0,643.6957212911025,48.11241454008166,5028.675649267846,25.0,4.12675,-5.0,0.7874999999999999,charge
2236.0,643.7616233461499,48.117712840455546,5028.751831153468,25.0,4.127,-5.0,0.7877777777777777,charge
2237.0,644.9434923706386,48.20567536078805,5028.877332506025,25.0,4.127249999999999,-5.0,0.7880555555555555,charge
2238.0,645.6261705405312,48.25666078078009,5028.840290271892,25.0,4.1275,-5.0,0.7883333333333333,charge
2239.0,644.984193255265,48.20952357446407,5028.805270343065,25.0,4.12775,-5.0,0.7886111111111112,charge
2240.0,643.3291476731744,48.08734427208699,5028.848416590172,25.0,4.128,-5.0,0.788888888888889,charge
2241.0,643.7151563708807,48.1163541756208,5028.82276928578,25.0,4.12825,-5.0,0.7891666666666666,charge
2242.0,644.0552772681974,48.14196498282944,5028.953920800266,25.0,4.1285,-5.0,0.7894444444444444,charge
2243.0,644.8001660793839,48.19755859847288,5029.0215356872495,25.0,4.128749999999999,-5.0,0.7897222222222222,charge
2244.0,644.5687851177679,48.18083593464948,5028.951451056643,25.0,4.129,-5.0,0.79,charge
2245.0,644.784483842907,48.19723028465978,5028.983194448593,25.0,4.12925,-5.0,0.7902777777777776,charge
2246.0,644.3509159088655,48.16553080806412,5029.044837444185,25.0,4.129499999999999,-5.0,0.7905555555555555,charge
2247.0,646.3615879436697,48.314886143975535,5029.105935185018,25.0,4.12975,-5.0,0.7908333333333333,charge
2248.0,646.4027372343512,48.31835090624824,5029.129533088061,25.0,4.13,-5.0,0.7911111111111111,charge
2249.0,646.6448460148298,48.33670155665406,5029.137984845062,25.0,4.130249999999999,-5.0,0.7913888888888889,charge
2250.0,645.7489715513967,48.27075715195532,5029.197644276216,25.0,4.1305,-5.0,0.7916666666666667,charge
2251.0,646.4231006637095,48.32110930842293,5029.182112357164,25.0,4.13075,-5.0,0.7919444444444443,charge
2252.0,645.1961065663536,48.2306375234336,5029.234449279649,25.0,4.130999999999999,-5.0,0.7922222222222222,charge
2253.0,645.2343271710703,48.2338853460052,5029.324349040439,25.0,4.13125,-5.0,0.7925,charge
2254.0,645.8412989453309,48.27926288483932,5029.256155798868,25.0,4.1315,-5.0,0.7927777777777778,charge
2255.0,647.1089621260408,48.37358052785487,5029.287666586642,25.0,4.131749999999999,-5.0,0.7930555555555556,charge
2256.0,646.5142576389716,48.32994501029419,5029.38276955969,25.0,4.132,-5.0,0.7933333333333332,charge
2257.0,645.6600968292031,48.267090505866896,5029.344768068485,25.0,4.13225,-5.0,0.793611111111111,charge
2258.0,647.0344200565476,48.3693088930776,5029.389530357539,25.0,4.132499999999999,-5.0,0.7938888888888889,charge
2259.0,647.5031860231041,48.40444896467438,5029.340429231318,25.0,4.13275,-5.0,0.7941666666666667,charge
2260.0,647.3825507984687,48.39592968877547,5029.41349958049,25.0,4.133,-5.0,0.7944444444444443,charge
2261.0,646.6920710336509,48.34519970619636,5029.472860583247,25.0,4.133249999999999,-5.0,0.7947222222222221,charge
2262.0,647.5620831362899,48.41006171379925,5029.516228054968,25.0,4.1335,-5.0,0.7949999999999999,charge
2263.0,647.2149939859736,48.38476807303508,5029.563903434388,25.0,4.13375,-5.0,0.7952777777777778,charge
2264.0,647.449987159123,48.40259164141652,5029.597779612568,25.0,4.134,-5.0,0.7955555555555556,charge
2265.0,647.8249736826641,48.430785087604754,5029.606466277684,25.0,4.13425,-5.0,0.7958333333333334,charge
2266.0,648.8069271539159,48.50393904843822,5029.619364762349,25.0,4.1345,-5.0,0.7961111111111112,charge
2267.0,650.0177332909457,48.59404505858857,5029.669352488027,25.0,4.13475,-5.0,0.7963888888888888,charge
2268.0,649.8900774896813,48.58500573997639,5029.697770777944,25.0,4.135,-5.0,0.7966666666666666,charge
2269.0,649.0989654613272,48.52682151565386,5029.767734986991,25.0,4.13525,-5.0,0.7969444444444445,charge
2270.0,648.2095269770241,48.46135385014993,5029.718978692376,25.0,4.1355,-5.0,0.7972222222222223,charge
2271.0,648.4399730949082,48.47884059962282,5029.7587507924745,25.0,4.13575,-5.0,0.7974999999999999,charge
2272.0,648.6218709700786,48.49273118296878,5029.858205376795,25.0,4.136,-5.0,0.7977777777777777,charge
2273.0,650.1788185931703,48.6084773031978,5029.850182527515,25.0,4.13625,-5.0,0.7980555555555555,charge
2274.0,646.4013473025454,48.32908128167004,5029.779625572332,25.0,4.1365,-5.0,0.7983333333333333,charge
2275.0,649.5633573130935,48.563720912081,5029.850022722655,25.0,4.13675,-5.0,0.7986111111111112,charge
2276.0,647.4519550146083,48.4077374084895,5029.887562046148,25.0,4.137,-5.0,0.7988888888888888,charge
2277.0,649.5794631534911,48.56574727062897,5029.923172497639,25.0,4.13725,-5.0,0.7991666666666666,charge
2278.0,651.0467671956737,48.674853125605466,5029.887918226864,25.0,4.1375,-5.0,0.7994444444444444,charge
2279.0,648.9501701011409,48.51996630378822,5029.890892503472,25.0,4.13775,-5.0,0.7997222222222222,charge
2280.0,647.7171322398681,48.92904683258282,5030.041661201511,25.0,4.12,-0.0,0.8,rest
2281.0,651.2971206879122,49.19464782873424,5029.999840673275,25.0,4.12,-0.0,0.8,rest
2282.0,651.5058223980117,49.2105238813342,5030.011242608725,25.0,4.12,-0.0,0.8,rest
2283.0,650.498577057569,49.13632978204216,5029.967987840439,25.0,4.12,-0.0,0.8,rest
2284.0,651.2552682934263,49.19279765136491,5030.051185379644,25.0,4.12,-0.0,0.8,rest
2285.0,649.1975102197734,49.040787794057294,5029.966233087027,25.0,4.12,-0.0,0.8,rest
2286.0,651.1726149917959,49.18750851791081,5030.100210317544,25.0,4.12,-0.0,0.8,rest
2287.0,651.7006241997857,49.2270369777619,5029.993862748813,25.0,4.12,-0.0,0.8,rest
2288.0,650.6401789308578,49.1489021430265,5030.093939875027,25.0,4.12,-0.0,0.8,rest
2289.0,650.2810641849475,49.12271771740352,5030.016329961405,25.0,4.12,-0.0,0.8,rest
2290.0,651.2832883388518,49.19737321028532,5030.01260257612,25.0,4.12,-0.0,0.8,rest
2291.0,651.1319475477604,49.186579447982254,5030.064640195225,25.0,4.12,-0.0,0.8,rest
2292.0,649.2511726110866,49.04767945267309,5029.996094412114,25.0,4.12,-0.0,0.8,rest
2293.0,651.3600266486383,49.20430752952876,5030.017496093939,25.0,4.12,-0.0,0.8,rest
2294.0,650.7446196832152,49.15913849505298,5030.042307511168,25.0,4.12,-0.0,0.8,rest
2295.0,650.1586947915625,49.11615331789352,5029.924074181407,25.0,4.12,-0.0,0.8,rest
2296.0,651.3037188925193,49.20138658463106,5030.012032535292,25.0,4.12,-0.0,0.8,rest
2297.0,650.9254524962254,49.17378351823892,5029.987181190782,25.0,4.12,-0.0,0.8,rest
2298.0,650.7459345151872,49.16090255668053,5030.042109739859,25.0,4.12,-0.0,0.8,rest
2299.0,649.492151802249,49.06844642979623,5029.975813238983,25.0,4.12,-0.0,0.8,rest
2300.0,650.8334746199669,49.16822034221977,5030.039578107108,25.0,4.12,-0.0,0.8,rest
2301.0,648.891485587698,49.02478596945911,5029.972724330504,25.0,4.12,-0.0,0.8,rest
2302.0,649.8735508772285,49.09794821312804,5029.955248445698,25.0,4.12,-0.0,0.8,rest
2303.0,648.3067387230144,48.98230472022329,5029.980647272845,25.0,4.12,-0.0,0.8,rest
2304.0,648.2956081003945,48.98189689632552,5030.080656137056,25.0,4.12,-0.0,0.8,rest
2305.0,650.4430561033239,49.1413837854314,5029.93904806223,25.0,4.12,-0.0,0.8,rest
2306.0,649.9179933004409,49.10290691114377,5029.959432273338,25.0,4.12,-0.0,0.8,rest
2307.0,650.0847544012455,49.11567625194411,5030.026729593598,25.0,4.12,-0.0,0.8,rest
2308.0,650.5919499767488,49.15366296124065,5029.933505481611,25.0,4.12,-0.0,0.8,rest
2309.0,650.3499836877975,49.136156199096106,5030.037976434275,25.0,4.12,-0.0,0.8,rest
2310.0,649.1136156484979,49.04499004803688,5029.972025999683,25.0,4.12,-0.0,0.8,rest
2311.0,650.0734317827606,49.116504206130415,5029.973286505817,25.0,4.12,-0.0,0.8,rest
2312.0,649.9329297920742,49.10651331793142,5029.921686269978,25.0,4.12,-0.0,0.8,rest
2313.0,649.480029591199,49.07338182157029,5029.979137901471,25.0,4.12,-0.0,0.8,rest
2314.0,649.8754515602394,49.10308900446218,5030.051491209284,25.0,4.12,-0.0,0.8,rest
2315.0,649.6345839759038,49.08566362784472,5029.98137916498,25.0,4.12,-0.0,0.8,rest
2316.0,649.3508911623578,49.065066012026506,5030.013925922168,25.0,4.12,-0.0,0.8,rest
2317.0,649.665739431503,49.08880477270393,5030.023887611152,25.0,4.12,-0.0,0.8,rest
2318.0,650.2349822725962,49.131387575747866,5030.041334404873,25.0,4.12,-0.0,0.8,rest
2319.0,652.0632253358555,49.267229654507815,5029.965866446763,25.0,4.12,-0.0,0.8,rest
2320.0,649.1830175520014,49.05429759644455,5030.032283020165,25.0,4.12,-0.0,0.8,rest
2321.0,650.5219173594288,49.15389202662436,5030.070198046713,25.0,4.12,-0.0,0.8,rest
2322.0,648.5386712463245,49.007401573801815,5030.006282316389,25.0,4.12,-0.0,0.8,rest
2323.0,651.5900248225022,49.23384443129646,5029.959177435367,25.0,4.12,-0.0,0.8,rest
2324.0,649.6666246716633,49.0917870127158,5029.998874730639,25.0,4.12,-0.0,0.8,rest
2325.0,650.1388756584688,49.12718523396065,5029.937046363551,25.0,4.12,-0.0,0.8,rest
2326.0,651.2774191824531,49.21193845795949,5030.024716192508,25.0,4.12,-0.0,0.8,rest
2327.0,650.9876771429401,49.190892751328896,5029.93359882133,25.0,4.12,-0.0,0.8,rest
2328.0,648.5081406194105,49.00764004588226,5029.980024808877,25.0,4.12,-0.0,0.8,rest
2329.0,650.5551928698769,49.15969021258348,5030.039492545205,25.0,4.12,-0.0,0.8,rest
2330.0,649.7726077229248,49.10213760910554,5029.943156230078,25.0,4.12,-0.0,0.8,rest
2331.0,650.6191235485453,49.165259151744095,5029.986449963192,25.0,4.12,-0.0,0.8,rest
2332.0,650.1523843877018,49.13110254723717,5030.044018072016,25.0,4.12,-0.0,0.8,rest
2333.0,650.7360392732863,49.17475290913232,5029.938392851248,25.0,4.12,-0.0,0.8,rest
2334.0,650.2919556385104,49.14227449174152,5029.97844910453,25.0,4.12,-0.0,0.8,rest
2335.0,649.8601456683742,49.11070523469439,5029.992613923198,25.0,4.12,-0.0,0.8,rest
2336.0,651.1769789888757,49.20866511028709,5029.931946899807,25.0,4.12,-0.0,0.8,rest
2337.0,648.4559534201513,49.007524327418615,5030.020023138844,25.0,4.12,-0.0,0.8,rest
2338.0,649.5669399215902,49.09023629048817,5030.04589553145,25.0,4.12,-0.0,0.8,rest
2339.0,649.0444009886427,49.05194636952909,5030.039864227852,25.0,4.12,-0.0,0.8,rest
2340.0,649.8561284575128,49.112490996852806,5029.960551690143,25.0,4.12,-0.0,0.8,rest
2341.0,649.570057269604,49.09171720515585,5030.055028780653,25.0,4.12,-0.0,0.8,rest
2342.0,649.8519520046463,49.11301496330713,5030.0353628593375,25.0,4.12,-0.0,0.8,rest
2343.0,649.5095618016472,49.088069392714615,5029.992285813763,25.0,4.12,-0.0,0.8,rest
2344.0,649.5304019927972,49.09002977724424,5030.027439829515,25.0,4.12,-0.0,0.8,rest
2345.0,648.3559483900657,49.003449880745606,5029.982534146403,25.0,4.12,-0.0,0.8,rest
2346.0,649.9623305005326,49.12285781485427,5030.007651275601,25.0,4.12,-0.0,0.8,rest
2347.0,650.3083049095236,49.148902215520266,5030.052402313651,25.0,4.12,-0.0,0.8,rest
2348.0,649.4036471802746,49.08230719853886,5030.016973922703,25.0,4.12,-0.0,0.8,rest
2349.0,649.343062438309,49.0782361065414,5030.0592336737045,25.0,4.12,-0.0,0.8,rest
2350.0,649.3554235307569,49.07956840968569,5029.981601947292,25.0,4.12,-0.0,0.8,rest
2351.0,651.6790409035152,49.252104881741865,5029.995247929041,25.0,4.12,-0.0,0.8,rest
2352.0,650.188017802551,49.14207539278156,5029.956813049506,25.0,4.12,-0.0,0.8,rest
2353.0,650.3877396400476,49.15728626963315,5030.006302485052,25.0,4.12,-0.0,0.8,rest
2354.0,649.6995942814282,49.10672920603172,5030.019302625968,25.0,4.12,-0.0,0.8,rest
2355.0,649.5000549232396,49.09236517949923,5029.881427137529,25.0,4.12,-0.0,0.8,rest
2356.0,649.1214204602137,49.06473484890472,5029.933039514208,25.0,4.12,-0.0,0.8,rest
2357.0,651.5421277906365,49.244463169676784,5030.010206024183,25.0,4.12,-0.0,0.8,rest
2358.0,648.2995697774084,49.0046903538821,5029.987532443582,25.0,4.12,-0.0,0.8,rest
2359.0,650.2999702810984,49.15328483563692,5029.914642662057,25.0,4.12,-0.0,0.8,rest
2360.0,649.9759584313719,49.12970062454606,5029.980041242321,25.0,4.12,-0.0,0.8,rest
2361.0,649.7443777040096,49.11296316325997,5030.072683808119,25.0,4.12,-0.0,0.8,rest
2362.0,648.4335924718852,49.01628462754704,5030.015250900531,25.0,4.12,-0.0,0.8,rest
2363.0,648.7649745692744,49.04124811624254,5029.929922079858,25.0,4.12,-0.0,0.8,rest
2364.0,650.9816647225275,49.20586405352056,5029.990228779362,25.0,4.12,-0.0,0.8,rest
2365.0,649.3062670142913,49.0821771862438,5029.906818935505,25.0,4.12,-0.0,0.8,rest
2366.0,650.8790978295692,49.19909983922735,5029.988669181684,25.0,4.12,-0.0,0.8,rest
2367.0,650.6697286954459,49.18400768114414,5029.977961530354,25.0,4.12,-0.0,0.8,rest
2368.0,650.5793836861117,49.17773212489716,5030.037306827272,25.0,4.12,-0.0,0.8,rest
2369.0,650.7614914886481,49.19163825841838,5029.973381429283,25.0,4.12,-0.0,0.8,rest
2370.0,648.7897334176012,49.04599877167416,5029.954527530587,25.0,4.12,-0.0,0.8,rest
2371.0,649.525940285172,49.10094928038311,5029.999799147681,25.0,4.12,-0.0,0.8,rest
2372.0,650.6786007898297,49.186748206654045,5030.099069929793,25.0,4.12,-0.0,0.8,rest
2373.0,648.737637719366,49.04338983106416,5029.964541101218,25.0,4.12,-0.0,0.8,rest
2374.0,651.6646002769984,49.26061853903692,5030.0309218761495,25.0,4.12,-0.0,0.8,rest
2375.0,649.4403615792254,49.09627678364633,5029.957664888033,25.0,4.12,-0.0,0.8,rest
2376.0,649.935688662431,49.13338434536526,5029.953284547292,25.0,4.12,-0.0,0.8,rest
2377.0,648.9748740421213,49.06262955867566,5030.011684689369,25.0,4.12,-0.0,0.8,rest
2378.0,650.3658087917424,49.16607842901796,5029.979557989619,25.0,4.12,-0.0,0.8,rest
2379.0,649.2661930019875,49.0850420742213,5030.035003010733,25.0,4.12,-0.0,0.8,rest
2380.0,649.7574976576633,49.12185167834543,5030.028403394994,25.0,4.12,-0.0,0.8,rest
2381.0,648.8612767138637,49.05588160843436,5030.031519885813,25.0,4.12,-0.0,0.8,rest
2382.0,651.1917567259536,49.22892642414471,5029.998596408952,25.0,4.12,-0.0,0.8,rest
2383.0,648.3673732098003,49.020129497022246,5030.042999203956,25.0,4.12,-0.0,0.8,rest
2384.0,650.4511191704033,49.17489771632617,5029.999551093643,25.0,4.12,-0.0,0.8,rest
2385.0,650.2370701554166,49.159458900401226,5030.027566457652,25.0,4.12,-0.0,0.8,rest
2386.0,650.4377991401279,49.17474438075021,5029.917159647699,25.0,4.12,-0.0,0.8,rest
2387.0,648.9793476790079,49.067127605852434,5029.999582599478,25.0,4.12,-0.0,0.8,rest
2388.0,651.0337407796807,49.21972153923561,5030.007305546668,25.0,4.12,-0.0,0.8,rest
2389.0,650.9643871376528,49.21500089908539,5030.023833300481,25.0,4.12,-0.0,0.8,rest
2390.0,650.1595814507601,49.15580232968593,5029.998970164816,25.0,4.12,-0.0,0.8,rest
2391.0,650.3126617481986,49.167558277644346,5030.033727733732,25.0,4.12,-0.0,0.8,rest
2392.0,649.8426407591385,49.133158574751,5029.97217688192,25.0,4.12,-0.0,0.8,rest
2393.0,650.6430504577864,49.19286484872492,5029.9526464817945,25.0,4.12,-0.0,0.8,rest
2394.0,649.178800853412,49.08481858173423,5030.007554288822,25.0,4.12,-0.0,0.8,rest
2395.0,650.5548562711367,49.18716527934346,5029.987336637788,25.0,4.12,-0.0,0.8,rest
2396.0,650.4063264472423,49.17657973683277,5030.002670459635,25.0,4.12,-0.0,0.8,rest
2397.0,648.5899715690985,49.042451597711,5029.914732661563,25.0,4.12,-0.0,0.8,rest
2398.0,647.3759495207488,48.95294070524066,5029.932006579992,25.0,4.12,-0.0,0.8,rest
2399.0,649.8827700695375,49.1390477829287,5030.068434577863,25.0,4.12,-0.0,0.8,rest
2400.0,649.8384399494489,49.63618073699622,5030.034838292081,25.0,4.102,5.0,0.8,discharge
2401.0,651.0791620009603,49.728502740811884,5029.991107576813,25.0,4.10175,5.0,0.7997222222222222,discharge
2402.0,649.7798190285293,49.63267177989106,5030.017592395398,25.0,4.101500000000001,5.0,0.7994444444444445,discharge
2403.0,649.0855357179507,49.581660053181544,5029.918490536816,25.0,4.10125,5.0,0.7991666666666667,discharge
2404.0,648.0846460145744,49.50793674182033,5029.945671519995,25.0,4.101,5.0,0.798888888888889,discharge
2405.0,649.2172918732495,49.592253101722186,5029.840187137121,25.0,4.100750000000001,5.0,0.7986111111111112,discharge
2406.0,648.5828287850868,49.54567250259902,5029.94070930944,25.0,4.1005,5.0,0.7983333333333333,discharge
2407.0,647.9250581013783,49.49736541491692,5029.691581725979,25.0,4.10025,5.0,0.7980555555555556,discharge
2408.0,648.7684722032316,49.56025720023938,5029.77592273711,25.0,4.1000000000000005,5.0,0.7977777777777778,discharge
2409.0,649.8069872324842,49.63760090610994,5029.633168293972,25.0,4.09975,5.0,0.7975000000000001,discharge
2410.0,648.7038736808364,49.556305457839734,5029.733694306365,25.0,4.0995,5.0,0.7972222222222223,discharge
2411.0,647.423159568323,49.46185441246836,5029.736382570395,25.0,4.0992500000000005,5.0,0.7969444444444445,discharge
2412.0,648.6606063256218,49.553933801897905,5029.688550572323,25.0,4.099,5.0,0.7966666666666667,discharge
2413.0,647.0963767443266,49.43848161069086,5029.648794372607,25.0,4.09875,5.0,0.7963888888888889,discharge
2414.0,646.47787793288,49.393083550583704,5029.614818638742,25.0,4.0985000000000005,5.0,0.7961111111111111,discharge
2415.0,648.4109210535988,49.53668859656288,5029.56593934821,25.0,4.09825,5.0,0.7958333333333334,discharge
2416.0,647.2274268252221,49.44943902409052,5029.529710138692,25.0,4.098,5.0,0.7955555555555556,discharge
2417.0,648.7524598266841,49.5628210982729,5029.538003574844,25.0,4.0977500000000004,5.0,0.7952777777777779,discharge
2418.0,647.8110225562502,49.493501670833346,5029.510245589646,25.0,4.0975,5.0,0.795,discharge
2419.0,646.5546908668018,49.40085673087421,5029.546358810765,25.0,4.09725,5.0,0.7947222222222222,discharge
2420.0,647.4415275082716,49.46696500061272,5029.462288564289,25.0,4.097,5.0,0.7944444444444445,discharge
2421.0,648.3788483274726,49.53681283907204,5029.446231156557,25.0,4.09675,5.0,0.7941666666666667,discharge
2422.0,646.7557308648019,49.41699858257792,5029.406597235625,25.0,4.0965,5.0,0.793888888888889,discharge
2423.0,645.7444248343854,49.342503691435965,5029.333704160207,25.0,4.09625,5.0,0.7936111111111112,discharge
2424.0,646.0052089338301,49.36223769880223,5029.292512110848,25.0,4.096,5.0,0.7933333333333333,discharge
2425.0,645.7147167794611,49.341136428108236,5029.364858228783,25.0,4.09575,5.0,0.7930555555555556,discharge
2426.0,645.2079009741126,49.304011183267605,5029.2230977426525,25.0,4.0955,5.0,0.7927777777777778,discharge
2427.0,644.9575153121938,49.2858807638662,5029.270486996462,25.0,4.09525,5.0,0.7925000000000001,discharge
2428.0,646.5334907609057,49.40303635265969,5029.263134563294,25.0,4.095,5.0,0.7922222222222223,discharge
2429.0,647.0816780822379,49.44405948757318,5029.160800578499,25.0,4.09475,5.0,0.7919444444444445,discharge
2430.0,645.471449784427,49.32519998403163,5029.257240215424,25.0,4.0945,5.0,0.7916666666666667,discharge
2431.0,646.4810267166642,49.40040012716032,5029.165665038154,25.0,4.09425,5.0,0.7913888888888889,discharge
2432.0,646.4637524653443,49.399537219655144,5029.108734822953,25.0,4.094,5.0,0.7911111111111112,discharge
2433.0,647.1006276593163,49.44712982661602,5029.066508064054,25.0,4.09375,5.0,0.7908333333333334,discharge
2434.0,645.0914296853833,49.2987170137321,5029.12946665232,25.0,4.0935,5.0,0.7905555555555556,discharge
2435.0,644.789472516564,49.27676648270844,5028.96031208478,25.0,4.09325,5.0,0.7902777777777779,discharge
2436.0,645.4212461085192,49.32398119322365,5029.02353370064,25.0,4.093,5.0,0.79,discharge
2437.0,644.9586879285042,49.29013429100031,5028.95738403673,25.0,4.09275,5.0,0.7897222222222222,discharge
2438.0,645.0242592925129,49.29540809574169,5029.020324059469,25.0,4.0925,5.0,0.7894444444444445,discharge
2439.0,645.8798917893366,49.35920494735827,5028.926306587406,25.0,4.09225,5.0,0.7891666666666667,discharge
2440.0,644.0151734837865,49.22149433213233,5028.868173464977,25.0,4.0920000000000005,5.0,0.788888888888889,discharge
2441.0,644.5220936530984,49.25946064097026,5028.9194038719,25.0,4.09175,5.0,0.7886111111111112,discharge
2442.0,643.1854273524427,49.16086498906983,5028.814631303802,25.0,4.0915,5.0,0.7883333333333333,discharge
2443.0,643.8683411176565,49.21186786056715,5028.871311159294,25.0,4.0912500000000005,5.0,0.7880555555555556,discharge
2444.0,643.2155796842709,49.16393182846451,5028.815704099619,25.0,4.091,5.0,0.7877777777777778,discharge
2445.0,642.9924575467505,49.14782092938893,5028.766606082672,25.0,4.09075,5.0,0.7875000000000001,discharge
2446.0,643.3913964027482,49.1777886224258,5028.770742348801,25.0,4.0905000000000005,5.0,0.7872222222222223,discharge
2447.0,643.0256689682373,49.151114368017566,5028.676571666349,25.0,4.09025,5.0,0.7869444444444444,discharge
2448.0,643.7049096419917,49.20184515866605,5028.699727017114,25.0,4.09,5.0,0.7866666666666667,discharge
2449.0,643.9982799737253,49.22399296101669,5028.615480336563,25.0,4.08975,5.0,0.7863888888888889,discharge
2450.0,641.5631931060457,49.044032822670054,5028.626311247316,25.0,4.0895,5.0,0.7861111111111112,discharge
2451.0,643.9200252264266,49.21902964640197,5028.521592057771,25.0,4.08925,5.0,0.7858333333333334,discharge
2452.0,640.5514207224298,48.96992005351332,5028.618118242997,25.0,4.089,5.0,0.7855555555555556,discharge
2453.0,642.8863413409172,49.1432938030309,5028.4313431102,25.0,4.08875,5.0,0.7852777777777779,discharge
2454.0,643.2102939772082,49.167706961274675,5028.442175343946,25.0,4.0885,5.0,0.785,discharge
2455.0,641.710398085863,49.05702022858245,5028.49224794072,25.0,4.08825,5.0,0.7847222222222223,discharge
2456.0,641.9931225539914,49.07837944844381,5028.451957964919,25.0,4.088,5.0,0.7844444444444445,discharge
2457.0,641.3015613441077,49.02756935882279,5028.459410745358,25.0,4.08775,5.0,0.7841666666666667,discharge
2458.0,642.8391953972432,49.141884844240245,5028.31412163657,25.0,4.0875,5.0,0.783888888888889,discharge
2459.0,638.6333879638546,48.830760219544786,5028.335380723709,25.0,4.08725,5.0,0.7836111111111111,discharge
2460.0,640.6954607305137,48.98392301707509,5028.349158679078,25.0,4.087,5.0,0.7833333333333333,discharge
2461.0,639.5907851512746,48.90251186305738,5028.29158258081,25.0,4.08675,5.0,0.7830555555555556,discharge
2462.0,641.577285494523,49.050076703298004,5028.278325371886,25.0,4.0865,5.0,0.7827777777777778,discharge
2463.0,642.549218555383,49.12248841150987,5028.27240720058,25.0,4.086250000000001,5.0,0.7825000000000001,discharge
2464.0,642.3026883825019,49.10464358388903,5028.223791674438,25.0,4.086,5.0,0.7822222222222223,discharge
2465.0,641.6403732498106,49.055999870356345,5028.146607666341,25.0,4.08575,5.0,0.7819444444444444,discharge
2466.0,641.0815597175279,49.015022942039096,5028.081302346305,25.0,4.085500000000001,5.0,0.7816666666666667,discharge
2467.0,639.9283827446678,48.93001909219762,5028.1103226291825,25.0,4.08525,5.0,0.7813888888888889,discharge
2468.0,641.7739684738597,49.06714581287851,5028.055776102537,25.0,4.085,5.0,0.7811111111111112,discharge
2469.0,641.0399807952839,49.01319302187289,5027.997027228639,25.0,4.0847500000000005,5.0,0.7808333333333334,discharge
2470.0,639.4334720211071,48.89460903860052,5028.080905773061,25.0,4.0845,5.0,0.7805555555555556,discharge
2471.0,638.8593242141851,48.85249623808778,5028.074218504154,25.0,4.08425,5.0,0.7802777777777778,discharge
2472.0,639.3713240858799,48.89083882117629,5027.99212968947,25.0,4.0840000000000005,5.0,0.78,discharge
2473.0,640.9429241169238,49.007670304957315,5028.040263876195,25.0,4.08375,5.0,0.7797222222222223,discharge
2474.0,640.9730825540494,49.010320929929584,5028.009757646044,25.0,4.0835,5.0,0.7794444444444445,discharge
2475.0,641.1991288469866,49.027481766443444,5027.941055087321,25.0,4.0832500000000005,5.0,0.7791666666666667,discharge
2476.0,638.6690219327115,48.84048310612678,5027.79770273905,25.0,4.083,5.0,0.778888888888889,discharge
2477.0,638.9456990566756,48.86139437456857,5027.849541462905,25.0,4.08275,5.0,0.7786111111111111,discharge
2478.0,640.5493707931931,48.98060154023652,5027.904891181791,25.0,4.0825000000000005,5.0,0.7783333333333334,discharge
2479.0,639.2478329327198,48.88460799501629,5027.780871488381,25.0,4.08225,5.0,0.7780555555555556,discharge
2480.0,639.6531100853877,48.91504519151019,5027.821271970784,25.0,4.082,5.0,0.7777777777777778,discharge
2481.0,637.4290527042486,48.75071686698138,5027.782151263315,25.0,4.08175,5.0,0.7775000000000001,discharge
2482.0,638.2417191036354,48.81133104471375,5027.69205458694,25.0,4.0815,5.0,0.7772222222222223,discharge
2483.0,638.4564332398138,48.827652462208434,5027.668083357681,25.0,4.08125,5.0,0.7769444444444444,discharge
2484.0,637.9794171627294,48.79273460464664,5027.679901113653,25.0,4.081,5.0,0.7766666666666667,discharge
2485.0,637.7807137747996,48.778432501836996,5027.571122332354,25.0,4.08075,5.0,0.7763888888888889,discharge
2486.0,636.4232155142137,48.6782937417936,5027.619366353341,25.0,4.0805,5.0,0.7761111111111112,discharge
2487.0,639.5477708367158,48.91015895086783,5027.586602108185,25.0,4.08025,5.0,0.7758333333333334,discharge
2488.0,637.9267630760543,48.79050096859661,5027.52381524495,25.0,4.08,5.0,0.7755555555555556,discharge
2489.0,636.185583097774,48.66194134057586,5027.501737304579,25.0,4.07975,5.0,0.7752777777777778,discharge
2490.0,638.5807536022317,48.83977804460975,5027.434884839862,25.0,4.0795,5.0,0.775,discharge
2491.0,637.4335451042581,48.75521630401912,5027.384770882292,25.0,4.07925,5.0,0.7747222222222223,discharge
2492.0,637.946044280249,48.793595872611036,5027.390447814831,25.0,4.079,5.0,0.7744444444444445,discharge
2493.0,636.8991711878654,48.71646638428632,5027.530513173668,25.0,4.07875,5.0,0.7741666666666667,discharge
2494.0,636.171479098862,48.66297993324905,5027.387828776723,25.0,4.0785,5.0,0.773888888888889,discharge
2495.0,636.0582054826452,48.655005961677425,5027.362221774911,25.0,4.07825,5.0,0.7736111111111111,discharge
2496.0,637.0226979574322,48.72686651536535,5027.310937706359,25.0,4.078,5.0,0.7733333333333334,discharge
2497.0,637.3159693962924,48.74900699231796,5027.32368282712,25.0,4.07775,5.0,0.7730555555555556,discharge
2498.0,636.8930123724912,48.71809350907342,5027.347781353392,25.0,4.0775,5.0,0.7727777777777778,discharge
2499.0,636.9108067084169,48.71982827469755,5027.223784099716,25.0,4.07725,5.0,0.7725000000000001,discharge
2500.0,637.3310269693528,48.751372368100206,5027.203587932092,25.0,4.077,5.0,0.7722222222222223,discharge
2501.0,636.2778505711035,48.67377596822989,5027.221255703057,25.0,4.0767500000000005,5.0,0.7719444444444445,discharge
2502.0,636.8574467654885,48.71712568633248,5027.181155402949,25.0,4.0765,5.0,0.7716666666666667,discharge
2503.0,636.8239205632976,48.715058930614646,5027.169603863047,25.0,4.07625,5.0,0.7713888888888889,discharge
2504.0,635.8721790917836,48.644976229021005,5027.005438760833,25.0,4.0760000000000005,5.0,0.7711111111111112,discharge
2505.0,635.3666621565723,48.60794719678314,5027.046591612234,25.0,4.07575,5.0,0.7708333333333334,discharge
2506.0,634.8708862470291,48.57163972200217,5027.153399096831,25.0,4.0755,5.0,0.7705555555555557,discharge
2507.0,633.9653564455953,48.50498010708113,5026.9923290396655,25.0,4.0752500000000005,5.0,0.7702777777777778,discharge
2508.0,633.4738275918605,48.46898722902671,5027.029031419856,25.0,4.075,5.0,0.77,discharge
2509.0,636.2067090519431,48.671839559403196,5027.035349696509,25.0,4.07475,5.0,0.7697222222222223,discharge
2510.0,634.7431836525216,48.56384693722382,5026.981838274578,25.0,4.0745000000000005,5.0,0.7694444444444445,discharge
2511.0,634.0701553020506,48.51440965200375,5026.952033380886,25.0,4.07425,5.0,0.7691666666666667,discharge
2512.0,636.0587456806994,48.66212930968143,5026.857958774314,25.0,4.074,5.0,0.768888888888889,discharge
2513.0,635.3149074272951,48.6074468464663,5026.749440082078,25.0,4.07375,5.0,0.7686111111111111,discharge
2514.0,634.2657188573276,48.53014584128352,5026.823263274168,25.0,4.0735,5.0,0.7683333333333334,discharge
2515.0,635.0742416259775,48.59045308340575,5026.838259623797,25.0,4.07325,5.0,0.7680555555555556,discharge
2516.0,633.7410470703526,48.4921145978039,5026.782414695048,25.0,4.073,5.0,0.7677777777777778,discharge
2517.0,634.1536219166504,48.52309236419632,5026.766008515457,25.0,4.07275,5.0,0.7675000000000001,discharge
2518.0,635.4782474139375,48.62162943806945,5026.694624883787,25.0,4.0725,5.0,0.7672222222222222,discharge
2519.0,634.5787692012208,48.555418088979316,5026.663399912613,25.0,4.07225,5.0,0.7669444444444445,discharge
2520.0,633.1089959960665,48.4469626663753,5026.653414959335,25.0,4.072,5.0,0.7666666666666667,discharge
2521.0,633.9389799816583,48.50885962827099,5026.664900458997,25.0,4.07175,5.0,0.7663888888888889,discharge
2522.0,634.2897989234505,48.53526288321856,5026.74313384463,25.0,4.0715,5.0,0.7661111111111112,discharge
2523.0,632.8534294279895,48.4292818094807,5026.587494931485,25.0,4.07125,5.0,0.7658333333333334,discharge
2524.0,632.4164787018581,48.39733175569319,5026.539064252663,25.0,4.071000000000001,5.0,0.7655555555555555,discharge
2525.0,634.5733204790392,48.557514479928834,5026.535730331768,25.0,4.07075,5.0,0.7652777777777778,discharge
2526.0,632.2657036074493,48.38699656351476,5026.5333823750325,25.0,4.0705,5.0,0.765,discharge
2527.0,631.1063783653839,48.30153728632474,5026.493149266616,25.0,4.070250000000001,5.0,0.7647222222222223,discharge
2528.0,632.4343485577886,48.40032211539174,5026.446350228726,25.0,4.07,5.0,0.7644444444444445,discharge
2529.0,634.4460081236625,48.549750601752784,5026.383650808897,25.0,4.06975,5.0,0.7641666666666667,discharge
2530.0,632.6544849044999,48.41746184477777,5026.37469779807,25.0,4.069500000000001,5.0,0.763888888888889,discharge
2531.0,632.849572892434,48.43232947351363,5026.407063565084,25.0,4.06925,5.0,0.7636111111111111,discharge
2532.0,629.5911488699963,48.191381397777505,5026.383238090853,25.0,4.069,5.0,0.7633333333333334,discharge
2533.0,631.0741012893832,48.301646391806166,5026.253730927076,25.0,4.0687500000000005,5.0,0.7630555555555556,discharge
2534.0,632.7007305007613,48.42255411116751,5026.321804914635,25.0,4.0685,5.0,0.7627777777777778,discharge
2535.0,630.9572874198922,48.29382684591794,5026.19978070631,25.0,4.06825,5.0,0.7625000000000001,discharge
2536.0,632.5429258123902,48.4116982083252,5026.33110673542,25.0,4.0680000000000005,5.0,0.7622222222222222,discharge
2537.0,631.5678485250463,48.339886927781215,5026.2193569008305,25.0,4.06775,5.0,0.7619444444444445,discharge
2538.0,631.3522497052838,48.32433331150251,5026.21524691127,25.0,4.0675,5.0,0.7616666666666667,discharge
2539.0,632.5000450386076,48.40977185471168,5026.138249749975,25.0,4.0672500000000005,5.0,0.7613888888888889,discharge
2540.0,630.179114088373,48.23826771024985,5026.120075964304,25.0,4.067,5.0,0.7611111111111112,discharge
2541.0,630.0774338049264,48.231152504068625,5026.159435019833,25.0,4.06675,5.0,0.7608333333333334,discharge
2542.0,630.5151634269233,48.263993587179506,5025.953432350256,25.0,4.0665000000000004,5.0,0.7605555555555557,discharge
2543.0,630.4901183398731,48.26255506221282,5026.010067041148,25.0,4.06625,5.0,0.7602777777777778,discharge
2544.0,628.43560564652,48.11078560344592,5026.06839288244,25.0,4.066,5.0,0.76,discharge
2545.0,631.2243668989352,48.31777717769889,5025.951085788575,25.0,4.06575,5.0,0.7597222222222223,discharge
2546.0,630.0850528175165,48.23380020870493,5025.950958879623,25.0,4.0655,5.0,0.7594444444444445,discharge
2547.0,629.5520585878468,48.19473582132198,5025.872172527762,25.0,4.06525,5.0,0.7591666666666668,discharge
2548.0,630.2007923635213,48.243206841742314,5025.9587987467885,25.0,4.065,5.0,0.758888888888889,discharge
2549.0,629.0449811552298,48.158007863350356,5025.769972984371,25.0,4.06475,5.0,0.7586111111111111,discharge
2550.0,630.51025332612,48.26696320934223,5025.712461087551,25.0,4.0645,5.0,0.7583333333333334,discharge
2551.0,629.2291960903434,48.17248674743285,5025.814062396243,25.0,4.06425,5.0,0.7580555555555556,discharge
2552.0,629.746841339775,48.21124750665,5025.7973409553015,25.0,4.064,5.0,0.7577777777777778,discharge
2553.0,628.0004490113872,48.08230177862128,5025.719873060746,25.0,4.06375,5.0,0.7575000000000001,discharge
2554.0,628.4695546941228,48.11746701437948,5025.628701150745,25.0,4.0635,5.0,0.7572222222222222,discharge
2555.0,628.9797693905139,48.15567736226029,5025.70581760132,25.0,4.06325,5.0,0.7569444444444445,discharge
2556.0,627.522614330915,48.04815661710481,5025.663728425771,25.0,4.063,5.0,0.7566666666666667,discharge
2557.0,627.6683007796529,48.05936487256689,5025.635566418966,25.0,4.06275,5.0,0.7563888888888889,discharge
2558.0,628.1357637354517,48.09440842484828,5025.573351623475,25.0,4.0625,5.0,0.7561111111111112,discharge
2559.0,629.160749741892,48.17074998088089,5025.547606414223,25.0,4.06225,5.0,0.7558333333333334,discharge
2560.0,628.6696309122078,48.13478747497836,5025.608670363371,25.0,4.062,5.0,0.7555555555555556,discharge
2561.0,628.6730638986971,48.135458436940525,5025.572769541237,25.0,4.06175,5.0,0.7552777777777778,discharge
2562.0,627.9328516458642,48.08104456636031,5025.501450143537,25.0,4.0615,5.0,0.755,discharge
2563.0,628.3916982174852,48.11544986796187,5025.4792000558855,25.0,4.06125,5.0,0.7547222222222223,discharge
2564.0,628.8909239111483,48.15284621564062,5025.479831567494,25.0,4.061,5.0,0.7544444444444445,discharge
2565.0,627.3789742272353,48.04126660942483,5025.50179272809,25.0,4.0607500000000005,5.0,0.7541666666666668,discharge
2566.0,627.5066616225987,48.051141601673976,5025.286350755349,25.0,4.0605,5.0,0.7538888888888889,discharge
2567.0,627.5156315943718,48.05222271069421,5025.415254384339,25.0,4.06025,5.0,0.7536111111111111,discharge
2568.0,624.7906427037525,47.850788348426114,5025.324210390878,25.0,4.0600000000000005,5.0,0.7533333333333334,discharge
2569.0,626.5529449228293,47.981745920209576,5025.257165225626,25.0,4.05975,5.0,0.7530555555555556,discharge
2570.0,626.9305539260307,48.01013362415043,5025.262096969143,25.0,4.0595,5.0,0.7527777777777778,discharge
2571.0,627.12678593001,48.02508599481556,5025.264702733546,25.0,4.0592500000000005,5.0,0.7525000000000001,discharge
2572.0,625.9120779081748,47.935524289494424,5025.204790025344,25.0,4.059,5.0,0.7522222222222222,discharge
2573.0,627.0684824514808,48.021600551961534,5025.194732156978,25.0,4.05875,5.0,0.7519444444444445,discharge
2574.0,625.3134342218771,47.89201364606497,5025.16425738469,25.0,4.0585,5.0,0.7516666666666667,discharge
2575.0,625.6371995219132,47.91641292754913,5025.093488808834,25.0,4.05825,5.0,0.7513888888888889,discharge
2576.0,627.3562559643087,48.04416710846731,5025.118146524333,25.0,4.058,5.0,0.7511111111111112,discharge
2577.0,624.1828682476844,47.809518018347,5025.080087870068,25.0,4.05775,5.0,0.7508333333333334,discharge
2578.0,625.3133373345368,47.89367313589161,5025.057748024837,25.0,4.0575,5.0,0.7505555555555556,discharge
2579.0,625.1035662017397,47.87855120012886,5025.0539140091505,25.0,4.05725,5.0,0.7502777777777778,discharge
2580.0,625.0198100165495,47.87276370492959,5025.023752161435,25.0,4.057,5.0,0.75,discharge
2581.0,624.4357484117526,47.829916549018705,5024.9689431194165,25.0,4.05675,5.0,0.7497222222222223,discharge
2582.0,625.4776642206657,47.90751216449376,5024.960184771408,25.0,4.0565,5.0,0.7494444444444445,discharge
2583.0,623.6175279791858,47.77014096142116,5024.950689464343,25.0,4.05625,5.0,0.7491666666666668,discharge
2584.0,623.2257106655234,47.7415341233721,5024.90274275306,25.0,4.056,5.0,0.7488888888888889,discharge
2585.0,624.8852479280204,47.86487947614965,5024.925092316858,25.0,4.055750000000001,5.0,0.7486111111111111,discharge
2586.0,623.0724960703855,47.73101822743596,5024.798653794095,25.0,4.0555,5.0,0.7483333333333334,discharge
2587.0,624.497572634078,47.83699612104281,5024.759976709863,25.0,4.05525,5.0,0.7480555555555556,discharge
2588.0,624.0036428040665,47.80082539289382,5024.682816958745,25.0,4.055000000000001,5.0,0.7477777777777779,discharge
2589.0,623.1560746551,47.73845923371111,5024.783844643974,25.0,4.05475,5.0,0.7475,discharge
2590.0,623.3559683356074,47.753682839674624,5024.706886625116,25.0,4.0545,5.0,0.7472222222222222,discharge
2591.0,623.4608366051721,47.76186752630905,5024.67697656588,25.0,4.054250000000001,5.0,0.7469444444444445,discharge
2592.0,623.8673655088267,47.79239744509827,5024.740180197819,25.0,4.054,5.0,0.7466666666666667,discharge
2593.0,622.6458711470165,47.702333047927155,5024.6835319004385,25.0,4.05375,5.0,0.746388888888889,discharge
2594.0,622.9265358788773,47.72353969473166,5024.594802460119,25.0,4.0535000000000005,5.0,0.7461111111111112,discharge
2595.0,621.5638236606826,47.623014715606125,5024.570837910001,25.0,4.05325,5.0,0.7458333333333333,discharge
2596.0,622.5796729986797,47.698679481383685,5024.566133608832,25.0,4.053,5.0,0.7455555555555556,discharge
2597.0,620.7955708643342,47.566940434395114,5024.585799522274,25.0,4.0527500000000005,5.0,0.7452777777777778,discharge
2598.0,622.5251363086079,47.695473059896884,5024.497010215967,25.0,4.0525,5.0,0.7450000000000001,discharge
2599.0,621.9744116780118,47.65509530948236,5024.479610723241,25.0,4.05225,5.0,0.7447222222222223,discharge
2600.0,624.3794145451764,47.83366033667973,5024.356642954704,25.0,4.0520000000000005,5.0,0.7444444444444445,discharge
2601.0,623.4305611412263,47.76379156601677,5024.440458214534,25.0,4.05175,5.0,0.7441666666666668,discharge
2602.0,621.8555098406761,47.647537765976004,5024.378595323425,25.0,4.0515,5.0,0.7438888888888889,discharge
2603.0,622.8118165838746,47.7187919691759,5024.30692817036,25.0,4.0512500000000005,5.0,0.7436111111111111,discharge
2604.0,622.0066367805224,47.65956568744611,5024.255969059063,25.0,4.051,5.0,0.7433333333333334,discharge
2605.0,620.4352403841365,47.54358262104715,5024.337910320655,25.0,4.05075,5.0,0.7430555555555556,discharge
2606.0,619.0182123916022,47.4390342512298,5024.202232008068,25.0,4.0505,5.0,0.7427777777777779,discharge
2607.0,622.4074799770838,47.690507776080274,5024.36199237443,25.0,4.05025,5.0,0.7425,discharge
2608.0,621.5478450387727,47.62724778064984,5024.113506477045,25.0,4.05,5.0,0.7422222222222222,discharge
2609.0,619.0638742119463,47.44366660829232,5024.1677412258105,25.0,4.04975,5.0,0.7419444444444445,discharge
2610.0,621.5135735170475,47.62554248274426,5024.087734231953,25.0,4.0495,5.0,0.7416666666666667,discharge
2611.0,621.6494168597213,47.63602161923862,5024.1138569007435,25.0,4.04925,5.0,0.741388888888889,discharge
2612.0,619.9132285113476,47.507831741581306,5024.184366385215,25.0,4.049,5.0,0.7411111111111112,discharge
2613.0,621.2453779912789,47.60692614750215,5024.036476753198,25.0,4.04875,5.0,0.7408333333333333,discharge
2614.0,618.5967568168729,47.4111486531017,5023.967505013696,25.0,4.0485,5.0,0.7405555555555556,discharge
2615.0,619.9568997652391,47.51231664927696,5024.047398229054,25.0,4.04825,5.0,0.7402777777777778,discharge
2616.0,620.0709771672673,47.521183493871646,5024.033714639343,25.0,4.048,5.0,0.74,discharge
2617.0,620.6776759140307,47.566540808446724,5023.978915960591,25.0,4.04775,5.0,0.7397222222222223,discharge
2618.0,620.154389039646,47.52819548441823,5023.851987276236,25.0,4.0475,5.0,0.7394444444444445,discharge
2619.0,619.8387405879126,47.50523078428983,5023.937734240283,25.0,4.04725,5.0,0.7391666666666667,discharge
2620.0,620.0322635879828,47.51998248799874,5023.832634283063,25.0,4.047,5.0,0.7388888888888889,discharge
2621.0,618.683558052624,47.420495040935116,5023.853789804909,25.0,4.04675,5.0,0.7386111111111111,discharge
2622.0,620.675496434672,47.56846269886459,5023.917911779442,25.0,4.0465,5.0,0.7383333333333334,discharge
2623.0,618.717839492567,47.42386774019015,5023.746747694074,25.0,4.04625,5.0,0.7380555555555556,discharge
2624.0,619.7122572599292,47.49794498221698,5023.833909610352,25.0,4.046,5.0,0.7377777777777779,discharge
2625.0,618.775350030622,47.428961113379415,5023.770393322741,25.0,4.04575,5.0,0.7375,discharge
2626.0,618.3936703779957,47.40110521318488,5023.641669992436,25.0,4.0455,5.0,0.7372222222222222,discharge
2627.0,619.0857325426516,47.45278574390013,5023.790957763831,25.0,4.04525,5.0,0.7369444444444445,discharge
2628.0,618.8071982558305,47.43257024117264,5023.611533601875,25.0,4.045,5.0,0.7366666666666667,discharge
2629.0,619.5645876339901,47.489089824740006,5023.6308550175845,25.0,4.0447500000000005,5.0,0.736388888888889,discharge
2630.0,619.1564699043198,47.459275548468135,5023.587184277116,25.0,4.0445,5.0,0.7361111111111112,discharge
2631.0,617.3764213206687,47.32783676449398,5023.626996626904,25.0,4.04425,5.0,0.7358333333333333,discharge
2632.0,618.3057863496695,47.3970952851607,5023.519346267276,25.0,4.0440000000000005,5.0,0.7355555555555556,discharge
2633.0,617.7681234079737,47.35768506725731,5023.46902511772,25.0,4.04375,5.0,0.7352777777777778,discharge
2634.0,616.7316842967075,47.28132846642278,5023.558175921336,25.0,4.0435,5.0,0.7350000000000001,discharge
2635.0,616.2879588404242,47.24887658077216,5023.44848343938,25.0,4.0432500000000005,5.0,0.7347222222222223,discharge
2636.0,617.5034797946399,47.33933183664,5023.458017587816,25.0,4.043,5.0,0.7344444444444445,discharge
2637.0,616.5749377021075,47.270967607563534,5023.435593085625,25.0,4.04275,5.0,0.7341666666666667,discharge
2638.0,615.5842393980827,47.19799921467279,5023.436620496132,25.0,4.0425,5.0,0.7338888888888889,discharge
2639.0,616.736659916326,47.283780364172294,5023.346940886972,25.0,4.04225,5.0,0.7336111111111112,discharge
2640.0,616.9130732947934,47.29726468850322,5023.3128840162235,25.0,4.042,5.0,0.7333333333333334,discharge
2641.0,616.6522406136236,47.27836041582397,5023.2990366252525,25.0,4.04175,5.0,0.7330555555555556,discharge
2642.0,615.209157889618,47.171882065897634,5023.26504558924,25.0,4.0415,5.0,0.7327777777777779,discharge
2643.0,615.6945935059914,47.208256926369735,5023.276407405487,25.0,4.04125,5.0,0.7325,discharge
2644.0,617.503099325319,47.34263698706067,5023.211690278339,25.0,4.041,5.0,0.7322222222222222,discharge
2645.0,615.2258184646755,47.174366182568555,5023.141908440405,25.0,4.04075,5.0,0.7319444444444445,discharge
2646.0,615.5292623312699,47.19726017268666,5023.12475069227,25.0,4.040500000000001,5.0,0.7316666666666667,discharge
2647.0,618.0207219125682,47.382229400930974,5023.140490759105,25.0,4.04025,5.0,0.731388888888889,discharge
2648.0,615.9251899600876,47.22742147852501,5023.1162286639965,25.0,4.04,5.0,0.7311111111111112,discharge
2649.0,614.9353849031744,47.154519252086985,5023.056203581871,25.0,4.039750000000001,5.0,0.7308333333333333,discharge
2650.0,613.3537100382129,47.0377748176454,5023.0383744814435,25.0,4.0395,5.0,0.7305555555555556,discharge
2651.0,615.4662982677054,47.19467950131151,5023.033546654503,25.0,4.03925,5.0,0.7302777777777778,discharge
2652.0,613.6290742563799,47.05900550047258,5023.011523043756,25.0,4.039000000000001,5.0,0.7300000000000001,discharge
2653.0,614.8526877741597,47.150060205493304,5022.942838641769,25.0,4.03875,5.0,0.7297222222222223,discharge
2654.0,613.8716565589506,47.0778078932556,5022.910446353633,25.0,4.0385,5.0,0.7294444444444445,discharge
2655.0,612.9250925097795,47.00810870442811,5022.972981482137,25.0,4.038250000000001,5.0,0.7291666666666667,discharge
2656.0,616.1107323702533,47.24449869409284,5022.835077256829,25.0,4.038,5.0,0.7288888888888889,discharge
2657.0,614.2121895897419,47.1042825622031,5022.8562079644125,25.0,4.03775,5.0,0.7286111111111112,discharge
2658.0,615.0975445481156,47.170281077638194,5022.847655521931,25.0,4.0375000000000005,5.0,0.7283333333333334,discharge
2659.0,614.7776539274148,47.14700214277146,5022.773879135315,25.0,4.03725,5.0,0.7280555555555556,discharge
2660.0,613.1687747911258,47.02824257712043,5022.810996063744,25.0,4.037,5.0,0.7277777777777779,discharge
2661.0,613.8483344314221,47.07899699492015,5022.695711329764,25.0,4.0367500000000005,5.0,0.7275,discharge
2662.0,613.2629477542972,47.0360516855035,5022.777173918012,25.0,4.0365,5.0,0.7272222222222222,discharge
2663.0,614.4444334026507,47.12398580760376,5022.7298781712725,25.0,4.03625,5.0,0.7269444444444445,discharge
2664.0,613.7712951549089,47.074540381845104,5022.660837555838,25.0,4.0360000000000005,5.0,0.7266666666666667,discharge
2665.0,612.8469386114836,47.00648619344323,5022.660375674173,25.0,4.03575,5.0,0.726388888888889,discharge
2666.0,614.7204147242185,47.14567886846063,5022.589561587574,25.0,4.0355,5.0,0.7261111111111112,discharge
2667.0,613.4413308821602,47.051348583863714,5022.618293655351,25.0,4.0352500000000004,5.0,0.7258333333333333,discharge
2668.0,613.2451503941107,47.03723336252672,5022.605674126972,25.0,4.035,5.0,0.7255555555555556,discharge
2669.0,611.8613423765894,46.93514573159921,5022.492232986995,25.0,4.03475,5.0,0.7252777777777778,discharge
2670.0,612.9122517690843,47.01340753845069,5022.518442079632,25.0,4.0345,5.0,0.7250000000000001,discharge
2671.0,610.9011624757923,46.86485462783647,5022.463604053089,25.0,4.03425,5.0,0.7247222222222223,discharge
2672.0,612.688651545878,46.99767789228726,5022.505647911209,25.0,4.034,5.0,0.7244444444444444,discharge
2673.0,611.1522555826828,46.88428745056909,5022.379351352022,25.0,4.03375,5.0,0.7241666666666667,discharge
2674.0,612.1317163057491,46.95725676338882,5022.4355161251715,25.0,4.0335,5.0,0.7238888888888889,discharge
2675.0,611.531810904791,46.91323599294748,5022.369014326099,25.0,4.03325,5.0,0.7236111111111112,discharge
2676.0,611.8984775284347,46.94081315025442,5022.34324853043,25.0,4.033,5.0,0.7233333333333334,discharge
2677.0,611.8882793974041,46.94047439980771,5022.279640589943,25.0,4.03275,5.0,0.7230555555555556,discharge
2678.0,611.3336437980872,46.899806948006464,5022.315610798831,25.0,4.0325,5.0,0.7227777777777779,discharge
2679.0,611.1957378132356,46.89000835653597,5022.323482709116,25.0,4.03225,5.0,0.7225,discharge
2680.0,609.6243092281338,46.77402290578769,5022.187323533541,25.0,4.032,5.0,0.7222222222222223,discharge
2681.0,609.0743053064793,46.7336985412207,5022.245212232249,25.0,4.03175,5.0,0.7219444444444445,discharge
2682.0,612.0949223970379,46.9578646220028,5022.2668399127915,25.0,4.0315,5.0,0.7216666666666667,discharge
2683.0,611.2684281380583,46.89705949170802,5022.032727656898,25.0,4.03125,5.0,0.721388888888889,discharge
2684.0,609.0764061454777,46.73510415892427,5022.17457191836,25.0,4.031,5.0,0.7211111111111111,discharge
2685.0,612.3258705462114,46.976221892311955,5022.095370780064,25.0,4.03075,5.0,0.7208333333333334,discharge
2686.0,609.5633820320461,46.77200978015156,5022.030345910211,25.0,4.0305,5.0,0.7205555555555556,discharge
2687.0,610.6498514534356,46.85290566321745,5021.962640939629,25.0,4.03025,5.0,0.7202777777777778,discharge
2688.0,610.4252309099879,46.83668377111022,5021.9803951100685,25.0,4.03,5.0,0.7200000000000001,discharge
2689.0,609.9696671283554,46.80335497247077,5021.9686669193525,25.0,4.02975,5.0,0.7197222222222223,discharge
2690.0,610.3306921328312,46.830514232061574,5021.986464905754,25.0,4.0295,5.0,0.7194444444444444,discharge
2691.0,608.2094127298467,46.67379909109977,5021.845798821431,25.0,4.02925,5.0,0.7191666666666667,discharge
2692.0,609.4083038209344,46.7630225052544,5021.933364669183,25.0,4.029,5.0,0.7188888888888889,discharge
2693.0,609.051500853239,46.73700932246214,5021.822723050946,25.0,4.0287500000000005,5.0,0.7186111111111112,discharge
2694.0,609.2542298890489,46.75244295474437,5021.896340478992,25.0,4.0285,5.0,0.7183333333333334,discharge
2695.0,608.7536007457361,46.715775981165635,5021.801413801543,25.0,4.02825,5.0,0.7180555555555557,discharge
2696.0,608.2468256234657,46.67865374988635,5021.7275937857785,25.0,4.0280000000000005,5.0,0.7177777777777778,discharge
2697.0,608.0188348366336,46.662182210121,5021.747935911809,25.0,4.02775,5.0,0.7175,discharge
2698.0,609.4957867049808,46.77200271888746,5021.690656858604,25.0,4.0275,5.0,0.7172222222222223,discharge
2699.0,607.6242206198724,46.63378486073129,5021.7482835572655,25.0,4.02725,5.0,0.7169444444444445,discharge
2700.0,608.6957936375907,46.7135773064882,5021.653074346176,25.0,4.027,5.0,0.7166666666666667,discharge
2701.0,608.5443260165877,46.70277414937687,5021.608227079033,25.0,4.02675,5.0,0.716388888888889,discharge
2702.0,607.9576560661994,46.659733782681435,5021.619830458001,25.0,4.0265,5.0,0.7161111111111111,discharge
2703.0,608.3400369224607,46.68847495721932,5021.672725310234,25.0,4.02625,5.0,0.7158333333333333,discharge
2704.0,608.3198653479695,46.68739743318293,5021.5409865066495,25.0,4.026,5.0,0.7155555555555556,discharge
2705.0,607.1067335359024,46.597952484140926,5021.5062815474475,25.0,4.02575,5.0,0.7152777777777778,discharge
2706.0,607.8361653654638,46.652401138182505,5021.435079097762,25.0,4.0255,5.0,0.7150000000000001,discharge
2707.0,609.2666643035002,46.75878068914816,5021.518821667138,25.0,4.025250000000001,5.0,0.7147222222222223,discharge
2708.0,606.1513129655796,46.52843059004293,5021.391169605023,25.0,4.025,5.0,0.7144444444444444,discharge
2709.0,606.7809243977288,46.5754851405725,5021.385199310786,25.0,4.02475,5.0,0.7141666666666667,discharge
2710.0,606.1775148157078,46.531204801163554,5021.366245737635,25.0,4.024500000000001,5.0,0.7138888888888889,discharge
2711.0,608.7905668761405,46.7251808797141,5021.374464826107,25.0,4.02425,5.0,0.7136111111111112,discharge
2712.0,605.2638791889001,46.464361421400014,5021.37588152548,25.0,4.024,5.0,0.7133333333333334,discharge
2713.0,606.5348614196562,46.55892491997452,5021.243463268025,25.0,4.023750000000001,5.0,0.7130555555555556,discharge
2714.0,607.3180281898186,46.617353939986565,5021.238199382532,25.0,4.0235,5.0,0.7127777777777778,discharge
2715.0,605.3818004799816,46.47434633185049,5021.275914889809,25.0,4.02325,5.0,0.7125,discharge
2716.0,605.9750988345271,46.51871102477979,5021.250135014527,25.0,4.023000000000001,5.0,0.7122222222222223,discharge
2717.0,605.2602533624233,46.466176174994324,5021.217275308474,25.0,4.02275,5.0,0.7119444444444445,discharge
2718.0,604.4929038684701,46.40975213840519,5021.233697644007,25.0,4.0225,5.0,0.7116666666666667,discharge
2719.0,605.6234029701435,46.49390947926989,5021.230534183272,25.0,4.0222500000000005,5.0,0.711388888888889,discharge
2720.0,606.0487506257457,46.52583337968487,5021.0964293383,25.0,4.022,5.0,0.7111111111111111,discharge
2721.0,605.0182503327909,46.44991669131784,5021.018588368975,25.0,4.02175,5.0,0.7108333333333334,discharge
2722.0,605.4408963154171,46.48164046780868,5020.9995787888765,25.0,4.0215000000000005,5.0,0.7105555555555556,discharge
2723.0,605.8211865708997,46.51022678302961,5021.001084634185,25.0,4.02125,5.0,0.7102777777777778,discharge
2724.0,606.1923875432941,46.53813981802178,5021.02416466117,25.0,4.021,5.0,0.7100000000000001,discharge
2725.0,603.6265502448935,46.34849446258471,5020.91092157698,25.0,4.0207500000000005,5.0,0.7097222222222223,discharge
2726.0,605.3334764012602,46.475350103797055,5020.930086270177,25.0,4.0205,5.0,0.7094444444444445,discharge
2727.0,603.9620802531447,46.37418187060331,5020.92542046704,25.0,4.02025,5.0,0.7091666666666667,discharge
2728.0,602.560354922688,46.270767031310214,5020.915149136338,25.0,4.0200000000000005,5.0,0.7088888888888889,discharge
2729.0,603.5275739254671,46.342829550034594,5020.943010007063,25.0,4.01975,5.0,0.7086111111111112,discharge
2730.0,604.8065873017456,46.43798794827746,5020.929244526583,25.0,4.0195,5.0,0.7083333333333334,discharge
2731.0,604.3340370557396,46.40340089301776,5020.684450176469,25.0,4.01925,5.0,0.7080555555555557,discharge
2732.0,602.792305525245,46.289615224092216,5020.737302125634,25.0,4.019,5.0,0.7077777777777778,discharge
2733.0,605.3542023982875,46.47980202950278,5020.802274050714,25.0,4.01875,5.0,0.7075,discharge
2734.0,604.0130638471516,46.38087509978901,5020.792973630989,25.0,4.0185,5.0,0.7072222222222223,discharge
2735.0,603.4030777115158,46.33610760826043,5020.694863606502,25.0,4.01825,5.0,0.7069444444444445,discharge
2736.0,602.7913740603042,46.29121289335587,5020.680568788312,25.0,4.018,5.0,0.7066666666666667,discharge
2737.0,603.6109327199455,46.35233760888486,5020.653304275709,25.0,4.01775,5.0,0.706388888888889,discharge
2738.0,602.6677981696886,46.28289245701397,5020.5933593553455,25.0,4.0175,5.0,0.7061111111111111,discharge
2739.0,604.0490375046658,46.385623148493764,5020.63200305016,25.0,4.01725,5.0,0.7058333333333334,discharge
2740.0,603.0903855260335,46.31502855748397,5020.495305177366,25.0,4.017,5.0,0.7055555555555556,discharge
2741.0,603.2525253343141,46.32745558031956,5020.47826444007,25.0,4.01675,5.0,0.7052777777777779,discharge
2742.0,602.1942084368862,46.24947840273232,5020.563930189598,25.0,4.0165,5.0,0.7050000000000001,discharge
2743.0,600.8861268404138,46.15300013632695,5020.479308067851,25.0,4.01625,5.0,0.7047222222222222,discharge
2744.0,602.7482108842137,46.2913489543862,5020.388573664968,25.0,4.016,5.0,0.7044444444444444,discharge
2745.0,601.0761503585416,46.16790928581789,5020.3253845822865,25.0,4.01575,5.0,0.7041666666666667,discharge
2746.0,601.8382483439198,46.224777655105164,5020.4803824804085,25.0,4.0155,5.0,0.7038888888888889,discharge
2747.0,601.7913865478258,46.221723077616716,5020.389556121317,25.0,4.01525,5.0,0.7036111111111112,discharge
2748.0,600.8875917194607,46.155191979219325,5020.274810400924,25.0,4.015,5.0,0.7033333333333334,discharge
2749.0,602.4144059836924,46.268705998792036,5020.263499246688,25.0,4.01475,5.0,0.7030555555555557,discharge
2750.0,599.9644034929601,46.08764099947852,5020.265555746175,25.0,4.0145,5.0,0.7027777777777778,discharge
2751.0,602.7365594928355,46.29340255502486,5020.294646807148,25.0,4.01425,5.0,0.7025,discharge
2752.0,600.5221194495299,46.12978662589109,5020.252509179285,25.0,4.014,5.0,0.7022222222222223,discharge
2753.0,601.932527534596,46.234677965525634,5020.111443319851,25.0,4.01375,5.0,0.7019444444444445,discharge
2754.0,602.1217549210647,46.24911147563442,5020.24501991531,25.0,4.0135000000000005,5.0,0.7016666666666667,discharge
2755.0,599.8350882648003,46.080145427022245,5020.181721115057,25.0,4.01325,5.0,0.701388888888889,discharge
2756.0,599.8223479757703,46.07961836857558,5020.095809185184,25.0,4.013,5.0,0.7011111111111111,discharge
2757.0,601.3529540039322,46.19341325955053,5020.004487849352,25.0,4.0127500000000005,5.0,0.7008333333333334,discharge
2758.0,600.4636399432379,46.12795481061022,5020.042580096722,25.0,4.0125,5.0,0.7005555555555556,discharge
2759.0,600.2209233090462,46.11039246733675,5020.063609394992,25.0,4.01225,5.0,0.7002777777777778,discharge
2760.0,598.17806886842,45.95948658284593,5019.95085248074,25.0,4.0120000000000005,5.0,0.7000000000000001,discharge
2761.0,598.2255699527913,45.963421848354905,5020.012536420863,25.0,4.01175,5.0,0.6997222222222222,discharge
2762.0,600.2569986961873,46.1143147182361,5019.9692675074575,25.0,4.0115,5.0,0.6994444444444445,discharge
2763.0,601.0115679256373,46.170625401899066,5019.892562100303,25.0,4.01125,5.0,0.6991666666666667,discharge
2764.0,598.7386768408421,46.0026797659883,5019.913520084323,25.0,4.011,5.0,0.6988888888888889,discharge
2765.0,598.4445766270735,45.98131123163507,5019.924082277728,25.0,4.010750000000001,5.0,0.6986111111111113,discharge
2766.0,599.3748710711773,46.05063859786498,5019.847271073529,25.0,4.0105,5.0,0.6983333333333333,discharge
2767.0,599.4896601949872,46.05955816259166,5019.764934028506,25.0,4.01025,5.0,0.6980555555555557,discharge
2768.0,599.4485258405153,46.056927840038185,5019.76526295262,25.0,4.01,5.0,0.6977777777777777,discharge
2769.0,598.3120198022274,45.97315887423907,5019.718440245833,25.0,4.00975,5.0,0.6975000000000001,discharge
2770.0,596.6761856138231,45.85240263806097,5019.71467584014,25.0,4.0095,5.0,0.6972222222222223,discharge
2771.0,599.9225026712118,46.09328723490457,5019.765566838913,25.0,4.009250000000001,5.0,0.6969444444444445,discharge
2772.0,597.839527285466,45.93940942855304,5019.619100179873,25.0,4.009,5.0,0.6966666666666669,discharge
2773.0,599.4439108228811,46.058669320213404,5019.750588555196,25.0,4.00875,5.0,0.6963888888888888,discharge
2774.0,596.0767196229378,45.80966441651391,5019.5498230894,25.0,4.008500000000001,5.0,0.6961111111111111,discharge
2775.0,598.2857446578213,45.973712567246025,5019.733820409047,25.0,4.00825,5.0,0.6958333333333333,discharge
2776.0,597.2808742005858,45.89969438522857,5019.622115631287,25.0,4.008,5.0,0.6955555555555557,discharge
2777.0,596.5602406316984,45.84673078753323,5019.528488888696,25.0,4.007750000000001,5.0,0.6952777777777779,discharge
2778.0,598.4647982809738,45.98822579859065,5019.464381353458,25.0,4.0075,5.0,0.6950000000000001,discharge
2779.0,598.6444284499421,46.001948403699416,5019.494393062297,25.0,4.00725,5.0,0.6947222222222222,discharge
2780.0,596.6398422104983,45.853877200777646,5019.329092700362,25.0,4.007000000000001,5.0,0.6944444444444445,discharge
2781.0,597.7261200752581,45.93475889446356,5019.36460013954,25.0,4.00675,5.0,0.6941666666666667,discharge
2782.0,595.8769188558218,45.79819769302384,5019.47728679747,25.0,4.0065,5.0,0.6938888888888889,discharge
2783.0,596.1913526762189,45.821905753794,5019.353304581745,25.0,4.0062500000000005,5.0,0.6936111111111113,discharge
2784.0,596.4230505009073,45.839485222289426,5019.338132400918,25.0,4.006,5.0,0.6933333333333332,discharge
2785.0,596.1827684198224,45.822103216283146,5019.183873810639,25.0,4.00575,5.0,0.6930555555555556,discharge
2786.0,597.0231642245958,45.88477142404413,5019.254002156019,25.0,4.0055000000000005,5.0,0.6927777777777777,discharge
2787.0,595.0516725563697,45.739151670842205,5019.167232675214,25.0,4.00525,5.0,0.6925000000000001,discharge
2788.0,597.072689245966,45.889273277478964,5019.182436878636,25.0,4.005,5.0,0.6922222222222223,discharge
2789.0,596.9320607784872,45.87927302062869,5019.154692518221,25.0,4.0047500000000005,5.0,0.6919444444444445,discharge
2790.0,595.6172065521807,45.7822930779393,5019.11479082404,25.0,4.0045,5.0,0.6916666666666667,discharge
2791.0,594.5188329341547,45.70134873586331,5019.217404558851,25.0,4.00425,5.0,0.6913888888888889,discharge
2792.0,593.1951065006343,45.60371159263958,5019.068121909424,25.0,4.0040000000000004,5.0,0.6911111111111111,discharge
2793.0,595.3541018546143,45.76405384108255,5019.090974682498,25.0,4.00375,5.0,0.6908333333333333,discharge
2794.0,594.5669662576353,45.706164167232245,5019.102096651053,25.0,4.0035,5.0,0.6905555555555557,discharge
2795.0,595.2405525499132,45.756476114808386,5019.0950847297945,25.0,4.00325,5.0,0.6902777777777779,discharge
2796.0,593.9527048060129,45.66149665229725,5019.022804858357,25.0,4.003,5.0,0.6900000000000001,discharge
2797.0,594.8637565422964,45.729398632762695,5018.894629784417,25.0,4.00275,5.0,0.6897222222222221,discharge
2798.0,594.6611633102566,45.71480839335234,5019.003591106676,25.0,4.0025,5.0,0.6894444444444445,discharge
2799.0,594.594492688085,45.71028649541371,5018.922832700586,25.0,4.00225,5.0,0.6891666666666667,discharge
2800.0,594.7277220366698,45.72057200271629,5018.941572213001,25.0,4.002,5.0,0.6888888888888889,discharge
2801.0,594.5949996719792,45.711157383109565,5018.891233786512,25.0,4.00175,5.0,0.6886111111111113,discharge
2802.0,595.1285794284117,45.75109847617864,5018.858835679774,25.0,4.0015,5.0,0.6883333333333332,discharge
2803.0,593.2515317398991,45.612474573325855,5018.806953712401,25.0,4.00125,5.0,0.6880555555555556,discharge
2804.0,594.6029192164956,45.71299401603672,5018.77011094412,25.0,4.001,5.0,0.6877777777777777,discharge
2805.0,593.9094942898006,45.66204587331856,5018.670327454334,25.0,4.00075,5.0,0.6875000000000001,discharge
2806.0,593.1977672106999,45.60974201560741,5018.656790678543,25.0,4.0005,5.0,0.6872222222222223,discharge
2807.0,592.4863848321909,45.5574636912734,5018.702083209797,25.0,4.00025,5.0,0.6869444444444445,discharge
2808.0,594.778890524379,45.72769559439845,5018.674021420247,25.0,4.0,5.0,0.6866666666666669,discharge
2809.0,593.4327325100277,45.62839685259464,5018.651407616498,25.0,3.9997499999999997,5.0,0.6863888888888889,discharge
2810.0,592.5456775148334,45.563105741839514,5018.631885723978,25.0,3.9995000000000003,5.0,0.6861111111111111,discharge
2811.0,592.9904615625388,45.59646937500288,5018.577287257813,25.0,3.99925,5.0,0.6858333333333333,discharge
2812.0,592.7845335608845,45.581632115621076,5018.519281204317,25.0,3.9990000000000006,5.0,0.6855555555555557,discharge
2813.0,592.1234365843547,45.533078635878134,5018.475134932298,25.0,3.9987500000000002,5.0,0.6852777777777779,discharge
2814.0,591.1373039612357,45.460448441573014,5018.505102312934,25.0,3.9985,5.0,0.685,discharge
2815.0,592.5150381643069,45.56291949365236,5018.443287246207,25.0,3.9982499999999996,5.0,0.6847222222222221,discharge
2816.0,592.0635710180005,45.52989414948152,5018.3986924917635,25.0,3.998,5.0,0.6844444444444445,discharge
2817.0,591.8070011580484,45.51130564133692,5018.397957899049,25.0,3.99775,5.0,0.6841666666666667,discharge
2818.0,592.9215725979695,45.59428315540515,5018.397818451263,25.0,3.9975000000000005,5.0,0.6838888888888889,discharge
2819.0,590.5101527218916,45.41607612754751,5018.307016195242,25.0,3.99725,5.0,0.6836111111111113,discharge
2820.0,590.7258807861456,45.43247265082559,5018.363752847592,25.0,3.997,5.0,0.6833333333333332,discharge
2821.0,591.6899127459751,45.50429909229445,5018.400302279826,25.0,3.9967500000000005,5.0,0.6830555555555556,discharge
2822.0,592.2165622123293,45.54372683054291,5018.267535217378,25.0,3.9965,5.0,0.6827777777777777,discharge
2823.0,591.8581390015763,45.5175936297464,5018.302521322575,25.0,3.99625,5.0,0.6825000000000001,discharge
2824.0,591.8339718039249,45.51622013362407,5018.252617936047,25.0,3.9960000000000004,5.0,0.6822222222222223,discharge
2825.0,588.8009479199244,45.291968364438844,5018.158171457493,25.0,3.99575,5.0,0.6819444444444445,discharge
2826.0,591.3278817382526,45.47956531394464,5018.273194560731,25.0,3.9955000000000007,5.0,0.6816666666666669,discharge
2827.0,591.1106989639376,45.463894367699076,5018.13729686171,25.0,3.9952500000000004,5.0,0.6813888888888889,discharge
2828.0,591.2350794407107,45.4735244030156,5018.11319156743,25.0,3.995,5.0,0.6811111111111113,discharge
2829.0,589.7411679840824,45.363280961783886,5018.085559661047,25.0,3.99475,5.0,0.6808333333333333,discharge
2830.0,590.786301304695,45.4411149114589,5018.067464441267,25.0,3.9945000000000004,5.0,0.6805555555555557,discharge
2831.0,591.1347302287368,45.46734112805458,5018.051746039157,25.0,3.99425,5.0,0.6802777777777779,discharge
2832.0,591.5921654802003,45.50164188742224,5018.026794181925,25.0,3.9940000000000007,5.0,0.68,discharge
2833.0,590.1172481478777,45.39280541836131,5017.971353168528,25.0,3.9937500000000004,5.0,0.6797222222222221,discharge
2834.0,588.4141183211051,45.26706432008186,5017.927839581107,25.0,3.9935,5.0,0.6794444444444445,discharge
2835.0,589.6440219019235,45.358584955698035,5017.985936313935,25.0,3.9932500000000006,5.0,0.6791666666666667,discharge
2836.0,590.088230699365,45.391905977730744,5017.8946871488,25.0,3.9930000000000003,5.0,0.6788888888888889,discharge
2837.0,589.8198915286187,45.37244566878657,5017.799680221735,25.0,3.99275,5.0,0.6786111111111113,discharge
2838.0,591.0658811457936,45.46515786265138,5017.828123216146,25.0,3.9925000000000006,5.0,0.6783333333333335,discharge
2839.0,588.8370593280442,45.30047661689217,5017.831222739385,25.0,3.9922500000000003,5.0,0.6780555555555556,discharge
2840.0,587.8907158009415,45.23079376303269,5017.797920631853,25.0,3.992,5.0,0.6777777777777777,discharge
2841.0,588.1293902879715,45.24889002133123,5017.729066984901,25.0,3.9917500000000006,5.0,0.6775000000000001,discharge
2842.0,589.2683719255012,45.33367569818529,5017.713291024513,25.0,3.9915000000000003,5.0,0.6772222222222223,discharge
2843.0,587.6887018156767,45.21707976412421,5017.637651375193,25.0,3.99125,5.0,0.6769444444444445,discharge
2844.0,587.3123127730986,45.18961576097027,5017.6804640697,25.0,3.9910000000000005,5.0,0.6766666666666669,discharge
2845.0,587.3768104436438,45.194810032862506,5017.670793990079,25.0,3.9907500000000002,5.0,0.6763888888888889,discharge
2846.0,589.2588910512819,45.33464007787274,5017.706720895548,25.0,3.9905,5.0,0.6761111111111111,discharge
2847.0,588.1607527206718,45.2537131644942,5017.544964568924,25.0,3.9902500000000005,5.0,0.6758333333333333,discharge
2848.0,587.4546789632137,45.20182807134916,5017.569122949946,25.0,3.99,5.0,0.6755555555555557,discharge
2849.0,588.4876006307134,45.27875745412692,5017.531930241687,25.0,3.98975,5.0,0.6752777777777779,discharge
2850.0,588.1886563427995,45.257030099466625,5017.393969178673,25.0,3.9895000000000005,5.0,0.675,discharge
2851.0,586.4079588800489,45.125543250373994,5017.538698088713,25.0,3.98925,5.0,0.6747222222222221,discharge
2852.0,588.0534472455173,45.24784794411239,5017.501298402629,25.0,3.989,5.0,0.6744444444444445,discharge
2853.0,587.3343473072912,45.19499794868824,5017.44134541604,25.0,3.9887500000000005,5.0,0.6741666666666667,discharge
2854.0,584.9177504986741,45.016407444346235,5017.407847431934,25.0,3.9885,5.0,0.6738888888888889,discharge
2855.0,585.6442793448717,45.07064106258309,5017.351993710223,25.0,3.98825,5.0,0.6736111111111113,discharge
2856.0,586.9355964837921,45.16671085065127,5017.351359791963,25.0,3.9880000000000004,5.0,0.6733333333333333,discharge
2857.0,587.0195433442485,45.17334580327767,5017.316982400203,25.0,3.98775,5.0,0.6730555555555557,discharge
2858.0,586.1169852142306,45.10690631216522,5017.291463268909,25.0,3.9875,5.0,0.6727777777777777,discharge
2859.0,585.2757629230514,45.04501021652233,5017.204419010255,25.0,3.9872500000000004,5.0,0.6725000000000001,discharge
2860.0,586.3688028805918,45.12639280596977,5017.124720804216,25.0,3.987,5.0,0.6722222222222223,discharge
2861.0,584.1770345583493,44.96445626358143,5017.1079412951985,25.0,3.98675,5.0,0.6719444444444445,discharge
2862.0,586.3965299817088,45.129279998645096,5017.213953058237,25.0,3.9865000000000004,5.0,0.6716666666666669,discharge
2863.0,585.5590148385154,45.0676585065567,5017.232745102796,25.0,3.98625,5.0,0.6713888888888889,discharge
2864.0,585.54276076212,45.06687116756444,5017.16741605583,25.0,3.9860000000000007,5.0,0.6711111111111113,discharge
2865.0,584.7875643520332,45.01134735940987,5017.082570337541,25.0,3.9857500000000003,5.0,0.6708333333333333,discharge
2866.0,586.1124526710329,45.109903901558,5016.993562728916,25.0,3.9855,5.0,0.6705555555555557,discharge
2867.0,582.8520757336619,44.86881116545644,5017.0354577209855,25.0,3.9852499999999997,5.0,0.6702777777777779,discharge
2868.0,584.1587845711954,44.96602107934781,5016.964161337595,25.0,3.9850000000000003,5.0,0.67,discharge
2869.0,585.4496072374212,45.06205423980898,5016.988199406659,25.0,3.98475,5.0,0.6697222222222223,discharge
2870.0,584.0443493280139,44.95837772800104,5016.9492676327445,25.0,3.9844999999999997,5.0,0.6694444444444445,discharge
2871.0,586.0459175547155,45.10705870775671,5016.8537807807925,25.0,3.9842500000000003,5.0,0.6691666666666667,discharge
2872.0,584.883213474579,45.02134914626511,5016.927451463281,25.0,3.984,5.0,0.6688888888888889,discharge
2873.0,583.5707346395158,44.924545158482644,5016.892193809115,25.0,3.9837500000000006,5.0,0.6686111111111113,discharge
2874.0,585.2836002156503,45.05184075671484,5016.880573308494,25.0,3.9835000000000003,5.0,0.6683333333333334,discharge
2875.0,583.9607116566407,44.95426567826968,5016.810720906991,25.0,3.98325,5.0,0.6680555555555557,discharge
2876.0,584.4897758949326,44.993872288513515,5016.754399752607,25.0,3.9829999999999997,5.0,0.6677777777777777,discharge
2877.0,583.1685523682963,44.89642054579973,5016.807801139967,25.0,3.9827500000000002,5.0,0.6675000000000001,discharge
2878.0,583.0469189268495,44.88782732791478,5016.725102732178,25.0,3.9825,5.0,0.6672222222222223,discharge
2879.0,584.2044290379906,44.97398548429561,5016.733576714728,25.0,3.9822500000000005,5.0,0.6669444444444445,discharge
2880.0,583.4649688203426,44.919627320025384,5016.663970787084,25.0,3.982,5.0,0.6666666666666669,discharge
2881.0,582.4808020870522,44.84714274718905,5016.585597029584,25.0,3.98175,5.0,0.6663888888888889,discharge
2882.0,582.2216969332726,44.82836643950168,5016.5908989880545,25.0,3.9815,5.0,0.6661111111111111,discharge
2883.0,583.5945198180638,44.93047369022695,5016.518343526947,25.0,3.98125,5.0,0.6658333333333333,discharge
2884.0,584.5543404426458,45.00198818093672,5016.509754844436,25.0,3.9810000000000003,5.0,0.6655555555555557,discharge
2885.0,581.8495470652449,44.80204978261074,5016.50628352186,25.0,3.9807500000000005,5.0,0.6652777777777779,discharge
2886.0,583.2115945758699,44.90335885747184,5016.469166700372,25.0,3.9805,5.0,0.665,discharge
2887.0,579.5303436243466,44.63109026847012,5016.585137340097,25.0,3.98025,5.0,0.6647222222222221,discharge
2888.0,580.8946941829882,44.73256993948061,5016.398168071316,25.0,3.9800000000000004,5.0,0.6644444444444445,discharge
2889.0,582.7943897503695,44.87370479632368,5016.396604653321,25.0,3.97975,5.0,0.6641666666666667,discharge
2890.0,583.5578224461842,44.93067203305068,5016.409136870385,25.0,3.9795000000000003,5.0,0.6638888888888889,discharge
2891.0,581.9123075878371,44.809198710210154,5016.463247743146,25.0,3.9792500000000004,5.0,0.6636111111111113,discharge
2892.0,582.251175865683,44.83471673079133,5016.336615677061,25.0,3.979,5.0,0.6633333333333333,discharge
2893.0,581.8302938209875,44.80395694970278,5016.334434830136,25.0,3.9787500000000002,5.0,0.6630555555555557,discharge
2894.0,582.4319978636761,44.84894428619823,5016.266334403885,25.0,3.9785,5.0,0.6627777777777777,discharge
2895.0,580.2270493326009,44.686031432044516,5016.204451482574,25.0,3.97825,5.0,0.6625000000000001,discharge
2896.0,581.7871891623549,44.80201401202629,5016.190610928339,25.0,3.978,5.0,0.6622222222222223,discharge
2897.0,580.5917971251934,44.71388312038469,5016.239731502074,25.0,3.9777500000000003,5.0,0.6619444444444444,discharge
2898.0,580.547133167126,44.71099134571304,5016.161301434469,25.0,3.9775,5.0,0.6616666666666667,discharge
2899.0,580.7386346697307,44.72559330886894,5016.14035039349,25.0,3.97725,5.0,0.6613888888888889,discharge
2900.0,580.4017693400706,44.701056988153375,5016.10964520131,25.0,3.9770000000000003,5.0,0.6611111111111113,discharge
2901.0,579.7073797608424,44.650037389692045,5016.146101031246,25.0,3.97675,5.0,0.6608333333333333,discharge
2902.0,580.0749340584989,44.67768030062955,5016.13473531972,25.0,3.9765,5.0,0.6605555555555557,discharge
2903.0,579.2541762629562,44.61730009355231,5016.030144067533,25.0,3.9762500000000003,5.0,0.6602777777777779,discharge
2904.0,581.5127818654025,44.78502087891871,5015.97528318171,25.0,3.9760000000000004,5.0,0.6600000000000001,discharge
2905.0,580.6024095675648,44.71800256056036,5015.953046680982,25.0,3.97575,5.0,0.6597222222222223,discharge
2906.0,579.3642448908508,44.626703325248215,5015.871595022652,25.0,3.9755000000000003,5.0,0.6594444444444445,discharge
2907.0,581.2048222610555,44.76345905637449,5015.902247362632,25.0,3.97525,5.0,0.6591666666666667,discharge
2908.0,580.7654703428465,44.73133113650715,5015.918362585059,25.0,3.975,5.0,0.6588888888888889,discharge
2909.0,579.8385561560341,44.663087493039555,5015.88910499125,25.0,3.9747500000000002,5.0,0.6586111111111113,discharge
2910.0,578.6900255631241,44.57842781949068,5015.804567073014,25.0,3.9745,5.0,0.6583333333333333,discharge
2911.0,579.3341346491331,44.62655627030615,5015.804755711911,25.0,3.9742500000000005,5.0,0.6580555555555557,discharge
2912.0,579.5058872526056,44.639695352044846,5015.757682965802,25.0,3.974,5.0,0.6577777777777777,discharge
2913.0,580.1748020376028,44.68966126204465,5015.752037215649,25.0,3.9737500000000003,5.0,0.6575000000000001,discharge
2914.0,578.4852280735972,44.56492430174794,5015.772130549224,25.0,3.9735,5.0,0.6572222222222223,discharge
2915.0,577.9648983337524,44.5267980247224,5015.707607467385,25.0,3.97325,5.0,0.6569444444444444,discharge
2916.0,580.6505128105111,44.726149097074895,5015.630019015891,25.0,3.9730000000000003,5.0,0.6566666666666667,discharge
2917.0,579.6177016720512,44.65006123496677,5015.618988399923,25.0,3.97275,5.0,0.6563888888888889,discharge
2918.0,578.4169956214337,44.561536712698796,5015.5768998820295,25.0,3.9725,5.0,0.6561111111111113,discharge
2919.0,577.0601547741978,44.461446649940584,5015.58923887914,25.0,3.97225,5.0,0.6558333333333333,discharge
2920.0,578.3117897580828,44.55457701911725,5015.539030042582,25.0,3.9720000000000004,5.0,0.6555555555555557,discharge
2921.0,578.7963041120922,44.590883637932755,5015.461494034952,25.0,3.97175,5.0,0.6552777777777778,discharge
2922.0,578.2985837847798,44.5544321322059,5015.470401081589,25.0,3.9715000000000003,5.0,0.6550000000000001,discharge
2923.0,578.2280979754078,44.549627627807986,5015.506788204347,25.0,3.97125,5.0,0.6547222222222221,discharge
2924.0,577.3176690827646,44.482605117241825,5015.388466375765,25.0,3.971,5.0,0.6544444444444445,discharge
2925.0,578.2601183635824,44.55283284174684,5015.365899727335,25.0,3.9707500000000002,5.0,0.6541666666666669,discharge
2926.0,576.4004746202374,44.41549812001759,5015.4029372562345,25.0,3.9705000000000004,5.0,0.6538888888888889,discharge
2927.0,576.4228761183275,44.417574156913155,5015.462144787632,25.0,3.97025,5.0,0.6536111111111111,discharge
2928.0,576.2241722931842,44.40327202171735,5015.348581808676,25.0,3.97,5.0,0.6533333333333333,discharge
2929.0,575.9414371752564,44.38274534631529,5015.263729648084,25.0,3.9697500000000003,5.0,0.6530555555555557,discharge
2930.0,578.3674418732965,44.56286606468863,5015.261735741113,25.0,3.9695,5.0,0.6527777777777777,discharge
2931.0,574.6257146026968,44.28611774834792,5015.273782723626,25.0,3.96925,5.0,0.6525000000000001,discharge
2932.0,576.395069557971,44.41759774503488,5015.296076292576,25.0,3.9690000000000003,5.0,0.6522222222222223,discharge
2933.0,575.0472040400655,44.31817252148632,5015.269572073818,25.0,3.96875,5.0,0.6519444444444444,discharge
2934.0,574.6520834593105,44.28932099698596,5015.11569576412,25.0,3.9685,5.0,0.6516666666666667,discharge
2935.0,575.8419537722955,44.37787620535522,5015.114050247326,25.0,3.9682500000000003,5.0,0.6513888888888889,discharge
2936.0,574.0532455193452,44.24579596439595,5015.099220668047,25.0,3.9680000000000004,5.0,0.6511111111111113,discharge
2937.0,575.3731747675849,44.343985167969265,5015.08346979202,25.0,3.96775,5.0,0.6508333333333333,discharge
2938.0,577.593763436786,44.508889884206376,5015.086442437382,25.0,3.9675000000000002,5.0,0.6505555555555557,discharge
2939.0,575.073499242948,44.32262031429244,5015.044773898466,25.0,3.96725,5.0,0.6502777777777778,discharge
2940.0,575.4971452794703,44.35441816884965,5014.994425021326,25.0,3.9670000000000005,5.0,0.6500000000000001,discharge
2941.0,574.0634508436614,44.24863524767862,5015.046738122931,25.0,3.96675,5.0,0.6497222222222223,discharge
2942.0,575.242529258983,44.33639105622096,5014.948573172677,25.0,3.9665,5.0,0.6494444444444445,discharge
2943.0,573.1483974546361,44.181686848491566,5014.844495698616,25.0,3.96625,5.0,0.6491666666666667,discharge
2944.0,574.6741187325732,44.29511990611653,5014.889383181152,25.0,3.966,5.0,0.6488888888888888,discharge
2945.0,574.2183749668568,44.26177777532273,5014.8379109065745,25.0,3.96575,5.0,0.6486111111111111,discharge
2946.0,576.3532327961526,44.42033205897428,5014.824023544329,25.0,3.9655,5.0,0.6483333333333333,discharge
2947.0,573.974809480588,44.2445692207843,5014.897506173095,25.0,3.96525,5.0,0.6480555555555557,discharge
2948.0,573.5595821893238,44.21422831032028,5014.802663924626,25.0,3.965,5.0,0.6477777777777777,discharge
2949.0,573.2228908241141,44.1897048758603,5014.685474778732,25.0,3.9647500000000004,5.0,0.6475000000000001,discharge
2950.0,572.4478754180288,44.13271299392806,5014.729516048576,25.0,3.9645,5.0,0.6472222222222223,discharge
2951.0,574.2597634696265,44.2673435903427,5014.717600631912,25.0,3.9642500000000003,5.0,0.6469444444444445,discharge
2952.0,574.7949654221084,44.3074048460821,5014.645230206609,25.0,3.9640000000000004,5.0,0.6466666666666667,discharge
2953.0,572.8471928678587,44.16354206428584,5014.681976406277,25.0,3.96375,5.0,0.6463888888888889,discharge
2954.0,573.7815950670088,44.23317370866734,5014.587261697213,25.0,3.9635000000000002,5.0,0.6461111111111113,discharge
2955.0,572.5846493579068,44.144927730215315,5014.617571106781,25.0,3.96325,5.0,0.6458333333333333,discharge
2956.0,573.1963251310781,44.1906537134132,5014.527016909731,25.0,3.963,5.0,0.6455555555555557,discharge
2957.0,573.1132397984561,44.18491591099675,5014.487846532687,25.0,3.96275,5.0,0.6452777777777778,discharge
2958.0,571.0949762178182,44.03583157169024,5014.542404612462,25.0,3.9625000000000004,5.0,0.6450000000000001,discharge
2959.0,571.6106730454223,44.074448003364616,5014.398552544572,25.0,3.96225,5.0,0.6447222222222223,discharge
2960.0,573.1686375161158,44.190269445638215,5014.545639301712,25.0,3.962,5.0,0.6444444444444445,discharge
2961.0,570.2039944307343,43.971082920795126,5014.409435282112,25.0,3.9617500000000003,5.0,0.6441666666666669,discharge
2962.0,571.9662377283373,44.10203612802499,5014.287398771472,25.0,3.9615,5.0,0.6438888888888888,discharge
2963.0,571.4776585264382,44.066261742699126,5014.3003292442145,25.0,3.96125,5.0,0.6436111111111111,discharge
2964.0,570.7566608059018,44.01327117080754,5014.288789487019,25.0,3.9610000000000003,5.0,0.6433333333333333,discharge
2965.0,571.5903952911673,44.075445947493876,5014.19546859126,25.0,3.9607500000000004,5.0,0.6430555555555557,discharge
2966.0,571.7078007807585,44.08455931709322,5014.353372563393,25.0,3.9605,5.0,0.6427777777777779,discharge
2967.0,571.7986865264928,44.09170826122169,5014.381927807913,25.0,3.9602500000000003,5.0,0.6425000000000001,discharge
2968.0,568.5037728143236,43.84805724550546,5014.187464984034,25.0,3.96,5.0,0.6422222222222222,discharge
2969.0,572.6559278565792,44.15604095233921,5014.218879872349,25.0,3.95975,5.0,0.6419444444444445,discharge
2970.0,570.3690764181888,43.98706121616213,5014.267164029984,25.0,3.9595000000000002,5.0,0.6416666666666667,discharge
2971.0,571.7435202804916,44.089288539295666,5014.116514688965,25.0,3.95925,5.0,0.6413888888888889,discharge
2972.0,570.4447082190418,43.99349690511421,5014.144330792743,25.0,3.9590000000000005,5.0,0.6411111111111113,discharge
2973.0,569.8471634890675,43.9496509991902,5014.132106586473,25.0,3.95875,5.0,0.6408333333333333,discharge
2974.0,570.2230887912701,43.97791398453854,5013.974777345949,25.0,3.9585000000000004,5.0,0.6405555555555557,discharge
2975.0,573.3099354812347,44.20698596157294,5014.043131860481,25.0,3.95825,5.0,0.6402777777777777,discharge
2976.0,571.570183680129,44.078532124454014,5014.055709663868,25.0,3.958,5.0,0.6400000000000001,discharge
2977.0,569.5234496897134,43.927338865904694,5013.978500006936,25.0,3.9577500000000003,5.0,0.6397222222222223,discharge
2978.0,569.9567960458182,43.9598552626532,5013.954405368116,25.0,3.9575,5.0,0.6394444444444445,discharge
2979.0,570.7109307430192,44.016133758742164,5013.978173216769,25.0,3.95725,5.0,0.6391666666666667,discharge
2980.0,570.0314045760061,43.96621515377823,5013.955962914542,25.0,3.957,5.0,0.6388888888888888,discharge
2981.0,569.3966981033788,43.9196165261762,5013.858177528207,25.0,3.95675,5.0,0.6386111111111111,discharge
2982.0,568.9857349945863,43.88959148108047,5013.737816115906,25.0,3.9565,5.0,0.6383333333333333,discharge
2983.0,567.9596105173576,43.813998927211685,5013.789625615072,25.0,3.9562500000000003,5.0,0.6380555555555557,discharge
2984.0,569.6448812804092,43.93925046521549,5013.775536972277,25.0,3.956,5.0,0.6377777777777777,discharge
2985.0,569.8565615839664,43.955347154367885,5013.751746142506,25.0,3.95575,5.0,0.6375000000000001,discharge
2986.0,570.8448706242509,44.028971898092664,5013.731633150991,25.0,3.9555000000000002,5.0,0.6372222222222222,discharge
2987.0,567.9320660867493,43.81362526568513,5013.660079762299,25.0,3.9552500000000004,5.0,0.6369444444444445,discharge
2988.0,568.9883665512546,43.89228641120404,5013.66870793634,25.0,3.955,5.0,0.6366666666666667,discharge
2989.0,568.1669593899696,43.83185810296071,5013.567170118142,25.0,3.95475,5.0,0.6363888888888889,discharge
2990.0,569.3155221048341,43.91735348924696,5013.724524144252,25.0,3.9545000000000003,5.0,0.6361111111111113,discharge
2991.0,567.8225656710667,43.8071807904494,5013.56670999435,25.0,3.95425,5.0,0.6358333333333335,discharge
2992.0,567.1348225703425,43.756653523729085,5013.533358559465,25.0,3.954,5.0,0.6355555555555557,discharge
2993.0,565.9543686151417,43.669629156677175,5013.596438117402,25.0,3.9537500000000003,5.0,0.6352777777777777,discharge
2994.0,568.2184997336153,43.83775923952706,5013.492681075132,25.0,3.9535,5.0,0.6350000000000001,discharge
2995.0,567.5256468734011,43.786853472103786,5013.482491174295,25.0,3.95325,5.0,0.6347222222222223,discharge
2996.0,568.349415614616,43.8482900455271,5013.554601758317,25.0,3.9530000000000003,5.0,0.6344444444444445,discharge
2997.0,566.5370033441599,43.71445395141926,5013.372049865961,25.0,3.9527500000000004,5.0,0.6341666666666669,discharge
2998.0,569.5406635627517,43.93736396761124,5013.391096351673,25.0,3.9525,5.0,0.6338888888888888,discharge
2999.0,566.1017385770922,43.68304545015498,5013.378399400819,25.0,3.9522500000000003,5.0,0.6336111111111111,discharge
3000.0,567.1835532691016,43.76359653845197,5013.378450202111,25.0,3.952,5.0,0.6333333333333333,discharge
3001.0,566.9465487060788,43.7464573115614,5013.268580530239,25.0,3.9517500000000005,5.0,0.6330555555555557,discharge
3002.0,567.4962615714617,43.7875934497379,5013.2537110609155,25.0,3.9515000000000002,5.0,0.6327777777777779,discharge
3003.0,566.08862810727,43.68374097090889,5013.165240539381,25.0,3.95125,5.0,0.6325000000000001,discharge
3004.0,565.1981685736177,43.618197672119834,5013.2656200300335,25.0,3.951,5.0,0.6322222222222222,discharge
3005.0,564.9879200764506,43.60304037603338,5013.176281520281,25.0,3.95075,5.0,0.6319444444444445,discharge
3006.0,566.6504756617876,43.726609308280565,5013.139863319591,25.0,3.9505,5.0,0.6316666666666667,discharge
3007.0,565.8019043086122,43.66416883767498,5013.153685092725,25.0,3.95025,5.0,0.6313888888888889,discharge
3008.0,565.9017444958536,43.67198107376692,5013.16659260703,25.0,3.95,5.0,0.6311111111111113,discharge
3009.0,564.603951620925,43.576264934883326,5013.045797881982,25.0,3.94975,5.0,0.6308333333333332,discharge
3010.0,565.4189752314676,43.63705372084946,5012.960051280929,25.0,3.9495000000000005,5.0,0.6305555555555556,discharge
3011.0,565.3579779290175,43.63295206881611,5012.978825444272,25.0,3.94925,5.0,0.6302777777777777,discharge
3012.0,565.6166655164839,43.65253077899882,5013.026342058932,25.0,3.9490000000000003,5.0,0.6300000000000001,discharge
3013.0,563.3994971118152,43.48871274902335,5012.983034163545,25.0,3.9487500000000004,5.0,0.6297222222222223,discharge
3014.0,563.9550248226681,43.53027961649393,5012.903674284918,25.0,3.9485,5.0,0.6294444444444445,discharge
3015.0,566.3125364422586,43.705326773500644,5012.932615014906,25.0,3.9482500000000003,5.0,0.6291666666666669,discharge
3016.0,564.0514931227965,43.53825874983677,5012.8693676620205,25.0,3.9480000000000004,5.0,0.6288888888888889,discharge
3017.0,564.2216295964998,43.55127811825925,5012.86201421572,25.0,3.94775,5.0,0.6286111111111111,discharge
3018.0,563.7682822958795,43.51811350339849,5012.791170179275,25.0,3.9475000000000002,5.0,0.6283333333333333,discharge
3019.0,562.5310571214819,43.426883860850516,5012.736424745347,25.0,3.9472500000000004,5.0,0.6280555555555557,discharge
3020.0,562.8131687378412,43.44819768428454,5012.787438715359,25.0,3.947,5.0,0.6277777777777777,discharge
3021.0,564.1207035061998,43.54546877823702,5012.772624012554,25.0,3.94675,5.0,0.6275000000000001,discharge
3022.0,562.9390278488753,43.458353914731504,5012.721625498213,25.0,3.9465,5.0,0.6272222222222221,discharge
3023.0,565.4993572351277,43.64842461000946,5012.613339825341,25.0,3.94625,5.0,0.6269444444444445,discharge
3024.0,561.8351505566322,43.377418559750545,5012.698186073929,25.0,3.946,5.0,0.6266666666666667,discharge
3025.0,561.2520915046591,43.334645667011785,5012.688478365897,25.0,3.9457500000000003,5.0,0.6263888888888889,discharge
3026.0,562.6635881585335,43.43961764137284,5012.580907796766,25.0,3.9455000000000005,5.0,0.6261111111111113,discharge
3027.0,561.7071163581443,43.36918454504772,5012.576167726334,25.0,3.94525,5.0,0.6258333333333335,discharge
3028.0,564.1584407801461,43.55118079852933,5012.549952210331,25.0,3.9450000000000003,5.0,0.6255555555555556,discharge
3029.0,562.2126655929633,43.40746596984912,5012.509884195498,25.0,3.94475,5.0,0.6252777777777777,discharge
3030.0,563.0163549719714,43.467415183109,5012.49850819918,25.0,3.9445,5.0,0.6250000000000001,discharge
3031.0,560.942560475195,43.31421744260704,5012.518873621946,25.0,3.9442500000000003,5.0,0.6247222222222223,discharge
3032.0,562.8829230584033,43.45836467099284,5012.471455822012,25.0,3.944,5.0,0.6244444444444445,discharge
3033.0,562.7169163759504,43.4464845463667,5012.326564021979,25.0,3.9437500000000005,5.0,0.6241666666666669,discharge
3034.0,563.1778199667555,43.481042219759665,5012.372593909889,25.0,3.9435000000000002,5.0,0.6238888888888889,discharge
3035.0,562.0186473702761,43.395594249650074,5012.350247151652,25.0,3.94325,5.0,0.6236111111111111,discharge
3036.0,562.1762049864119,43.40768185084533,5012.276916871287,25.0,3.943,5.0,0.6233333333333333,discharge
3037.0,561.6872559508829,43.37188007043578,5012.179185885464,25.0,3.94275,5.0,0.6230555555555557,discharge
3038.0,562.3055082654113,43.41809320484528,5012.319165745795,25.0,3.9425000000000003,5.0,0.6227777777777779,discharge
3039.0,560.829238033058,43.309156520967264,5012.268450835846,25.0,3.94225,5.0,0.6225,discharge
3040.0,561.647319674436,43.370171827735994,5012.242060509127,25.0,3.942,5.0,0.6222222222222221,discharge
3041.0,560.3943481407614,43.27777578820455,5012.178920747852,25.0,3.9417500000000003,5.0,0.6219444444444445,discharge
3042.0,561.530891436615,43.36238084715667,5012.227794015524,25.0,3.9415,5.0,0.6216666666666667,discharge
3043.0,560.4081586172337,43.27963211979508,5012.222176536083,25.0,3.94125,5.0,0.6213888888888889,discharge
3044.0,559.8963962190896,43.2421404606733,5012.17025314754,25.0,3.9410000000000003,5.0,0.6211111111111113,discharge
3045.0,559.7284916128614,43.23011974910086,5012.117649801473,25.0,3.94075,5.0,0.6208333333333332,discharge
3046.0,561.7390375414093,43.3794657438081,5012.13596980718,25.0,3.9405,5.0,0.6205555555555556,discharge
3047.0,558.5709406231413,43.14520856467713,5012.037661586965,25.0,3.94025,5.0,0.6202777777777777,discharge
3048.0,558.5072004882122,43.14090373986758,5012.029536317561,25.0,3.9400000000000004,5.0,0.6200000000000001,discharge
3049.0,560.4880151119056,43.28804741569672,5011.910759212175,25.0,3.93975,5.0,0.6197222222222223,discharge
3050.0,558.7160116807951,43.157204568947776,5011.926228100676,25.0,3.9395000000000002,5.0,0.6194444444444445,discharge
3051.0,559.1068827257882,43.186574646354686,5011.967539810111,25.0,3.9392500000000004,5.0,0.6191666666666669,discharge
3052.0,558.9406278284487,43.17467613544064,5011.933934247923,25.0,3.939,5.0,0.6188888888888889,discharge
3053.0,561.574876056214,43.3702223004603,5011.893769194119,25.0,3.93875,5.0,0.6186111111111113,discharge
3054.0,558.4833637165938,43.14163805308102,5011.8305144892665,25.0,3.9385000000000003,5.0,0.6183333333333333,discharge
3055.0,558.2954291682138,43.12813364208991,5011.721428031365,25.0,3.93825,5.0,0.6180555555555557,discharge
3056.0,558.4895658138684,43.14293080102729,5011.751923688286,25.0,3.938,5.0,0.6177777777777779,discharge
3057.0,558.9719196232475,43.17907737949981,5011.792136637118,25.0,3.9377500000000003,5.0,0.6175,discharge
3058.0,559.102474269616,43.18916476071229,5011.641734607606,25.0,3.9375,5.0,0.6172222222222221,discharge
3059.0,556.9922009739772,43.03326488696128,5011.710931805694,25.0,3.93725,5.0,0.6169444444444445,discharge
3060.0,558.7718629540267,43.16550836696494,5011.6285542923515,25.0,3.9370000000000003,5.0,0.6166666666666667,discharge
3061.0,560.1406403068976,43.267315948659075,5011.611783301595,25.0,3.93675,5.0,0.6163888888888889,discharge
3062.0,556.2615410560184,42.980391930075434,5011.553366565654,25.0,3.9365000000000006,5.0,0.6161111111111113,discharge
3063.0,558.4863339465442,43.145608070114385,5011.648815152806,25.0,3.9362500000000002,5.0,0.6158333333333335,discharge
3064.0,558.541169605165,43.15008663741963,5011.563604034015,25.0,3.936,5.0,0.6155555555555556,discharge
3065.0,557.787702350252,43.094690914833464,5011.5263745775865,25.0,3.93575,5.0,0.6152777777777777,discharge
3066.0,557.2984510955437,43.05886674781806,5011.622827042875,25.0,3.9355,5.0,0.6150000000000001,discharge
3067.0,555.0002623685567,42.88904721248568,5011.437175198409,25.0,3.93525,5.0,0.6147222222222223,discharge
3068.0,558.4165268492836,43.142520507354334,5011.456337721027,25.0,3.935,5.0,0.6144444444444445,discharge
3069.0,556.7533330931748,43.01973763653147,5011.452200404679,25.0,3.93475,5.0,0.6141666666666669,discharge
3070.0,556.732655860585,43.01862265633964,5011.399532598061,25.0,3.9345000000000003,5.0,0.6138888888888889,discharge
3071.0,558.0274172352669,43.11494757298273,5011.3680702074125,25.0,3.9342500000000005,5.0,0.6136111111111113,discharge
3072.0,554.3206213078772,42.84078676354646,5011.262159173982,25.0,3.934,5.0,0.6133333333333333,discharge
3073.0,556.4539653327442,42.99922891353661,5011.271020023749,25.0,3.9337500000000003,5.0,0.6130555555555557,discharge
3074.0,556.979333065566,43.038561708560444,5011.239697241915,25.0,3.9335000000000004,5.0,0.6127777777777779,discharge
3075.0,556.9644458201244,43.03787561630551,5011.194239439702,25.0,3.93325,5.0,0.6125,discharge
3076.0,556.7148124644028,43.019800923289104,5011.237080809724,25.0,3.933,5.0,0.6122222222222221,discharge
3077.0,558.0065204730694,43.11589966467181,5011.11997268821,25.0,3.9327500000000004,5.0,0.6119444444444445,discharge
3078.0,556.1120913860028,42.97598825081502,5011.215087482348,25.0,3.9325,5.0,0.6116666666666667,discharge
3079.0,556.7083989287399,43.02057584657333,5011.184971623265,25.0,3.9322500000000002,5.0,0.6113888888888889,discharge
3080.0,556.3237306269451,42.9924985649589,5011.100233203844,25.0,3.9320000000000004,5.0,0.6111111111111113,discharge
3081.0,553.9320191854623,42.81575142114536,5011.086217225309,25.0,3.93175,5.0,0.6108333333333333,discharge
3082.0,554.5065429345043,42.858725402555876,5011.07444553028,25.0,3.9315,5.0,0.6105555555555557,discharge
3083.0,557.2194519074917,43.06009828944383,5010.971878912892,25.0,3.93125,5.0,0.6102777777777777,discharge
3084.0,554.7260097020528,42.87581553348539,5010.989572393007,25.0,3.931,5.0,0.6100000000000001,discharge
3085.0,554.7929215738525,42.8811886351002,5011.028258656979,25.0,3.93075,5.0,0.6097222222222223,discharge
3086.0,553.4037488784885,42.778703620628775,5010.9361764540845,25.0,3.9305000000000003,5.0,0.6094444444444445,discharge
3087.0,554.239066856849,42.84099569309994,5010.987884510619,25.0,3.9302500000000005,5.0,0.6091666666666669,discharge
3088.0,553.1301172292317,42.75926794290605,5010.92204253517,25.0,3.93,5.0,0.6088888888888889,discharge
3089.0,553.6955801015176,42.801570748260566,5010.846020897547,25.0,3.9297500000000003,5.0,0.6086111111111113,discharge
3090.0,554.7193653092431,42.87782335624023,5010.816757649936,25.0,3.9295,5.0,0.6083333333333333,discharge
3091.0,553.1957940460063,42.76538289229677,5010.850866848282,25.0,3.92925,5.0,0.6080555555555557,discharge
3092.0,553.2733175644287,42.77154204180954,5010.77106156993,25.0,3.9290000000000003,5.0,0.6077777777777779,discharge
3093.0,555.0871658161178,42.90631783823095,5010.79390840634,25.0,3.92875,5.0,0.6075,discharge
3094.0,554.0807150840122,42.83218259881572,5010.611800681873,25.0,3.9285,5.0,0.6072222222222223,discharge
3095.0,553.9875217852436,42.825696058166194,5010.671884757888,25.0,3.9282500000000002,5.0,0.6069444444444445,discharge
3096.0,554.3271028187053,42.85126687545966,5010.588011119398,25.0,3.928,5.0,0.6066666666666667,discharge
3097.0,552.6425382544538,42.72690098181139,5010.659271787767,25.0,3.92775,5.0,0.6063888888888889,discharge
3098.0,552.6643698159513,42.72893480118158,5010.606572016895,25.0,3.9275,5.0,0.6061111111111113,discharge
3099.0,550.8573344606593,42.59549699708588,5010.643454776312,25.0,3.9272500000000004,5.0,0.6058333333333334,discharge
3100.0,553.5104858149274,42.79244339369832,5010.510865186136,25.0,3.9270000000000005,5.0,0.6055555555555557,discharge
3101.0,552.4309827331679,42.712896869123554,5010.59674432881,25.0,3.92675,5.0,0.6052777777777777,discharge
3102.0,552.4949312319211,42.71805046162379,5010.552839313104,25.0,3.9265000000000003,5.0,0.6050000000000001,discharge
3103.0,551.2703344885078,42.62775625840799,5010.437677687389,25.0,3.92625,5.0,0.6047222222222223,discharge
3104.0,552.8413200526143,42.74454222611957,5010.516273793066,25.0,3.926,5.0,0.6044444444444445,discharge
3105.0,552.7091277056716,42.735166867086775,5010.469015261443,25.0,3.9257500000000003,5.0,0.6041666666666669,discharge
3106.0,552.1252816584761,42.69233567840564,5010.340558180212,25.0,3.9255000000000004,5.0,0.6038888888888889,discharge
3107.0,550.2157823777073,42.55130795390424,5010.378533709068,25.0,3.92525,5.0,0.6036111111111113,discharge
3108.0,550.8235091492124,42.59674141846018,5010.33903273112,25.0,3.925,5.0,0.6033333333333333,discharge
3109.0,551.4926582800293,42.64672468740959,5010.324511001777,25.0,3.9247500000000004,5.0,0.6030555555555557,discharge
3110.0,550.5511644524862,42.57740107055454,5010.274750851411,25.0,3.9245,5.0,0.6027777777777779,discharge
3111.0,551.6354685496818,42.6581365592357,5010.304562052076,25.0,3.9242500000000002,5.0,0.6025,discharge
3112.0,552.1165616216438,42.69418974975139,5010.213163249169,25.0,3.9240000000000004,5.0,0.6022222222222223,discharge
3113.0,550.2163288884607,42.55384843618227,5010.213363380454,25.0,3.92375,5.0,0.6019444444444445,discharge
3114.0,550.6516108205759,42.58650820893155,5010.154631203562,25.0,3.9235,5.0,0.6016666666666667,discharge
3115.0,550.0088039647113,42.53930955294159,5010.110854895299,25.0,3.9232500000000003,5.0,0.6013888888888889,discharge
3116.0,551.5864298744696,42.656587398108854,5010.018405311245,25.0,3.923,5.0,0.6011111111111113,discharge
3117.0,551.3132195895013,42.636766265888994,5010.103013940656,25.0,3.92275,5.0,0.6008333333333333,discharge
3118.0,552.939382799486,42.75763946662859,5010.050128128099,25.0,3.9225000000000003,5.0,0.6005555555555557,discharge
3119.0,550.1460061325622,42.551139343152755,5010.0392809730565,25.0,3.92225,5.0,0.6002777777777777,discharge
3120.0,549.0659832034102,42.47155431136372,5010.000465046298,25.0,3.922,5.0,0.6000000000000001,discharge
3121.0,550.2707334008117,42.56121173339346,5009.93809464727,25.0,3.9217500000000003,5.0,0.5997222222222223,discharge
3122.0,549.4898303620535,42.50378373052248,5009.893015737445,25.0,3.9215,5.0,0.5994444444444444,discharge
3123.0,549.7745646232399,42.525291823943704,5009.914476107164,25.0,3.9212499999999997,5.0,0.5991666666666664,discharge
3124.0,550.6884845740809,42.59340626474675,5009.810809592567,25.0,3.9210000000000003,5.0,0.598888888888889,discharge
3125.0,549.0209838812757,42.47030436157597,5009.819700049662,25.0,3.92075,5.0,0.5986111111111112,discharge
3126.0,549.8899597324327,42.53508960980983,5009.835728541966,25.0,3.9205,5.0,0.5983333333333334,discharge
3127.0,546.9117805141975,42.314900408459074,5009.794728554747,25.0,3.9202500000000002,5.0,0.5980555555555558,discharge
3128.0,549.9480938482795,42.540229173946635,5009.777578006253,25.0,3.92,5.0,0.5977777777777777,discharge
3129.0,548.8857594232579,42.461954401722814,5009.684842078904,25.0,3.9197500000000005,5.0,0.5975000000000001,discharge
3130.0,548.3735973718927,42.42443313865873,5009.6950496473655,25.0,3.9195,5.0,0.5972222222222223,discharge
3131.0,547.9742690550953,42.39526993000706,5009.638931709577,25.0,3.9192500000000003,5.0,0.5969444444444445,discharge
3132.0,549.7526699500193,42.52741999629772,5009.716394515323,25.0,3.919,5.0,0.5966666666666667,discharge
3133.0,547.6912290353424,42.375137335951294,5009.63578847135,25.0,3.91875,5.0,0.5963888888888889,discharge
3134.0,549.3273751300344,42.49675000963217,5009.605939959313,25.0,3.9185000000000003,5.0,0.5961111111111113,discharge
3135.0,547.4140187024284,42.35543657055025,5009.6149756797195,25.0,3.91825,5.0,0.5958333333333332,discharge
3136.0,547.8289225743567,42.38658685735976,5009.615955612376,25.0,3.918,5.0,0.5955555555555556,discharge
3137.0,547.999909476567,42.399669220486444,5009.469543197365,25.0,3.9177500000000003,5.0,0.5952777777777778,discharge
3138.0,549.5310925224946,42.51350685351812,5009.515788147284,25.0,3.9175000000000004,5.0,0.5950000000000002,discharge
3139.0,547.617688331484,42.37218987640621,5009.423981171626,25.0,3.9172500000000006,5.0,0.5947222222222226,discharge
3140.0,547.4669237051689,42.36143879297548,5009.401324100192,25.0,3.9170000000000003,5.0,0.5944444444444446,discharge
3141.0,547.0251755899671,42.329133377034616,5009.393360118547,25.0,3.9167500000000004,5.0,0.5941666666666667,discharge
3142.0,546.6524826370085,42.30194315829692,5009.351787447763,25.0,3.9165,5.0,0.5938888888888889,discharge
3143.0,546.2092505315388,42.26952781715102,5009.39803552669,25.0,3.9162500000000002,5.0,0.5936111111111111,discharge
3144.0,548.4856906805726,42.43856968004242,5009.342774961376,25.0,3.916,5.0,0.5933333333333333,discharge
3145.0,548.0088051565509,42.40366149307785,5009.247617787201,25.0,3.91575,5.0,0.5930555555555557,discharge
3146.0,545.713105066855,42.23402630124852,5009.245205826866,25.0,3.9155,5.0,0.5927777777777778,discharge
3147.0,546.4230103314264,42.28702854306863,5009.221370667102,25.0,3.9152500000000003,5.0,0.5925,discharge
3148.0,544.9469526922389,42.17810760683251,5009.276747285864,25.0,3.915,5.0,0.592222222222222,discharge
3149.0,546.9265511441172,42.32516119586053,5009.256638083022,25.0,3.91475,5.0,0.5919444444444444,discharge
3150.0,546.533971513417,42.29649788988274,5009.280543152797,25.0,3.9145000000000003,5.0,0.5916666666666668,discharge
3151.0,545.8210433100114,42.24410506000085,5009.056126564228,25.0,3.91425,5.0,0.591388888888889,discharge
3152.0,544.7626995601967,42.1661258933479,5009.0982178433715,25.0,3.914,5.0,0.5911111111111111,discharge
3153.0,546.1971598386344,42.27279887693589,5009.18208304959,25.0,3.9137500000000003,5.0,0.5908333333333333,discharge
3154.0,545.9096570277925,42.25191903909574,5009.0617308697965,25.0,3.9135,5.0,0.5905555555555555,discharge
3155.0,544.9746761294269,42.18307786143903,5009.048231218135,25.0,3.91325,5.0,0.5902777777777779,discharge
3156.0,545.7524905456501,42.24111041078889,5009.006889975598,25.0,3.9130000000000003,5.0,0.5900000000000001,discharge
3157.0,543.5322512925552,42.07706491055965,5008.960756184789,25.0,3.91275,5.0,0.5897222222222223,discharge
3158.0,544.1386766220144,42.122401972001065,5009.045878724343,25.0,3.9125,5.0,0.5894444444444444,discharge
3159.0,543.6470572104372,42.086402385958294,5008.860241735654,25.0,3.9122500000000002,5.0,0.5891666666666668,discharge
3160.0,544.573193525147,42.15542174260349,5008.9914933447,25.0,3.9120000000000004,5.0,0.588888888888889,discharge
3161.0,545.9880811706926,42.2606449015328,5008.855678641249,25.0,3.91175,5.0,0.5886111111111112,discharge
3162.0,544.2296233937013,42.13080543657048,5008.933438856358,25.0,3.9115,5.0,0.5883333333333334,discharge
3163.0,545.1791204856625,42.20155522116018,5008.773136207484,25.0,3.9112500000000003,5.0,0.5880555555555558,discharge
3164.0,543.8713509403696,42.105100069657006,5008.773451454462,25.0,3.911,5.0,0.5877777777777777,discharge
3165.0,543.3573584693897,42.0674432199548,5008.684879832737,25.0,3.91075,5.0,0.5875000000000001,discharge
3166.0,544.6373479277718,42.16267392057569,5008.717822225094,25.0,3.9105000000000003,5.0,0.5872222222222223,discharge
3167.0,544.0275492581087,42.11792031541546,5008.721776291534,25.0,3.9102500000000004,5.0,0.5869444444444445,discharge
3168.0,544.7646242959933,42.17293513303653,5008.6794966671205,25.0,3.91,5.0,0.5866666666666667,discharge
3169.0,544.1803755218399,42.130074112728884,5008.651659735398,25.0,3.90975,5.0,0.5863888888888888,discharge
3170.0,542.2543792963659,41.987824392323404,5008.591586585973,25.0,3.9095000000000004,5.0,0.5861111111111112,discharge
3171.0,540.3798861039012,41.84938971140009,5008.615762408955,25.0,3.90925,5.0,0.5858333333333332,discharge
3172.0,542.9254598095386,42.038367393299154,5008.592166147712,25.0,3.9090000000000003,5.0,0.5855555555555556,discharge
3173.0,541.4723414537018,41.93114566323717,5008.658406270959,25.0,3.9087500000000004,5.0,0.5852777777777778,discharge
3174.0,541.1001936855163,41.903995828556766,5008.4677648825245,25.0,3.9085,5.0,0.5850000000000002,discharge
3175.0,540.8893231388121,41.88879245472682,5008.526168983893,25.0,3.9082500000000007,5.0,0.5847222222222226,discharge
3176.0,541.5897303901054,41.94109114000781,5008.525318076518,25.0,3.9080000000000004,5.0,0.5844444444444445,discharge
3177.0,541.8917827882074,41.96388205838573,5008.499150534698,25.0,3.90775,5.0,0.5841666666666667,discharge
3178.0,541.957816663037,41.96919012318793,5008.4051916440885,25.0,3.9075,5.0,0.5838888888888889,discharge
3179.0,543.8579175238845,42.11035500176922,5008.369017533335,25.0,3.9072500000000003,5.0,0.5836111111111113,discharge
3180.0,540.4618381176663,41.859210230938245,5008.355677374562,25.0,3.907,5.0,0.5833333333333335,discharge
3181.0,541.5244738533363,41.93834065580269,5008.34720329009,25.0,3.90675,5.0,0.5830555555555557,discharge
3182.0,540.1517447060787,41.83707368193177,5008.264669988471,25.0,3.9065000000000003,5.0,0.5827777777777778,discharge
3183.0,540.2614251924973,41.845614829073874,5008.262867726761,25.0,3.90625,5.0,0.5825,discharge
3184.0,541.1842113183901,41.914386023584456,5008.273258722208,25.0,3.906,5.0,0.5822222222222222,discharge
3185.0,541.3969330531979,41.93055985579244,5008.248469993996,25.0,3.9057500000000003,5.0,0.5819444444444446,discharge
3186.0,539.5538119877084,41.79444903612654,5008.177363147393,25.0,3.9055000000000004,5.0,0.581666666666667,discharge
3187.0,541.8441317289042,41.964519016955876,5008.096504119658,25.0,3.90525,5.0,0.581388888888889,discharge
3188.0,539.6309295913687,41.800994784545836,5008.146135214862,25.0,3.9050000000000002,5.0,0.5811111111111111,discharge
3189.0,541.3802751942349,41.930992606980354,5008.07309090265,25.0,3.90475,5.0,0.5808333333333333,discharge
3190.0,540.230708386581,41.84625617678378,5008.016546818434,25.0,3.9045000000000005,5.0,0.5805555555555557,discharge
3191.0,541.0498952253904,41.90735335002892,5008.050379331544,25.0,3.90425,5.0,0.5802777777777779,discharge
3192.0,540.5714090555807,41.872326596709684,5007.974653574932,25.0,3.9040000000000004,5.0,0.5800000000000001,discharge
3193.0,539.5791860846634,41.79924526553062,5007.932320155309,25.0,3.90375,5.0,0.5797222222222222,discharge
3194.0,540.2047306323977,41.84599856536279,5007.938293272564,25.0,3.9035,5.0,0.5794444444444444,discharge
3195.0,538.2449619714268,41.701247183068645,5007.825061658926,25.0,3.90325,5.0,0.5791666666666664,discharge
3196.0,538.1482982230029,41.69450357207428,5007.885534194551,25.0,3.9030000000000005,5.0,0.578888888888889,discharge
3197.0,538.9533107862933,41.754550798984695,5007.883323635755,25.0,3.90275,5.0,0.5786111111111112,discharge
3198.0,540.5428721955761,41.87271275522787,5007.819146160443,25.0,3.9025000000000003,5.0,0.5783333333333334,discharge
3199.0,538.2843426931472,41.70583094023314,5007.791549456894,25.0,3.9022500000000004,5.0,0.5780555555555558,discharge
3200.0,538.2936397137053,41.706936275089284,5007.765304587979,25.0,3.9020000000000006,5.0,0.5777777777777782,discharge
3201.0,540.4181506297182,41.86472412071987,5007.804270154041,25.0,3.9017500000000003,5.0,0.5775000000000001,discharge
3202.0,538.6575259335946,41.73472414322923,5007.83711466084,25.0,3.9015000000000004,5.0,0.5772222222222223,discharge
3203.0,538.4759624441627,41.721691662530574,5007.647031732256,25.0,3.90125,5.0,0.5769444444444445,discharge
3204.0,537.2862263749577,41.63397973147834,5007.596871394549,25.0,3.9010000000000002,5.0,0.5766666666666667,discharge
3205.0,538.2579152086951,41.706373348792226,5007.689773333296,25.0,3.90075,5.0,0.5763888888888888,discharge
3206.0,538.651662889275,41.735956510316676,5007.546154883065,25.0,3.9005,5.0,0.5761111111111112,discharge
3207.0,537.8634210897507,41.677984895537094,5007.538937552166,25.0,3.9002499999999998,5.0,0.5758333333333332,discharge
3208.0,538.5448355972668,41.72887671090865,5007.58369595334,25.0,3.9000000000000004,5.0,0.5755555555555556,discharge
3209.0,537.9702426169971,41.68673093459238,5007.521269982793,25.0,3.89975,5.0,0.5752777777777778,discharge
3210.0,538.5527380037983,41.73029540768876,5007.455968149647,25.0,3.8995,5.0,0.5750000000000002,discharge
3211.0,538.1901850119111,41.7038562971786,5007.510878034776,25.0,3.8992500000000003,5.0,0.5747222222222226,discharge
3212.0,537.0912529557547,41.62287058931517,5007.368910589654,25.0,3.899,5.0,0.5744444444444445,discharge
3213.0,537.9552826708489,41.68728945709992,5007.48875015543,25.0,3.89875,5.0,0.5741666666666667,discharge
3214.0,538.7518454425854,41.74671077352484,5007.345188461534,25.0,3.8985000000000003,5.0,0.5738888888888889,discharge
3215.0,537.1117238861268,41.62563695452791,5007.370648489892,25.0,3.89825,5.0,0.5736111111111111,discharge
3216.0,535.4483797410005,41.50284294377782,5007.316658684542,25.0,3.898,5.0,0.5733333333333335,discharge
3217.0,536.7210438959787,41.59753102933177,5007.371243749409,25.0,3.8977500000000003,5.0,0.5730555555555557,discharge
3218.0,536.1916743525016,41.55873513722236,5007.230023013758,25.0,3.8975,5.0,0.5727777777777776,discharge
3219.0,538.8431294621579,41.75555588608577,5007.20955280382,25.0,3.89725,5.0,0.5725,discharge
3220.0,536.8671063933925,41.60960047358464,5007.255764145589,25.0,3.8970000000000002,5.0,0.5722222222222224,discharge
3221.0,534.8659405978191,41.46178263687548,5007.269918942617,25.0,3.8967500000000004,5.0,0.5719444444444446,discharge
3222.0,535.6447191682089,41.51988660505252,5007.162784748737,25.0,3.8965000000000005,5.0,0.571666666666667,discharge
3223.0,537.1550911557148,41.632182678201104,5007.151284699098,25.0,3.89625,5.0,0.571388888888889,discharge
3224.0,534.3919671673508,41.42792349387784,5007.157513041223,25.0,3.896,5.0,0.5711111111111111,discharge
3225.0,534.9220250893142,41.467603710319565,5007.08092837221,25.0,3.89575,5.0,0.5708333333333333,discharge
3226.0,535.2752992797117,41.4941888355342,5007.089911165841,25.0,3.8955,5.0,0.5705555555555557,discharge
3227.0,534.9859265497604,41.47317048516744,5006.950046828113,25.0,3.8952500000000003,5.0,0.5702777777777779,discharge
3228.0,534.401383763397,41.430287686177564,5006.958146760768,25.0,3.8950000000000005,5.0,0.5700000000000001,discharge
3229.0,534.9857293070472,41.47398920792942,5007.005078677865,25.0,3.89475,5.0,0.5697222222222222,discharge
3230.0,533.3038568631252,41.34982273060187,5006.951426069532,25.0,3.8945,5.0,0.5694444444444444,discharge
3231.0,533.9961518001505,41.40152050371485,5006.8700967020295,25.0,3.8942500000000004,5.0,0.5691666666666668,discharge
3232.0,533.8364033060716,41.3901039485979,5006.859454167456,25.0,3.894,5.0,0.568888888888889,discharge
3233.0,533.9939950291568,41.40219407623384,5006.917262160597,25.0,3.8937500000000003,5.0,0.5686111111111112,discharge
3234.0,533.8562484720208,41.392407294223766,5006.762773503094,25.0,3.8935000000000004,5.0,0.5683333333333334,discharge
3235.0,534.0123865454707,41.40438974410895,5006.76780271024,25.0,3.89325,5.0,0.5680555555555555,discharge
3236.0,533.5271554314087,41.368863365289535,5006.843231191279,25.0,3.8930000000000002,5.0,0.5677777777777777,discharge
3237.0,533.3174943534755,41.353749581738924,5006.782968472516,25.0,3.8927500000000004,5.0,0.5675000000000001,discharge
3238.0,533.9563402155992,41.40148816411846,5006.699856424815,25.0,3.8925,5.0,0.5672222222222223,discharge
3239.0,534.3553780992734,41.43146319253876,5006.682777379002,25.0,3.89225,5.0,0.5669444444444445,discharge
3240.0,534.2778126997906,41.42613427405857,5006.6882049599835,25.0,3.8920000000000003,5.0,0.5666666666666667,discharge
3241.0,532.0242342809697,41.25961920599776,5006.560639014167,25.0,3.89175,5.0,0.566388888888889,discharge
3242.0,533.2841401131419,41.3533622306031,5006.685745019998,25.0,3.8915,5.0,0.5661111111111112,discharge
3243.0,533.6444812700132,41.380470834815796,5006.53031736964,25.0,3.89125,5.0,0.5658333333333332,discharge
3244.0,532.4916000616804,41.295488893457815,5006.544175955246,25.0,3.891,5.0,0.5655555555555556,discharge
3245.0,533.0862617140236,41.33995457140915,5006.5571584094205,25.0,3.89075,5.0,0.5652777777777778,discharge
3246.0,532.2599785992334,41.27916508142469,5006.478806047355,25.0,3.8905000000000003,5.0,0.5650000000000002,discharge
3247.0,532.7173625835211,41.31346204322378,5006.544491426726,25.0,3.8902500000000004,5.0,0.5647222222222226,discharge
3248.0,530.678614872927,41.162860360957566,5006.4375394536755,25.0,3.89,5.0,0.5644444444444445,discharge
3249.0,532.5233389302733,41.29992325409432,5006.416624604975,25.0,3.8897500000000003,5.0,0.5641666666666667,discharge
3250.0,531.4408417957175,41.22015494783092,5006.473223178244,25.0,3.8895,5.0,0.5638888888888889,discharge
3251.0,531.0484634690215,41.19150655326085,5006.326665717059,25.0,3.8892500000000005,5.0,0.5636111111111113,discharge
3252.0,531.3451496203318,41.21389997187643,5006.307704393983,25.0,3.8890000000000002,5.0,0.5633333333333335,discharge
3253.0,532.4914008284245,41.299224135438834,5006.35759300967,25.0,3.8887500000000004,5.0,0.5630555555555556,discharge
3254.0,532.3091808390283,41.286143025113205,5006.227991603525,25.0,3.8885,5.0,0.5627777777777776,discharge
3255.0,531.4754499958427,41.2248018515439,5006.247488326889,25.0,3.88825,5.0,0.5625,discharge
3256.0,531.9518206677621,41.260505234649045,5006.252793573649,25.0,3.888,5.0,0.5622222222222222,discharge
3257.0,530.5416489374827,41.156464736109825,5006.206030025147,25.0,3.8877500000000005,5.0,0.5619444444444446,discharge
3258.0,529.5647507563822,41.08451857454682,5006.205967124642,25.0,3.8875,5.0,0.561666666666667,discharge
3259.0,528.8048107834528,41.028643391366884,5006.137776152476,25.0,3.8872500000000003,5.0,0.5613888888888889,discharge
3260.0,530.4996696456809,41.15460515893933,5006.137094991293,25.0,3.887,5.0,0.5611111111111111,discharge
3261.0,530.2451590992368,41.13616919253606,5006.026413099355,25.0,3.88675,5.0,0.5608333333333335,discharge
3262.0,530.2885743018943,41.13980180014032,5005.9847199383985,25.0,3.8865000000000003,5.0,0.5605555555555557,discharge
3263.0,530.1808493658124,41.13223884191203,5006.133253826393,25.0,3.8862500000000004,5.0,0.5602777777777779,discharge
3264.0,531.1924060030883,41.20758562985839,5005.993008932304,25.0,3.886,5.0,0.56,discharge
3265.0,528.914995733884,41.03930523954696,5006.056735500946,25.0,3.88575,5.0,0.559722222222222,discharge
3266.0,528.9221030211771,41.04024837193905,5005.882067216774,25.0,3.8855,5.0,0.5594444444444444,discharge
3267.0,531.4734168202142,41.22965124594179,5005.909235278297,25.0,3.88525,5.0,0.5591666666666668,discharge
3268.0,530.1865953078279,41.134747800579845,5005.9160343908125,25.0,3.8850000000000002,5.0,0.558888888888889,discharge
3269.0,528.9770345223276,41.04556737202426,5005.970687253307,25.0,3.8847500000000004,5.0,0.5586111111111112,discharge
3270.0,527.1014583555691,40.907052470782894,5005.908750505814,25.0,3.8845,5.0,0.5583333333333333,discharge
3271.0,528.1495812316518,40.985107869011244,5005.770424447156,25.0,3.88425,5.0,0.5580555555555555,discharge
3272.0,528.5005403030843,41.01152150393219,5005.849579138177,25.0,3.8840000000000003,5.0,0.5577777777777779,discharge
3273.0,528.6369685750938,41.022043968525466,5005.788619416646,25.0,3.88375,5.0,0.5575000000000001,discharge
3274.0,528.7712647397692,41.032408499242166,5005.745418980769,25.0,3.8835,5.0,0.5572222222222223,discharge
3275.0,528.2146944382223,40.99159773616462,5005.79208768229,25.0,3.8832500000000003,5.0,0.5569444444444445,discharge
3276.0,529.4491667722982,41.083456797948024,5005.675264004003,25.0,3.883,5.0,0.5566666666666666,discharge
3277.0,526.9767600132287,40.900732223202134,5005.635853433744,25.0,3.88275,5.0,0.5563888888888888,discharge
3278.0,527.7399411883632,40.95768082876764,5005.507752173942,25.0,3.8825000000000003,5.0,0.5561111111111112,discharge
3279.0,527.2051061238486,40.91848008324805,5005.614695503833,25.0,3.88225,5.0,0.5558333333333332,discharge
3280.0,528.5185131468301,41.01618615902444,5005.482490032217,25.0,3.882,5.0,0.5555555555555556,discharge
3281.0,527.7821864694856,40.96206010885078,5005.575738124195,25.0,3.8817500000000003,5.0,0.5552777777777778,discharge
3282.0,528.2547305605058,40.99748004151895,5005.416686552691,25.0,3.8815000000000004,5.0,0.5550000000000002,discharge
3283.0,527.4042418297014,40.934897542940845,5005.443121130275,25.0,3.88125,5.0,0.5547222222222223,discharge
3284.0,530.9398626794373,41.19721205032869,5005.52983079868,25.0,3.8810000000000002,5.0,0.5544444444444445,discharge
3285.0,527.7698072941059,40.9628097995634,5005.407188083947,25.0,3.88075,5.0,0.5541666666666667,discharge
3286.0,526.1576343928313,40.84380625132084,5005.362998736282,25.0,3.8805,5.0,0.5538888888888889,discharge
3287.0,526.7658733246953,40.889277653681134,5005.401121876296,25.0,3.88025,5.0,0.5536111111111113,discharge
3288.0,526.2313753271455,40.85010187608485,5005.250114198403,25.0,3.8800000000000003,5.0,0.5533333333333335,discharge
3289.0,527.2518428512342,40.92610872972105,5005.350451598463,25.0,3.87975,5.0,0.5530555555555556,discharge
3290.0,527.3264273343516,40.932050172914934,5005.291827956251,25.0,3.8795,5.0,0.5527777777777776,discharge
3291.0,526.6008651084023,40.87872148951129,5005.288285141389,25.0,3.8792500000000003,5.0,0.5525,discharge
3292.0,525.9007149975964,40.82727518500715,5005.185338834812,25.0,3.8790000000000004,5.0,0.5522222222222224,discharge
3293.0,525.2751304619634,40.781352256441735,5005.1741404319755,25.0,3.87875,5.0,0.5519444444444446,discharge
3294.0,527.4095725588161,40.93987574509748,5005.081666725811,25.0,3.8785000000000003,5.0,0.551666666666667,discharge
3295.0,526.7851500656295,40.894038893750334,5005.232854983194,25.0,3.87825,5.0,0.5513888888888889,discharge
3296.0,522.6013588272777,40.58454509831687,5005.108578093074,25.0,3.878,5.0,0.5511111111111111,discharge
3297.0,525.4603524989733,40.796739073998026,5005.013682118685,25.0,3.8777500000000003,5.0,0.5508333333333333,discharge
3298.0,524.4157118690886,40.719774953265826,5005.033744957119,25.0,3.8775000000000004,5.0,0.5505555555555557,discharge
3299.0,524.7413586981393,40.744313607269575,5004.952104458896,25.0,3.87725,5.0,0.5502777777777779,discharge
3300.0,526.6724648892747,40.88777517698331,5004.921918130944,25.0,3.8770000000000002,5.0,0.55,discharge
3301.0,523.7081449616346,40.668612589750715,5004.953001575795,25.0,3.87675,5.0,0.549722222222222,discharge
3302.0,523.6628465930388,40.66567382170659,5004.925110932039,25.0,3.8765,5.0,0.5494444444444444,discharge
3303.0,527.0200305278065,40.91477077983751,5004.8820714795775,25.0,3.87625,5.0,0.5491666666666668,discharge
3304.0,523.9532149276079,40.688015920563544,5004.96361986821,25.0,3.8760000000000003,5.0,0.548888888888889,discharge
3305.0,524.0556772941809,40.696022392161545,5004.821271562492,25.0,3.87575,5.0,0.5486111111111112,discharge
3306.0,525.2978075736783,40.78844870916135,5004.860498009693,25.0,3.8755,5.0,0.5483333333333333,discharge
3307.0,523.507418806225,40.6562439856463,5004.765708282486,25.0,3.8752500000000003,5.0,0.5480555555555555,discharge
3308.0,523.9157808272704,40.68690969090892,5004.782276073755,25.0,3.8750000000000004,5.0,0.5477777777777779,discharge
3309.0,523.9880889908115,40.69268251783789,5004.651945759187,25.0,3.87475,5.0,0.5475000000000001,discharge
3310.0,525.0133696280982,40.76904589837765,5004.688454921588,25.0,3.8745000000000003,5.0,0.5472222222222223,discharge
3311.0,521.8510871414531,40.535219417885415,5004.627355318901,25.0,3.87425,5.0,0.5469444444444445,discharge
3312.0,522.4952394034623,40.58335106692314,5004.7281963781625,25.0,3.874,5.0,0.5466666666666669,discharge
3313.0,523.0626249467214,40.62579629234973,5004.625390054569,25.0,3.8737500000000002,5.0,0.546388888888889,discharge
3314.0,523.9635494478064,40.692948107244916,5004.565156174865,25.0,3.8735000000000004,5.0,0.5461111111111112,discharge
3315.0,522.2725808264688,40.56810783899769,5004.636551983555,25.0,3.87325,5.0,0.5458333333333334,discharge
3316.0,523.2391426278614,40.64012167613788,5004.639272989874,25.0,3.873,5.0,0.5455555555555558,discharge
3317.0,522.1247010703211,40.557987116320085,5004.5239032880845,25.0,3.87275,5.0,0.5452777777777778,discharge
3318.0,522.1050108558693,40.556945248582906,5004.476781096771,25.0,3.8725,5.0,0.5449999999999999,discharge
3319.0,523.6351814263262,40.67070788343157,5004.495546681791,25.0,3.87225,5.0,0.5447222222222223,discharge
3320.0,521.986336136913,40.54898786199355,5004.462817190277,25.0,3.8720000000000003,5.0,0.5444444444444445,discharge
3321.0,525.0449344325599,40.775967365374804,5004.364662966592,25.0,3.87175,5.0,0.5441666666666667,discharge
3322.0,522.3037190836819,40.5733310432357,5004.3406396343935,25.0,3.8715,5.0,0.5438888888888891,discharge
3323.0,522.9314053848661,40.62024299147156,5004.516390097694,25.0,3.8712500000000003,5.0,0.5436111111111113,discharge
3324.0,522.4087068169122,40.5819412456972,5004.303591487523,25.0,3.8710000000000004,5.0,0.5433333333333334,discharge
3325.0,519.9717831813309,40.40184505046895,5004.334267325203,25.0,3.87075,5.0,0.5430555555555556,discharge
3326.0,519.8486689815488,40.393142146781386,5004.264839111089,25.0,3.8705,5.0,0.5427777777777776,discharge
3327.0,521.7371756889179,40.533448199179105,5004.180463716999,25.0,3.87025,5.0,0.5425,discharge
3328.0,520.0053153500314,40.40557891481714,5004.2386736645,25.0,3.87,5.0,0.5422222222222222,discharge
3329.0,520.4245347843289,40.43704887291326,5004.169158435191,25.0,3.8697500000000002,5.0,0.5419444444444446,discharge
3330.0,520.4968142121077,40.44281957126725,5004.138401921848,25.0,3.8695000000000004,5.0,0.541666666666667,discharge
3331.0,519.7774956531937,40.38995338171806,5004.2116736405915,25.0,3.86925,5.0,0.5413888888888889,discharge
3332.0,521.7388233817409,40.53565358383266,5004.116453182342,25.0,3.869,5.0,0.5411111111111111,discharge
3333.0,521.1957175591399,40.495840189565925,5004.089035853109,25.0,3.8687500000000004,5.0,0.5408333333333335,discharge
3334.0,520.4525562294451,40.44120786884779,5003.939923170854,25.0,3.8685,5.0,0.5405555555555557,discharge
3335.0,520.7001066489148,40.45996160362333,5004.043871104622,25.0,3.86825,5.0,0.5402777777777779,discharge
3336.0,519.0931740909532,40.341346228959495,5003.999006881766,25.0,3.8680000000000003,5.0,0.54,discharge
3337.0,520.7355339297402,40.463419179980754,5003.935590783934,25.0,3.86775,5.0,0.539722222222222,discharge
3338.0,518.8715870966108,40.32576571086006,5003.922689619848,25.0,3.8675,5.0,0.5394444444444444,discharge
3339.0,521.1442978937022,40.49453132545942,5003.942303412747,25.0,3.8672500000000003,5.0,0.5391666666666668,discharge
3340.0,518.776566585881,40.31956048784305,5003.841812551868,25.0,3.867,5.0,0.538888888888889,discharge
3341.0,518.750744801829,40.318064429765116,5003.857560787198,25.0,3.86675,5.0,0.5386111111111112,discharge
3342.0,520.3313797420827,40.4355651660802,5003.738133107234,25.0,3.8665000000000003,5.0,0.5383333333333333,discharge
3343.0,519.6770332680471,40.387511723559044,5003.76753164735,25.0,3.8662500000000004,5.0,0.5380555555555557,discharge
3344.0,517.9340362693018,40.25881750142976,5003.744441245579,25.0,3.866,5.0,0.5377777777777779,discharge
3345.0,519.3537967760385,40.36440161303989,5003.744674554906,25.0,3.8657500000000002,5.0,0.5375000000000001,discharge
3346.0,518.610489312322,40.30975846757941,5003.849009539483,25.0,3.8655,5.0,0.5372222222222223,discharge
3347.0,518.4905858998584,40.30129339998951,5003.856342393747,25.0,3.86525,5.0,0.5369444444444444,discharge
3348.0,518.9534079327593,40.33599318020439,5003.59883811871,25.0,3.8649999999999998,5.0,0.5366666666666664,discharge
3349.0,518.8122729610361,40.325955404521196,5003.711969005405,25.0,3.86475,5.0,0.5363888888888888,discharge
3350.0,519.0761275370999,40.3459168546,5003.662664418215,25.0,3.8645,5.0,0.5361111111111112,discharge
3351.0,518.4011959274593,40.29633858721921,5003.653384915472,25.0,3.86425,5.0,0.5358333333333334,discharge
3352.0,518.1069138322387,40.274956580165835,5003.610982717893,25.0,3.8640000000000003,5.0,0.5355555555555558,discharge
3353.0,517.5402960038376,40.23340155583982,5003.526810776983,25.0,3.8637500000000005,5.0,0.5352777777777782,discharge
3354.0,518.9994212038014,40.341901570651956,5003.528260786093,25.0,3.8635,5.0,0.5350000000000001,discharge
3355.0,516.5846289965216,40.16344474048308,5003.524486281374,25.0,3.8632500000000003,5.0,0.5347222222222223,discharge
3356.0,519.1373095142285,40.35294885290581,5003.3947908658165,25.0,3.863,5.0,0.5344444444444445,discharge
3357.0,519.2696281718315,40.36316690161715,5003.415417811931,25.0,3.86275,5.0,0.5341666666666667,discharge
3358.0,519.1173647860955,40.35230479897004,5003.408781848167,25.0,3.8625000000000003,5.0,0.5338888888888889,discharge
3359.0,516.6721454986043,40.17159411100773,5003.453398953516,25.0,3.8622500000000004,5.0,0.5336111111111113,discharge
3360.0,518.7767295159788,40.3279058900725,5003.3800870309105,25.0,3.862,5.0,0.5333333333333332,discharge
3361.0,517.6821278268642,40.247240950138085,5003.257881459603,25.0,3.8617500000000002,5.0,0.5330555555555556,discharge
3362.0,517.4676091246208,40.231767342564495,5003.302763699151,25.0,3.8615000000000004,5.0,0.5327777777777778,discharge
3363.0,519.5507175321247,40.38648833571294,5003.24861443719,25.0,3.86125,5.0,0.5325000000000002,discharge
3364.0,516.316659695138,40.147345162602804,5003.211717957394,25.0,3.8610000000000007,5.0,0.5322222222222226,discharge
3365.0,516.5533713175328,40.16529602352094,5003.195696916208,25.0,3.8607500000000003,5.0,0.5319444444444446,discharge
3366.0,514.5844522124085,40.01986683054878,5003.1491184721435,25.0,3.8605,5.0,0.5316666666666667,discharge
3367.0,513.4812825306533,39.93856722449284,5003.174358584203,25.0,3.86025,5.0,0.5313888888888889,discharge
3368.0,515.854102892577,40.11474836241311,5003.14148211608,25.0,3.8600000000000003,5.0,0.5311111111111111,discharge
3369.0,515.8565139055747,40.115343622635166,5003.089431506007,25.0,3.85975,5.0,0.5308333333333333,discharge
3370.0,515.9941315602005,40.12595418964448,5003.083536332568,25.0,3.8595,5.0,0.5305555555555557,discharge
3371.0,515.4538842601421,40.0863525377883,5002.981032459988,25.0,3.8592500000000003,5.0,0.5302777777777778,discharge
3372.0,513.0186004364803,39.906377810109646,5003.028408984111,25.0,3.859,5.0,0.53,discharge
3373.0,515.2468384994288,40.07184914810584,5003.00030166845,25.0,3.85875,5.0,0.5297222222222224,discharge
3374.0,515.8559383470043,40.11738432200032,5002.93476184032,25.0,3.8585000000000003,5.0,0.5294444444444444,discharge
3375.0,516.1668406127538,40.14083078612991,5002.932574070648,25.0,3.8582500000000004,5.0,0.5291666666666668,discharge
3376.0,513.5056323332708,39.94412091357561,5002.852498231575,25.0,3.858,5.0,0.528888888888889,discharge
3377.0,513.4230038965212,39.93841695529787,5002.874772966396,25.0,3.8577500000000002,5.0,0.5286111111111111,discharge
3378.0,513.4807480376128,39.9431109657491,5002.794517962026,25.0,3.8575,5.0,0.5283333333333333,discharge
3379.0,513.3961098368297,39.93725813606145,5002.901760336644,25.0,3.85725,5.0,0.5280555555555555,discharge
3380.0,512.2745327314315,39.85459501714307,5002.7519547081965,25.0,3.857,5.0,0.5277777777777779,discharge
3381.0,513.0712422822301,39.914027206091106,5002.7831725743645,25.0,3.8567500000000003,5.0,0.5275000000000001,discharge
3382.0,515.201057248267,40.07220794431608,5002.717212887634,25.0,3.8565,5.0,0.5272222222222223,discharge
3383.0,512.4162843333752,39.86634513580557,5002.744440709001,25.0,3.85625,5.0,0.5269444444444444,discharge
3384.0,511.4654528472575,39.796329840537595,5002.640342831136,25.0,3.8560000000000003,5.0,0.5266666666666668,discharge
3385.0,512.9198579332885,39.904480217280636,5002.645341527581,25.0,3.8557500000000005,5.0,0.526388888888889,discharge
3386.0,512.5504241818967,39.87753142088124,5002.594275128157,25.0,3.8555,5.0,0.5261111111111112,discharge
3387.0,513.597463575938,39.95550656118059,5002.583493351041,25.0,3.8552500000000003,5.0,0.5258333333333334,discharge
3388.0,512.034251814546,39.840129764040455,5002.574778634217,25.0,3.8550000000000004,5.0,0.5255555555555558,discharge
3389.0,512.4570797823983,39.871867020918394,5002.648147101359,25.0,3.85475,5.0,0.5252777777777777,discharge
3390.0,511.6582457682323,39.813110797646836,5002.579916412412,25.0,3.8545,5.0,0.5249999999999999,discharge
3391.0,511.3854005389684,39.79331670659025,5002.428586538034,25.0,3.8542500000000004,5.0,0.5247222222222223,discharge
3392.0,512.59063304254,39.88300985500297,5002.458126828437,25.0,3.854,5.0,0.5244444444444445,discharge
3393.0,512.2035633396074,39.85475469182276,5002.4760524416215,25.0,3.8537500000000002,5.0,0.5241666666666667,discharge
3394.0,511.88788791962236,39.8317879940461,5002.458960239412,25.0,3.8535000000000004,5.0,0.5238888888888891,discharge
3395.0,512.3212023032678,39.86430202246428,5002.403819186231,25.0,3.85325,5.0,0.5236111111111112,discharge
3396.0,510.83647464936223,39.754738862915715,5002.346257832722,25.0,3.853,5.0,0.5233333333333332,discharge
3397.0,511.5439690566983,39.807562522718385,5002.318801645669,25.0,3.8527500000000003,5.0,0.5230555555555556,discharge
3398.0,511.59017466175936,39.81140182679699,5002.318695260645,25.0,3.8525,5.0,0.5227777777777778,discharge
3399.0,512.4302212815497,39.87404416900368,5002.234621089859,25.0,3.85225,5.0,0.5225000000000002,discharge
3400.0,509.2117542682221,39.63605587172015,5002.262641986451,25.0,3.8520000000000003,5.0,0.5222222222222226,discharge
3401.0,510.6151673711725,39.7404290645313,5002.233878539033,25.0,3.85175,5.0,0.5219444444444445,discharge
3402.0,511.27808264192726,39.78995056606868,5002.166772898076,25.0,3.8515,5.0,0.5216666666666667,discharge
3403.0,510.1107822021541,39.7039005334929,5002.071263636955,25.0,3.8512500000000003,5.0,0.5213888888888889,discharge
3404.0,510.64166914707135,39.743642159042324,5002.129827635888,25.0,3.851,5.0,0.5211111111111111,discharge
3405.0,511.09854247612253,39.777901294527595,5002.062142572716,25.0,3.85075,5.0,0.5208333333333335,discharge
3406.0,510.7526689798594,39.752697702211805,5002.072577706372,25.0,3.8505000000000003,5.0,0.5205555555555557,discharge
3407.0,508.40526900170306,39.579232889015046,5002.016035439164,25.0,3.85025,5.0,0.5202777777777778,discharge
3408.0,508.7857956718805,39.6078367164356,5002.009712870118,25.0,3.85,5.0,0.52,discharge
3409.0,507.02725521536945,39.47799112706441,5001.960687070295,25.0,3.8497500000000002,5.0,0.5197222222222222,discharge
3410.0,510.37050003180684,39.72605555791162,5001.999334128901,25.0,3.8495000000000004,5.0,0.5194444444444446,discharge
3411.0,509.7887774358077,39.68338166191168,5001.874287370436,25.0,3.8492500000000005,5.0,0.519166666666667,discharge
3412.0,510.78742608625794,39.75777230268577,5001.958640210308,25.0,3.849,5.0,0.518888888888889,discharge
3413.0,509.3514695798966,39.651821820733076,5001.875750225056,25.0,3.8487500000000003,5.0,0.5186111111111111,discharge
3414.0,508.01425682851436,39.55318569100106,5001.818490307671,25.0,3.8485000000000005,5.0,0.5183333333333335,discharge
3415.0,510.0964386142035,39.70783804549656,5001.864565206166,25.0,3.84825,5.0,0.5180555555555557,discharge
3416.0,507.55967542622136,39.52034632786825,5001.901333662942,25.0,3.8480000000000003,5.0,0.5177777777777779,discharge
3417.0,508.7407235411669,39.60824804008644,5001.703312774537,25.0,3.84775,5.0,0.5175000000000001,discharge
3418.0,508.39695031400896,39.58320002325992,5001.694771724527,25.0,3.8475,5.0,0.5172222222222222,discharge
3419.0,509.2445807495498,39.64640412959628,5001.705551849096,25.0,3.8472500000000003,5.0,0.5169444444444444,discharge
3420.0,509.23976606927516,39.64646415327964,5001.69976416129,25.0,3.847,5.0,0.5166666666666664,discharge
3421.0,507.76316580742224,39.537503022772015,5001.657174132247,25.0,3.84675,5.0,0.516388888888889,discharge
3422.0,507.3143460416522,39.50467378086312,5001.649919383897,25.0,3.8465000000000003,5.0,0.5161111111111112,discharge
3423.0,507.86049122989294,39.545545646658745,5001.566885518317,25.0,3.8462500000000004,5.0,0.5158333333333334,discharge
3424.0,507.19166976363584,39.496419982491545,5001.622571174644,25.0,3.846,5.0,0.5155555555555558,discharge
3425.0,508.5864580702663,39.600154301501206,5001.539046036091,25.0,3.8457500000000007,5.0,0.5152777777777782,discharge
3426.0,507.8731226494577,39.547731307367236,5001.622182738621,25.0,3.8455000000000004,5.0,0.5150000000000001,discharge
3427.0,508.7545033310692,39.61343543193105,5001.446721431546,25.0,3.84525,5.0,0.5147222222222223,discharge
3428.0,509.83553944400705,39.69392884770423,5001.447833647577,25.0,3.845,5.0,0.5144444444444445,discharge
3429.0,506.2090082126059,39.425713571304144,5001.432228379675,25.0,3.8447500000000003,5.0,0.5141666666666667,discharge
3430.0,506.3350335648257,39.43546544924635,5001.375174128094,25.0,3.8445,5.0,0.5138888888888888,discharge
3431.0,507.2806502689475,39.50592779769982,5001.412809233054,25.0,3.84425,5.0,0.5136111111111112,discharge
3432.0,507.064907760348,39.490363537803546,5001.276715732401,25.0,3.844,5.0,0.5133333333333332,discharge
3433.0,506.1752274525363,39.42487795944713,5001.277841301463,25.0,3.84375,5.0,0.5130555555555556,discharge
3434.0,504.6607757775696,39.313113020560706,5001.383800985776,25.0,3.8435,5.0,0.5127777777777778,discharge
3435.0,508.798407196188,39.620020903421334,5001.245878877122,25.0,3.8432500000000003,5.0,0.5125000000000002,discharge
3436.0,506.1905739393309,39.42726473624673,5001.22109177081,25.0,3.8430000000000004,5.0,0.5122222222222226,discharge
3437.0,504.7930436875251,39.32416064352037,5001.2669279324955,25.0,3.84275,5.0,0.5119444444444445,discharge
3438.0,503.41630306341045,39.222596523215586,5001.13605410538,25.0,3.8425000000000002,5.0,0.5116666666666667,discharge
3439.0,507.0974170555466,39.49568830041085,5001.055488367366,25.0,3.84225,5.0,0.5113888888888889,discharge
3440.0,505.8818197682078,39.40606072357094,5001.091892370824,25.0,3.842,5.0,0.5111111111111111,discharge
3441.0,505.4151463158386,39.37190898635842,5001.027176463438,25.0,3.84175,5.0,0.5108333333333335,discharge
3442.0,504.2281921716722,39.28440312382757,5001.14206991336,25.0,3.8415000000000004,5.0,0.5105555555555557,discharge
3443.0,505.0291403221612,39.34414928312306,5001.049247552781,25.0,3.84125,5.0,0.5102777777777776,discharge
3444.0,504.6027264191043,39.31297973474848,5000.978009919151,25.0,3.841,5.0,0.51,discharge
3445.0,502.3431144505833,39.14601773708025,5001.0221024157045,25.0,3.8407500000000003,5.0,0.5097222222222224,discharge
3446.0,507.407784501654,39.52159514827067,5000.992766276867,25.0,3.8405000000000005,5.0,0.5094444444444446,discharge
3447.0,505.019438828865,39.34509732065666,5000.851472225557,25.0,3.8402500000000006,5.0,0.509166666666667,discharge
3448.0,504.0930090884417,39.27688956210679,5000.910563250559,25.0,3.8400000000000003,5.0,0.508888888888889,discharge
3449.0,503.32602446188514,39.22049255273224,5000.820580794655,25.0,3.83975,5.0,0.5086111111111111,discharge
3450.0,503.5507755085339,39.23755744507658,5000.88321844741,25.0,3.8395,5.0,0.5083333333333333,discharge
3451.0,506.46110965643834,39.453554418995424,5000.871010894674,25.0,3.83925,5.0,0.5080555555555555,discharge
3452.0,504.27921482469196,39.292349246273474,5000.826167143067,25.0,3.8390000000000004,5.0,0.5077777777777779,discharge
3453.0,502.3985599321602,39.153458143122975,5000.7656438904,25.0,3.83875,5.0,0.5075000000000001,discharge
3454.0,504.5003128556903,39.30956021153261,5000.717240797491,25.0,3.8385000000000002,5.0,0.5072222222222222,discharge
3455.0,503.96588637422275,39.270389731423904,5000.769722626467,25.0,3.8382500000000004,5.0,0.5069444444444446,discharge
3456.0,503.85597658885723,39.26266493250794,5000.644523694334,25.0,3.838,5.0,0.5066666666666668,discharge
3457.0,503.0534276815583,39.20363353196728,5000.753894013066,25.0,3.83775,5.0,0.506388888888889,discharge
3458.0,502.8764713525266,39.19094232240938,5000.596099336642,25.0,3.8375000000000004,5.0,0.5061111111111112,discharge
3459.0,503.1241058063226,39.20970228194981,5000.579238952496,25.0,3.83725,5.0,0.5058333333333334,discharge
3460.0,502.55719592405393,39.168125624004006,5000.479053776227,25.0,3.837,5.0,0.5055555555555555,discharge
3461.0,501.2074912785627,39.06856416878242,5000.580570404994,25.0,3.83675,5.0,0.5052777777777777,discharge
3462.0,501.48110130263734,39.089248244639805,5000.481506546238,25.0,3.8365,5.0,0.5050000000000001,discharge
3463.0,502.36020113238186,39.15478341721348,5000.465705200172,25.0,3.83625,5.0,0.5047222222222223,discharge
3464.0,500.5990116654534,39.0247416048484,5000.428793045837,25.0,3.8360000000000003,5.0,0.5044444444444445,discharge
3465.0,501.9373859252174,39.124297105571664,5000.448465149782,25.0,3.83575,5.0,0.5041666666666667,discharge
3466.0,501.6133777413688,39.100713166027326,5000.340580995434,25.0,3.8355,5.0,0.503888888888889,discharge
3467.0,502.53454240348924,39.16936425211031,5000.3048595135915,25.0,3.8352500000000003,5.0,0.5036111111111112,discharge
3468.0,501.8191971218163,39.11679237939379,5000.329145098854,25.0,3.835,5.0,0.5033333333333332,discharge
3469.0,501.21656967075603,39.07256997561156,5000.311773329413,25.0,3.83475,5.0,0.5030555555555556,discharge
3470.0,501.079594475562,39.062840331523105,5000.267244166068,25.0,3.8345000000000002,5.0,0.5027777777777778,discharge
3471.0,501.674766211731,39.107343793461546,5000.22303521029,25.0,3.8342500000000004,5.0,0.5025000000000002,discharge
3472.0,502.04681802080813,39.13531985339319,5000.3425354434485,25.0,3.8340000000000005,5.0,0.5022222222222226,discharge
3473.0,499.87888911884346,38.9751491939884,5000.159966684931,25.0,3.83375,5.0,0.5019444444444445,discharge
3474.0,499.27616060606385,38.93091930415288,5000.161387115999,25.0,3.8335000000000004,5.0,0.5016666666666667,discharge
3475.0,499.9312155180134,38.97985855688988,5000.156002950393,25.0,3.83325,5.0,0.5013888888888889,discharge
3476.0,498.2140770478831,38.853079781324666,5000.1780391691655,25.0,3.833,5.0,0.5011111111111113,discharge
3477.0,499.61292631095336,38.957114911922474,5000.100516781979,25.0,3.8327500000000003,5.0,0.5008333333333335,discharge
3478.0,501.10692965930565,39.06819849328191,4999.917313248384,25.0,3.8325,5.0,0.5005555555555556,discharge
3479.0,501.1175032883981,39.069398391733195,5000.102412852414,25.0,3.83225,5.0,0.5002777777777776,discharge
3480.0,501.53927308543444,39.10105726558774,4999.989488534465,25.0,3.8320000000000003,5.0,0.5,discharge
3481.0,499.91727443159243,38.98132588382167,4999.964295210438,25.0,3.83175,5.0,0.4997222222222222,discharge
3482.0,499.8686186366006,38.97813841752598,4999.924357676737,25.0,3.8315,5.0,0.4994444444444446,discharge
3483.0,498.97572133578007,38.91241454339112,4999.898227446267,25.0,3.8312500000000003,5.0,0.499166666666667,discharge
3484.0,498.9061235091556,38.90767581549301,4999.937632239349,25.0,3.8310000000000004,5.0,0.49888888888888894,discharge
3485.0,499.58509963523056,38.958387010017084,4999.8858216682165,25.0,3.83075,5.0,0.49861111111111134,discharge
3486.0,500.07484354482733,38.995081003320536,4999.851987292866,25.0,3.8305000000000002,5.0,0.4983333333333335,discharge
3487.0,499.44919526154945,38.94915335270737,4999.795516098848,25.0,3.8302500000000004,5.0,0.4980555555555557,discharge
3488.0,496.8303951408276,38.75558482524649,4999.809765865205,25.0,3.83,5.0,0.4977777777777779,discharge
3489.0,499.23758637755634,38.93431195389306,4999.784485661237,25.0,3.82975,5.0,0.49750000000000005,discharge
3490.0,498.6016629387966,38.8876231806516,4999.7132552922685,25.0,3.8295,5.0,0.497222222222222,discharge
3491.0,497.86179370664127,38.83323471901046,4999.645402806709,25.0,3.82925,5.0,0.4969444444444444,discharge
3492.0,498.4620803061022,38.87811705971127,4999.752292407144,25.0,3.829,5.0,0.4966666666666668,discharge
3493.0,499.08701265817047,38.92482501171634,4999.6886021529135,25.0,3.8287500000000003,5.0,0.496388888888889,discharge
3494.0,498.183307116678,38.85830052716133,4999.55912853259,25.0,3.8285,5.0,0.49611111111111117,discharge
3495.0,497.1704525928445,38.783690932803296,4999.598356256741,25.0,3.82825,5.0,0.49583333333333335,discharge
3496.0,501.1449534536966,39.07851507064419,4999.58957997726,25.0,3.8280000000000003,5.0,0.49555555555555575,discharge
3497.0,496.98487466454316,38.770777752929135,4999.582419787821,25.0,3.8277500000000004,5.0,0.49527777777777793,discharge
3498.0,497.95171719818376,38.84281238505065,4999.545036146236,25.0,3.8275,5.0,0.4950000000000001,discharge
3499.0,498.61556503481717,38.89240296554201,4999.463461640329,25.0,3.8272500000000003,5.0,0.4947222222222223,discharge
3500.0,496.33524704345507,38.723907188404084,4999.46823631128,25.0,3.827,5.0,0.49444444444444446,discharge
3501.0,497.620551124753,38.81953156479652,4999.520258991194,25.0,3.82675,5.0,0.49416666666666664,discharge
3502.0,496.0698398354841,38.70508072855438,4999.399647116721,25.0,3.8265000000000002,5.0,0.4938888888888888,discharge
3503.0,496.5192463630459,38.73878676763304,4999.408847082035,25.0,3.8262500000000004,5.0,0.4936111111111112,discharge
3504.0,495.8823899544086,38.69202888551175,4999.39298620005,25.0,3.826,5.0,0.4933333333333332,discharge
3505.0,498.28568566461126,38.870467456637876,4999.332746732756,25.0,3.82575,5.0,0.4930555555555556,discharge
3506.0,494.98142169247956,38.626123829072554,4999.253323423459,25.0,3.8255,5.0,0.49277777777777776,discharge
3507.0,496.7516994733486,38.75767218321101,4999.206757256643,25.0,3.8252500000000005,5.0,0.49250000000000016,discharge
3508.0,496.1283791987379,38.71191697768428,4999.24416506497,25.0,3.825,5.0,0.49222222222222234,discharge
3509.0,493.95290155788416,38.55118715243586,4999.207043634224,25.0,3.8247500000000003,5.0,0.4919444444444445,discharge
3510.0,497.56329787277843,38.81904058316877,4999.164703090606,25.0,3.8245,5.0,0.4916666666666667,discharge
3511.0,495.1008805861869,38.63705596934718,4999.06284029429,25.0,3.82425,5.0,0.4913888888888889,discharge
3512.0,495.27196846277,38.65014581205703,4999.05608638774,25.0,3.824,5.0,0.49111111111111105,discharge
3513.0,495.6157775356258,38.67602981745377,4999.086201127291,25.0,3.82375,5.0,0.49083333333333323,discharge
3514.0,494.3429590705904,38.582163634858546,4999.136832533553,25.0,3.8235,5.0,0.49055555555555563,discharge
3515.0,494.3367664279014,38.58212158725195,4998.997885669669,25.0,3.82325,5.0,0.4902777777777776,discharge
3516.0,494.94243182361953,38.62740235730516,4998.988026280539,25.0,3.823,5.0,0.49,discharge
3517.0,493.9535228191566,38.554566505122715,4998.9295108168835,25.0,3.82275,5.0,0.4897222222222224,discharge
3518.0,494.80092687425207,38.6177538425372,4999.035966969052,25.0,3.8225000000000002,5.0,0.48944444444444457,discharge
3519.0,495.840891789704,38.69520494738549,4998.967178608537,25.0,3.8222500000000004,5.0,0.48916666666666697,discharge
3520.0,493.40063161911587,38.514861601415994,4998.831486400597,25.0,3.822,5.0,0.48888888888888893,discharge
3521.0,492.6875609637294,38.462458219535506,4998.8486319586245,25.0,3.82175,5.0,0.4886111111111111,discharge
3522.0,494.01234027627106,38.56100668713119,4998.790858893024,25.0,3.8215,5.0,0.4883333333333333,discharge
3523.0,494.41159461995414,38.590997749626226,4998.809026241528,25.0,3.82125,5.0,0.4880555555555557,discharge
3524.0,494.5435019626465,38.60118533056641,4998.770438667163,25.0,3.821,5.0,0.48777777777777787,discharge
3525.0,492.6234829294648,38.45937836514554,4998.8340867004135,25.0,3.8207500000000003,5.0,0.48750000000000004,discharge
3526.0,491.21485542354435,38.35545225359587,4998.669419244922,25.0,3.8205000000000005,5.0,0.48722222222222245,discharge
3527.0,494.3367978228621,38.58712391280459,4998.665155134691,25.0,3.82025,5.0,0.4869444444444444,discharge
3528.0,494.0299146308703,38.56480849117557,4998.655280385,25.0,3.8200000000000003,5.0,0.4866666666666668,discharge
3529.0,494.6968185500599,38.61462544815258,4998.624993251948,25.0,3.81975,5.0,0.486388888888889,discharge
3530.0,492.061466210782,38.419830830428296,4998.621959959734,25.0,3.8195,5.0,0.48611111111111116,discharge
3531.0,493.46234262708106,38.52401612052452,4998.584773904496,25.0,3.8192500000000003,5.0,0.48583333333333334,discharge
3532.0,493.77090316206665,38.547289123116045,4998.591990990401,25.0,3.819,5.0,0.4855555555555555,discharge
3533.0,490.7655132502807,38.32508431483561,4998.441831105136,25.0,3.81875,5.0,0.4852777777777779,discharge
3534.0,493.5417444964889,38.531147740480655,4998.492589745365,25.0,3.8185000000000002,5.0,0.4850000000000001,discharge
3535.0,493.7793882255349,38.54916764633592,4998.468917708614,25.0,3.8182500000000004,5.0,0.4847222222222223,discharge
3536.0,492.7846395809563,38.47589922821899,4998.547881073718,25.0,3.818,5.0,0.48444444444444446,discharge
3537.0,492.604098253873,38.46294246324986,4998.43262500958,25.0,3.81775,5.0,0.48416666666666686,discharge
3538.0,492.6690269465214,38.46816866270529,4998.326323902298,25.0,3.8175000000000003,5.0,0.48388888888888903,discharge
3539.0,491.52139926516554,38.38357587149375,4998.365520010955,25.0,3.81725,5.0,0.4836111111111112,discharge
3540.0,490.1971355752413,38.28589893149936,4998.288273213689,25.0,3.817,5.0,0.4833333333333334,discharge
3541.0,490.57508284904304,38.31431169252171,4998.322782720274,25.0,3.8167500000000003,5.0,0.4830555555555558,discharge
3542.0,491.1873502796657,38.36008150219746,4998.226477346573,25.0,3.8165,5.0,0.48277777777777775,discharge
3543.0,490.3737541047501,38.30023178553705,4998.282657505552,25.0,3.81625,5.0,0.48249999999999993,discharge
3544.0,492.11973732835065,38.42998054284079,4998.211273026602,25.0,3.8160000000000003,5.0,0.48222222222222233,discharge
3545.0,490.5385613795752,38.313273065153716,4998.1371623178875,25.0,3.8157500000000004,5.0,0.4819444444444445,discharge
3546.0,490.69708634338065,38.325432321731896,4998.147285738909,25.0,3.8155,5.0,0.4816666666666667,discharge
3547.0,488.89174868250495,38.192120272778155,4998.223072467635,25.0,3.8152500000000003,5.0,0.48138888888888887,discharge
3548.0,490.93086527208345,38.34358261274693,4998.038125358422,25.0,3.8150000000000004,5.0,0.48111111111111127,discharge
3549.0,489.6856098208425,38.25175813487723,4998.069238553045,25.0,3.81475,5.0,0.48083333333333345,discharge
3550.0,491.77161101793683,38.40669340873607,4998.085489310827,25.0,3.8145000000000002,5.0,0.4805555555555556,discharge
3551.0,488.385027540889,38.15625204006585,4998.0725982935355,25.0,3.81425,5.0,0.4802777777777776,discharge
3552.0,490.30263019908267,38.2987133480802,4997.965416554599,25.0,3.814,5.0,0.48,discharge
3553.0,489.4305420959781,38.23453089599839,4998.001836152891,25.0,3.81375,5.0,0.47972222222222216,discharge
3554.0,489.3348068846214,38.22785606552752,4997.997467103602,25.0,3.8135000000000003,5.0,0.47944444444444456,discharge
3555.0,491.26977739026376,38.37160388076029,4997.896469713371,25.0,3.8132500000000005,5.0,0.47916666666666696,discharge
3556.0,490.38410019807674,38.30641482948717,4997.935255301495,25.0,3.813,5.0,0.4788888888888889,discharge
3557.0,488.42732277814855,38.161885020603606,4997.7964703420685,25.0,3.8127500000000003,5.0,0.4786111111111113,discharge
3558.0,490.5440644062947,38.31909736342925,4997.882466119796,25.0,3.8125000000000004,5.0,0.4783333333333335,discharge
3559.0,488.35006002530736,38.156995187059806,4997.828377121522,25.0,3.81225,5.0,0.4780555555555557,discharge
3560.0,489.66497687408133,38.25481310178381,4997.7253120335,25.0,3.8120000000000003,5.0,0.47777777777777786,discharge
3561.0,486.98399253249124,38.05663833574009,4997.668751837719,25.0,3.81175,5.0,0.47750000000000004,discharge
3562.0,488.26427224694874,38.15189053681101,4997.790859861632,25.0,3.8115,5.0,0.477222222222222,discharge
3563.0,488.1581897894906,38.144449243665974,4997.66176055924,25.0,3.8112500000000002,5.0,0.4769444444444444,discharge
3564.0,487.98003336125146,38.131669137870475,4997.742851914612,25.0,3.8110000000000004,5.0,0.4766666666666668,discharge
3565.0,486.57604773475066,38.02808686924078,4997.673265928375,25.0,3.81075,5.0,0.476388888888889,discharge
3566.0,486.13030014477164,37.99548519590901,4997.630454619162,25.0,3.8105,5.0,0.47611111111111115,discharge
3567.0,487.8769508019916,38.12528339274013,4997.599515538063,25.0,3.8102500000000004,5.0,0.4758333333333338,discharge
3568.0,488.36388800805076,38.16176948207783,4997.583818687291,25.0,3.8100000000000005,5.0,0.47555555555555573,discharge
3569.0,487.6505589041691,38.109346955864375,4997.528167349031,25.0,3.80975,5.0,0.4752777777777779,discharge
3570.0,487.13576103873623,38.071630447313794,4997.444637935878,25.0,3.8095000000000003,5.0,0.4750000000000001,discharge
3571.0,485.82806190335435,37.975180511359575,4997.481430818092,25.0,3.80925,5.0,0.47472222222222227,discharge
3572.0,486.9300831832495,38.057228383944405,4997.458699900955,25.0,3.809,5.0,0.47444444444444445,discharge
3573.0,486.50301708276464,38.02601052464924,4997.410325669882,25.0,3.80875,5.0,0.4741666666666664,discharge
3574.0,486.20159579494236,38.00409968851426,4997.338327911587,25.0,3.8085000000000004,5.0,0.473888888888889,discharge
3575.0,486.9619399293652,38.06083814291594,4997.312777293276,25.0,3.80825,5.0,0.4736111111111112,discharge
3576.0,486.8185161893157,38.050630828838194,4997.3064863637,25.0,3.8080000000000003,5.0,0.4733333333333334,discharge
3577.0,486.90877867902003,38.05773360585334,4997.300300271498,25.0,3.8077500000000004,5.0,0.4730555555555558,discharge
3578.0,486.1106969174648,37.999033104997395,4997.238719978084,25.0,3.8075000000000006,5.0,0.4727777777777782,discharge
3579.0,485.393847959787,37.94634984887311,4997.314081808987,25.0,3.8072500000000002,5.0,0.47250000000000014,discharge
3580.0,485.8918643969904,37.98365662199929,4997.20174427042,25.0,3.8070000000000004,5.0,0.4722222222222223,discharge
3581.0,485.6391846086078,37.96535626730428,4997.211858107935,25.0,3.80675,5.0,0.4719444444444445,discharge
3582.0,484.1669189083981,37.856716215436904,4997.120081954808,25.0,3.8065,5.0,0.4716666666666667,discharge
3583.0,485.32286370283214,37.94275842243199,4997.154148058271,25.0,3.80625,5.0,0.47138888888888886,discharge
3584.0,483.8689780234183,37.83547985358655,4997.127606331946,25.0,3.806,5.0,0.47111111111111104,discharge
3585.0,483.4174368118978,37.80244902310354,4997.091618568524,25.0,3.80575,5.0,0.4708333333333332,discharge
3586.0,484.42961974894627,37.877842203625654,4997.003377420539,25.0,3.8055000000000003,5.0,0.4705555555555556,discharge
3587.0,484.47081302018876,37.88131022371768,4997.061231791346,25.0,3.80525,5.0,0.4702777777777778,discharge
3588.0,485.6727899956916,37.97076222190309,4996.974523051647,25.0,3.805,5.0,0.4700000000000002,discharge
3589.0,484.52684833886343,37.88629432139729,4997.006900884725,25.0,3.8047500000000003,5.0,0.4697222222222226,discharge
3590.0,485.22770970371533,37.93862664471965,4996.923170502045,25.0,3.8045,5.0,0.46944444444444455,discharge
3591.0,486.0032328992411,37.99648947401786,4996.905362041529,25.0,3.80425,5.0,0.46916666666666673,discharge
3592.0,484.53998868989555,37.888517680733,4996.932335557069,25.0,3.8040000000000003,5.0,0.4688888888888889,discharge
3593.0,484.6609969966047,37.89789792567443,4996.862826206963,25.0,3.80375,5.0,0.4686111111111111,discharge
3594.0,483.44991530560463,37.808604837452194,4996.836250929715,25.0,3.8035,5.0,0.46833333333333327,discharge
3595.0,484.8247664245039,37.91086232774103,4996.755966419911,25.0,3.8032500000000002,5.0,0.46805555555555567,discharge
3596.0,483.9223599192281,37.84443406809096,4996.805060184088,25.0,3.8030000000000004,5.0,0.46777777777777785,discharge
3597.0,483.79034245958053,37.835071663672636,4996.770822640364,25.0,3.80275,5.0,0.4675,discharge
3598.0,482.4574276439624,37.73675389955278,4996.765442590292,25.0,3.8025,5.0,0.4672222222222224,discharge
3599.0,482.51044295465636,37.74109762627084,4996.728029592902,25.0,3.80225,5.0,0.4669444444444444,discharge
3600.0,482.6343663907504,37.75069380672225,4996.6958313208015,25.0,3.802,5.0,0.4666666666666668,discharge
3601.0,483.2729580708768,37.798413560805685,4996.67857549321,25.0,3.80175,5.0,0.46638888888888896,discharge
3602.0,484.1212341744973,37.86166549440721,4996.616571241618,25.0,3.8015000000000003,5.0,0.46611111111111114,discharge
3603.0,481.3756303957556,37.6587041033893,4996.548167558352,25.0,3.80125,5.0,0.4658333333333333,discharge
3604.0,482.38590272624475,37.73395575749961,4996.530972227266,25.0,3.801,5.0,0.4655555555555557,discharge
3605.0,482.3028216791166,37.72821827252716,4996.5123409370935,25.0,3.8007500000000003,5.0,0.4652777777777779,discharge
3606.0,484.7518571073024,37.91004497091129,4996.474547749784,25.0,3.8005000000000004,5.0,0.4650000000000001,discharge
3607.0,482.1341039588369,37.71655399695088,4996.4275682240095,25.0,3.80025,5.0,0.46472222222222226,discharge
3608.0,481.65766351603685,37.68167877896569,4996.474114092742,25.0,3.8000000000000003,5.0,0.46444444444444466,discharge
3609.0,482.80132105427214,37.76681081883497,4996.314537541516,25.0,3.7997500000000004,5.0,0.46416666666666684,discharge
3610.0,480.8066995307287,37.619477743016944,4996.43066394158,25.0,3.7995,5.0,0.463888888888889,discharge
3611.0,482.3189094942306,37.73190996253561,4996.338916612519,25.0,3.7992500000000002,5.0,0.4636111111111112,discharge
3612.0,479.96259584071777,37.557784877090214,4996.356765656655,25.0,3.7990000000000004,5.0,0.4633333333333334,discharge
3613.0,483.5231416906441,37.821945680788446,4996.291017250709,25.0,3.7987500000000005,5.0,0.4630555555555558,discharge
3614.0,481.3145759587791,37.658764885835495,4996.259309201293,25.0,3.7985,5.0,0.46277777777777773,discharge
3615.0,480.7928607123733,37.62053597869432,4996.143252090552,25.0,3.7982500000000003,5.0,0.46250000000000013,discharge
3616.0,479.7670710976456,37.54496822945522,4996.167581972061,25.0,3.798,5.0,0.4622222222222223,discharge
3617.0,480.7915142412302,37.621269573424456,4996.181165895497,25.0,3.79775,5.0,0.4619444444444445,discharge
3618.0,480.88701278490316,37.62876020628913,4996.153831508473,25.0,3.7975000000000003,5.0,0.46166666666666667,discharge
3619.0,479.9342622703001,37.558602760762966,4996.156173160999,25.0,3.79725,5.0,0.46138888888888885,discharge
3620.0,481.71897393037443,37.69122029113885,4996.097370565051,25.0,3.797,5.0,0.46111111111111125,discharge
3621.0,480.05890494793516,37.56866888503224,4996.129512303312,25.0,3.79675,5.0,0.4608333333333332,discharge
3622.0,480.34279207196414,37.5901142275529,4996.127571260848,25.0,3.7965,5.0,0.4605555555555556,discharge
3623.0,480.3951446456872,37.5944088626435,4995.993740726408,25.0,3.79625,5.0,0.4602777777777778,discharge
3624.0,481.33283069977244,37.66428375553869,4995.924809681119,25.0,3.7960000000000003,5.0,0.4600000000000002,discharge
3625.0,479.451431279168,37.52533750216058,4995.940167531616,25.0,3.79575,5.0,0.45972222222222214,discharge
3626.0,479.76552778314266,37.54902057652909,4995.97569340798,25.0,3.7955,5.0,0.45944444444444454,discharge
3627.0,479.85096541861105,37.555765956934145,4995.972947335485,25.0,3.7952500000000002,5.0,0.4591666666666667,discharge
3628.0,480.0323903150317,37.569621504817164,4995.878287140715,25.0,3.795,5.0,0.4588888888888889,discharge
3629.0,477.44494245504484,37.37837536704036,4995.887708350724,25.0,3.7947500000000005,5.0,0.4586111111111113,discharge
3630.0,480.2928963913635,37.58975158454544,4995.819074451403,25.0,3.7945,5.0,0.4583333333333335,discharge
3631.0,478.88214102725306,37.485667853870595,4995.681888220839,25.0,3.7942500000000003,5.0,0.45805555555555566,discharge
3632.0,478.1435981500345,37.43137764074331,4995.7182704887455,25.0,3.794,5.0,0.45777777777777784,discharge
3633.0,478.69719698363394,37.47280162841733,4995.730237953821,25.0,3.79375,5.0,0.4575,discharge
3634.0,476.66680833849125,37.32281913618454,4995.795048762484,25.0,3.7935,5.0,0.4572222222222222,discharge
3635.0,477.68311855868194,37.39851804138384,4995.639297425471,25.0,3.7932500000000005,5.0,0.4569444444444446,discharge
3636.0,478.5005237579182,37.45948324132727,4995.646535623339,25.0,3.7930000000000006,5.0,0.456666666666667,discharge
3637.0,479.5338028831935,37.536439102458786,4995.6322714969365,25.0,3.7927500000000003,5.0,0.45638888888888896,discharge
3638.0,477.9536806857384,37.41980968042507,4995.59345809486,25.0,3.7925,5.0,0.45611111111111113,discharge
3639.0,478.2939221836858,37.44542942101376,4995.581911308208,25.0,3.79225,5.0,0.45583333333333353,discharge
3640.0,477.46517765676685,37.384457604204954,4995.64240744128,25.0,3.7920000000000003,5.0,0.4555555555555557,discharge
3641.0,478.4830062775145,37.46026898351958,4995.457061017621,25.0,3.7917500000000004,5.0,0.4552777777777779,discharge
3642.0,477.0830397764363,37.35698442788417,4995.536527341773,25.0,3.7915,5.0,0.45500000000000007,discharge
3643.0,477.80483589159616,37.41086747345157,4995.4868043041815,25.0,3.7912500000000002,5.0,0.45472222222222225,discharge
3644.0,476.87053090914856,37.34207636364063,4995.4392692197725,25.0,3.791,5.0,0.45444444444444443,discharge
3645.0,476.09885548066444,37.28533188745662,4995.384152107274,25.0,3.79075,5.0,0.45416666666666683,discharge
3646.0,475.9347476868468,37.27359242124791,4995.358465912339,25.0,3.7905,5.0,0.453888888888889,discharge
3647.0,476.1444708619454,37.28954413792189,4995.437699756947,25.0,3.7902500000000003,5.0,0.4536111111111112,discharge
3648.0,477.8117532789853,37.41346320585076,4995.401621922041,25.0,3.79,5.0,0.45333333333333337,discharge
3649.0,479.70627004598913,37.55421444785105,4995.279808149137,25.0,3.78975,5.0,0.45305555555555577,discharge
3650.0,476.1733023283914,37.29292980210307,4995.245276366915,25.0,3.7895000000000003,5.0,0.45277777777777817,discharge
3651.0,475.49810425640084,37.243331796770434,4995.253846910235,25.0,3.78925,5.0,0.4525000000000001,discharge
3652.0,476.63026861259743,37.32761248982203,4995.24318554969,25.0,3.789,5.0,0.4522222222222223,discharge
3653.0,476.4487176450908,37.314580936673394,4995.219355078706,25.0,3.7887500000000003,5.0,0.4519444444444445,discharge
3654.0,475.2908429743254,37.2292291092093,4995.1410114410255,25.0,3.7885,5.0,0.45166666666666666,discharge
3655.0,477.6051216912846,37.40107382898404,4995.071897214816,25.0,3.78825,5.0,0.45138888888888884,discharge
3656.0,476.42184217323825,37.313840160980625,4995.033425360976,25.0,3.7880000000000003,5.0,0.45111111111111124,discharge
3657.0,476.3521269419218,37.30909273643866,4995.054049275272,25.0,3.78775,5.0,0.4508333333333332,discharge
3658.0,475.33514136906024,37.23417713844891,4995.116426430777,25.0,3.7875,5.0,0.4505555555555556,discharge
3659.0,475.26322508558997,37.22926667300666,4994.9935667496065,25.0,3.7872500000000002,5.0,0.4502777777777778,discharge
3660.0,475.9690893873278,37.281969584246504,4995.012810649961,25.0,3.7870000000000004,5.0,0.4500000000000002,discharge
3661.0,473.46282953024064,37.09673737261042,4994.946184015317,25.0,3.7867500000000005,5.0,0.4497222222222226,discharge
3662.0,473.9119231608958,37.13042023414043,4994.944002701586,25.0,3.7865,5.0,0.44944444444444454,discharge
3663.0,474.66880131738617,37.18690194943601,4994.968191510694,25.0,3.7862500000000003,5.0,0.4491666666666667,discharge
3664.0,472.9762873785574,37.061947213226475,4994.920991314622,25.0,3.786,5.0,0.4488888888888889,discharge
3665.0,475.94826198767987,37.28251014723554,4994.856854252291,25.0,3.78575,5.0,0.44861111111111107,discharge
3666.0,473.54155332223644,37.10465209794344,4994.847197542263,25.0,3.7855,5.0,0.44833333333333325,discharge
3667.0,473.5969290300708,37.10917066889414,4994.753963825693,25.0,3.7852500000000004,5.0,0.44805555555555565,discharge
3668.0,474.2126280939035,37.15519467362249,4994.701240244565,25.0,3.785,5.0,0.4477777777777776,discharge
3669.0,475.2587488433377,37.233101766173164,4994.756299363565,25.0,3.7847500000000003,5.0,0.4475,discharge
3670.0,473.5679358761966,37.10827302786642,4994.6755018695585,25.0,3.7845000000000004,5.0,0.4472222222222224,discharge
3671.0,472.70376465594154,37.04467701155123,4994.685417213072,25.0,3.78425,5.0,0.4469444444444446,discharge
3672.0,472.3991822013897,37.02253201491776,4994.643212293097,25.0,3.7840000000000003,5.0,0.446666666666667,discharge
3673.0,473.42705106256903,37.09908711574586,4994.630705090873,25.0,3.7837500000000004,5.0,0.44638888888888895,discharge
3674.0,472.47548512819947,37.02901741690366,4994.6918806139975,25.0,3.7835,5.0,0.4461111111111111,discharge
3675.0,475.2914560178127,37.238024519837985,4994.608744661655,25.0,3.7832500000000002,5.0,0.4458333333333333,discharge
3676.0,474.03694078400554,37.14551413214856,4994.653839333525,25.0,3.7830000000000004,5.0,0.4455555555555557,discharge
3677.0,469.4698883860899,36.80763062119185,4994.5351109577905,25.0,3.78275,5.0,0.4452777777777779,discharge
3678.0,471.57022725124114,36.963627944536384,4994.4969642684055,25.0,3.7825,5.0,0.44500000000000006,discharge
3679.0,472.71435687065065,37.04879495338152,4994.464252431265,25.0,3.7822500000000003,5.0,0.44472222222222224,discharge
3680.0,474.5370440942967,37.18422548846642,4994.556856586352,25.0,3.7820000000000005,5.0,0.44444444444444464,discharge
3681.0,470.0639310061469,36.85330044489976,4994.452707642266,25.0,3.78175,5.0,0.4441666666666668,discharge
3682.0,471.50148384731824,36.96020250720875,4994.4672177283655,25.0,3.7815000000000003,5.0,0.443888888888889,discharge
3683.0,473.0107365696044,37.07241567182254,4994.431185191301,25.0,3.78125,5.0,0.4436111111111112,discharge
3684.0,470.973158314216,36.92190061586784,4994.355332506395,25.0,3.781,5.0,0.44333333333333336,discharge
3685.0,471.59917694067525,36.968689032642615,4994.297463216377,25.0,3.7807500000000003,5.0,0.44305555555555554,discharge
3686.0,470.8884003244722,36.91645557959053,4994.235698207985,25.0,3.7805000000000004,5.0,0.44277777777777794,discharge
3687.0,471.9215596563816,36.993402567139384,4994.243955207026,25.0,3.78025,5.0,0.4425000000000001,discharge
3688.0,470.0118874753666,36.85236203521234,4994.277958657998,25.0,3.7800000000000002,5.0,0.4422222222222223,discharge
3689.0,470.9951976460811,36.92561649230231,4994.239650787872,25.0,3.77975,5.0,0.4419444444444445,discharge
3690.0,469.3782084094823,36.806256178480176,4994.14029762704,25.0,3.7795,5.0,0.44166666666666665,discharge
3691.0,471.67154353431147,36.97654952106011,4994.105977931853,25.0,3.77925,5.0,0.44138888888888905,discharge
3692.0,471.1608351663548,36.939135938248505,4994.123430004987,25.0,3.7790000000000004,5.0,0.44111111111111123,discharge
3693.0,470.38023727381005,36.881730538800745,4994.114923718191,25.0,3.77875,5.0,0.4408333333333332,discharge
3694.0,470.314762848358,36.87729724802652,4994.118819850249,25.0,3.7785,5.0,0.4405555555555556,discharge
3695.0,470.1662615447734,36.86671381813137,4994.143850299033,25.0,3.77825,5.0,0.44027777777777777,discharge
3696.0,469.63066467724025,36.827456642758534,4993.938471125411,25.0,3.7780000000000005,5.0,0.44000000000000017,discharge
3697.0,470.01812097041716,36.856573775586455,4993.914859880987,25.0,3.7777500000000006,5.0,0.43972222222222257,discharge
3698.0,470.08909466702784,36.86224775311318,4993.8937318722155,25.0,3.7775000000000003,5.0,0.4394444444444445,discharge
3699.0,469.5145314801399,36.820104183714065,4993.940946118298,25.0,3.77725,5.0,0.4391666666666667,discharge
3700.0,468.8498956539324,36.77128856695795,4993.936467831163,25.0,3.777,5.0,0.4388888888888889,discharge
3701.0,468.8989977446114,36.77534242552677,4993.87440199915,25.0,3.7767500000000003,5.0,0.4386111111111113,discharge
3702.0,468.7081457821566,36.76162190978938,4993.840532800972,25.0,3.7765000000000004,5.0,0.43833333333333346,discharge
3703.0,469.48195075862077,36.81935746360154,4993.772397195455,25.0,3.77625,5.0,0.43805555555555564,discharge
3704.0,469.0433849165421,36.787287771595715,4993.762435230362,25.0,3.776,5.0,0.4377777777777776,discharge
3705.0,470.72298232857617,36.912119061376,4993.727178800625,25.0,3.77575,5.0,0.4375,discharge
3706.0,468.4378733892163,36.743268399201206,4993.747694981303,25.0,3.7755,5.0,0.4372222222222222,discharge
3707.0,468.54766278326224,36.751817613574985,4993.646930011604,25.0,3.77525,5.0,0.4369444444444446,discharge
3708.0,467.70409986754845,36.689748138336924,4993.685317781827,25.0,3.7750000000000004,5.0,0.436666666666667,discharge
3709.0,468.29564278379877,36.733982798799914,4993.645586939094,25.0,3.77475,5.0,0.43638888888888894,discharge
3710.0,467.6108829144704,36.68367651218299,4993.561069195042,25.0,3.7745,5.0,0.4361111111111111,discharge
3711.0,467.05752245711653,36.64310351534198,4993.5685590838,25.0,3.7742500000000003,5.0,0.4358333333333335,discharge
3712.0,467.9393343937362,36.708839584721204,4993.62119207216,25.0,3.774,5.0,0.4355555555555557,discharge
3713.0,469.2301740263117,36.80487400194902,4993.589623167277,25.0,3.77375,5.0,0.4352777777777779,discharge
3714.0,466.6346185995553,36.61302730367076,4993.53131097993,25.0,3.7735000000000003,5.0,0.43500000000000005,discharge
3715.0,466.7097492301967,36.619009202236796,4993.503094586767,25.0,3.77325,5.0,0.434722222222222,discharge
3716.0,467.1825641497304,36.654449196276325,4993.344094919802,25.0,3.773,5.0,0.4344444444444444,discharge
3717.0,467.3367099862749,36.66628407305741,4993.382287612331,25.0,3.7727500000000003,5.0,0.4341666666666668,discharge
3718.0,468.24446901491467,36.73394214925294,4993.460286314598,25.0,3.7725000000000004,5.0,0.433888888888889,discharge
3719.0,466.1570912826108,36.57973824315635,4993.3611502046315,25.0,3.77225,5.0,0.43361111111111117,discharge
3720.0,466.5258642465086,36.6074714256673,4993.382673079348,25.0,3.7720000000000002,5.0,0.43333333333333335,discharge
3721.0,465.72926208095515,36.5488805245152,4993.377711618131,25.0,3.7717500000000004,5.0,0.43305555555555575,discharge
3722.0,465.5087165009253,36.53296048155002,4993.158727855597,25.0,3.7715,5.0,0.43277777777777793,discharge
3723.0,465.7705033591379,36.55276876734355,4993.259763606535,25.0,3.77125,5.0,0.4325000000000001,discharge
3724.0,464.98716984955655,36.49516072959678,4993.267956686326,25.0,3.7710000000000004,5.0,0.4322222222222223,discharge
3725.0,466.40898751387203,36.60089722324979,4993.183929583708,25.0,3.77075,5.0,0.43194444444444446,discharge
3726.0,466.8735122032687,36.63572312616806,4993.226947022241,25.0,3.7705,5.0,0.43166666666666664,discharge
3727.0,465.16408297143414,36.50951540529142,4993.133339126524,25.0,3.7702500000000003,5.0,0.43138888888888904,discharge
3728.0,464.8371974127244,36.48571832686847,4993.110021634611,25.0,3.7700000000000005,5.0,0.4311111111111112,discharge
3729.0,466.7226723691575,36.62579980512278,4993.097991066869,25.0,3.76975,5.0,0.4308333333333332,discharge
3730.0,465.0441909558165,36.50188451524566,4993.100788335625,25.0,3.7695000000000003,5.0,0.4305555555555556,discharge
3731.0,466.6042992284373,36.61786475766202,4993.012724452484,25.0,3.76925,5.0,0.43027777777777776,discharge
3732.0,462.08415282325586,36.28345576468562,4993.025360566322,25.0,3.769,5.0,0.43000000000000016,discharge
3733.0,464.67325689781865,36.475657918356944,4992.979912303682,25.0,3.7687500000000003,5.0,0.42972222222222234,discharge
3734.0,463.6814239459206,36.4026054774756,4992.938769593542,25.0,3.7685000000000004,5.0,0.4294444444444445,discharge
3735.0,464.0258884802803,36.42853803557632,4992.876066529548,25.0,3.76825,5.0,0.4291666666666667,discharge
3736.0,465.226593689034,36.51789582881734,4992.871459320938,25.0,3.7680000000000002,5.0,0.4288888888888889,discharge
3737.0,465.36228070060884,36.528363385230286,4992.860968060294,25.0,3.76775,5.0,0.42861111111111105,discharge
3738.0,463.9677678381733,36.425482802827645,4992.754137466646,25.0,3.7675,5.0,0.42833333333333345,discharge
3739.0,464.93868828644395,36.497819502699556,4992.741014104417,25.0,3.76725,5.0,0.42805555555555563,discharge
3740.0,462.7427563055086,36.33557454114877,4992.773741207277,25.0,3.767,5.0,0.4277777777777776,discharge
3741.0,463.99521831134615,36.428766171210825,4992.761426327866,25.0,3.76675,5.0,0.4275,discharge
3742.0,463.4301647765432,36.38732702048468,4992.761651089418,25.0,3.7665,5.0,0.4272222222222224,discharge
3743.0,461.7449014848393,36.26290936924736,4992.6547184928095,25.0,3.7662500000000003,5.0,0.42694444444444457,discharge
3744.0,464.20899044221864,36.44585114386804,4992.644190557891,25.0,3.7660000000000005,5.0,0.42666666666666697,discharge
3745.0,462.49585720825945,36.319369052463664,4992.667791011406,25.0,3.76575,5.0,0.42638888888888893,discharge
3746.0,463.4620329064792,36.39135428936883,4992.632548695996,25.0,3.7655000000000003,5.0,0.4261111111111111,discharge
3747.0,462.12532304437644,36.292755410694554,4992.561916182084,25.0,3.76525,5.0,0.4258333333333333,discharge
3748.0,462.9273836841776,36.35258397660574,4992.643922731968,25.0,3.765,5.0,0.4255555555555557,discharge
3749.0,463.2271180542225,36.375203189201656,4992.45720534166,25.0,3.7647500000000003,5.0,0.42527777777777787,discharge
3750.0,462.4724304838596,36.3197170728785,4992.4915983179,25.0,3.7645,5.0,0.42500000000000004,discharge
3751.0,461.85942746549256,36.274726108555015,4992.482426943351,25.0,3.7642500000000005,5.0,0.42472222222222245,discharge
3752.0,462.8035551395691,36.3450781584866,4992.407523649814,25.0,3.7640000000000002,5.0,0.4244444444444444,discharge
3753.0,462.27176263535995,36.30610278780444,4992.451420881333,25.0,3.7637500000000004,5.0,0.4241666666666668,discharge
3754.0,461.5017108476892,36.24947858131031,4992.46087243334,25.0,3.7635,5.0,0.423888888888889,discharge
3755.0,461.82739925133563,36.274020314913756,4992.3906401380345,25.0,3.76325,5.0,0.42361111111111116,discharge
3756.0,461.5637803910778,36.25490965859835,4992.337738447118,25.0,3.763,5.0,0.42333333333333334,discharge
3757.0,461.1666065845687,36.225906043301386,4992.340370076231,25.0,3.76275,5.0,0.4230555555555555,discharge
3758.0,462.27057466226665,36.30809812313086,4992.261611148165,25.0,3.7625,5.0,0.4227777777777779,discharge
3759.0,462.96889439011835,36.360242177045805,4992.273072979306,25.0,3.7622500000000003,5.0,0.4225000000000001,discharge
3760.0,460.58156480946815,36.183819615516164,4992.260157879329,25.0,3.762,5.0,0.4222222222222223,discharge
3761.0,460.83579111778135,36.2030678605764,4992.246151278345,25.0,3.76175,5.0,0.42194444444444446,discharge
3762.0,459.8759490793838,36.13238511699139,4992.076954787197,25.0,3.7615000000000003,5.0,0.42166666666666686,discharge
3763.0,459.34627229643206,36.09356646640237,4992.102977492452,25.0,3.7612500000000004,5.0,0.42138888888888903,discharge
3764.0,461.672662684507,36.26630834700051,4992.1341365938115,25.0,3.761,5.0,0.4211111111111112,discharge
3765.0,459.7292039902908,36.12276511039191,4992.117919471312,25.0,3.7607500000000003,5.0,0.4208333333333334,discharge
3766.0,460.6009967248229,36.187759016653544,4992.058646339468,25.0,3.7605000000000004,5.0,0.4205555555555558,discharge
3767.0,458.7680978204264,36.05240539410565,4992.001763965018,25.0,3.76025,5.0,0.42027777777777775,discharge
3768.0,459.3453621082343,36.09558237838772,4991.99332243866,25.0,3.7600000000000002,5.0,0.42000000000000015,discharge
3769.0,460.31819393887133,36.168060662138615,4991.924854622964,25.0,3.7597500000000004,5.0,0.41972222222222233,discharge
3770.0,460.1807537528864,36.15829657428788,4991.890920766848,25.0,3.7595,5.0,0.4194444444444445,discharge
3771.0,459.8014281524049,36.1306150483263,4991.941708661774,25.0,3.75925,5.0,0.4191666666666667,discharge
3772.0,459.83658308649086,36.133635784184506,4991.856862833306,25.0,3.7590000000000003,5.0,0.41888888888888887,discharge
3773.0,459.5066390367631,36.10961215087134,4991.811865365847,25.0,3.75875,5.0,0.41861111111111127,discharge
3774.0,460.1532609481679,36.15792673690133,4991.932707516877,25.0,3.7585,5.0,0.41833333333333345,discharge
3775.0,460.7098934566277,36.19957544123168,4991.791042145387,25.0,3.7582500000000003,5.0,0.4180555555555556,discharge
3776.0,459.4363620879793,36.10565645096143,4991.735567956051,25.0,3.758,5.0,0.4177777777777776,discharge
3777.0,458.62213556936507,36.04576004217519,4991.751493813096,25.0,3.75775,5.0,0.4175,discharge
3778.0,457.5675190587398,35.968056967314055,4991.875548258216,25.0,3.7575000000000003,5.0,0.41722222222222216,discharge
3779.0,457.9698232126131,35.99827394167504,4991.69008282204,25.0,3.7572500000000004,5.0,0.41694444444444456,discharge
3780.0,457.9931202316829,36.00041631345799,4991.719011407162,25.0,3.7570000000000006,5.0,0.41666666666666696,discharge
3781.0,459.61745029549246,36.12115372559202,4991.7280882303585,25.0,3.7567500000000003,5.0,0.4163888888888889,discharge
3782.0,456.49152086951324,35.89002006440839,4991.654585616581,25.0,3.7565,5.0,0.4161111111111111,discharge
3783.0,457.10335623449856,35.935757869222115,4991.550396472065,25.0,3.75625,5.0,0.4158333333333335,discharge
3784.0,456.7301138739457,35.90852695362561,4991.54694087356,25.0,3.7560000000000002,5.0,0.4155555555555557,discharge
3785.0,458.48692461812635,36.039077749490836,4991.587536816719,25.0,3.7557500000000004,5.0,0.41527777777777786,discharge
3786.0,456.7862111389702,35.913515639923716,4991.578215976005,25.0,3.7555,5.0,0.41500000000000004,discharge
3787.0,455.50659895517185,35.81914621890162,4991.347697428308,25.0,3.7552499999999998,5.0,0.414722222222222,discharge
3788.0,455.1477994464916,35.79298514418456,4991.50165320783,25.0,3.755,5.0,0.4144444444444444,discharge
3789.0,457.3691893405321,35.957949210409794,4991.406549254543,25.0,3.7547500000000005,5.0,0.4141666666666668,discharge
3790.0,455.28814118740524,35.80421416203002,4991.409509691322,25.0,3.7545,5.0,0.413888888888889,discharge
3791.0,457.8797434529477,35.996601366885024,4991.410455102828,25.0,3.7542500000000003,5.0,0.41361111111111115,discharge
3792.0,457.702532638245,35.98389130653666,4991.312756096688,25.0,3.7540000000000004,5.0,0.4133333333333338,discharge
3793.0,455.36565024895634,35.81120557399677,4991.33228242591,25.0,3.75375,5.0,0.41305555555555573,discharge
3794.0,456.01948025699653,35.86005409311085,4991.400411332425,25.0,3.7535000000000003,5.0,0.4127777777777779,discharge
3795.0,456.23969299801325,35.87678281466764,4991.343001683666,25.0,3.7532500000000004,5.0,0.4125000000000001,discharge
3796.0,454.58448834038,35.75459172891705,4991.159318797789,25.0,3.753,5.0,0.41222222222222227,discharge
3797.0,454.70296972686924,35.76378479458291,4991.225209204975,25.0,3.7527500000000003,5.0,0.41194444444444445,discharge
3798.0,455.16280568248527,35.798263383887814,4991.088965768064,25.0,3.7525000000000004,5.0,0.41166666666666685,discharge
3799.0,455.6186924133889,35.8324494380288,4991.076761141426,25.0,3.75225,5.0,0.411388888888889,discharge
3800.0,455.78961387569285,35.84552695375503,4991.150493847904,25.0,3.7520000000000002,5.0,0.4111111111111112,discharge
3801.0,453.4977744708186,35.67617773857915,4991.035959188678,25.0,3.7517500000000004,5.0,0.4108333333333334,discharge
3802.0,455.47510037767796,35.8230629909391,4991.032305234474,25.0,3.7515000000000005,5.0,0.4105555555555558,discharge
3803.0,454.9804254688354,35.78683707176558,4991.039174036788,25.0,3.7512500000000006,5.0,0.4102777777777782,discharge
3804.0,454.69093710000226,35.76581015555571,4991.034256686748,25.0,3.7510000000000003,5.0,0.41000000000000014,discharge
3805.0,454.3556088055308,35.74138768929857,4990.911723667133,25.0,3.75075,5.0,0.4097222222222223,discharge
3806.0,455.70464744138576,35.841733143806366,4990.901609314139,25.0,3.7505,5.0,0.4094444444444445,discharge
3807.0,456.09973974352204,35.87141590692757,4990.913892815508,25.0,3.7502500000000003,5.0,0.4091666666666667,discharge
3808.0,453.94083351846336,35.71191359396025,4990.822983288255,25.0,3.75,5.0,0.40888888888888886,discharge
3809.0,454.08879162936614,35.7232901206938,4990.899612366646,25.0,3.74975,5.0,0.40861111111111126,discharge
3810.0,452.53279894225545,35.60844806979671,4990.876994400774,25.0,3.7495,5.0,0.4083333333333332,discharge
3811.0,453.5780887319212,35.68629360977194,4990.869131277369,25.0,3.74925,5.0,0.4080555555555556,discharge
3812.0,454.52944123240377,35.75718083202991,4990.738144316173,25.0,3.749,5.0,0.4077777777777778,discharge
3813.0,453.6024368070696,35.688930504227386,4990.777728334907,25.0,3.7487500000000002,5.0,0.4075000000000002,discharge
3814.0,453.92212738430254,35.71302795439277,4990.652774135877,25.0,3.7485000000000004,5.0,0.4072222222222226,discharge
3815.0,453.318135468707,35.66870447916349,4990.692795511038,25.0,3.74825,5.0,0.40694444444444455,discharge
3816.0,453.38959440705264,35.67441440052242,4990.622942188569,25.0,3.748,5.0,0.40666666666666673,discharge
3817.0,453.82084692543384,35.706775698180294,4990.654766071401,25.0,3.74775,5.0,0.4063888888888889,discharge
3818.0,453.7834141135543,35.70441956396699,4990.596142160187,25.0,3.7475,5.0,0.4061111111111111,discharge
3819.0,450.9355267627256,35.49388161205374,4990.503442775147,25.0,3.74725,5.0,0.40583333333333327,discharge
3820.0,452.53073764944804,35.61246204810726,4990.609532327932,25.0,3.7470000000000003,5.0,0.40555555555555567,discharge
3821.0,449.7024820756747,35.403378301901824,4990.439612722131,25.0,3.74675,5.0,0.40527777777777785,discharge
3822.0,452.4892349851416,35.61022111001048,4990.573502486152,25.0,3.7465,5.0,0.405,discharge
3823.0,451.7933205496162,35.559088559230844,4990.52631165833,25.0,3.7462500000000003,5.0,0.4047222222222224,discharge
3824.0,451.60925193197113,35.54587051347934,4990.492366239588,25.0,3.746,5.0,0.4044444444444444,discharge
3825.0,453.62406329835653,35.69553246654493,4990.42821276711,25.0,3.74575,5.0,0.4041666666666668,discharge
3826.0,452.2859409848876,35.59682896184353,4990.422819861473,25.0,3.7455000000000003,5.0,0.40388888888888896,discharge
3827.0,452.921953597937,35.64435767392126,4990.327724453661,25.0,3.74525,5.0,0.40361111111111114,discharge
3828.0,452.280733497631,35.59727655538008,4990.29103316542,25.0,3.745,5.0,0.4033333333333333,discharge
3829.0,453.2022569705516,35.66595422004086,4990.187661336155,25.0,3.7447500000000002,5.0,0.4030555555555555,discharge
3830.0,451.1347892784049,35.513225131733705,4990.301815145782,25.0,3.7445000000000004,5.0,0.4027777777777779,discharge
3831.0,450.98890392072656,35.50283547560937,4990.182980561594,25.0,3.74425,5.0,0.4025000000000001,discharge
3832.0,451.0128922476079,35.505029055378365,4990.193366382164,25.0,3.744,5.0,0.40222222222222226,discharge
3833.0,453.4145245203384,35.68334440891395,4990.151836301805,25.0,3.7437500000000004,5.0,0.40194444444444466,discharge
3834.0,450.3926862624515,35.45992120462604,4990.207206175106,25.0,3.7435,5.0,0.40166666666666684,discharge
3835.0,450.7171065207698,35.484369001538504,4990.15058311169,25.0,3.74325,5.0,0.401388888888889,discharge
3836.0,451.9265619729927,35.57437496096242,4990.00968947966,25.0,3.7430000000000003,5.0,0.4011111111111112,discharge
3837.0,451.33701735995476,35.53112165629294,4990.100461453073,25.0,3.74275,5.0,0.4008333333333334,discharge
3838.0,449.7798824869879,35.416194999036136,4990.088784243328,25.0,3.7425,5.0,0.4005555555555558,discharge
3839.0,451.8812964896698,35.572271962197775,4989.993176848429,25.0,3.7422500000000003,5.0,0.4002777777777782,discharge
3840.0,450.479476673816,35.46885012398637,4989.939434971647,25.0,3.7420000000000004,5.0,0.40000000000000013,discharge
3841.0,451.3073836551325,35.53059323371352,4989.986499070796,25.0,3.74175,5.0,0.3997222222222223,discharge
3842.0,450.3274353514407,35.458421137143745,4989.889206535844,25.0,3.7415000000000003,5.0,0.3994444444444445,discharge
3843.0,450.36097611678576,35.46132230494708,4989.915142178119,25.0,3.74125,5.0,0.39916666666666667,discharge
3844.0,448.70193062088526,35.33884671265818,4989.909003857883,25.0,3.741,5.0,0.39888888888888907,discharge
3845.0,450.723823732646,35.48903323945525,4989.924596418654,25.0,3.7407500000000002,5.0,0.39861111111111125,discharge
3846.0,448.4656980583502,35.322181337655564,4989.727068689634,25.0,3.7405,5.0,0.3983333333333332,discharge
3847.0,449.1046541981498,35.36992808875183,4989.78362955688,25.0,3.74025,5.0,0.3980555555555556,discharge
3848.0,449.97612843587626,35.43489840265751,4989.699167277184,25.0,3.74,5.0,0.3977777777777778,discharge
3849.0,448.4105974684935,35.31934981248101,4989.741376701153,25.0,3.7397500000000004,5.0,0.3975000000000002,discharge
3850.0,448.7305095647533,35.34346367146321,4989.66295941358,25.0,3.7395000000000005,5.0,0.3972222222222226,discharge
3851.0,448.48051368048,35.325362124479994,4989.615566136246,25.0,3.73925,5.0,0.39694444444444454,discharge
3852.0,448.49007134830504,35.326486766541116,4989.632999652882,25.0,3.7390000000000003,5.0,0.3966666666666667,discharge
3853.0,448.7847655910802,35.3487326363763,4989.661882277914,25.0,3.73875,5.0,0.3963888888888889,discharge
3854.0,446.5574445860394,35.18416256192885,4989.563462123119,25.0,3.7385,5.0,0.3961111111111111,discharge
3855.0,447.3925130251061,35.24643615000785,4989.557928605384,25.0,3.7382500000000003,5.0,0.3958333333333335,discharge
3856.0,449.8432293293174,35.42838735772721,4989.536361874057,25.0,3.7380000000000004,5.0,0.39555555555555566,discharge
3857.0,445.68521689596827,35.12080310340506,4989.636217785632,25.0,3.73775,5.0,0.39527777777777784,discharge
3858.0,446.86308192418244,35.20846903142092,4989.552706722422,25.0,3.7375000000000003,5.0,0.395,discharge
3859.0,448.15957125471425,35.30492194479365,4989.382078251295,25.0,3.73725,5.0,0.3947222222222222,discharge
3860.0,445.38119866317356,35.09953323430916,4989.422944334435,25.0,3.737,5.0,0.3944444444444446,discharge
3861.0,446.2215603885713,35.162198917671944,4989.443268573022,25.0,3.7367500000000002,5.0,0.394166666666667,discharge
3862.0,446.14088563542987,35.156639676698504,4989.438229557315,25.0,3.7365000000000004,5.0,0.39388888888888896,discharge
3863.0,448.3728434590365,35.32238655252122,4989.436133514585,25.0,3.73625,5.0,0.39361111111111113,discharge
3864.0,445.79796592291655,35.13207154984567,4989.390534048192,25.0,3.736,5.0,0.39333333333333353,discharge
3865.0,447.15983219738223,35.233367199806096,4989.27014043749,25.0,3.7357500000000003,5.0,0.3930555555555557,discharge
3866.0,445.7590157666598,35.130019686419246,4989.259210216267,25.0,3.7355,5.0,0.3927777777777779,discharge
3867.0,446.26045131446995,35.16757972699777,4989.329718378648,25.0,3.73525,5.0,0.39250000000000007,discharge
3868.0,444.97821982105216,35.073016283040914,4989.177273490873,25.0,3.7350000000000003,5.0,0.39222222222222225,discharge
3869.0,444.50101528529615,35.0380844655775,4989.129119004047,25.0,3.73475,5.0,0.39194444444444443,discharge
3870.0,445.3648656821369,35.102490050528665,4989.167012703608,25.0,3.7345,5.0,0.39166666666666683,discharge
3871.0,444.3182685676851,35.02538100501371,4989.10418660538,25.0,3.7342500000000003,5.0,0.391388888888889,discharge
3872.0,445.37910749004396,35.10437833259586,4989.086522778732,25.0,3.734,5.0,0.3911111111111112,discharge
3873.0,445.53494418675075,35.11633845827784,4989.064563276834,25.0,3.73375,5.0,0.39083333333333337,discharge
3874.0,445.686557226772,35.12798572050162,4989.082593325475,25.0,3.7335000000000003,5.0,0.39055555555555577,discharge
3875.0,446.66600561906046,35.2009541199304,4989.09966452945,25.0,3.7332500000000004,5.0,0.39027777777777817,discharge
3876.0,446.41830604424996,35.18302266994445,4988.967267928082,25.0,3.733,5.0,0.3900000000000001,discharge
3877.0,443.7569267621502,34.98630013052965,4988.9534351921175,25.0,3.7327500000000002,5.0,0.3897222222222223,discharge
3878.0,443.9722554045579,35.002667067004296,4988.919403543076,25.0,3.7325,5.0,0.3894444444444445,discharge
3879.0,446.27252979258515,35.173474429080386,4988.885112448099,25.0,3.73225,5.0,0.38916666666666666,discharge
3880.0,444.3891399389595,35.03438073621923,4988.916836432758,25.0,3.732,5.0,0.38888888888888906,discharge
3881.0,443.91903117185404,34.99997453124845,4988.819730792625,25.0,3.7317500000000003,5.0,0.38861111111111124,discharge
3882.0,445.23690499149643,35.09801148085159,4988.916790438978,25.0,3.7315,5.0,0.3883333333333332,discharge
3883.0,443.40224567088933,34.96252745710291,4988.741534211431,25.0,3.73125,5.0,0.3880555555555556,discharge
3884.0,444.8216049341439,35.06808184697363,4988.82217449043,25.0,3.7310000000000003,5.0,0.3877777777777778,discharge
3885.0,443.447177995984,34.96668911081365,4988.854085641906,25.0,3.7307500000000005,5.0,0.3875000000000002,discharge
3886.0,444.9049320767619,35.07508756124162,4988.762913269564,25.0,3.7305000000000006,5.0,0.3872222222222226,discharge
3887.0,443.3259245794764,34.958540709590835,4988.674050709564,25.0,3.7302500000000003,5.0,0.38694444444444454,discharge
3888.0,444.1522105763688,35.02016374639769,4988.624232502844,25.0,3.73,5.0,0.3866666666666667,discharge
3889.0,444.25247157637097,35.02800715380526,4988.572342916505,25.0,3.72975,5.0,0.3863888888888889,discharge
3890.0,444.6704535527791,35.05938544835401,4988.591099218205,25.0,3.7295000000000003,5.0,0.38611111111111107,discharge
3891.0,442.11925397375495,34.870824368426284,4988.577710022384,25.0,3.72925,5.0,0.38583333333333325,discharge
3892.0,442.39326039404295,34.89153780696615,4988.519311678802,25.0,3.729,5.0,0.38555555555555565,discharge
3893.0,441.2210173699657,34.80512165703449,4988.579569564401,25.0,3.72875,5.0,0.3852777777777776,discharge
3894.0,440.7761917330224,34.772588276520175,4988.475375985537,25.0,3.7285000000000004,5.0,0.385,discharge
3895.0,441.8631258153732,34.85351857891653,4988.468698833306,25.0,3.72825,5.0,0.3847222222222222,discharge
3896.0,442.3809425159434,34.89229203821803,4988.420713010899,25.0,3.728,5.0,0.3844444444444446,discharge
3897.0,443.33565087150447,34.96342784233366,4988.43171570489,25.0,3.7277500000000003,5.0,0.384166666666667,discharge
3898.0,441.52751834614935,34.82990876638143,4988.393304703327,25.0,3.7275,5.0,0.38388888888888895,discharge
3899.0,443.7155462768611,34.9924015760638,4988.2892884032835,25.0,3.72725,5.0,0.3836111111111111,discharge
3900.0,441.84775908903555,34.85446363622485,4988.263273462962,25.0,3.7270000000000003,5.0,0.3833333333333333,discharge
3901.0,442.4077190535945,34.896358818784776,4988.337405570002,25.0,3.72675,5.0,0.3830555555555555,discharge
3902.0,441.13152393948053,34.8022425140356,4988.302902021549,25.0,3.7265,5.0,0.3827777777777779,discharge
3903.0,439.99073920792216,34.718156607994246,4988.237455949728,25.0,3.7262500000000003,5.0,0.38250000000000006,discharge
3904.0,442.69338034318577,34.91876891431005,4988.130076404218,25.0,3.726,5.0,0.38222222222222224,discharge
3905.0,440.6799319669766,34.77004125681308,4988.220200888054,25.0,3.72575,5.0,0.38194444444444464,discharge
3906.0,441.94325417616216,34.864037346382375,4988.202312318402,25.0,3.7255000000000003,5.0,0.3816666666666668,discharge
3907.0,440.32226043938,34.74438040291703,4988.241094841808,25.0,3.7252500000000004,5.0,0.381388888888889,discharge
3908.0,441.13959635210216,34.80534047052608,4988.101152943068,25.0,3.725,5.0,0.3811111111111112,discharge
3909.0,440.25420245316036,34.74017240393779,4988.076262968416,25.0,3.7247500000000002,5.0,0.38083333333333336,discharge
3910.0,439.9277472429514,34.71640720318159,4988.118334904734,25.0,3.7245,5.0,0.38055555555555554,discharge
3911.0,439.98599491392304,34.721138512142446,4987.998463680238,25.0,3.7242500000000005,5.0,0.38027777777777794,discharge
3912.0,440.6780801700316,34.77282075333566,4988.039861995153,25.0,3.724,5.0,0.3800000000000001,discharge
3913.0,438.6483623534315,34.62288795210604,4987.953668266729,25.0,3.7237500000000003,5.0,0.3797222222222223,discharge
3914.0,438.74337287832213,34.63034243543126,4987.966492273228,25.0,3.7235,5.0,0.3794444444444445,discharge
3915.0,440.56155667625626,34.765439383426376,4987.963220984599,25.0,3.72325,5.0,0.3791666666666669,discharge
3916.0,438.70386286178064,34.62824910087264,4987.848853645121,25.0,3.7230000000000003,5.0,0.37888888888888905,discharge
3917.0,439.4826344151654,34.686352549271504,4987.875950437586,25.0,3.7227500000000004,5.0,0.37861111111111123,discharge
3918.0,437.8107676088574,34.56292723028572,4987.863322369772,25.0,3.7225,5.0,0.3783333333333332,discharge
3919.0,438.803781618646,34.63690049027007,4987.771749417216,25.0,3.7222500000000003,5.0,0.3780555555555556,discharge
3920.0,439.9792262454573,34.72438712929315,4987.808216076764,25.0,3.722,5.0,0.37777777777777777,discharge
3921.0,438.82504633970336,34.639308988126174,4987.7807529447455,25.0,3.72175,5.0,0.37750000000000017,discharge
3922.0,438.80956946147273,34.63857921936836,4987.700219737394,25.0,3.7215000000000003,5.0,0.37722222222222257,discharge
3923.0,438.0682086058834,34.58408026710248,4987.645046556508,25.0,3.7212500000000004,5.0,0.3769444444444445,discharge
3924.0,438.42081659671067,34.610616044200796,4987.699626438855,25.0,3.721,5.0,0.3766666666666667,discharge
3925.0,436.3993812906635,34.461296762271374,4987.62373715136,25.0,3.7207500000000002,5.0,0.3763888888888889,discharge
3926.0,436.40722805630446,34.462294670837366,4987.6199924821485,25.0,3.7205000000000004,5.0,0.3761111111111113,discharge
3927.0,438.3118924794048,34.60379759106702,4987.679652986424,25.0,3.72025,5.0,0.37583333333333346,discharge
3928.0,435.9951763034452,34.43260565210706,4987.536793886522,25.0,3.72,5.0,0.37555555555555564,discharge
3929.0,438.92947552476846,34.65037781664952,4987.597683854194,25.0,3.71975,5.0,0.3752777777777776,discharge
3930.0,438.33138866052894,34.60649175263178,4987.549825940368,25.0,3.7195,5.0,0.375,discharge
3931.0,436.1395113969935,34.44454714051804,4987.49283704982,25.0,3.71925,5.0,0.3747222222222222,discharge
3932.0,435.0198978818387,34.36202947272881,4987.389557471128,25.0,3.7190000000000003,5.0,0.3744444444444446,discharge
3933.0,434.6406317450913,34.33435235148825,4987.408348110464,25.0,3.7187500000000004,5.0,0.374166666666667,discharge
3934.0,437.23311719272084,34.526804977238584,4987.396765423646,25.0,3.7185,5.0,0.37388888888888894,discharge
3935.0,436.6898059770341,34.48697636866919,4987.365326975289,25.0,3.7182500000000003,5.0,0.3736111111111111,discharge
3936.0,437.9931223208854,34.58393498673226,4987.32504781525,25.0,3.7180000000000004,5.0,0.3733333333333335,discharge
3937.0,436.9775106448317,34.509121158876425,4987.232897130145,25.0,3.71775,5.0,0.3730555555555557,discharge
3938.0,437.92580354674067,34.579781744203004,4987.1518045879775,25.0,3.7175000000000002,5.0,0.3727777777777779,discharge
3939.0,437.1042395708662,34.519341820064156,4987.218553090091,25.0,3.71725,5.0,0.37250000000000005,discharge
3940.0,435.14189884339595,34.37439991432563,4987.126950289603,25.0,3.717,5.0,0.372222222222222,discharge
3941.0,435.76330371407505,34.42084657141298,4987.139425559384,25.0,3.71675,5.0,0.3719444444444444,discharge
3942.0,434.9638197407708,34.36204220302006,4987.142098590242,25.0,3.7165000000000004,5.0,0.3716666666666668,discharge
3943.0,435.35382061979226,34.39134782368831,4987.1621366156705,25.0,3.71625,5.0,0.371388888888889,discharge
3944.0,435.0136162081379,34.36656416356577,4987.093228562716,25.0,3.716,5.0,0.37111111111111117,discharge
3945.0,435.1576751734592,34.37765186470068,4987.044704352318,25.0,3.7157500000000003,5.0,0.37083333333333335,discharge
3946.0,436.60945947129875,34.48560810898509,4987.0499578806875,25.0,3.7155000000000005,5.0,0.37055555555555575,discharge
3947.0,434.55866592062455,34.33411414226848,4986.925032917652,25.0,3.71525,5.0,0.37027777777777793,discharge
3948.0,433.7763943274377,34.27658476499538,4987.003396112716,25.0,3.7150000000000003,5.0,0.3700000000000001,discharge
3949.0,434.2007536254404,34.30843545373632,4986.933138109248,25.0,3.71475,5.0,0.3697222222222223,discharge
3950.0,434.21613364438326,34.30999138106543,4986.941677446395,25.0,3.7145,5.0,0.36944444444444446,discharge
3951.0,433.9724317407035,34.29235605486692,4986.915880155272,25.0,3.7142500000000003,5.0,0.36916666666666664,discharge
3952.0,434.2474682495525,34.31314579626315,4986.868343662426,25.0,3.7140000000000004,5.0,0.36888888888888904,discharge
3953.0,433.8478267442708,34.283959388464496,4986.948044399807,25.0,3.71375,5.0,0.3686111111111112,discharge
3954.0,435.254376110748,34.388564897092444,4986.806544716862,25.0,3.7135,5.0,0.3683333333333332,discharge
3955.0,434.9157070763612,34.36389496861935,4986.813004012591,25.0,3.7132500000000004,5.0,0.3680555555555556,discharge
3956.0,433.10182702067027,34.229950149679276,4986.810949433107,25.0,3.713,5.0,0.367777777777778,discharge
3957.0,434.71214696611537,34.349649775267814,4986.758811815338,25.0,3.71275,5.0,0.36750000000000016,discharge
3958.0,434.9904621842502,34.37068238401854,4986.841192966783,25.0,3.7125000000000004,5.0,0.36722222222222234,discharge
3959.0,433.45661734889796,34.257480914733186,4986.668868172565,25.0,3.71225,5.0,0.3669444444444445,discharge
3960.0,432.47022430207915,34.18483142978365,4986.654831953198,25.0,3.712,5.0,0.3666666666666667,discharge
3961.0,433.61265837457773,34.26987284256132,4986.6266095363135,25.0,3.7117500000000003,5.0,0.3663888888888889,discharge
3962.0,432.95928183008743,34.22189124667315,4986.6533695828175,25.0,3.7115,5.0,0.36611111111111105,discharge
3963.0,433.237982453508,34.242952403963564,4986.540440725952,25.0,3.71125,5.0,0.36583333333333345,discharge
3964.0,431.70125283139134,34.129537246769736,4986.532902389766,25.0,3.7110000000000003,5.0,0.36555555555555563,discharge
3965.0,434.72257459830917,34.35375552580068,4986.504620121051,25.0,3.71075,5.0,0.3652777777777776,discharge
3966.0,432.29025772651147,34.17400057233418,4986.531888248018,25.0,3.7105,5.0,0.365,discharge
3967.0,432.87985506300043,34.21809111577782,4986.4964803973335,25.0,3.7102500000000003,5.0,0.3647222222222224,discharge
3968.0,431.61631736809153,34.12491239763642,4986.457824067861,25.0,3.7100000000000004,5.0,0.36444444444444457,discharge
3969.0,432.2301862392723,34.17080083253869,4986.450644575899,25.0,3.7097500000000005,5.0,0.36416666666666697,discharge
3970.0,429.6432482381635,33.97959246208618,4986.427071642305,25.0,3.7095000000000002,5.0,0.36388888888888893,discharge
3971.0,430.49735961317685,34.043276638013104,4986.344989116001,25.0,3.70925,5.0,0.3636111111111111,discharge
3972.0,429.18879785185726,33.946762803841274,4986.333142439979,25.0,3.709,5.0,0.3633333333333333,discharge
3973.0,432.51296394820315,34.19341399616321,4986.332160063157,25.0,3.70875,5.0,0.36305555555555546,discharge
3974.0,429.9979721162741,34.00753497157586,4986.36840281404,25.0,3.7085000000000004,5.0,0.36277777777777787,discharge
3975.0,429.69055243283015,33.98517980983926,4986.211386220501,25.0,3.70825,5.0,0.36250000000000004,discharge
3976.0,432.240217188458,34.17446053247838,4986.2307507291,25.0,3.7079999999999997,5.0,0.362222222222222,discharge
3977.0,430.48357871845974,34.04475583099702,4986.163675570109,25.0,3.70775,5.0,0.3619444444444444,discharge
3978.0,430.67071177834106,34.059034205803044,4986.168718336647,25.0,3.7075000000000005,5.0,0.3616666666666668,discharge
3979.0,431.7745035143183,34.14121322328283,4986.157726500923,25.0,3.70725,5.0,0.361388888888889,discharge
3980.0,431.0536744552289,34.08823514483176,4986.104570265069,25.0,3.7070000000000003,5.0,0.36111111111111116,discharge
3981.0,430.7382622315905,34.065287943080776,4986.199621344021,25.0,3.70675,5.0,0.36083333333333334,discharge
3982.0,430.9427801818742,34.08085408754623,4986.080030146956,25.0,3.7065,5.0,0.3605555555555555,discharge
3983.0,428.20083795359164,33.87816392248827,4985.914515407798,25.0,3.7062500000000003,5.0,0.3602777777777779,discharge
3984.0,431.30563042045384,34.108565216329914,4985.983953893013,25.0,3.7060000000000004,5.0,0.3600000000000001,discharge
3985.0,431.2034431210372,34.101412453410155,4985.930245500624,25.0,3.70575,5.0,0.3597222222222223,discharge
3986.0,431.5855052544644,34.130130018849215,4986.068555396336,25.0,3.7055000000000002,5.0,0.3594444444444447,discharge
3987.0,427.50128711626263,33.82801200861204,4985.890555571612,25.0,3.7052500000000004,5.0,0.35916666666666686,discharge
3988.0,428.6093471285176,33.910507194705005,4985.907435206171,25.0,3.705,5.0,0.35888888888888903,discharge
3989.0,428.7591601734916,33.92202112396233,4985.830952510124,25.0,3.70475,5.0,0.3586111111111112,discharge
3990.0,430.8911227299784,34.080360942961356,4985.827782992904,25.0,3.7045000000000003,5.0,0.3583333333333334,discharge
3991.0,429.6126766267212,33.986077898275646,4985.788560387774,25.0,3.7042500000000005,5.0,0.3580555555555558,discharge
3992.0,430.6838330208517,34.065839483026046,4985.758719898741,25.0,3.704,5.0,0.35777777777777775,discharge
3993.0,429.22304217413273,33.95804942030613,4985.704486063386,25.0,3.7037500000000003,5.0,0.35750000000000015,discharge
3994.0,427.9920707769762,33.867283020516766,4985.784610084288,25.0,3.7035,5.0,0.35722222222222233,discharge
3995.0,427.19551142672503,33.80869529086852,4985.717346720409,25.0,3.70325,5.0,0.3569444444444445,discharge
3996.0,427.786007925738,33.85285243894356,4985.674414797049,25.0,3.7030000000000003,5.0,0.3566666666666667,discharge
3997.0,429.61833264478383,33.98899686257659,4985.68970531482,25.0,3.7027500000000004,5.0,0.3563888888888891,discharge
3998.0,427.2278078060425,33.812337615262415,4985.644274971031,25.0,3.7025,5.0,0.35611111111111127,discharge
3999.0,426.16059069719046,33.733701162754855,4985.575218999201,25.0,3.7022500000000003,5.0,0.35583333333333345,discharge
4000.0,428.0847964577391,33.87665158946216,4985.572565133091,25.0,3.702,5.0,0.3555555555555556,discharge
4001.0,429.037082270051,33.94760794592971,4985.547656228564,25.0,3.70175,5.0,0.3552777777777776,discharge
4002.0,429.9634040831922,34.01664104319942,4985.443223268227,25.0,3.7015000000000002,5.0,0.355,discharge
4003.0,428.63930197499144,33.9189760722216,4985.407909358057,25.0,3.70125,5.0,0.35472222222222216,discharge
4004.0,428.2196634020708,33.88830840015339,4985.438101862085,25.0,3.701,5.0,0.35444444444444456,discharge
4005.0,425.322482708525,33.67411908952037,4985.365818609384,25.0,3.70075,5.0,0.35416666666666696,discharge
4006.0,426.59337632994703,33.76867602444053,4985.434800654161,25.0,3.7005000000000003,5.0,0.3538888888888889,discharge
4007.0,426.4537608001515,33.758750800011214,4985.38895139951,25.0,3.70025,5.0,0.3536111111111111,discharge
4008.0,426.82904034347115,33.78696595136824,4985.292904959512,25.0,3.7,5.0,0.3533333333333335,discharge
4009.0,425.62185749484206,33.6979616662846,4985.331825190943,25.0,3.6997500000000003,5.0,0.3530555555555557,discharge
4010.0,427.2076593504091,33.815845137067335,4985.253844244676,25.0,3.6995,5.0,0.35277777777777786,discharge
4011.0,427.5291949607256,33.840079256350045,4985.307992482916,25.0,3.69925,5.0,0.35250000000000004,discharge
4012.0,426.2448106764533,33.74535634640395,4985.187169951008,25.0,3.699,5.0,0.352222222222222,discharge
4013.0,425.7042869517385,33.70573421864729,4985.138430091345,25.0,3.69875,5.0,0.3519444444444444,discharge
4014.0,426.04580315503995,33.731448381854804,4985.263482329294,25.0,3.6985,5.0,0.3516666666666668,discharge
4015.0,426.09667977561855,33.73563368708286,4985.049198884267,25.0,3.6982500000000003,5.0,0.351388888888889,discharge
4016.0,426.3710538447926,33.75637435887352,4985.116318828233,25.0,3.6980000000000004,5.0,0.35111111111111115,discharge
4017.0,424.5744549054559,33.623709622626365,4985.027644411926,25.0,3.69775,5.0,0.35083333333333333,discharge
4018.0,426.7455219123795,33.78494606758367,4985.0775863703575,25.0,3.6975000000000002,5.0,0.35055555555555573,discharge
4019.0,425.19243550689373,33.670319296806944,4985.019836878257,25.0,3.6972500000000004,5.0,0.3502777777777779,discharge
4020.0,424.8435006801098,33.64488893926739,4985.045600698955,25.0,3.697,5.0,0.3500000000000001,discharge
4021.0,425.57040823614165,33.699150610084565,4985.014449194642,25.0,3.69675,5.0,0.34972222222222227,discharge
4022.0,424.0384563762102,33.58608936120074,4984.870263780393,25.0,3.6965000000000003,5.0,0.34944444444444445,discharge
4023.0,425.4774430888096,33.693097636208115,4984.883676789309,25.0,3.69625,5.0,0.3491666666666664,discharge
4024.0,426.60981823719055,33.7773939434956,4984.824325946447,25.0,3.696,5.0,0.348888888888889,discharge
4025.0,424.75713011508657,33.64057445296936,4984.749272414333,25.0,3.6957500000000003,5.0,0.3486111111111112,discharge
4026.0,424.38689385850194,33.61356621174087,4984.798581239738,25.0,3.6955,5.0,0.3483333333333334,discharge
4027.0,423.5630600161448,33.55295814934405,4984.758795569286,25.0,3.69525,5.0,0.3480555555555558,discharge
4028.0,425.39841078607765,33.68932672489464,4984.706103707943,25.0,3.6950000000000003,5.0,0.3477777777777782,discharge
4029.0,424.89702405037707,33.65260363336125,4984.81627779419,25.0,3.6947500000000004,5.0,0.34750000000000014,discharge
4030.0,422.10558127134175,33.446246760840125,4984.785690922167,25.0,3.6945,5.0,0.3472222222222223,discharge
4031.0,424.45793507727547,33.62091185757595,4984.673716844886,25.0,3.6942500000000003,5.0,0.3469444444444445,discharge
4032.0,422.6712440225947,33.48898103871072,4984.695714399705,25.0,3.694,5.0,0.3466666666666667,discharge
4033.0,422.0205715952918,33.44119974779941,4984.727644698298,25.0,3.69375,5.0,0.34638888888888886,discharge
4034.0,422.9854219747558,33.51308681294489,4984.607734062006,25.0,3.6935000000000002,5.0,0.34611111111111126,discharge
4035.0,422.2541143761505,33.45933254638152,4984.556490206148,25.0,3.69325,5.0,0.3458333333333332,discharge
4036.0,423.94234196985053,33.58480310887783,4984.5680084881105,25.0,3.693,5.0,0.3455555555555556,discharge
4037.0,421.37497485781455,33.395044433912204,4984.52643308202,25.0,3.69275,5.0,0.3452777777777778,discharge
4038.0,421.2074400015953,33.38305111122928,4984.550860410357,25.0,3.6925000000000003,5.0,0.3450000000000002,discharge
4039.0,421.4099199452425,33.398466292240194,4984.475027747995,25.0,3.6922500000000005,5.0,0.3447222222222226,discharge
4040.0,422.0791210783877,33.44845341321391,4984.393123605149,25.0,3.692,5.0,0.34444444444444455,discharge
4041.0,422.67214735261246,33.492797952045365,4984.385669576981,25.0,3.6917500000000003,5.0,0.34416666666666673,discharge
4042.0,420.8503084933647,33.358263592101096,4984.376645454184,25.0,3.6915,5.0,0.3438888888888889,discharge
4043.0,421.07613076330347,33.37540783431878,4984.3068613159085,25.0,3.69125,5.0,0.3436111111111111,discharge
4044.0,420.09060536372345,33.30282261953507,4984.312000351333,25.0,3.691,5.0,0.34333333333333327,discharge
4045.0,421.3240922303312,33.394608683728244,4984.198328888418,25.0,3.6907500000000004,5.0,0.34305555555555567,discharge
4046.0,420.3584671283614,33.32349756506381,4984.298415569963,25.0,3.6905,5.0,0.34277777777777785,discharge
4047.0,423.41689742735605,33.5504646242486,4984.288127769511,25.0,3.6902500000000003,5.0,0.3425,discharge
4048.0,423.03268150132726,33.52242085195017,4984.248344763991,25.0,3.69,5.0,0.342222222222222,discharge
4049.0,420.03186008765977,33.30055445093776,4984.112550915613,25.0,3.68975,5.0,0.3419444444444444,discharge
4050.0,420.9632568094727,33.36996346736834,4984.123275492782,25.0,3.6895000000000002,5.0,0.3416666666666668,discharge
4051.0,421.10651412585,33.3809917871,4984.150197877335,25.0,3.6892500000000004,5.0,0.34138888888888896,discharge
4052.0,420.00027194868017,33.299464588791125,4983.970065170598,25.0,3.689,5.0,0.34111111111111114,discharge
4053.0,420.01576883662835,33.30102917308358,4984.084296919468,25.0,3.68875,5.0,0.3408333333333333,discharge
4054.0,420.9086248840605,33.36758332474522,4984.0860083018415,25.0,3.6885,5.0,0.3405555555555555,discharge
4055.0,419.8574464593811,33.29013492291712,4984.060414685188,25.0,3.68825,5.0,0.3402777777777779,discharge
4056.0,419.6883653502508,33.278027062981536,4983.942594979068,25.0,3.688,5.0,0.3400000000000001,discharge
4057.0,419.8201896997031,33.2882084962743,4984.025430220851,25.0,3.6877500000000003,5.0,0.33972222222222226,discharge
4058.0,420.9476995127995,33.37214440835551,4984.01756875345,25.0,3.6875000000000004,5.0,0.33944444444444466,discharge
4059.0,419.31154444688326,33.25136440347284,4983.928235170052,25.0,3.68725,5.0,0.33916666666666684,discharge
4060.0,419.82153286317237,33.28955798986461,4983.933211600701,25.0,3.6870000000000003,5.0,0.338888888888889,discharge
4061.0,419.5338129757877,33.26866207228056,4983.915354675774,25.0,3.68675,5.0,0.3386111111111112,discharge
4062.0,419.87135846849515,33.29408210877741,4983.883061814954,25.0,3.6865,5.0,0.3383333333333334,discharge
4063.0,418.82295813345974,33.21683949136738,4983.743868309736,25.0,3.6862500000000002,5.0,0.3380555555555558,discharge
4064.0,418.38637704399946,33.18491681807402,4983.839707806029,25.0,3.686,5.0,0.33777777777777773,discharge
4065.0,418.0512113607794,33.16050639709478,4983.732139830317,25.0,3.68575,5.0,0.33750000000000013,discharge
4066.0,418.83876546962153,33.219260405157144,4983.700549815077,25.0,3.6855,5.0,0.3372222222222223,discharge
4067.0,418.6017728802773,33.20212206520572,4983.639963702018,25.0,3.6852500000000004,5.0,0.3369444444444445,discharge
4068.0,418.0663786895807,33.16287990293189,4983.639428693443,25.0,3.6850000000000005,5.0,0.3366666666666669,discharge
4069.0,418.40686263618977,33.18851760268073,4983.594423300426,25.0,3.68475,5.0,0.33638888888888907,discharge
4070.0,420.4117888420287,33.337447321631764,4983.601023795842,25.0,3.6845000000000003,5.0,0.33611111111111125,discharge
4071.0,418.695895016852,33.21076074198904,4983.623137731938,25.0,3.68425,5.0,0.3358333333333332,discharge
4072.0,415.9331089025977,33.00652658537761,4983.5247408466585,25.0,3.684,5.0,0.3355555555555556,discharge
4073.0,418.9323777008733,33.2291113111758,4983.464388812168,25.0,3.6837500000000003,5.0,0.3352777777777778,discharge
4074.0,417.6347845179952,33.13340996429594,4983.532163497947,25.0,3.6835000000000004,5.0,0.3350000000000002,discharge
4075.0,416.3357087758197,33.03759879820886,4983.582958733174,25.0,3.6832500000000006,5.0,0.3347222222222226,discharge
4076.0,418.55788575697187,33.20262116718311,4983.416642211226,25.0,3.6830000000000003,5.0,0.33444444444444454,discharge
4077.0,416.9956419035452,33.08731606692929,4983.345361982052,25.0,3.6827500000000004,5.0,0.3341666666666667,discharge
4078.0,417.95354231092773,33.158688319327986,4983.365263619575,25.0,3.6825,5.0,0.3338888888888889,discharge
4079.0,416.1837229789735,33.02800725770175,4983.392838984177,25.0,3.6822500000000002,5.0,0.3336111111111113,discharge
4080.0,417.71561286232014,33.141897249060754,4983.337486556774,25.0,3.6820000000000004,5.0,0.3333333333333335,discharge
4081.0,416.237617314257,33.03283276401904,4983.266565760481,25.0,3.68175,5.0,0.33305555555555566,discharge
4082.0,417.33809263939196,33.11476612143644,4983.260922573477,25.0,3.6815,5.0,0.33277777777777784,discharge
4083.0,417.06114740687656,33.094668326435304,4983.239346284033,25.0,3.6812500000000004,5.0,0.3325,discharge
4084.0,414.95095317309494,32.938774309118145,4983.274192122432,25.0,3.681,5.0,0.3322222222222222,discharge
4085.0,416.3319684821761,33.041488406087126,4983.141070770474,25.0,3.68075,5.0,0.3319444444444446,discharge
4086.0,416.2956422510353,33.03921424081743,4983.220405310314,25.0,3.6805000000000003,5.0,0.331666666666667,discharge
4087.0,415.6265954916083,32.99007188826728,4983.108020041811,25.0,3.68025,5.0,0.33138888888888896,discharge
4088.0,413.76574572619995,32.85264783157037,4983.149186783305,25.0,3.68,5.0,0.33111111111111113,discharge
4089.0,415.68914707610224,32.995538672303866,4983.111410726467,25.0,3.6797500000000003,5.0,0.3308333333333333,discharge
4090.0,414.949345651185,32.94115523342111,4983.0299965056365,25.0,3.6795000000000004,5.0,0.3305555555555557,discharge
4091.0,416.32591298925945,33.04353985105626,4983.02659654058,25.0,3.67925,5.0,0.3302777777777779,discharge
4092.0,413.92684344694305,32.86624766273652,4982.987654865207,25.0,3.6790000000000003,5.0,0.33000000000000007,discharge
4093.0,415.8349504626855,33.008005589828564,4982.9773673238005,25.0,3.67875,5.0,0.32972222222222225,discharge
4094.0,414.85008348014526,32.93546914667742,4982.944451876616,25.0,3.6785,5.0,0.32944444444444443,discharge
4095.0,417.1173638360079,33.103832506370956,4982.949445877005,25.0,3.67825,5.0,0.3291666666666664,discharge
4096.0,413.4276599416347,32.83093777345443,4982.809742498636,25.0,3.6780000000000004,5.0,0.328888888888889,discharge
4097.0,415.2524574781424,32.966524628010546,4982.828279442208,25.0,3.67775,5.0,0.3286111111111112,discharge
4098.0,413.6227784908616,32.846224332656405,4982.913757126673,25.0,3.6775,5.0,0.32833333333333337,discharge
4099.0,413.0697007908005,32.80567228080004,4982.759739529798,25.0,3.6772500000000004,5.0,0.32805555555555577,discharge
4100.0,414.95568657247327,32.94579159796097,4982.769325498396,25.0,3.6770000000000005,5.0,0.32777777777777817,discharge
4101.0,414.3440879599795,32.900904663702185,4982.656009971238,25.0,3.67675,5.0,0.3275000000000001,discharge
4102.0,414.6506412376697,32.92402898056811,4982.830088304734,25.0,3.6765000000000003,5.0,0.3272222222222223,discharge
4103.0,411.8536708595926,32.717262656266115,4982.745800865494,25.0,3.67625,5.0,0.3269444444444445,discharge
4104.0,412.1258414532301,32.737840107646676,4982.720147221215,25.0,3.676,5.0,0.32666666666666666,discharge
4105.0,413.77476155711645,32.86039900423084,4982.677286488557,25.0,3.6757500000000003,5.0,0.32638888888888906,discharge
4106.0,412.2002696579724,32.74418664133129,4982.684396432482,25.0,3.6755000000000004,5.0,0.32611111111111124,discharge
4107.0,414.2297585481283,32.89493581837988,4982.6268489142485,25.0,3.67525,5.0,0.3258333333333332,discharge
4108.0,414.43960035308226,32.91089632245055,4982.4854078054395,25.0,3.6750000000000003,5.0,0.3255555555555556,discharge
4109.0,412.5061590427159,32.76809511427525,4982.476755238877,25.0,3.6747500000000004,5.0,0.325277777777778,discharge
4110.0,412.52949488064996,32.77024036152963,4982.423216913207,25.0,3.6745,5.0,0.3250000000000002,discharge
4111.0,412.3865826418176,32.76007093643093,4982.42407697124,25.0,3.6742500000000007,5.0,0.3247222222222226,discharge
4112.0,411.92925619412614,32.726611569935265,4982.479949169781,25.0,3.6740000000000004,5.0,0.32444444444444454,discharge
4113.0,412.0454831024864,32.735637637221224,4982.396595519435,25.0,3.67375,5.0,0.3241666666666667,discharge
4114.0,411.7113908700697,32.71130673111628,4982.386860097812,25.0,3.6735,5.0,0.3238888888888889,discharge
4115.0,412.2335620574056,32.75040274499301,4982.357643492029,25.0,3.67325,5.0,0.32361111111111107,discharge
4116.0,411.33315738566324,32.684122769308395,4982.3970235695315,25.0,3.673,5.0,0.3233333333333335,discharge
4117.0,411.0065273774619,32.66034462055273,4982.329814021719,25.0,3.67275,5.0,0.32305555555555565,discharge
4118.0,411.0888458772448,32.666858953869976,4982.374520437257,25.0,3.6725,5.0,0.3227777777777776,discharge
4119.0,410.637734636603,32.633859973081705,4982.305107354625,25.0,3.67225,5.0,0.3225,discharge
4120.0,411.0304928204973,32.663369838555354,4982.187023954725,25.0,3.672,5.0,0.3222222222222224,discharge
4121.0,411.51143565588325,32.6994119004358,4982.144468362986,25.0,3.6717500000000003,5.0,0.3219444444444446,discharge
4122.0,412.8894978306375,32.80190724671389,4982.139221431343,25.0,3.6715000000000004,5.0,0.321666666666667,discharge
4123.0,409.0656969612385,32.519079404536186,4982.150750006381,25.0,3.67125,5.0,0.32138888888888895,discharge
4124.0,409.17753950618044,32.527780704161515,4982.080809765642,25.0,3.6710000000000003,5.0,0.3211111111111111,discharge
4125.0,410.34827966160776,32.614918863822794,4982.020845577885,25.0,3.67075,5.0,0.3208333333333333,discharge
4126.0,410.3093496851209,32.612451828527476,4982.094765293121,25.0,3.6705,5.0,0.3205555555555555,discharge
4127.0,410.09398868105643,32.5969158282264,4982.01877358882,25.0,3.6702500000000002,5.0,0.3202777777777779,discharge
4128.0,411.8722303947644,32.72905410331589,4982.090420054775,25.0,3.6700000000000004,5.0,0.32000000000000006,discharge
4129.0,408.03535796080854,32.44525799709694,4981.956289407836,25.0,3.66975,5.0,0.31972222222222224,discharge
4130.0,409.5671445544456,32.559140337366344,4982.024563947823,25.0,3.6695,5.0,0.31944444444444464,discharge
4131.0,408.31076662279105,32.46649197205859,4981.885934588847,25.0,3.6692500000000003,5.0,0.3191666666666668,discharge
4132.0,409.1419386753337,32.5284769389136,4981.794858323302,25.0,3.669,5.0,0.318888888888889,discharge
4133.0,409.8202876124663,32.5791416749975,4981.829580206961,25.0,3.66875,5.0,0.3186111111111112,discharge
4134.0,407.723090519061,32.42421040881933,4981.94379537204,25.0,3.6685000000000003,5.0,0.31833333333333336,discharge
4135.0,410.0515614128994,32.59710640095551,4981.856749545035,25.0,3.66825,5.0,0.31805555555555554,discharge
4136.0,408.0428075742696,32.44872648698293,4981.81625334182,25.0,3.668,5.0,0.3177777777777777,discharge
4137.0,407.7018681321079,32.423888380156136,4981.756993772617,25.0,3.6677500000000003,5.0,0.3175000000000001,discharge
4138.0,406.96528561729315,32.36974337905875,4981.684290905384,25.0,3.6675000000000004,5.0,0.3172222222222223,discharge
4139.0,407.772479982822,32.42995222094978,4981.780105648896,25.0,3.66725,5.0,0.3169444444444445,discharge
4140.0,407.5912937971841,32.416947688680295,4981.667252844725,25.0,3.6670000000000003,5.0,0.3166666666666669,discharge
4141.0,409.022919279755,32.52341068738926,4981.64727025391,25.0,3.6667500000000004,5.0,0.31638888888888905,discharge
4142.0,406.49357325465735,32.33646838923388,4981.58591454316,25.0,3.6665,5.0,0.31611111111111123,discharge
4143.0,408.1297375297321,32.45808240960977,4981.578221985089,25.0,3.66625,5.0,0.3158333333333332,discharge
4144.0,408.61907627203254,32.49474639052094,4981.563178571651,25.0,3.6660000000000004,5.0,0.3155555555555556,discharge
4145.0,407.3869289500609,32.403892885189705,4981.5587552192055,25.0,3.66575,5.0,0.31527777777777777,discharge
4146.0,408.26843378194246,32.46960620606982,4981.535682975149,25.0,3.6655,5.0,0.31500000000000017,discharge
4147.0,406.66806088589124,32.35147673228824,4981.478071657706,25.0,3.6652500000000003,5.0,0.31472222222222257,discharge
4148.0,407.63640512438593,32.42362260180636,4981.4697402322045,25.0,3.665,5.0,0.3144444444444445,discharge
4149.0,406.74951312752944,32.358343565002194,4981.344067311004,25.0,3.66475,5.0,0.3141666666666667,discharge
4150.0,409.10333702889267,32.53311755769575,4981.3902389554805,25.0,3.6645000000000003,5.0,0.3138888888888891,discharge
4151.0,406.5216558180625,32.34229857911574,4981.323946899985,25.0,3.6642500000000005,5.0,0.3136111111111113,discharge
4152.0,406.3673905628843,32.331288189843285,4981.317538184345,25.0,3.664,5.0,0.31333333333333346,discharge
4153.0,406.9316156288945,32.373499305844035,4981.388285158086,25.0,3.6637500000000003,5.0,0.31305555555555564,discharge
4154.0,405.860004835769,32.294537395242145,4981.259769095744,25.0,3.6635,5.0,0.3127777777777776,discharge
4155.0,406.053972507727,32.309322037609405,4981.212218279993,25.0,3.66325,5.0,0.3125,discharge
4156.0,406.4495288572508,32.33903917461117,4981.250162364113,25.0,3.6630000000000003,5.0,0.3122222222222222,discharge
4157.0,406.8474527994558,32.36893168884859,4981.138753814676,25.0,3.6627500000000004,5.0,0.3119444444444446,discharge
4158.0,405.23747832634666,32.2500909871368,4981.09504449154,25.0,3.6625000000000005,5.0,0.311666666666667,discharge
4159.0,405.75515992345316,32.28885443877431,4981.159060144905,25.0,3.6622500000000002,5.0,0.31138888888888894,discharge
4160.0,405.38454806348136,32.2618183750727,4981.115251315427,25.0,3.662,5.0,0.3111111111111111,discharge
4161.0,406.1143525933527,32.316294636544654,4981.044302910598,25.0,3.66175,5.0,0.3108333333333333,discharge
4162.0,406.0992635299888,32.31559359481399,4981.0047167356715,25.0,3.6615,5.0,0.3105555555555557,discharge
4163.0,405.5428541407763,32.27479475116862,4980.968742024903,25.0,3.6612500000000003,5.0,0.3102777777777779,discharge
4164.0,405.26630276518006,32.25472613075409,4980.967091758926,25.0,3.661,5.0,0.31000000000000005,discharge
4165.0,406.6532442615373,32.35787920455832,4981.099952712039,25.0,3.66075,5.0,0.309722222222222,discharge
4166.0,403.850422262478,32.15067942685022,4980.907805825066,25.0,3.6605,5.0,0.3094444444444444,discharge
4167.0,406.22096853477507,32.32669211368704,4980.86927512348,25.0,3.66025,5.0,0.3091666666666666,discharge
4168.0,404.9831233441914,32.235416544014186,4980.893759735755,25.0,3.66,5.0,0.308888888888889,discharge
4169.0,402.7730303937694,32.072122621760684,4980.922050077267,25.0,3.6597500000000003,5.0,0.30861111111111117,discharge
4170.0,404.29677635012524,32.18540935926853,4980.723023126221,25.0,3.6595,5.0,0.30833333333333335,discharge
4171.0,402.6139844313872,32.06117477269535,4980.7564644966715,25.0,3.65925,5.0,0.30805555555555575,discharge
4172.0,403.766345117966,32.1469514902197,4980.803303674828,25.0,3.6590000000000003,5.0,0.30777777777777793,discharge
4173.0,401.7217297333245,31.995915165431448,4980.719756592165,25.0,3.6587500000000004,5.0,0.3075000000000001,discharge
4174.0,404.34134608956236,32.19037748811572,4980.741567077019,25.0,3.6585,5.0,0.3072222222222223,discharge
4175.0,402.6838919746542,32.06801977590031,4980.668384940499,25.0,3.6582500000000002,5.0,0.30694444444444446,discharge
4176.0,404.9861465282525,32.2389738169076,4980.6630895857825,25.0,3.658,5.0,0.30666666666666664,discharge
4177.0,402.47171666717793,32.05313641979096,4980.589263136634,25.0,3.65775,5.0,0.30638888888888904,discharge
4178.0,403.1117532363599,32.10096320269333,4980.592043347238,25.0,3.6575,5.0,0.3061111111111112,discharge
4179.0,401.56083985265593,31.98649739649302,4980.588664626988,25.0,3.65725,5.0,0.3058333333333332,discharge
4180.0,402.65116860379646,32.06767915583678,4980.548328634571,25.0,3.657,5.0,0.3055555555555556,discharge
4181.0,402.684812585951,32.07058796932969,4980.614323232063,25.0,3.65675,5.0,0.305277777777778,discharge
4182.0,403.0088597585931,32.095008130266166,4980.504576968797,25.0,3.6565000000000003,5.0,0.30500000000000016,discharge
4183.0,404.8348836060576,32.23068582267094,4980.429540558987,25.0,3.65625,5.0,0.30472222222222234,discharge
4184.0,403.8733164261152,32.15987529082336,4980.3921540484835,25.0,3.656,5.0,0.3044444444444445,discharge
4185.0,402.8713722992941,32.086073874021785,4980.346034263392,25.0,3.6557500000000003,5.0,0.3041666666666667,discharge
4186.0,401.62430299030683,31.99411503631903,4980.390883806604,25.0,3.6555,5.0,0.3038888888888889,discharge
4187.0,401.52860034671176,31.987442618274954,4980.380497772534,25.0,3.65525,5.0,0.3036111111111113,discharge
4188.0,401.3677763306767,31.97594639486494,4980.363535532856,25.0,3.6550000000000002,5.0,0.30333333333333345,discharge
4189.0,400.68460625951286,31.925757871075035,4980.19773447344,25.0,3.6547500000000004,5.0,0.30305555555555563,discharge
4190.0,402.07254953881466,32.028985151023306,4980.189093881172,25.0,3.6545,5.0,0.3027777777777776,discharge
4191.0,401.20833578629714,31.96538598417016,4980.291471006131,25.0,3.65425,5.0,0.3025,discharge
4192.0,401.65518768615374,31.998902791566948,4980.355908807745,25.0,3.6540000000000004,5.0,0.3022222222222224,discharge
4193.0,400.74304024965767,31.93175298145613,4980.24250868041,25.0,3.65375,5.0,0.30194444444444457,discharge
4194.0,401.2267195391291,31.967997743639195,4980.2069543948055,25.0,3.6535,5.0,0.30166666666666697,discharge
4195.0,402.47614290709924,32.06096428941478,4980.112412173992,25.0,3.6532500000000003,5.0,0.30138888888888893,discharge
4196.0,400.9327372288037,31.94705460954102,4980.08515704995,25.0,3.653,5.0,0.3011111111111111,discharge
4197.0,401.3716097891218,31.97998035474977,4980.101599110926,25.0,3.65275,5.0,0.3008333333333333,discharge
4198.0,399.46116046506745,31.83888225667166,4980.013401714573,25.0,3.6525000000000003,5.0,0.3005555555555557,discharge
4199.0,400.0250169987535,31.881066073981742,4979.954231301532,25.0,3.6522500000000004,5.0,0.30027777777777787,discharge
4200.0,399.65761828309803,31.854268020970224,4980.0105747639,25.0,3.652,5.0,0.30000000000000004,discharge
4201.0,400.40286930705133,31.909888467188985,4979.912122078312,25.0,3.6517500000000003,5.0,0.29972222222222245,discharge
4202.0,400.06147580082666,31.88501672598715,4979.888018549164,25.0,3.6515,5.0,0.2994444444444444,discharge
4203.0,398.9560889597598,31.803552885908132,4979.794558297821,25.0,3.65125,5.0,0.2991666666666668,discharge
4204.0,399.84508223816533,31.869820906530762,4979.913406650798,25.0,3.6510000000000002,5.0,0.298888888888889,discharge
4205.0,399.48354611979954,31.84345711998516,4979.883602893427,25.0,3.6507500000000004,5.0,0.29861111111111116,discharge
4206.0,397.65839082692787,31.708677098290956,4979.83340930763,25.0,3.6505,5.0,0.29833333333333334,discharge
4207.0,399.0588270701771,31.81282978297608,4979.757078779377,25.0,3.65025,5.0,0.2980555555555555,discharge
4208.0,400.1410234013121,31.893409140837925,4979.737743919137,25.0,3.65,5.0,0.2977777777777777,discharge
4209.0,397.9292139077573,31.729988067241273,4979.73238710098,25.0,3.64975,5.0,0.2975000000000001,discharge
4210.0,399.774177966521,31.867068738260798,4979.725865780823,25.0,3.6495,5.0,0.2972222222222223,discharge
4211.0,399.24383808751963,31.828200969445895,4979.670528216483,25.0,3.6492500000000003,5.0,0.29694444444444446,discharge
4212.0,398.5821987314492,31.77960731344067,4979.635133143014,25.0,3.6490000000000005,5.0,0.29666666666666686,discharge
4213.0,398.71971057089866,31.790210042288777,4979.615881755126,25.0,3.64875,5.0,0.29638888888888903,discharge
4214.0,397.333908349335,31.687974692543335,4979.557237022899,25.0,3.6485000000000003,5.0,0.2961111111111112,discharge
4215.0,398.7078080581517,31.790161708011233,4979.5256103310885,25.0,3.64825,5.0,0.2958333333333334,discharge
4216.0,396.4431123065313,31.622823133817114,4979.560957315703,25.0,3.6480000000000006,5.0,0.2955555555555558,discharge
4217.0,396.60454529843014,31.6351977998837,4979.493252723589,25.0,3.6477500000000003,5.0,0.29527777777777775,discharge
4218.0,398.12898845861616,31.748536182119693,4979.5001865280165,25.0,3.6475000000000004,5.0,0.29500000000000015,discharge
4219.0,396.3497548004191,31.61715776299402,4979.502024670587,25.0,3.64725,5.0,0.29472222222222233,discharge
4220.0,399.32389619764604,31.83788119982566,4979.400296855612,25.0,3.6470000000000002,5.0,0.2944444444444445,discharge
4221.0,397.51602769508906,31.704381681117717,4979.428716029097,25.0,3.6467500000000004,5.0,0.2941666666666669,discharge
4222.0,397.9474703962707,31.736757066390417,4979.402378744708,25.0,3.6465000000000005,5.0,0.2938888888888891,discharge
4223.0,397.8740123121836,31.731732393495086,4979.354556922447,25.0,3.64625,5.0,0.29361111111111127,discharge
4224.0,396.374029491779,31.621039221613266,4979.422954292622,25.0,3.6460000000000004,5.0,0.29333333333333345,discharge
4225.0,396.6550132603197,31.642269500764414,4979.286515481894,25.0,3.64575,5.0,0.2930555555555556,discharge
4226.0,396.9666976006712,31.665773896346025,4979.3618861489285,25.0,3.6455,5.0,0.2927777777777776,discharge
4227.0,396.3606020347575,31.621294595167228,4979.299804313825,25.0,3.64525,5.0,0.2925,discharge
4228.0,397.79294369653815,31.72781064418802,4979.222349940668,25.0,3.645,5.0,0.29222222222222216,discharge
4229.0,397.1137862748473,31.677919353692396,4979.236386829777,25.0,3.64475,5.0,0.29194444444444456,discharge
4230.0,396.16172430294813,31.607812911329503,4979.161013012597,25.0,3.6445000000000003,5.0,0.29166666666666696,discharge
4231.0,397.07191216123346,31.675650900832096,4979.222732972692,25.0,3.6442500000000004,5.0,0.29138888888888914,discharge
4232.0,395.73862309585013,31.57730541450743,4979.139313639576,25.0,3.644,5.0,0.2911111111111113,discharge
4233.0,396.306244288895,31.61976809547371,4979.175563171374,25.0,3.6437500000000003,5.0,0.2908333333333335,discharge
4234.0,395.5523170402216,31.56433829927569,4979.019413926091,25.0,3.6435000000000004,5.0,0.2905555555555557,discharge
4235.0,394.982870897095,31.52257377015519,4978.994593875549,25.0,3.64325,5.0,0.29027777777777786,discharge
4236.0,394.171538779863,31.462891761471333,4979.131457821553,25.0,3.6430000000000002,5.0,0.29000000000000004,discharge
4237.0,394.2513115290967,31.46921752067383,4978.979961956019,25.0,3.64275,5.0,0.289722222222222,discharge
4238.0,394.8792752878271,31.516150021320513,4978.922170459234,25.0,3.6425,5.0,0.2894444444444444,discharge
4239.0,395.11454335421456,31.533993952164046,4978.862615179827,25.0,3.64225,5.0,0.28916666666666657,discharge
4240.0,392.41207950871467,31.334228111756637,4978.907117262206,25.0,3.6420000000000003,5.0,0.288888888888889,discharge
4241.0,393.9912215285323,31.451618261372758,4978.906973811047,25.0,3.64175,5.0,0.28861111111111115,discharge
4242.0,394.8408741547113,31.51497215960824,4978.889950043352,25.0,3.6415000000000006,5.0,0.2883333333333338,discharge
4243.0,393.95819085413854,31.45000487808432,4978.814430648988,25.0,3.6412500000000003,5.0,0.28805555555555573,discharge
4244.0,392.8719141117466,31.369956600870104,4978.73593525548,25.0,3.641,5.0,0.2877777777777779,discharge
4245.0,392.8211198040989,31.366610726229545,4978.766341539673,25.0,3.64075,5.0,0.2875000000000001,discharge
4246.0,395.3763554752586,31.5563041092784,4978.705200667753,25.0,3.6405000000000003,5.0,0.28722222222222227,discharge
4247.0,391.95796995419005,31.30350703364371,4978.612677478071,25.0,3.64025,5.0,0.28694444444444445,discharge
4248.0,393.0778482947278,31.38687765146132,4978.6973718491345,25.0,3.6399999999999997,5.0,0.2866666666666664,discharge
4249.0,394.09619983965786,31.462727765900596,4978.5980759738495,25.0,3.6397500000000003,5.0,0.286388888888889,discharge
4250.0,391.1325320919515,31.243613488292695,4978.5781700673115,25.0,3.6395000000000004,5.0,0.2861111111111112,discharge
4251.0,393.662156558475,31.43140974507223,4978.613324309613,25.0,3.63925,5.0,0.2858333333333334,discharge
4252.0,391.29366875993765,31.256382871106496,4978.546819940156,25.0,3.6390000000000002,5.0,0.2855555555555558,discharge
4253.0,393.7170156626206,31.43630671574966,4978.492447134663,25.0,3.6387500000000004,5.0,0.2852777777777782,discharge
4254.0,395.23362299739756,31.549064666473896,4978.425777231683,25.0,3.6385,5.0,0.28500000000000014,discharge
4255.0,391.17756475492047,31.24903257443855,4978.563466476013,25.0,3.63825,5.0,0.2847222222222223,discharge
4256.0,392.22186969255245,31.326805162411276,4978.364457858713,25.0,3.6380000000000003,5.0,0.2844444444444445,discharge
4257.0,392.51775575516547,31.349139315197455,4978.43798527321,25.0,3.63775,5.0,0.2841666666666667,discharge
4258.0,391.44110985978796,31.269804434058386,4978.387070389518,25.0,3.6375,5.0,0.28388888888888886,discharge
4259.0,392.41868053017674,31.342633742976062,4978.3062111934305,25.0,3.6372500000000003,5.0,0.28361111111111126,discharge
4260.0,391.02058972532836,31.23948812780209,4978.322036580635,25.0,3.637,5.0,0.2833333333333332,discharge
4261.0,391.02844633532277,31.24048676557949,4978.2984098979105,25.0,3.63675,5.0,0.2830555555555556,discharge
4262.0,390.63821472799964,31.211997387259224,4978.299916619404,25.0,3.6365000000000003,5.0,0.282777777777778,discharge
4263.0,391.2637135029023,31.258747296511288,4978.261671644861,25.0,3.6362500000000004,5.0,0.2825000000000002,discharge
4264.0,391.65027491030924,31.287798141504403,4978.28847741579,25.0,3.6360000000000006,5.0,0.2822222222222226,discharge
4265.0,392.0093799749902,31.31481518333262,4978.22819845472,25.0,3.6357500000000003,5.0,0.28194444444444455,discharge
4266.0,390.7887130900899,31.224812080747405,4978.117591071153,25.0,3.6355000000000004,5.0,0.28166666666666673,discharge
4267.0,389.6864771646905,31.14358164182893,4978.203603319414,25.0,3.63525,5.0,0.2813888888888889,discharge
4268.0,390.13467629536524,31.177198244101128,4978.122709102658,25.0,3.6350000000000002,5.0,0.2811111111111111,discharge
4269.0,389.9630354795777,31.164900776265,4977.999914760098,25.0,3.63475,5.0,0.28083333333333327,discharge
4270.0,389.9474936544997,31.1641661966296,4978.129726654229,25.0,3.6345,5.0,0.28055555555555567,discharge
4271.0,390.7823115047926,31.226421222577223,4977.988596909794,25.0,3.63425,5.0,0.28027777777777785,discharge
4272.0,389.9195267217898,31.162927905317773,4977.9848159341445,25.0,3.6340000000000003,5.0,0.28000000000000025,discharge
4273.0,390.0122976989584,31.170216496219147,4977.987538867479,25.0,3.6337500000000005,5.0,0.2797222222222224,discharge
4274.0,389.8297993718544,31.157114768285496,4977.9835070824665,25.0,3.6335,5.0,0.2794444444444444,discharge
4275.0,389.54824545912334,31.13667558956469,4977.927943826951,25.0,3.6332500000000003,5.0,0.2791666666666668,discharge
4276.0,389.0256379506093,31.09838058893402,4977.973187243921,25.0,3.633,5.0,0.27888888888888896,discharge
4277.0,390.08751537379067,31.17745484250301,4977.81268293234,25.0,3.63275,5.0,0.27861111111111114,discharge
4278.0,389.1283702966057,31.106823725674495,4977.812755238214,25.0,3.6325000000000003,5.0,0.2783333333333333,discharge
4279.0,388.96497092288985,31.095136735028902,4977.792963579567,25.0,3.63225,5.0,0.2780555555555555,discharge
4280.0,387.8157848152756,31.010428504835225,4977.868434605806,25.0,3.632,5.0,0.2777777777777777,discharge
4281.0,388.091856249438,31.03129490736577,4977.829645833478,25.0,3.6317500000000003,5.0,0.2775000000000001,discharge
4282.0,388.055785713251,31.02903968246303,4977.659567570377,25.0,3.6315,5.0,0.27722222222222226,discharge
4283.0,389.0822614827931,31.105491591318,4977.746544301491,25.0,3.6312500000000005,5.0,0.27694444444444466,discharge
4284.0,386.6194750418715,30.92347963273123,4977.658675062676,25.0,3.6310000000000002,5.0,0.27666666666666684,discharge
4285.0,388.9617031391798,31.097394676976265,4977.50828345577,25.0,3.6307500000000004,5.0,0.276388888888889,discharge
4286.0,388.2131050605177,31.042359634112415,4977.653577440806,25.0,3.6305,5.0,0.2761111111111112,discharge
4287.0,387.237872043092,30.970536818006813,4977.493320873491,25.0,3.63025,5.0,0.2758333333333334,discharge
4288.0,386.9564756273369,30.950109305728667,4977.453852192362,25.0,3.6300000000000003,5.0,0.2755555555555558,discharge
4289.0,388.1767306301117,31.040915231860126,4977.563845875161,25.0,3.62975,5.0,0.27527777777777773,discharge
4290.0,387.7431185162219,31.009212482683097,4977.532646765209,25.0,3.6295,5.0,0.27500000000000013,discharge
4291.0,385.40756672841223,30.836625313215713,4977.455243644986,25.0,3.6292500000000003,5.0,0.2747222222222223,discharge
4292.0,386.5593522390494,30.922359425114763,4977.388114281391,25.0,3.629,5.0,0.2744444444444445,discharge
4293.0,386.19376688697025,30.895695695331128,4977.416294239913,25.0,3.62875,5.0,0.2741666666666669,discharge
4294.0,386.89925670770185,30.94837086723718,4977.345610297554,25.0,3.6285000000000003,5.0,0.27388888888888907,discharge
4295.0,386.1957699322278,30.896677402387255,4977.3472037805195,25.0,3.6282500000000004,5.0,0.27361111111111125,discharge
4296.0,387.15168177987834,30.967902354065053,4977.306090054176,25.0,3.628,5.0,0.2733333333333332,discharge
4297.0,386.03215815270596,30.885391344644873,4977.29624785164,25.0,3.6277500000000003,5.0,0.2730555555555556,discharge
4298.0,386.13890252586054,30.893715001915588,4977.217789438454,25.0,3.6275,5.0,0.2727777777777778,discharge
4299.0,387.51639873491536,30.996168424808552,4977.211171536102,25.0,3.62725,5.0,0.2725000000000002,discharge
4300.0,385.89658045052124,30.876598551890474,4977.247488306258,25.0,3.6270000000000002,5.0,0.27222222222222214,discharge
4301.0,385.49978134607306,30.84762269230172,4977.115182958338,25.0,3.6267500000000004,5.0,0.27194444444444454,discharge
4302.0,385.8953111519784,30.87733786310951,4977.1910268379725,25.0,3.6265,5.0,0.2716666666666667,discharge
4303.0,384.420734637701,30.768526639829695,4977.14328572027,25.0,3.62625,5.0,0.2713888888888891,discharge
4304.0,383.9824307145185,30.736476349223587,4977.059047473941,25.0,3.6260000000000003,5.0,0.2711111111111113,discharge
4305.0,385.4078542704399,30.842479945958516,4977.026228355822,25.0,3.62575,5.0,0.2708333333333335,discharge
4306.0,384.70741044811086,30.791011885045236,4977.005684940348,25.0,3.6255,5.0,0.27055555555555566,discharge
4307.0,383.72742751823887,30.718837223573253,4977.0044124982605,25.0,3.6252500000000003,5.0,0.27027777777777784,discharge
4308.0,385.93907115876164,30.883079345093442,4976.957910906272,25.0,3.625,5.0,0.27,discharge
4309.0,385.5574107256614,30.85522486856751,4977.013478532327,25.0,3.62475,5.0,0.2697222222222222,discharge
4310.0,384.9557680176208,30.811075408712654,4976.896658082645,25.0,3.6245000000000003,5.0,0.2694444444444446,discharge
4311.0,384.0585316116541,30.745030119381788,4976.929679518838,25.0,3.62425,5.0,0.26916666666666655,discharge
4312.0,384.2519930531921,30.759777263199418,4976.8580567749095,25.0,3.624,5.0,0.26888888888888896,discharge
4313.0,383.73624729143705,30.721990540106447,4976.885366118179,25.0,3.6237500000000002,5.0,0.26861111111111113,discharge
4314.0,385.0300399236663,30.818243698049365,4976.864748824137,25.0,3.6235000000000004,5.0,0.26833333333333353,discharge
4315.0,382.59414669169485,30.638223829014436,4976.751307245816,25.0,3.62325,5.0,0.2680555555555557,discharge
4316.0,384.1626474089883,30.75482573399912,4976.750287997716,25.0,3.623,5.0,0.2677777777777779,discharge
4317.0,383.769354410284,30.726109585946958,4976.754115906851,25.0,3.6227500000000004,5.0,0.26750000000000007,discharge
4318.0,382.48133102634176,30.631117113062345,4976.76526584161,25.0,3.6225,5.0,0.26722222222222225,discharge
4319.0,384.0916440721927,30.75081622756982,4976.697471866354,25.0,3.62225,5.0,0.26694444444444443,discharge
4320.0,382.99432668240877,30.669950124622872,4976.697987243823,25.0,3.622,5.0,0.2666666666666664,discharge
4321.0,385.0640974530256,30.823683144668557,4976.622604952787,25.0,3.62175,5.0,0.266388888888889,discharge
4322.0,384.22995595624593,30.7623115523145,4976.596309506509,25.0,3.6215,5.0,0.2661111111111112,discharge
4323.0,382.8617873699825,30.661382397776485,4976.520195673573,25.0,3.6212500000000003,5.0,0.26583333333333337,discharge
4324.0,382.4023238581177,30.62776473023093,4976.456243982251,25.0,3.6210000000000004,5.0,0.26555555555555577,discharge
4325.0,381.9576479583992,30.595242441362892,4976.478595902034,25.0,3.6207500000000006,5.0,0.26527777777777817,discharge
4326.0,381.77977573026374,30.582483387426947,4976.527862012568,25.0,3.6205000000000003,5.0,0.2650000000000001,discharge
4327.0,382.67699711335945,30.649360897285888,4976.491474684276,25.0,3.6202500000000004,5.0,0.2647222222222223,discharge
4328.0,380.7896968715701,30.509977546042208,4976.420501951168,25.0,3.62,5.0,0.2644444444444445,discharge
4329.0,383.05494071988403,30.678190053324734,4976.465989350799,25.0,3.6197500000000002,5.0,0.26416666666666666,discharge
4330.0,382.6432038253836,30.64810769076916,4976.411910101711,25.0,3.6195,5.0,0.26388888888888884,discharge
4331.0,381.6720222737662,30.57658498324193,4976.278065235703,25.0,3.61925,5.0,0.26361111111111124,discharge
4332.0,382.4167494822051,30.632166628311502,4976.371656399279,25.0,3.6189999999999998,5.0,0.2633333333333332,discharge
4333.0,383.8256530138127,30.736946519541704,4976.30302886433,25.0,3.6187500000000004,5.0,0.2630555555555556,discharge
4334.0,381.6860029634147,30.578870589882584,4976.257141219925,25.0,3.6185000000000005,5.0,0.262777777777778,discharge
4335.0,382.9694448928153,30.674357029097436,4976.214827707076,25.0,3.61825,5.0,0.2625000000000002,discharge
4336.0,380.8178959392742,30.51539969920551,4976.2343362408865,25.0,3.6180000000000003,5.0,0.2622222222222226,discharge
4337.0,380.36628300809446,30.482363556155157,4976.227109347592,25.0,3.61775,5.0,0.26194444444444454,discharge
4338.0,381.83504577666463,30.59157746493814,4976.133390969461,25.0,3.6175,5.0,0.2616666666666667,discharge
4339.0,378.7789911069259,30.36561971162415,4976.154114355466,25.0,3.6172500000000003,5.0,0.2613888888888889,discharge
4340.0,381.515167311435,30.56871609714335,4976.037100896755,25.0,3.617,5.0,0.26111111111111107,discharge
4341.0,380.4158477454871,30.487701684850904,4976.05883229603,25.0,3.61675,5.0,0.26083333333333325,discharge
4342.0,379.7974798146255,30.442313319601894,4976.093459713922,25.0,3.6165000000000003,5.0,0.26055555555555565,discharge
4343.0,380.22480992430997,30.474384068467423,4976.074270087283,25.0,3.61625,5.0,0.2602777777777776,discharge
4344.0,380.1113442991208,30.466395874008953,4975.97309402283,25.0,3.616,5.0,0.26,discharge
4345.0,381.10870334681124,30.540690988652678,4976.014524499018,25.0,3.6157500000000002,5.0,0.2597222222222224,discharge
4346.0,380.5640253816646,30.50076113938257,4975.925320290752,25.0,3.6155000000000004,5.0,0.2594444444444446,discharge
4347.0,379.784247452149,30.44341647793695,4975.915610330079,25.0,3.6152500000000005,5.0,0.259166666666667,discharge
4348.0,379.22389870314134,30.402325829862335,4975.854975483187,25.0,3.615,5.0,0.25888888888888895,discharge
4349.0,378.3610077980659,30.338824651708578,4976.040106962265,25.0,3.61475,5.0,0.2586111111111111,discharge
4350.0,379.36576849491667,30.41366803666049,4975.824634214611,25.0,3.6145,5.0,0.2583333333333333,discharge
4351.0,376.452628619248,30.19829656438874,4975.79290026045,25.0,3.61425,5.0,0.2580555555555555,discharge
4352.0,379.85481140793456,30.450726770958106,4975.750726204021,25.0,3.614,5.0,0.25777777777777766,discharge
4353.0,378.74890406024394,30.36922437483289,4975.809016200259,25.0,3.61375,5.0,0.25750000000000006,discharge
4354.0,376.94921920713637,30.236331052380457,4975.821990590923,25.0,3.6135,5.0,0.25722222222222224,discharge
4355.0,379.03711727587336,30.39140683524986,4975.649588594241,25.0,3.6132500000000003,5.0,0.25694444444444464,discharge
4356.0,377.4444324647095,30.273846849237742,4975.6754459993945,25.0,3.6130000000000004,5.0,0.2566666666666668,discharge
4357.0,377.72841020339536,30.295298903955207,4975.6159438243085,25.0,3.61275,5.0,0.256388888888889,discharge
4358.0,376.26945643126305,30.187644920834302,4975.624856825261,25.0,3.6125000000000003,5.0,0.2561111111111112,discharge
4359.0,377.16774393695084,30.254601402737094,4975.561962080625,25.0,3.61225,5.0,0.25583333333333336,discharge
4360.0,377.93724664917875,30.31201827030953,4975.646458215403,25.0,3.612,5.0,0.25555555555555554,discharge
4361.0,377.55441837146043,30.28407728677483,4975.5072096168715,25.0,3.6117500000000002,5.0,0.2552777777777777,discharge
4362.0,377.7889449064769,30.301866289368647,4975.549352681871,25.0,3.6115000000000004,5.0,0.2550000000000001,discharge
4363.0,376.6297657446439,30.21641783293658,4975.525707760026,25.0,3.61125,5.0,0.2547222222222223,discharge
4364.0,377.7830493073552,30.302262911655944,4975.424800323175,25.0,3.611,5.0,0.2544444444444445,discharge
4365.0,375.5996621262444,30.140947194536622,4975.485965395193,25.0,3.6107500000000003,5.0,0.2541666666666669,discharge
4366.0,376.37116888760784,30.19851251019316,4975.389128390635,25.0,3.6105,5.0,0.25388888888888905,discharge
4367.0,374.150624473014,30.03444440540845,4975.336278061475,25.0,3.61025,5.0,0.25361111111111123,discharge
4368.0,376.35259914692074,30.197970307179297,4975.28782405997,25.0,3.61,5.0,0.2533333333333332,discharge
4369.0,375.97266030357935,30.170243355820702,4975.323643668618,25.0,3.60975,5.0,0.2530555555555556,discharge
4370.0,376.18545979644296,30.186422947884658,4975.300304820553,25.0,3.6095,5.0,0.25277777777777777,discharge
4371.0,376.8103057501569,30.233124500011634,4975.192634868288,25.0,3.6092500000000003,5.0,0.25250000000000017,discharge
4372.0,377.4115933084713,30.278080985812693,4975.218084821033,25.0,3.6090000000000004,5.0,0.25222222222222257,discharge
4373.0,374.78290401927086,30.083779927353397,4975.122594409604,25.0,3.60875,5.0,0.2519444444444445,discharge
4374.0,375.58010682431905,30.143248653653274,4975.069244500004,25.0,3.6085000000000003,5.0,0.2516666666666667,discharge
4375.0,373.7226760039648,30.006077852145545,4975.208392587377,25.0,3.6082500000000004,5.0,0.2513888888888891,discharge
4376.0,377.3697642854222,30.276649206327576,4975.0443559497035,25.0,3.608,5.0,0.2511111111111113,discharge
4377.0,376.7030797935611,30.227681836560073,4975.015238021927,25.0,3.6077500000000002,5.0,0.25083333333333346,discharge
4378.0,375.72990838014516,30.1560117318626,4975.066963313915,25.0,3.6075000000000004,5.0,0.25055555555555564,discharge
4379.0,376.3385881818016,30.20151579124456,4974.987312849098,25.0,3.60725,5.0,0.2502777777777776,discharge
4380.0,375.84749196659345,30.1655549604884,4974.981382794327,25.0,3.607,5.0,0.25,discharge
4381.0,374.21626087039476,30.04513969410332,4974.949296593258,25.0,3.60675,5.0,0.24972222222222218,discharge
4382.0,375.4332238921928,30.135701769792064,4974.920961495386,25.0,3.6065,5.0,0.24944444444444458,discharge
4383.0,375.75003306783935,30.159585782802914,4974.953775211126,25.0,3.60625,5.0,0.24916666666666698,discharge
4384.0,375.24473065646055,30.122572641219314,4974.923653995725,25.0,3.6060000000000003,5.0,0.24888888888888894,discharge
4385.0,374.21564908103096,30.04676104303934,4974.884939891466,25.0,3.6057500000000005,5.0,0.24861111111111134,discharge
4386.0,373.7779658609809,30.014756730443032,4974.906920281505,25.0,3.6055,5.0,0.24833333333333352,discharge
4387.0,376.4001733415007,30.209410988259314,4974.7596186661585,25.0,3.6052500000000003,5.0,0.2480555555555557,discharge
4388.0,374.159644969469,30.043862590331038,4974.779616315058,25.0,3.6050000000000004,5.0,0.24777777777777787,discharge
4389.0,374.2961379501104,30.054389848156333,4974.827839587363,25.0,3.60475,5.0,0.24750000000000005,discharge
4390.0,372.2086224557412,29.90017573746229,4974.715399550787,25.0,3.6045,5.0,0.247222222222222,discharge
4391.0,374.1550405744375,30.04477152403242,4974.782073692303,25.0,3.60425,5.0,0.2469444444444444,discharge
4392.0,373.58029270259533,30.002614274266328,4974.688991556625,25.0,3.604,5.0,0.2466666666666666,discharge
4393.0,372.33265727162313,29.910613501601716,4974.567815123435,25.0,3.6037500000000002,5.0,0.246388888888889,discharge
4394.0,374.3450754918523,30.060098184581648,4974.585643688548,25.0,3.6035000000000004,5.0,0.24611111111111117,discharge
4395.0,372.91397366942726,29.954507308846452,4974.600962050993,25.0,3.60325,5.0,0.24583333333333335,discharge
4396.0,373.4259744272141,29.992849957571416,4974.567238150667,25.0,3.603,5.0,0.24555555555555575,discharge
4397.0,373.0994768473506,29.969081618322278,4974.541284743889,25.0,3.6027500000000003,5.0,0.24527777777777793,discharge
4398.0,371.80080205524655,29.87330015224049,4974.513715321844,25.0,3.6025,5.0,0.2450000000000001,discharge
4399.0,372.6505070878268,29.9366579324316,4974.412367634826,25.0,3.60225,5.0,0.24472222222222229,discharge
4400.0,373.60641947543127,30.007882924106,4974.445274559045,25.0,3.6020000000000003,5.0,0.24444444444444446,discharge
4401.0,370.9776467928057,29.813575688355982,4974.436202768221,25.0,3.60175,5.0,0.24416666666666664,discharge
4402.0,370.90764940832685,29.808807363579753,4974.3994833160905,25.0,3.6015,5.0,0.24388888888888882,discharge
4403.0,370.8938544410447,29.808202180818135,4974.424556694516,25.0,3.6012500000000003,5.0,0.24361111111111122,discharge
4404.0,372.4070660121049,29.920708593489245,4974.3043315136365,25.0,3.601,5.0,0.24333333333333318,discharge
4405.0,371.0653456839498,29.82173856918147,4974.399867353618,25.0,3.60075,5.0,0.24305555555555558,discharge
4406.0,371.6828114734635,29.867893442478774,4974.337803592904,25.0,3.6005000000000003,5.0,0.24277777777777798,discharge
4407.0,372.39180566633934,29.92082819750663,4974.292393778748,25.0,3.6002500000000004,5.0,0.24250000000000016,discharge
4408.0,369.9850319190871,29.74296532733979,4974.199246512975,25.0,3.6,5.0,0.24222222222222234,discharge
4409.0,372.4449840472432,29.92560067016617,4974.215936530073,25.0,3.5997500000000002,5.0,0.24194444444444452,discharge
4410.0,370.86153578697827,29.80872487310951,4974.236642887505,25.0,3.5995,5.0,0.2416666666666667,discharge
4411.0,370.5183374001681,29.7837194370495,4974.185404765865,25.0,3.59925,5.0,0.24138888888888888,discharge
4412.0,372.0842045037416,29.90012625953642,4974.210422828016,25.0,3.599,5.0,0.24111111111111105,discharge
4413.0,370.87279010087786,29.810808525990957,4973.998451526799,25.0,3.5987500000000003,5.0,0.24083333333333345,discharge
4414.0,368.96139008453474,29.669640006261844,4974.02119842966,25.0,3.5985,5.0,0.24055555555555563,discharge
4415.0,370.0785188688725,29.752806953249817,4973.909779593047,25.0,3.59825,5.0,0.24027777777777803,discharge
4416.0,369.22731476404545,29.690171464003377,4973.9946441536,25.0,3.5980000000000003,5.0,0.24,discharge
4417.0,370.12559974259045,29.757127758710403,4973.994462954543,25.0,3.5977500000000004,5.0,0.2397222222222224,discharge
4418.0,369.2507089945144,29.692737703297382,4973.938746398058,25.0,3.5975,5.0,0.23944444444444457,discharge
4419.0,369.2427940811498,29.692568080085167,4973.970358665815,25.0,3.5972500000000003,5.0,0.23916666666666697,discharge
4420.0,370.4018583945849,29.778841362561835,4973.94635559435,25.0,3.597,5.0,0.23888888888888893,discharge
4421.0,367.61069350684784,29.572505074581315,4973.782381078445,25.0,3.59675,5.0,0.2386111111111111,discharge
4422.0,369.446210756088,29.708885981932447,4973.832938776757,25.0,3.5965000000000003,5.0,0.23833333333333329,discharge
4423.0,368.79254978716904,29.660883317568093,4973.807533416559,25.0,3.59625,5.0,0.23805555555555546,discharge
4424.0,369.21066983568926,29.692271839680686,4973.681981590752,25.0,3.596,5.0,0.23777777777777787,discharge
4425.0,366.37707984627923,29.48279295157625,4973.794020411023,25.0,3.5957500000000002,5.0,0.23750000000000004,discharge
4426.0,367.65516303310096,29.577882446896368,4973.696030092434,25.0,3.5955000000000004,5.0,0.23722222222222245,discharge
4427.0,368.06297024620017,29.60850705527408,4973.5992429512235,25.0,3.59525,5.0,0.2369444444444444,discharge
4428.0,369.98429333652075,29.751243950853393,4973.653896545443,25.0,3.595,5.0,0.2366666666666668,discharge
4429.0,366.93685058483095,29.525924117394887,4973.6578575806225,25.0,3.5947500000000003,5.0,0.23638888888888898,discharge
4430.0,366.92982023524746,29.525820017425723,4973.6017330456325,25.0,3.5945,5.0,0.23611111111111116,discharge
4431.0,367.72354025965524,29.585030759974458,4973.597255019323,25.0,3.59425,5.0,0.23583333333333334,discharge
4432.0,368.0938452906705,29.61287742893856,4973.570597500413,25.0,3.5940000000000003,5.0,0.23555555555555552,discharge
4433.0,367.0242515755208,29.53406493152005,4973.479372127198,25.0,3.59375,5.0,0.2352777777777777,discharge
4434.0,367.58431954491766,29.575968114438353,4973.531195738108,25.0,3.5935,5.0,0.2350000000000001,discharge
4435.0,365.72378479453414,29.43856739218772,4973.399198739926,25.0,3.5932500000000003,5.0,0.23472222222222228,discharge
4436.0,368.9100324073661,29.675002400545644,4973.400498390449,25.0,3.593,5.0,0.23444444444444446,discharge
4437.0,366.74301642500313,29.514899364815058,4973.341703350612,25.0,3.59275,5.0,0.23416666666666686,discharge
4438.0,367.0707376449436,29.53959167740323,4973.4359509918995,25.0,3.5925000000000002,5.0,0.23388888888888903,discharge
4439.0,369.5063730905507,29.720425784485236,4973.49239606327,25.0,3.5922500000000004,5.0,0.2336111111111112,discharge
4440.0,366.1029625754386,29.468737968551004,4973.30402875502,25.0,3.592,5.0,0.2333333333333334,discharge
4441.0,365.2856444689809,29.408612553257832,4973.364534827692,25.0,3.59175,5.0,0.2330555555555558,discharge
4442.0,365.3984315420897,29.417383817932553,4973.269644261821,25.0,3.5915,5.0,0.23277777777777775,discharge
4443.0,367.91984328689216,29.60457172495496,4973.214296984667,25.0,3.59125,5.0,0.23250000000000015,discharge
4444.0,365.9206711645355,29.456901567743373,4973.198314095458,25.0,3.591,5.0,0.23222222222222233,discharge
4445.0,365.1882393900255,29.40306402889079,4973.159708525611,25.0,3.5907500000000003,5.0,0.2319444444444445,discharge
4446.0,365.79625975024385,29.448519240758813,4973.147953869332,25.0,3.5905,5.0,0.2316666666666667,discharge
4447.0,365.6456453762946,29.437779287132948,4973.092806005674,25.0,3.59025,5.0,0.2313888888888891,discharge
4448.0,366.56180664176316,29.50605975124172,4973.082957558504,25.0,3.5900000000000003,5.0,0.23111111111111127,discharge
4449.0,366.1369376972335,29.475004644239526,4973.05926568265,25.0,3.5897500000000004,5.0,0.23083333333333345,discharge
4450.0,365.65500229209954,29.43972239200736,4973.113794504298,25.0,3.5895,5.0,0.23055555555555562,discharge
4451.0,365.62192663888743,29.43768901028797,4973.0638919997655,25.0,3.58925,5.0,0.23027777777777758,discharge
4452.0,364.19419897391754,29.332348072142032,4973.072088814107,25.0,3.589,5.0,0.22999999999999998,discharge
4453.0,363.60210641815297,29.288906030974296,4973.100438235676,25.0,3.58875,5.0,0.22972222222222216,discharge
4454.0,365.12857978101863,29.402394798593967,4972.830187924256,25.0,3.5885000000000002,5.0,0.22944444444444456,discharge
4455.0,365.11035121459815,29.401461201081347,4972.781622014276,25.0,3.5882500000000004,5.0,0.22916666666666696,discharge
4456.0,364.61655616697965,29.365300456813316,4972.916589154673,25.0,3.5880000000000005,5.0,0.22888888888888914,discharge
4457.0,364.5941675418587,29.364058706804343,4972.882622917832,25.0,3.58775,5.0,0.22861111111111132,discharge
4458.0,364.8001369106737,29.379732363753604,4972.796975992735,25.0,3.5875000000000004,5.0,0.2283333333333335,discharge
4459.0,362.8887121703117,29.23856201261568,4972.799360481422,25.0,3.58725,5.0,0.22805555555555568,discharge
4460.0,363.5511950832366,29.288051487647145,4972.698455414667,25.0,3.587,5.0,0.22777777777777786,discharge
4461.0,362.885456910592,29.23915421559942,4972.74303758423,25.0,3.5867500000000003,5.0,0.22750000000000004,discharge
4462.0,361.75287690155517,29.155676066781865,4972.67768567399,25.0,3.5865,5.0,0.227222222222222,discharge
4463.0,364.0064445936317,29.323023673602343,4972.826409410511,25.0,3.58625,5.0,0.2269444444444444,discharge
4464.0,363.10742745011737,29.256846477786468,4972.6652968231865,25.0,3.586,5.0,0.22666666666666657,discharge
4465.0,363.60386541286186,29.294036326878654,4972.670553316411,25.0,3.58575,5.0,0.22638888888888897,discharge
4466.0,363.6888994104745,29.300751808183293,4972.713516423308,25.0,3.5855,5.0,0.22611111111111115,discharge
4467.0,362.0145955438793,29.177145966213274,4972.5963288538605,25.0,3.5852500000000007,5.0,0.22583333333333377,discharge
4468.0,364.2868714463433,29.345879366395785,4972.538517808774,25.0,3.5850000000000004,5.0,0.22555555555555573,discharge
4469.0,362.9439049734682,29.246817035071714,4972.5321994921505,25.0,3.58475,5.0,0.2252777777777779,discharge
4470.0,363.51079579462714,29.28922561441682,4972.4544639131445,25.0,3.5845000000000002,5.0,0.2250000000000001,discharge
4471.0,364.0567428718316,29.330082805320863,4972.537556433861,25.0,3.58425,5.0,0.22472222222222227,discharge
4472.0,361.74739903183604,29.159436965321177,4972.362207297111,25.0,3.584,5.0,0.22444444444444445,discharge
4473.0,361.46867877279317,29.139207686873554,4972.359435586524,25.0,3.5837499999999998,5.0,0.2241666666666664,discharge
4474.0,362.12530530009076,29.18826335556229,4972.449244053843,25.0,3.5835,5.0,0.2238888888888888,discharge
4475.0,362.9169781251027,29.247322453711313,4972.304331449291,25.0,3.58325,5.0,0.2236111111111112,discharge
4476.0,362.8098219182074,29.239801623570933,4972.263314807237,25.0,3.583,5.0,0.22333333333333338,discharge
4477.0,359.55901039515584,28.9994174366782,4972.284391218131,25.0,3.5827500000000003,5.0,0.22305555555555578,discharge
4478.0,362.8258647321296,29.241823313491082,4972.261155558982,25.0,3.5825000000000005,5.0,0.22277777777777819,discharge
4479.0,360.8050766846725,29.092551976642405,4972.271552912659,25.0,3.58225,5.0,0.22250000000000014,discharge
4480.0,361.6022304562191,29.152017070831036,4972.22826583424,25.0,3.5820000000000003,5.0,0.22222222222222232,discharge
4481.0,359.64851227700126,29.007713872370466,4972.215416074499,25.0,3.58175,5.0,0.2219444444444445,discharge
4482.0,359.95114601500586,29.03054785296341,4972.228122247103,25.0,3.5815,5.0,0.22166666666666668,discharge
4483.0,361.0607690841456,29.11315882104782,4972.083091460892,25.0,3.5812500000000003,5.0,0.22138888888888886,discharge
4484.0,358.77123173474956,28.94398012849998,4972.144296633934,25.0,3.5810000000000004,5.0,0.22111111111111126,discharge
4485.0,361.2245661906792,29.126125273383643,4972.176091547575,25.0,3.58075,5.0,0.22083333333333321,discharge
4486.0,359.73904417152437,29.01650327196476,4972.08129950513,25.0,3.5805000000000002,5.0,0.22055555555555562,discharge
4487.0,360.4157321292769,29.067044972539023,4972.0561935913565,25.0,3.5802500000000004,5.0,0.22027777777777802,discharge
4488.0,360.1482048563481,29.047644804173935,4972.000098795162,25.0,3.58,5.0,0.2200000000000002,discharge
4489.0,359.3070084966838,28.98575062938398,4971.962136402307,25.0,3.5797500000000007,5.0,0.2197222222222226,discharge
4490.0,361.0356418518801,29.114214211250385,4971.899513740512,25.0,3.5795000000000003,5.0,0.21944444444444455,discharge
4491.0,361.9246480740637,29.180483190671396,4971.854130729685,25.0,3.57925,5.0,0.21916666666666673,discharge
4492.0,360.0752006844963,29.043903754407133,4971.936920185576,25.0,3.579,5.0,0.2188888888888889,discharge
4493.0,357.58989350251227,28.86022359277868,4971.8681916694795,25.0,3.5787500000000003,5.0,0.2186111111111111,discharge
4494.0,359.2885723241452,28.98646832030706,4971.862979139226,25.0,3.5785,5.0,0.21833333333333327,discharge
4495.0,358.80203808964563,28.950845414047848,4971.771681112678,25.0,3.57825,5.0,0.21805555555555567,discharge
4496.0,359.79931056208943,29.02513411571033,4971.793566527593,25.0,3.5780000000000003,5.0,0.21777777777777785,discharge
4497.0,358.81137425524105,28.952370315203048,4971.784090574936,25.0,3.5777500000000004,5.0,0.21750000000000025,discharge
4498.0,360.75435228377785,29.096711280279848,4971.724974112228,25.0,3.5775,5.0,0.21722222222222243,discharge
4499.0,359.16539944856754,28.979427736930923,4971.724408376272,25.0,3.5772500000000003,5.0,0.21694444444444438,discharge
4500.0,358.931744323442,28.962536616551247,4971.586424817008,25.0,3.5770000000000004,5.0,0.21666666666666679,discharge
4501.0,357.85144121139126,28.882930830473434,4971.647418652496,25.0,3.57675,5.0,0.21638888888888896,discharge
4502.0,357.16613742683546,28.832584253839677,4971.520359709789,25.0,3.5765000000000002,5.0,0.21611111111111114,discharge
4503.0,357.83181001781327,28.882310001319496,4971.559708437401,25.0,3.57625,5.0,0.21583333333333332,discharge
4504.0,357.9807569806251,28.89375977634259,4971.572345916717,25.0,3.576,5.0,0.2155555555555555,discharge
4505.0,358.118111609028,28.904350859927987,4971.582794558544,25.0,3.57575,5.0,0.21527777777777768,discharge
4506.0,357.70118957628495,28.873884413058143,4971.564169999871,25.0,3.5755000000000003,5.0,0.21500000000000008,discharge
4507.0,357.0812045154346,28.828376260402564,4971.4634782000285,25.0,3.57525,5.0,0.21472222222222226,discharge
4508.0,357.2717340431543,28.842906225418837,4971.422118143569,25.0,3.575,5.0,0.21444444444444466,discharge
4509.0,356.62071426141074,28.79509920454894,4971.433995456786,25.0,3.5747500000000003,5.0,0.21416666666666684,discharge
4510.0,355.9548357732382,28.74619153875839,4971.445056787234,25.0,3.5745000000000005,5.0,0.21388888888888902,discharge
4511.0,355.93805341387633,28.74536506769453,4971.398049014767,25.0,3.57425,5.0,0.2136111111111112,discharge
4512.0,357.15958472764953,28.836265535381436,4971.346401702927,25.0,3.5740000000000003,5.0,0.21333333333333337,discharge
4513.0,357.25337268206385,28.843629457930653,4971.290631140099,25.0,3.5737500000000004,5.0,0.21305555555555578,discharge
4514.0,356.17226506582176,28.763964078949755,4971.232505893819,25.0,3.5735,5.0,0.21277777777777773,discharge
4515.0,356.11339604283614,28.760020077247113,4971.219945809439,25.0,3.5732500000000003,5.0,0.21250000000000013,discharge
4516.0,356.6573837381135,28.800732128749132,4971.23332727954,25.0,3.5730000000000004,5.0,0.2122222222222223,discharge
4517.0,355.83584354692823,28.740293966439125,4971.221080359504,25.0,3.57275,5.0,0.2119444444444445,discharge
4518.0,358.9751298146374,28.973250356639795,4971.051410291437,25.0,3.5725000000000002,5.0,0.21166666666666667,discharge
4519.0,355.82300581839786,28.74017635691836,4971.154202398692,25.0,3.5722500000000004,5.0,0.21138888888888907,discharge
4520.0,355.03613787753795,28.682306509447272,4971.100937273289,25.0,3.572,5.0,0.21111111111111125,discharge
4521.0,353.6058636588783,28.576776937694703,4971.11846602517,25.0,3.57175,5.0,0.2108333333333332,discharge
4522.0,355.4879398079639,28.71660665244179,4971.047445349709,25.0,3.5715000000000003,5.0,0.2105555555555556,discharge
4523.0,356.1639003344269,28.7670944692168,4971.078275966105,25.0,3.57125,5.0,0.21027777777777779,discharge
4524.0,354.9436702749049,28.677123724067016,4970.975800027292,25.0,3.571,5.0,0.2100000000000002,discharge
4525.0,356.102286794851,28.76336383665563,4970.937604727356,25.0,3.5707500000000003,5.0,0.2097222222222226,discharge
4526.0,354.1291848713869,28.617624805287925,4970.979109778627,25.0,3.5705,5.0,0.20944444444444454,discharge
4527.0,354.4822238018055,28.64419250383746,4970.902332691472,25.0,3.57025,5.0,0.20916666666666672,discharge
4528.0,354.259072535011,28.628079447037848,4970.861087472673,25.0,3.5700000000000003,5.0,0.20888888888888912,discharge
4529.0,353.5542279702521,28.576285405203862,4970.745408547105,25.0,3.5697500000000004,5.0,0.2086111111111113,discharge
4530.0,352.6840265829205,28.512242709845964,4970.78102826056,25.0,3.5695,5.0,0.20833333333333348,discharge
4531.0,353.07498614116264,28.54161934378984,4970.919620705869,25.0,3.5692500000000003,5.0,0.20805555555555566,discharge
4532.0,351.9870912086242,28.46145120063884,4970.785303254214,25.0,3.569,5.0,0.20777777777777784,discharge
4533.0,354.509090375292,28.648682620391988,4970.753200430152,25.0,3.56875,5.0,0.20750000000000002,discharge
4534.0,353.4396763271926,28.569883431643902,4970.677415877927,25.0,3.5685000000000002,5.0,0.2072222222222222,discharge
4535.0,353.36850847931737,28.565028405875374,4970.695107086389,25.0,3.5682500000000004,5.0,0.2069444444444446,discharge
4536.0,352.7590264543953,28.520298255881137,4970.65651038741,25.0,3.5680000000000005,5.0,0.206666666666667,discharge
4537.0,354.1461874694537,28.623467590329895,4970.671814793354,25.0,3.56775,5.0,0.20638888888888896,discharge
4538.0,352.2092808272595,28.48040969090811,4970.641559616937,25.0,3.5675000000000003,5.0,0.20611111111111136,discharge
4539.0,354.6013846920083,28.658019236445043,4970.53835356538,25.0,3.5672500000000005,5.0,0.20583333333333353,discharge
4540.0,353.8627810164429,28.60372451973651,4970.5036154628015,25.0,3.567,5.0,0.2055555555555557,discharge
4541.0,351.9397748485062,28.461696285074524,4970.496294236542,25.0,3.5667500000000003,5.0,0.2052777777777779,discharge
4542.0,352.2994442727048,28.488755131311464,4970.54356041797,25.0,3.5665,5.0,0.20500000000000007,discharge
4543.0,352.99024512634537,28.540342231581143,4970.439857503663,25.0,3.56625,5.0,0.20472222222222225,discharge
4544.0,353.47364023520095,28.57656594334822,4970.4599994812015,25.0,3.5660000000000003,5.0,0.20444444444444443,discharge
4545.0,351.2910690435292,28.415310669891056,4970.469103980588,25.0,3.56575,5.0,0.20416666666666639,discharge
4546.0,351.4454471455789,28.427162751524364,4970.323663009074,25.0,3.5655,5.0,0.2038888888888888,discharge
4547.0,354.31052196748146,28.639807182776416,4970.283074244237,25.0,3.5652500000000003,5.0,0.2036111111111112,discharge
4548.0,352.5862411190035,28.512499342148402,4970.280694568763,25.0,3.565,5.0,0.20333333333333337,discharge
4549.0,352.4242763141697,28.50091861586442,4970.271143999434,25.0,3.56475,5.0,0.20305555555555577,discharge
4550.0,353.32251387268036,28.56787139797632,4970.349944594886,25.0,3.5645000000000007,5.0,0.20277777777777817,discharge
4551.0,351.6958581990225,28.447795051779444,4970.208905856016,25.0,3.5642500000000004,5.0,0.20250000000000012,discharge
4552.0,350.6548633506269,28.37110098893531,4970.236716270055,25.0,3.564,5.0,0.2022222222222223,discharge
4553.0,349.24331335581746,28.266958396727212,4970.222285363816,25.0,3.56375,5.0,0.20194444444444448,discharge
4554.0,351.6951382248004,28.44899172035558,4970.1996715670975,25.0,3.5635000000000003,5.0,0.20166666666666666,discharge
4555.0,349.56108091125236,28.291330067500184,4970.07484016674,25.0,3.56325,5.0,0.20138888888888884,discharge
4556.0,351.22631603549985,28.415097484111094,4970.113226549962,25.0,3.563,5.0,0.20111111111111124,discharge
4557.0,348.4418360928415,28.20925637724755,4970.033961929973,25.0,3.56275,5.0,0.2008333333333332,discharge
4558.0,349.80342555212076,28.31053152237933,4969.989563888971,25.0,3.5625,5.0,0.2005555555555556,discharge
4559.0,350.1209236632237,28.334466567646203,4969.956495674622,25.0,3.56225,5.0,0.200277777777778,discharge
4560.0,388.74847845505366,30.69618358926323,4977.969615240947,25.0,3.58,-0.0,0.2,creep_hold
4561.0,389.3699115572484,30.74263233757396,4977.966248307571,25.0,3.58,-0.0,0.2,creep_hold
4562.0,389.00172555885024,30.71577596732224,4978.059543577189,25.0,3.58,-0.0,0.2,creep_hold
4563.0,389.88021258493706,30.78126574703237,4978.021789640913,25.0,3.58,-0.0,0.2,creep_hold
4564.0,388.4083509508071,30.672655625985712,4977.831520973293,25.0,3.58,-0.0,0.2,creep_hold
4565.0,389.3224319555977,30.740781996710943,4977.896829311905,25.0,3.58,-0.0,0.2,creep_hold
4566.0,390.8758051609949,30.85626334525888,4977.928789760741,25.0,3.58,-0.0,0.2,creep_hold
4567.0,390.81975908317617,30.852528450605643,4977.933413407892,25.0,3.58,-0.0,0.2,creep_hold
4568.0,391.226688294356,30.883088021804145,4977.966209262833,25.0,3.58,-0.0,0.2,creep_hold
4569.0,389.6689370484136,30.76811570728989,4977.855019841432,25.0,3.58,-0.0,0.2,creep_hold
4570.0,388.7641731590596,30.70151282659701,4977.871542586332,25.0,3.58,-0.0,0.2,creep_hold
4571.0,389.41756460536607,30.750328859656747,4977.839549261949,25.0,3.58,-0.0,0.2,creep_hold
4572.0,389.7169961221371,30.772925638676824,4977.848412292821,25.0,3.58,-0.0,0.2,creep_hold
4573.0,389.20436392412114,30.7353695499349,4977.741241529472,25.0,3.58,-0.0,0.2,creep_hold
4574.0,390.2926148280192,30.816397394668087,4977.69744862761,25.0,3.58,-0.0,0.2,creep_hold
4575.0,388.1027922448616,30.654604981100864,4977.83263291721,25.0,3.58,-0.0,0.2,creep_hold
4576.0,388.4713063974991,30.68231899240734,4977.672981576271,25.0,3.58,-0.0,0.2,creep_hold
4577.0,387.0768538283603,30.579442876174834,4977.724547878625,25.0,3.58,-0.0,0.2,creep_hold
4578.0,388.093942300666,30.65519942967896,4977.658680377809,25.0,3.58,-0.0,0.2,creep_hold
4579.0,389.6732492593768,30.772601796990877,4977.693840312551,25.0,3.58,-0.0,0.2,creep_hold
4580.0,388.40417711886175,30.679013119915687,4977.644133455534,25.0,3.58,-0.0,0.2,creep_hold
4581.0,389.0183077728884,30.72492094613988,4977.709367379774,25.0,3.58,-0.0,0.2,creep_hold
4582.0,388.6165222409789,30.69557572155399,4977.60013031242,25.0,3.58,-0.0,0.2,creep_hold
4583.0,389.0719253669098,30.72972595310443,4977.592878848162,25.0,3.58,-0.0,0.2,creep_hold
4584.0,387.1910720984311,30.59082015543934,4977.592904774979,25.0,3.58,-0.0,0.2,creep_hold
4585.0,388.4802302383322,30.68673001765424,4977.542250435657,25.0,3.58,-0.0,0.2,creep_hold
4586.0,388.5440342232028,30.69187290542243,4977.532739165476,25.0,3.58,-0.0,0.2,creep_hold
4587.0,388.9409450792938,30.72169037624398,4977.569681857548,25.0,3.58,-0.0,0.2,creep_hold
4588.0,389.097041428547,30.73366973544793,4977.569509624263,25.0,3.58,-0.0,0.2,creep_hold
4589.0,387.12486343734633,30.587999143507133,4977.607873492162,25.0,3.58,-0.0,0.2,creep_hold
4590.0,386.10975797365046,30.513222812863,4977.463659456954,25.0,3.58,-0.0,0.2,creep_hold
4591.0,386.81867918958767,30.56615216219168,4977.552804492505,25.0,3.58,-0.0,0.2,creep_hold
4592.0,388.7037641541905,30.706204752162257,4977.502059705823,25.0,3.58,-0.0,0.2,creep_hold
4593.0,386.3066016633147,30.5290538269122,4977.50016162283,25.0,3.58,-0.0,0.2,creep_hold
4594.0,385.8431389142086,30.49513991957101,4977.485040491408,25.0,3.58,-0.0,0.2,creep_hold
4595.0,385.8283165510125,30.49445863340833,4977.452518745124,25.0,3.58,-0.0,0.2,creep_hold
4596.0,385.7588649788865,30.48973073917678,4977.439062256707,25.0,3.58,-0.0,0.2,creep_hold
4597.0,387.6998848124938,30.63392665277732,4977.479985672265,25.0,3.58,-0.0,0.2,creep_hold
4598.0,386.1317877064999,30.51818797825925,4977.378022707257,25.0,3.58,-0.0,0.2,creep_hold
4599.0,386.19487105392017,30.52327748547557,4977.369765231935,25.0,3.58,-0.0,0.2,creep_hold
4600.0,387.882673581304,30.64871656157808,4977.342224863714,25.0,3.58,-0.0,0.2,creep_hold
4601.0,387.5958977407864,30.627890573391586,4977.3714450084,25.0,3.58,-0.0,0.2,creep_hold
4602.0,387.46184021397175,30.6183770528868,4977.401011477825,25.0,3.58,-0.0,0.2,creep_hold
4603.0,385.7355699349918,30.490921847036432,4977.212677990612,25.0,3.58,-0.0,0.2,creep_hold
4604.0,384.7180298973343,30.41596517758032,4977.352259051459,25.0,3.58,-0.0,0.2,creep_hold
4605.0,386.6942383168896,30.56276765310293,4977.302846359156,25.0,3.58,-0.0,0.2,creep_hold
4606.0,388.0183928520393,30.6612698408918,4977.35726644329,25.0,3.58,-0.0,0.2,creep_hold
4607.0,385.8277426764057,30.4994161241782,4977.239108386036,25.0,3.58,-0.0,0.2,creep_hold
4608.0,385.83296113434784,30.500219343285025,4977.159772871392,25.0,3.58,-0.0,0.2,creep_hold
4609.0,382.7776352792828,30.274315576243172,4977.260668622955,25.0,3.58,-0.0,0.2,creep_hold
4610.0,387.6793609097041,30.63782303034845,4977.181022159987,25.0,3.58,-0.0,0.2,creep_hold
4611.0,385.6689613521838,30.48932121127288,4977.196312120454,25.0,3.58,-0.0,0.2,creep_hold
4612.0,384.0483417412253,30.3696919808315,4977.195399998791,25.0,3.58,-0.0,0.2,creep_hold
4613.0,385.6517070943117,30.48887645143049,4977.229954456608,25.0,3.58,-0.0,0.2,creep_hold
4614.0,385.0368020260018,30.44374459451865,4977.092508918733,25.0,3.58,-0.0,0.2,creep_hold
4615.0,386.1818481517349,30.528979492721103,4976.994542723732,25.0,3.58,-0.0,0.2,creep_hold
4616.0,387.6288008719443,30.63657784236624,4977.149937866783,25.0,3.58,-0.0,0.2,creep_hold
4617.0,384.59211230986784,30.41205461554577,4977.055677008759,25.0,3.58,-0.0,0.2,creep_hold
4618.0,385.4746998536531,30.477848137307635,4977.048337205778,25.0,3.58,-0.0,0.2,creep_hold
4619.0,384.8562717707448,30.43245531635147,4977.047031653144,25.0,3.58,-0.0,0.2,creep_hold
4620.0,384.4986439885608,30.40638103618969,4976.986905681608,25.0,3.58,-0.0,0.2,creep_hold
4621.0,385.5453005606011,30.484327819303783,4977.031176721908,25.0,3.58,-0.0,0.2,creep_hold
4622.0,386.55474099391176,30.55951785140087,4976.999976965751,25.0,3.58,-0.0,0.2,creep_hold
4623.0,385.3695216458289,30.47214049228362,4977.001174079238,25.0,3.58,-0.0,0.2,creep_hold
4624.0,384.4252287571307,30.402609537565237,4976.861254438693,25.0,3.58,-0.0,0.2,creep_hold
4625.0,385.2927409961633,30.467286370086168,4976.892663433616,25.0,3.58,-0.0,0.2,creep_hold
4626.0,384.93348693522,30.441091624831103,4977.070073601745,25.0,3.58,-0.0,0.2,creep_hold
4627.0,385.434573730831,30.47862583191341,4976.849518916471,25.0,3.58,-0.0,0.2,creep_hold
4628.0,383.9905195842,30.37207552475555,4976.974429613261,25.0,3.58,-0.0,0.2,creep_hold
4629.0,384.6027095021932,30.41783959275505,4976.944753535016,25.0,3.58,-0.0,0.2,creep_hold
4630.0,386.0351535612092,30.52436322675624,4976.849267257486,25.0,3.58,-0.0,0.2,creep_hold
4631.0,384.3297491691032,30.398453642155783,4976.862303193949,25.0,3.58,-0.0,0.2,creep_hold
4632.0,385.2108011132574,30.464133415796844,4976.83601333249,25.0,3.58,-0.0,0.2,creep_hold
4633.0,384.1464278664094,30.38570761973403,4976.732163303677,25.0,3.58,-0.0,0.2,creep_hold
4634.0,384.15072901281474,30.38644288983813,4976.706535336727,25.0,3.58,-0.0,0.2,creep_hold
4635.0,383.260785400036,30.320937807410072,4976.842261917223,25.0,3.58,-0.0,0.2,creep_hold
4636.0,386.77645887305954,30.581774731337745,4976.760035162902,25.0,3.58,-0.0,0.2,creep_hold
4637.0,385.0481875600854,30.45417130074707,4976.7269382077,25.0,3.58,-0.0,0.2,creep_hold
4638.0,384.9543655965269,30.44763819233533,4976.707262327585,25.0,3.58,-0.0,0.2,creep_hold
4639.0,384.8550402053993,30.44069742262217,4976.769822377027,25.0,3.58,-0.0,0.2,creep_hold
4640.0,382.601136701568,30.274158274190217,4976.729612190275,25.0,3.58,-0.0,0.2,creep_hold
4641.0,382.7864516986037,30.288301977674355,4976.710311695006,25.0,3.58,-0.0,0.2,creep_hold
4642.0,383.28739859744974,30.325825822033316,4976.69027478814,25.0,3.58,-0.0,0.2,creep_hold
4643.0,381.71142383886814,30.209503617693937,4976.671604740344,25.0,3.58,-0.0,0.2,creep_hold
4644.0,382.413147230387,30.26189979484348,4976.606439001073,25.0,3.58,-0.0,0.2,creep_hold
4645.0,384.0707684526613,30.38510321871565,4976.658995065499,25.0,3.58,-0.0,0.2,creep_hold
4646.0,381.0300049515298,30.16027814455777,4976.691314047085,25.0,3.58,-0.0,0.2,creep_hold
4647.0,382.1889983798689,30.246546176286586,4976.583047563768,25.0,3.58,-0.0,0.2,creep_hold
4648.0,382.9096594964995,30.30034514788885,4976.605827009238,25.0,3.58,-0.0,0.2,creep_hold
4649.0,382.84086816450025,30.295666160333354,4976.577954239198,25.0,3.58,-0.0,0.2,creep_hold
4650.0,382.8264440155871,30.295014371524967,4976.567875671233,25.0,3.58,-0.0,0.2,creep_hold
4651.0,382.0201749392808,30.23570740290969,4976.586811698483,25.0,3.58,-0.0,0.2,creep_hold
4652.0,383.61850577943983,30.354518946625173,4976.525564765713,25.0,3.58,-0.0,0.2,creep_hold
4653.0,380.2691166783635,30.10683271691581,4976.457606826045,25.0,3.58,-0.0,0.2,creep_hold
4654.0,382.97467219303246,30.30766090318759,4976.553292928976,25.0,3.58,-0.0,0.2,creep_hold
4655.0,380.9692827033429,30.159530200247627,4976.4290246139535,25.0,3.58,-0.0,0.2,creep_hold
4656.0,381.68171467939055,30.212719605880785,4976.444772380947,25.0,3.58,-0.0,0.2,creep_hold
4657.0,382.2596401700168,30.2559455681494,4976.452632753145,25.0,3.58,-0.0,0.2,creep_hold
4658.0,383.8684134803888,30.37553062817695,4976.4700150783365,25.0,3.58,-0.0,0.2,creep_hold
4659.0,381.2718568818857,30.18360976902857,4976.418097209164,25.0,3.58,-0.0,0.2,creep_hold
4660.0,380.6603439622515,30.138729182389,4976.442939626859,25.0,3.58,-0.0,0.2,creep_hold
4661.0,383.01080145005625,30.31325381111528,4976.438087154116,25.0,3.58,-0.0,0.2,creep_hold
4662.0,381.876983793338,30.229683984691697,4976.369056112894,25.0,3.58,-0.0,0.2,creep_hold
4663.0,381.8991301183267,30.23174111987605,4976.333887677551,25.0,3.58,-0.0,0.2,creep_hold
4664.0,382.37399108482873,30.267332672950275,4976.345318310599,25.0,3.58,-0.0,0.2,creep_hold
4665.0,382.74248540192326,30.29504521495728,4976.307025435297,25.0,3.58,-0.0,0.2,creep_hold
4666.0,381.8239110233294,30.22741933506144,4976.321558529037,25.0,3.58,-0.0,0.2,creep_hold
4667.0,379.47695880566914,30.053987689308823,4976.426116043609,25.0,3.58,-0.0,0.2,creep_hold
4668.0,381.3101538761232,30.190196583416537,4976.296838968022,25.0,3.58,-0.0,0.2,creep_hold
4669.0,381.463712323061,30.20198794985637,4976.237468786185,25.0,3.58,-0.0,0.2,creep_hold
4670.0,380.20899479558864,30.10946257745101,4976.328147618158,25.0,3.58,-0.0,0.2,creep_hold
4671.0,380.26965268147336,30.11437242084988,4976.290111492498,25.0,3.58,-0.0,0.2,creep_hold
4672.0,381.8603070646502,30.23261533812224,4976.296461340874,25.0,3.58,-0.0,0.2,creep_hold
4673.0,381.3934960291779,30.19845340956873,4976.160694593359,25.0,3.58,-0.0,0.2,creep_hold
4674.0,380.1677830869172,30.108076524956825,4976.201197932955,25.0,3.58,-0.0,0.2,creep_hold
4675.0,381.56530361229136,30.2120132305401,4976.179594178785,25.0,3.58,-0.0,0.2,creep_hold
4676.0,381.0631083621432,30.17523024904764,4976.221855124476,25.0,3.58,-0.0,0.2,creep_hold
4677.0,379.560468723216,30.06434027579378,4976.096293243925,25.0,3.58,-0.0,0.2,creep_hold
4678.0,380.5070184943725,30.13487174032389,4976.208621579722,25.0,3.58,-0.0,0.2,creep_hold
4679.0,379.3925141267072,30.05273252790424,4976.099354927699,25.0,3.58,-0.0,0.2,creep_hold
4680.0,379.7701869733112,30.081124960986013,4976.2144605769,25.0,3.58,-0.0,0.2,creep_hold
4681.0,380.8646283648691,30.162611360360675,4976.0956441108265,25.0,3.58,-0.0,0.2,creep_hold
4682.0,379.2631241218645,30.04439808310108,4976.14480025087,25.0,3.58,-0.0,0.2,creep_hold
4683.0,379.16835339565534,30.03779469597447,4976.109773510419,25.0,3.58,-0.0,0.2,creep_hold
4684.0,380.7224510194819,30.15332970514681,4976.034231420317,25.0,3.58,-0.0,0.2,creep_hold
4685.0,379.261899770479,30.04555739040585,4975.994289083325,25.0,3.58,-0.0,0.2,creep_hold
4686.0,379.9259928745488,30.09516613885547,4976.039225187966,25.0,3.58,-0.0,0.2,creep_hold
4687.0,379.87482106862655,30.091792301379744,4976.0254527016605,25.0,3.58,-0.0,0.2,creep_hold
4688.0,379.8930426656274,30.093558715972403,4976.017619050032,25.0,3.58,-0.0,0.2,creep_hold
4689.0,380.3644561529582,30.128894900219127,4975.943997414207,25.0,3.58,-0.0,0.2,creep_hold
4690.0,379.4769306663052,30.063568938244828,4975.934120413648,25.0,3.58,-0.0,0.2,creep_hold
4691.0,379.0619482422391,30.03324616609178,4975.88456746092,25.0,3.58,-0.0,0.2,creep_hold
4692.0,379.3037405871891,30.05157337682882,4975.951027974262,25.0,3.58,-0.0,0.2,creep_hold
4693.0,380.8616268307088,30.16738902449695,4975.9944680473545,25.0,3.58,-0.0,0.2,creep_hold
4694.0,380.55721523786457,30.145256684286267,4975.935164148695,25.0,3.58,-0.0,0.2,creep_hold
4695.0,379.4981809483499,30.06722636654444,4975.860185063941,25.0,3.58,-0.0,0.2,creep_hold
4696.0,380.7137550186841,30.15768555693956,4975.876647737804,25.0,3.58,-0.0,0.2,creep_hold
4697.0,380.1205408959528,30.114160436737247,4975.902518082613,25.0,3.58,-0.0,0.2,creep_hold
4698.0,378.2626612755869,29.976956390784213,4975.939063052442,25.0,3.58,-0.0,0.2,creep_hold
4699.0,380.7821627259064,30.164002794511585,4975.789443218426,25.0,3.58,-0.0,0.2,creep_hold
4700.0,382.0026946782173,30.254829235423504,4975.86973441277,25.0,3.58,-0.0,0.2,creep_hold
4701.0,379.48816129079694,30.068984169688655,4975.816408314653,25.0,3.58,-0.0,0.2,creep_hold
4702.0,377.4292420073599,29.91688829684148,4975.784136552194,25.0,3.58,-0.0,0.2,creep_hold
4703.0,380.4860070484922,30.143732003592017,4975.841224909002,25.0,3.58,-0.0,0.2,creep_hold
4704.0,379.5218920425181,30.07273274389023,4975.795520723358,25.0,3.58,-0.0,0.2,creep_hold
4705.0,378.7325138081537,30.01467694875213,4975.734610757442,25.0,3.58,-0.0,0.2,creep_hold
4706.0,376.7307526793189,29.86681501328288,4975.716177525095,25.0,3.58,-0.0,0.2,creep_hold
4707.0,378.59411923940473,30.0052588325485,4975.847155685398,25.0,3.58,-0.0,0.2,creep_hold
4708.0,378.32633690313577,29.98583977060265,4975.684115915012,25.0,3.58,-0.0,0.2,creep_hold
4709.0,378.23995455404,29.979857744743704,4975.687581957112,25.0,3.58,-0.0,0.2,creep_hold
4710.0,378.06366403190896,29.96721585421548,4975.821489739424,25.0,3.58,-0.0,0.2,creep_hold
4711.0,379.37959950056177,30.065109222263835,4975.672648855833,25.0,3.58,-0.0,0.2,creep_hold
4712.0,377.92315947606977,29.95764144267184,4975.690166942106,25.0,3.58,-0.0,0.2,creep_hold
4713.0,378.7075558143324,30.0161615418024,4975.6859556528725,25.0,3.58,-0.0,0.2,creep_hold
4714.0,376.2937802001299,29.83778001482444,4975.661978542744,25.0,3.58,-0.0,0.2,creep_hold
4715.0,377.1438119688681,29.90116199769393,4975.621119986702,25.0,3.58,-0.0,0.2,creep_hold
4716.0,378.0574085731205,29.969252486897812,4975.716724435024,25.0,3.58,-0.0,0.2,creep_hold
4717.0,377.1010380937883,29.898826895836173,4975.551409747504,25.0,3.58,-0.0,0.2,creep_hold
4718.0,377.9633902077634,29.963121496871366,4975.483192242226,25.0,3.58,-0.0,0.2,creep_hold
4719.0,377.8057749521103,29.95186295941557,4975.688073268352,25.0,3.58,-0.0,0.2,creep_hold
4720.0,377.97570737071845,29.96486721264581,4975.524581904532,25.0,3.58,-0.0,0.2,creep_hold
4721.0,377.3858113820571,29.921587880152384,4975.487988864611,25.0,3.58,-0.0,0.2,creep_hold
4722.0,378.2871002577649,29.988766685760368,4975.587156110994,25.0,3.58,-0.0,0.2,creep_hold
4723.0,376.2130675059898,29.835551296739983,4975.569280968837,25.0,3.58,-0.0,0.2,creep_hold
4724.0,377.1081033136658,29.902266912123395,4975.529998676655,25.0,3.58,-0.0,0.2,creep_hold
4725.0,378.9689024119283,30.04052054903173,4975.498778197449,25.0,3.58,-0.0,0.2,creep_hold
4726.0,376.9523780529461,29.89156504095897,4975.435552682338,25.0,3.58,-0.0,0.2,creep_hold
4727.0,378.8391629765624,30.03174355381944,4975.503116495448,25.0,3.58,-0.0,0.2,creep_hold
4728.0,377.58248140038086,29.939072696324505,4975.465449417686,25.0,3.58,-0.0,0.2,creep_hold
4729.0,376.9243894514912,29.890741811221567,4975.378582083589,25.0,3.58,-0.0,0.2,creep_hold
4730.0,377.1847050140052,29.910441112148533,4975.400003401194,25.0,3.58,-0.0,0.2,creep_hold
4731.0,378.62802370822766,30.01777027468353,4975.387036913768,25.0,3.58,-0.0,0.2,creep_hold
4732.0,376.64185891047737,29.871063622998324,4975.363277184156,25.0,3.58,-0.0,0.2,creep_hold
4733.0,375.7735917940321,29.80716420696534,4975.282158232612,25.0,3.58,-0.0,0.2,creep_hold
4734.0,377.32181596263615,29.922264145380456,4975.269297184316,25.0,3.58,-0.0,0.2,creep_hold
4735.0,377.4718313520112,29.933793063111946,4975.343281207695,25.0,3.58,-0.0,0.2,creep_hold
4736.0,377.5407198940789,29.939312584746585,4975.350981612069,25.0,3.58,-0.0,0.2,creep_hold
4737.0,375.086810838408,29.757958210252443,4975.300169626986,25.0,3.58,-0.0,0.2,creep_hold
4738.0,376.9454467837943,29.89605161361439,4975.359598820137,25.0,3.58,-0.0,0.2,creep_hold
4739.0,376.54563060190026,29.866852266807427,4975.203908143671,25.0,3.58,-0.0,0.2,creep_hold
4740.0,376.1607188365143,29.838756950852915,4975.268947273337,25.0,3.58,-0.0,0.2,creep_hold
4741.0,375.86656323647,29.817384313812592,4975.300210456971,25.0,3.58,-0.0,0.2,creep_hold
4742.0,376.740733532596,29.88255433574785,4975.239778918286,25.0,3.58,-0.0,0.2,creep_hold
4743.0,376.13533274691696,29.83812649977163,4975.17627909573,25.0,3.58,-0.0,0.2,creep_hold
4744.0,376.088422274794,29.835068316651405,4975.267006573647,25.0,3.58,-0.0,0.2,creep_hold
4745.0,378.0698212305988,29.98225527634065,4975.2208597429335,25.0,3.58,-0.0,0.2,creep_hold
4746.0,376.0559047842828,29.83349294698391,4975.186455141587,25.0,3.58,-0.0,0.2,creep_hold
4747.0,374.76990949019904,29.738650702977708,4975.262478881993,25.0,3.58,-0.0,0.2,creep_hold
4748.0,374.9392669496373,29.7516123666398,4975.09177932356,25.0,3.58,-0.0,0.2,creep_hold
4749.0,375.0308711474258,29.758814529438947,4975.122420478091,25.0,3.58,-0.0,0.2,creep_hold
4750.0,374.1101649956491,29.69103074041845,4975.1273273715,25.0,3.58,-0.0,0.2,creep_hold
4751.0,376.7455569164235,29.88666162343878,4975.170943736296,25.0,3.58,-0.0,0.2,creep_hold
4752.0,377.4525392718167,29.939447353467905,4975.076877566662,25.0,3.58,-0.0,0.2,creep_hold
4753.0,374.8906907184815,29.75009746062826,4975.104000959289,25.0,3.58,-0.0,0.2,creep_hold
4754.0,376.3638400797143,29.85963630220106,4975.002270031195,25.0,3.58,-0.0,0.2,creep_hold
4755.0,374.6353136206826,29.73201397190241,4975.075719907274,25.0,3.58,-0.0,0.2,creep_hold
4756.0,374.63290071699873,29.73225190496287,4975.022178999901,25.0,3.58,-0.0,0.2,creep_hold
4757.0,373.49843196600176,29.64863384933346,4974.978823181906,25.0,3.58,-0.0,0.2,creep_hold
4758.0,375.1256217491981,29.76958309253319,4975.0319408042105,25.0,3.58,-0.0,0.2,creep_hold
4759.0,376.3527390812192,29.86089733934957,4974.983133633102,25.0,3.58,-0.0,0.2,creep_hold
4760.0,376.316115862412,29.85860117499348,4974.985853882807,25.0,3.58,-0.0,0.2,creep_hold
4761.0,375.5135073407049,29.79956535857073,4974.980981295388,25.0,3.58,-0.0,0.2,creep_hold
4762.0,374.6497194632904,29.735997738021517,4974.993425874396,25.0,3.58,-0.0,0.2,creep_hold
4763.0,376.05831903765824,29.84075511390061,4974.961538173962,25.0,3.58,-0.0,0.2,creep_hold
4764.0,376.5283376020619,29.875987970523106,4974.907513464277,25.0,3.58,-0.0,0.2,creep_hold
4765.0,373.95236101776845,29.68559155687174,4974.929435607473,25.0,3.58,-0.0,0.2,creep_hold
4766.0,374.92119658589775,29.757773821177608,4974.854104774923,25.0,3.58,-0.0,0.2,creep_hold
4767.0,374.5364224552632,29.72968870038987,4974.866244339649,25.0,3.58,-0.0,0.2,creep_hold
4768.0,373.87787136210994,29.68132380460074,4974.873095565575,25.0,3.58,-0.0,0.2,creep_hold
4769.0,373.2787647492673,29.63736220364943,4974.910475130054,25.0,3.58,-0.0,0.2,creep_hold
4770.0,373.5568978537747,29.65838132250183,4974.948271276523,25.0,3.58,-0.0,0.2,creep_hold
4771.0,374.4356493003836,29.723890688917304,4974.977804081264,25.0,3.58,-0.0,0.2,creep_hold
4772.0,374.5147565284883,29.730167150258392,4974.841538502651,25.0,3.58,-0.0,0.2,creep_hold
4773.0,374.33364386349416,29.71716806396253,4974.742834555919,25.0,3.58,-0.0,0.2,creep_hold
4774.0,375.4097362222456,29.797295275721893,4974.796604465,25.0,3.58,-0.0,0.2,creep_hold
4775.0,373.3723312179097,29.64679305317849,4974.884091631518,25.0,3.58,-0.0,0.2,creep_hold
4776.0,372.7363387390876,29.60009916585834,4974.8391257188605,25.0,3.58,-0.0,0.2,creep_hold
4777.0,372.7504620554607,29.6015620041082,4974.802943322496,25.0,3.58,-0.0,0.2,creep_hold
4778.0,374.26156321439066,29.713912089954864,4974.77329208864,25.0,3.58,-0.0,0.2,creep_hold
4779.0,373.2611685878855,29.64022545095448,4974.786753365371,25.0,3.58,-0.0,0.2,creep_hold
4780.0,372.0856489957417,29.55356659227716,4974.671920002702,25.0,3.58,-0.0,0.2,creep_hold
4781.0,374.59537801891815,29.73988911251245,4974.667053748541,25.0,3.58,-0.0,0.2,creep_hold
4782.0,375.00542101557465,29.770679334487014,4974.726898445581,25.0,3.58,-0.0,0.2,creep_hold
4783.0,373.720880630152,29.67594486149274,4974.670967786517,25.0,3.58,-0.0,0.2,creep_hold
4784.0,374.11852011604975,29.705816304892576,4974.668807478169,25.0,3.58,-0.0,0.2,creep_hold
4785.0,372.0133546866391,29.55029479160289,4974.68869362038,25.0,3.58,-0.0,0.2,creep_hold
4786.0,371.9311928788883,29.544625398436168,4974.619863706641,25.0,3.58,-0.0,0.2,creep_hold
4787.0,373.442951225601,29.657024164859337,4974.6760173585535,25.0,3.58,-0.0,0.2,creep_hold
4788.0,373.4253581434048,29.656137640252204,4974.630409712768,25.0,3.58,-0.0,0.2,creep_hold
4789.0,372.9582936089813,29.62195693399861,4974.638916550304,25.0,3.58,-0.0,0.2,creep_hold
4790.0,372.7974324269544,29.61045795755217,4974.644459475067,25.0,3.58,-0.0,0.2,creep_hold
4791.0,372.3934045860702,29.5809466360052,4974.594135880925,25.0,3.58,-0.0,0.2,creep_hold
4792.0,374.4002491709808,29.730018457109693,4974.599891359747,25.0,3.58,-0.0,0.2,creep_hold
4793.0,372.0365427221766,29.555345757198264,4974.546565915075,25.0,3.58,-0.0,0.2,creep_hold
4794.0,372.6956250914525,29.60458334010759,4974.502106107234,25.0,3.58,-0.0,0.2,creep_hold
4795.0,373.803785752101,29.687085981637114,4974.516064510019,25.0,3.58,-0.0,0.2,creep_hold
4796.0,371.68028138153136,29.530206028261585,4974.554542152649,25.0,3.58,-0.0,0.2,creep_hold
4797.0,372.7806562840219,29.61213194696459,4974.503628543364,25.0,3.58,-0.0,0.2,creep_hold
4798.0,372.4579640718317,29.58864548680235,4974.529515179222,25.0,3.58,-0.0,0.2,creep_hold
4799.0,373.1262632646406,29.63856579738079,4974.619129240957,25.0,3.58,-0.0,0.2,creep_hold
4800.0,369.999417140874,29.407364232657336,4974.4730948538445,25.0,3.58,-0.0,0.2,creep_hold
4801.0,372.08426610530825,29.56221415594876,4974.493375262791,25.0,3.58,-0.0,0.2,creep_hold
4802.0,371.5316328215459,29.52169502381821,4974.450353087991,25.0,3.58,-0.0,0.2,creep_hold
4803.0,373.344823785032,29.656422132224588,4974.486846811243,25.0,3.58,-0.0,0.2,creep_hold
4804.0,372.13416294156576,29.56716021789376,4974.436164983369,25.0,3.58,-0.0,0.2,creep_hold
4805.0,371.5635088056327,29.52530620782464,4974.384664016871,25.0,3.58,-0.0,0.2,creep_hold
4806.0,372.9490917945736,29.6283586514499,4974.411768274676,25.0,3.58,-0.0,0.2,creep_hold
4807.0,372.6394716496703,29.605840492568174,4974.402654282218,25.0,3.58,-0.0,0.2,creep_hold
4808.0,372.9530683899696,29.62948654740516,4974.380049183493,25.0,3.58,-0.0,0.2,creep_hold
4809.0,372.9566285198749,29.630166927398143,4974.370555794955,25.0,3.58,-0.0,0.2,creep_hold
4810.0,372.5795725418071,29.602653521615338,4974.353602585477,25.0,3.58,-0.0,0.2,creep_hold
4811.0,371.17457013755353,29.49899593611508,4974.366376620867,25.0,3.58,-0.0,0.2,creep_hold
4812.0,371.9821293134875,29.559231800999072,4974.304225775627,25.0,3.58,-0.0,0.2,creep_hold
4813.0,371.9175064491667,29.55486158882716,4974.355031182604,25.0,3.58,-0.0,0.2,creep_hold
4814.0,371.9192773346076,29.55540943219315,4974.32228443098,25.0,3.58,-0.0,0.2,creep_hold
4815.0,371.8335001531635,29.549472233567677,4974.251920093208,25.0,3.58,-0.0,0.2,creep_hold
4816.0,371.5252011096487,29.527051934048053,4974.230891217318,25.0,3.58,-0.0,0.2,creep_hold
4817.0,370.95124335277615,29.484953211316757,4974.289269407602,25.0,3.58,-0.0,0.2,creep_hold
4818.0,371.2354330576357,29.50642096723228,4974.2626607597,25.0,3.58,-0.0,0.2,creep_hold
4819.0,370.2632434469378,29.43482358866206,4974.280734609339,25.0,3.58,-0.0,0.2,creep_hold
4820.0,370.284410120804,29.436808157096596,4974.229314833763,25.0,3.58,-0.0,0.2,creep_hold
4821.0,371.8435325285279,29.552715372483547,4974.21687063368,25.0,3.58,-0.0,0.2,creep_hold
4822.0,370.73801225304175,29.47124164837346,4974.13314534066,25.0,3.58,-0.0,0.2,creep_hold
4823.0,371.087505441313,29.49754669935652,4974.139232022509,25.0,3.58,-0.0,0.2,creep_hold
4824.0,370.3946094531563,29.44663773727084,4974.202741597763,25.0,3.58,-0.0,0.2,creep_hold
4825.0,369.2385041667974,29.361416975318328,4974.155503074448,25.0,3.58,-0.0,0.2,creep_hold
4826.0,370.40793615047016,29.448458233368164,4974.149633339649,25.0,3.58,-0.0,0.2,creep_hold
4827.0,372.3620013323616,29.59362046906382,4974.1720408880265,25.0,3.58,-0.0,0.2,creep_hold
4828.0,370.5811121395495,29.462119417744407,4974.082890721398,25.0,3.58,-0.0,0.2,creep_hold
4829.0,369.9411833157834,29.41513394931729,4974.0779890044805,25.0,3.58,-0.0,0.2,creep_hold
4830.0,371.2542063342285,29.512811580313222,4974.044152097597,25.0,3.58,-0.0,0.2,creep_hold
4831.0,370.0152028121677,29.42145020830872,4974.103870731055,25.0,3.58,-0.0,0.2,creep_hold
4832.0,369.8245782584987,29.40774653766657,4974.077314809434,25.0,3.58,-0.0,0.2,creep_hold
4833.0,368.81240047487057,29.33318707221264,4973.982794449892,25.0,3.58,-0.0,0.2,creep_hold
4834.0,368.5980287119706,29.31772434903486,4974.173878814996,25.0,3.58,-0.0,0.2,creep_hold
4835.0,370.668748825118,29.47152769074948,4974.079697368166,25.0,3.58,-0.0,0.2,creep_hold
4836.0,370.3291308401756,29.44678746964264,4974.086423810393,25.0,3.58,-0.0,0.2,creep_hold
4837.0,370.1679650455295,29.43526592929848,4974.032343731842,25.0,3.58,-0.0,0.2,creep_hold
4838.0,370.7608688723518,29.479601397951985,4974.065536922276,25.0,3.58,-0.0,0.2,creep_hold
4839.0,369.5483100034124,29.390198889141654,4973.951584876601,25.0,3.58,-0.0,0.2,creep_hold
4840.0,369.965328189148,29.421505791788736,4973.921110441918,25.0,3.58,-0.0,0.2,creep_hold
4841.0,369.01729683331456,29.351697913578857,4973.955751014259,25.0,3.58,-0.0,0.2,creep_hold
4842.0,368.9626969447221,29.348070144053487,4973.926161154122,25.0,3.58,-0.0,0.2,creep_hold
4843.0,369.0141918914972,29.352301251222013,4973.961703548677,25.0,3.58,-0.0,0.2,creep_hold
4844.0,370.6695205337025,29.475334854348336,4973.979060840445,25.0,3.58,-0.0,0.2,creep_hold
4845.0,370.3481307837302,29.451944872868904,4973.902947387661,25.0,3.58,-0.0,0.2,creep_hold
4846.0,368.57341064204377,29.32090078829954,4973.912135919672,25.0,3.58,-0.0,0.2,creep_hold
4847.0,369.200985585293,29.36780448779949,4973.881200605361,25.0,3.58,-0.0,0.2,creep_hold
4848.0,369.5793552289463,29.396248535477504,4973.886773068717,25.0,3.58,-0.0,0.2,creep_hold
4849.0,368.5928426584836,29.32359019692471,4973.929014012478,25.0,3.58,-0.0,0.2,creep_hold
4850.0,370.0135371522367,29.429243492758268,4973.894855485759,25.0,3.58,-0.0,0.2,creep_hold
4851.0,368.4916167001049,29.31692531111888,4973.899467346662,25.0,3.58,-0.0,0.2,creep_hold
4852.0,368.8815051099121,29.34622260073423,4973.957048097779,25.0,3.58,-0.0,0.2,creep_hold
4853.0,368.8214805338708,29.34219300250895,4973.83966392502,25.0,3.58,-0.0,0.2,creep_hold
4854.0,367.24966141029,29.22617862298444,4973.836206456321,25.0,3.58,-0.0,0.2,creep_hold
4855.0,367.2842783330752,29.22915950615372,4973.828767407755,25.0,3.58,-0.0,0.2,creep_hold
4856.0,368.1125675583243,29.290930930246247,4973.775209421811,25.0,3.58,-0.0,0.2,creep_hold
4857.0,370.10051506901993,29.438602968075557,4973.799887803405,25.0,3.58,-0.0,0.2,creep_hold
4858.0,369.4362863694873,29.389817508850918,4973.703227677288,25.0,3.58,-0.0,0.2,creep_hold
4859.0,369.2465765770458,29.376181598299688,4973.696319936413,25.0,3.58,-0.0,0.2,creep_hold
4860.0,368.1098777035085,29.292398348408035,4973.747555794775,25.0,3.58,-0.0,0.2,creep_hold
4861.0,368.2077706463893,29.300066344176983,4973.733543497906,25.0,3.58,-0.0,0.2,creep_hold
4862.0,368.66035308124304,29.334007635647637,4973.715868545329,25.0,3.58,-0.0,0.2,creep_hold
4863.0,368.82520184084274,29.34663532154391,4973.741374186916,25.0,3.58,-0.0,0.2,creep_hold
4864.0,366.9751884935143,29.21001396248254,4973.726051907356,25.0,3.58,-0.0,0.2,creep_hold
4865.0,367.7255363135876,29.26601194915464,4973.722428194116,25.0,3.58,-0.0,0.2,creep_hold
4866.0,367.6088345204735,29.257784038553588,4973.675358593405,25.0,3.58,-0.0,0.2,creep_hold
4867.0,369.628828161489,29.407829863814,4973.637298846556,25.0,3.58,-0.0,0.2,creep_hold
4868.0,367.7129433495873,29.266329137006466,4973.652130171118,25.0,3.58,-0.0,0.2,creep_hold
4869.0,367.38059161202926,29.24212715644661,4973.556961896505,25.0,3.58,-0.0,0.2,creep_hold
4870.0,368.9540955943728,29.35909967365724,4973.596579097048,25.0,3.58,-0.0,0.2,creep_hold
4871.0,367.6385736821264,29.262070272750105,4973.597013461766,25.0,3.58,-0.0,0.2,creep_hold
4872.0,368.9513560984411,29.359730081366013,4973.5374735219575,25.0,3.58,-0.0,0.2,creep_hold
4873.0,366.9951289832416,29.21524103579567,4973.54884986011,25.0,3.58,-0.0,0.2,creep_hold
4874.0,369.78578242204776,29.42237277200354,4973.54191929077,25.0,3.58,-0.0,0.2,creep_hold
4875.0,367.76099177061695,29.27280494597163,4973.490125122129,25.0,3.58,-0.0,0.2,creep_hold
4876.0,367.9232005386777,29.28523707693909,4973.570787178369,25.0,3.58,-0.0,0.2,creep_hold
4877.0,367.4869191990451,29.25333660733667,4973.521927171613,25.0,3.58,-0.0,0.2,creep_hold
4878.0,367.6198444272921,29.263599587206823,4973.586378304451,25.0,3.58,-0.0,0.2,creep_hold
4879.0,367.6283772511071,29.264648314896824,4973.481970246562,25.0,3.58,-0.0,0.2,creep_hold
4880.0,367.2199991434256,29.23481475136486,4973.567408642053,25.0,3.58,-0.0,0.2,creep_hold
4881.0,368.7324598114584,29.34726554158951,4973.463831404143,25.0,3.58,-0.0,0.2,creep_hold
4882.0,365.17910515616455,29.084470752308487,4973.477124979098,25.0,3.58,-0.0,0.2,creep_hold
4883.0,366.1621260685776,29.1577037828576,4973.403366809052,25.0,3.58,-0.0,0.2,creep_hold
4884.0,366.94274619075486,29.215944162278134,4973.3665321008575,25.0,3.58,-0.0,0.2,creep_hold
4885.0,367.12622289610806,29.229951696008005,4973.489457981208,25.0,3.58,-0.0,0.2,creep_hold
4886.0,368.6413083887905,29.342596917688184,4973.415695265447,25.0,3.58,-0.0,0.2,creep_hold
4887.0,367.69516227399487,29.272928686962583,4973.389239866247,25.0,3.58,-0.0,0.2,creep_hold
4888.0,367.0844806612227,29.228109678609087,4973.431860776678,25.0,3.58,-0.0,0.2,creep_hold
4889.0,366.2242791757653,29.16480771672336,4973.325419961059,25.0,3.58,-0.0,0.2,creep_hold
4890.0,368.9336966835147,29.365921976556645,4973.414039677911,25.0,3.58,-0.0,0.2,creep_hold
4891.0,367.7827566415004,29.281083825296324,4973.387763979931,25.0,3.58,-0.0,0.2,creep_hold
4892.0,369.4062836445485,29.40176175144804,4973.37721679128,25.0,3.58,-0.0,0.2,creep_hold
4893.0,365.3072218914348,29.098544214180357,4973.30473600277,25.0,3.58,-0.0,0.2,creep_hold
4894.0,368.4643303585562,29.33282076730046,4973.275570618761,25.0,3.58,-0.0,0.2,creep_hold
4895.0,366.5848276041846,29.19401500771738,4973.3519235591,25.0,3.58,-0.0,0.2,creep_hold
4896.0,365.7739834697958,29.1343691459108,4973.368024628283,25.0,3.58,-0.0,0.2,creep_hold
4897.0,366.6988707098548,29.203295978507764,4973.340301887512,25.0,3.58,-0.0,0.2,creep_hold
4898.0,366.6325223881674,29.198797954679065,4973.342965696897,25.0,3.58,-0.0,0.2,creep_hold
4899.0,366.1432916537983,29.16297530768876,4973.295880176728,25.0,3.58,-0.0,0.2,creep_hold
4900.0,364.9495990628338,29.074970300950653,4973.249087691999,25.0,3.58,-0.0,0.2,creep_hold
4901.0,365.993649982378,29.15272407276874,4973.322793883877,25.0,3.58,-0.0,0.2,creep_hold
4902.0,365.0024167100459,29.07971605259599,4973.282229473563,25.0,3.58,-0.0,0.2,creep_hold
4903.0,366.3182606434735,29.17760264025729,4973.308180187238,25.0,3.58,-0.0,0.2,creep_hold
4904.0,364.8103466571662,29.0663219746049,4973.20000238892,25.0,3.58,-0.0,0.2,creep_hold
4905.0,366.3339859673505,29.17960081239633,4973.228213984759,25.0,3.58,-0.0,0.2,creep_hold
4906.0,365.64585044317175,29.12904447727198,4973.258326769687,25.0,3.58,-0.0,0.2,creep_hold
4907.0,366.95625050723766,29.22652781535093,4973.152423748384,25.0,3.58,-0.0,0.2,creep_hold
4908.0,365.15656465625466,29.09363441898183,4973.218869994014,25.0,3.58,-0.0,0.2,creep_hold
4909.0,364.53039644269415,29.047668255014383,4973.169147905395,25.0,3.58,-0.0,0.2,creep_hold
4910.0,364.42157328733566,29.04002394721005,4973.098394516275,25.0,3.58,-0.0,0.2,creep_hold
4911.0,366.0349341554556,29.159948826330044,4973.059823954934,25.0,3.58,-0.0,0.2,creep_hold
4912.0,369.65465339515134,29.428492844085284,4973.169751737709,25.0,3.58,-0.0,0.2,creep_hold
4913.0,364.27432852303735,29.0303669276324,4973.064437612735,25.0,3.58,-0.0,0.2,creep_hold
4914.0,364.9712235710282,29.082405449705792,4973.163914069613,25.0,3.58,-0.0,0.2,creep_hold
4915.0,367.0810467974237,29.239105318327685,4973.114035716025,25.0,3.58,-0.0,0.2,creep_hold
4916.0,366.1355776860595,29.169487236004407,4973.076273274864,25.0,3.58,-0.0,0.2,creep_hold
4917.0,366.6950108439977,29.21134339585168,4973.122508991546,25.0,3.58,-0.0,0.2,creep_hold
4918.0,365.6724000055489,29.136011111522144,4973.100875787988,25.0,3.58,-0.0,0.2,creep_hold
4919.0,365.7924106339796,29.14531745436886,4973.055909928447,25.0,3.58,-0.0,0.2,creep_hold
4920.0,365.30123899946767,29.10935103699761,4973.009854891875,25.0,3.58,-0.0,0.2,creep_hold
4921.0,364.0785122479821,29.019195351702383,4972.957364078529,25.0,3.58,-0.0,0.2,creep_hold
4922.0,365.34618103838574,29.1135134102508,4973.038930244979,25.0,3.58,-0.0,0.2,creep_hold
4923.0,364.1020613744486,29.02177306477397,4972.9761854596845,25.0,3.58,-0.0,0.2,creep_hold
4924.0,365.6462980476734,29.13657763316099,4972.939703077762,25.0,3.58,-0.0,0.2,creep_hold
4925.0,362.23254909472223,28.88412400701646,4972.999598179875,25.0,3.58,-0.0,0.2,creep_hold
4926.0,362.8205197847289,28.928094058128067,4972.931638187046,25.0,3.58,-0.0,0.2,creep_hold
4927.0,364.6887149172046,29.06689554942257,4973.057572442001,25.0,3.58,-0.0,0.2,creep_hold
4928.0,364.8654730921359,29.08040541423229,4972.842678807372,25.0,3.58,-0.0,0.2,creep_hold
4929.0,366.5586788608887,29.2062447304362,4972.993245614553,25.0,3.58,-0.0,0.2,creep_hold
4930.0,363.8306194476991,29.004582922051785,4972.907342242369,25.0,3.58,-0.0,0.2,creep_hold
4931.0,365.22084611085495,29.10797934154481,4972.813144004645,25.0,3.58,-0.0,0.2,creep_hold
4932.0,362.72450248268586,28.923481665384134,4972.9650838479165,25.0,3.58,-0.0,0.2,creep_hold
4933.0,366.8480567097213,29.229346793312686,4972.853287345081,25.0,3.58,-0.0,0.2,creep_hold
4934.0,361.80372475879295,28.85610924139207,4973.023137468626,25.0,3.58,-0.0,0.2,creep_hold
4935.0,365.86437002344775,29.157314446181317,4972.8077229935225,25.0,3.58,-0.0,0.2,creep_hold
4936.0,363.92317105186544,29.01393859643448,4972.847314819814,25.0,3.58,-0.0,0.2,creep_hold
4937.0,362.4088534359465,28.90218358784789,4972.915028274814,25.0,3.58,-0.0,0.2,creep_hold
4938.0,363.5982004246321,28.99070003145423,4972.813905387475,25.0,3.58,-0.0,0.2,creep_hold
4939.0,364.9885736767629,29.094107309389848,4972.972095924941,25.0,3.58,-0.0,0.2,creep_hold
4940.0,363.900459257251,29.01392290794452,4972.850821106699,25.0,3.58,-0.0,0.2,creep_hold
4941.0,363.1414342714678,28.958115501590207,4972.751049456071,25.0,3.58,-0.0,0.2,creep_hold
4942.0,364.1037727675501,29.029816501300008,4972.811649802751,25.0,3.58,-0.0,0.2,creep_hold
4943.0,363.8622956105276,29.012345971150197,4972.742422657905,25.0,3.58,-0.0,0.2,creep_hold
4944.0,364.7280269157483,29.07689088264802,4972.846080825038,25.0,3.58,-0.0,0.2,creep_hold
4945.0,364.4401315995083,29.055981970333946,4972.837267075999,25.0,3.58,-0.0,0.2,creep_hold
4946.0,363.226198840098,28.96647769185911,4972.797370957157,25.0,3.58,-0.0,0.2,creep_hold
4947.0,362.8685642889802,28.94040291029484,4972.699538912386,25.0,3.58,-0.0,0.2,creep_hold
4948.0,363.6295760135261,28.99719081581675,4972.742008843921,25.0,3.58,-0.0,0.2,creep_hold
4949.0,363.3750240784839,28.9787517835914,4972.804822781729,25.0,3.58,-0.0,0.2,creep_hold
4950.0,363.7399482768037,29.006199872355836,4972.688481002435,25.0,3.58,-0.0,0.2,creep_hold
4951.0,362.39315981804754,28.906854430966487,4972.649965142113,25.0,3.58,-0.0,0.2,creep_hold
4952.0,363.4919064198159,28.98865973480117,4972.648836760346,25.0,3.58,-0.0,0.2,creep_hold
4953.0,362.491225268591,28.91495187174748,4972.742717193242,25.0,3.58,-0.0,0.2,creep_hold
4954.0,363.82286265730136,29.014008344985285,4972.739842369881,25.0,3.58,-0.0,0.2,creep_hold
4955.0,363.47305697012007,28.98851347926816,4972.596708536633,25.0,3.58,-0.0,0.2,creep_hold
4956.0,362.9034529276537,28.946737253900277,4972.602046771265,25.0,3.58,-0.0,0.2,creep_hold
4957.0,361.5177460592528,28.844508967352063,4972.576373810276,25.0,3.58,-0.0,0.2,creep_hold
4958.0,364.1715604737394,29.04150447953625,4972.671087116544,25.0,3.58,-0.0,0.2,creep_hold
4959.0,362.1380472560943,28.891290537488462,4972.586726180644,25.0,3.58,-0.0,0.2,creep_hold
4960.0,362.4597732876628,28.91553876204909,4972.647111272277,25.0,3.58,-0.0,0.2,creep_hold
4961.0,362.7991624735906,28.94109536841412,4972.637161038726,25.0,3.58,-0.0,0.2,creep_hold
4962.0,363.24179846865167,28.97429988656679,4972.582916505159,25.0,3.58,-0.0,0.2,creep_hold
4963.0,362.23328308219584,28.90001170979228,4972.667426968426,25.0,3.58,-0.0,0.2,creep_hold
4964.0,362.2033845443742,28.89821366995365,4972.540698768284,25.0,3.58,-0.0,0.2,creep_hold
4965.0,361.2454608195917,28.82767302367346,4972.610330309035,25.0,3.58,-0.0,0.2,creep_hold
4966.0,363.6678351083205,29.007524822838555,4972.521363064279,25.0,3.58,-0.0,0.2,creep_hold
4967.0,362.077157101305,28.89011348898556,4972.512648050977,25.0,3.58,-0.0,0.2,creep_hold
4968.0,362.0485451711351,28.88841075341741,4972.492388705739,25.0,3.58,-0.0,0.2,creep_hold
4969.0,360.3816577196304,28.765354275528185,4972.581436423572,25.0,3.58,-0.0,0.2,creep_hold
4970.0,361.82314583929633,28.872547839947877,4972.549773235737,25.0,3.58,-0.0,0.2,creep_hold
4971.0,363.2418977189978,28.978057238444283,4972.532966835228,25.0,3.58,-0.0,0.2,creep_hold
4972.0,363.36826833903353,28.98783469178026,4972.513729203342,25.0,3.58,-0.0,0.2,creep_hold
4973.0,361.2192020079106,28.829061259845236,4972.466678046721,25.0,3.58,-0.0,0.2,creep_hold
4974.0,362.2653254221239,28.906968549786956,4972.527644338422,25.0,3.58,-0.0,0.2,creep_hold
4975.0,362.7858540711879,28.94594289416207,4972.500052730832,25.0,3.58,-0.0,0.2,creep_hold
4976.0,360.6767190469459,28.79012733681081,4972.455769962104,25.0,3.58,-0.0,0.2,creep_hold
4977.0,361.6729842407669,28.86434142524199,4972.5806266957015,25.0,3.58,-0.0,0.2,creep_hold
4978.0,362.709176309918,28.941513059993927,4972.438069707467,25.0,3.58,-0.0,0.2,creep_hold
4979.0,363.0489168841492,28.96709569512216,4972.362250673895,25.0,3.58,-0.0,0.2,creep_hold
4980.0,360.4502414131615,28.775017882456403,4972.372575214458,25.0,3.58,-0.0,0.2,creep_hold
4981.0,360.74087674895446,28.796963092515146,4972.441448578869,25.0,3.58,-0.0,0.2,creep_hold
4982.0,362.95783060758015,28.96159856352445,4972.455068428007,25.0,3.58,-0.0,0.2,creep_hold
4983.0,361.33814564496447,28.842038566293667,4972.461517715239,25.0,3.58,-0.0,0.2,creep_hold
4984.0,362.0504938024369,28.89522176314347,4972.421915704198,25.0,3.58,-0.0,0.2,creep_hold
4985.0,360.47400268493215,28.778861309994976,4972.322867284111,25.0,3.58,-0.0,0.2,creep_hold
4986.0,362.7540562437321,28.94817083286905,4972.34530644216,25.0,3.58,-0.0,0.2,creep_hold
4987.0,361.9241828546138,28.887115396638062,4972.407555303449,25.0,3.58,-0.0,0.2,creep_hold
4988.0,362.897847072552,28.95965533870756,4972.3132885328005,25.0,3.58,-0.0,0.2,creep_hold
4989.0,360.4859437335371,28.78141249878053,4972.370667798473,25.0,3.58,-0.0,0.2,creep_hold
4990.0,360.83017244950247,28.807327588852036,4972.381649146974,25.0,3.58,-0.0,0.2,creep_hold
4991.0,360.1033755645361,28.753907449224897,4972.347142231282,25.0,3.58,-0.0,0.2,creep_hold
4992.0,360.03290316482673,28.749103938135317,4972.357953608923,25.0,3.58,-0.0,0.2,creep_hold
4993.0,359.8782354051836,28.738063733717308,4972.285167816321,25.0,3.58,-0.0,0.2,creep_hold
4994.0,361.3179825442225,28.84512833660908,4972.30548071973,25.0,3.58,-0.0,0.2,creep_hold
4995.0,360.15929590467226,28.759716363309057,4972.127039706926,25.0,3.58,-0.0,0.2,creep_hold
4996.0,360.9901891838897,28.821680680288125,4972.292494012972,25.0,3.58,-0.0,0.2,creep_hold
4997.0,360.25960362556,28.76797989818963,4972.291736346728,25.0,3.58,-0.0,0.2,creep_hold
4998.0,361.2523542918818,28.841933651250503,4972.210170188603,25.0,3.58,-0.0,0.2,creep_hold
4999.0,361.67324637785606,28.87352750947082,4972.2650835989925,25.0,3.58,-0.0,0.2,creep_hold
5000.0,361.5975367907215,28.86833605857196,4972.269394033722,25.0,3.58,-0.0,0.2,creep_hold
5001.0,361.6126466180111,28.869871971704526,4972.205559261762,25.0,3.58,-0.0,0.2,creep_hold
5002.0,360.5499763035723,28.79157231878313,4972.198838944928,25.0,3.58,-0.0,0.2,creep_hold
5003.0,361.3494219938545,28.851207184729965,4972.1388210831055,25.0,3.58,-0.0,0.2,creep_hold
5004.0,360.3301612831721,28.77612305801275,4972.153410245888,25.0,3.58,-0.0,0.2,creep_hold
5005.0,359.72699233384844,28.731860543248036,4972.13030352883,25.0,3.58,-0.0,0.2,creep_hold
5006.0,359.2494431732595,28.696903198019225,4972.12840043895,25.0,3.58,-0.0,0.2,creep_hold
5007.0,360.39744228236646,28.78235683573085,4972.08098446746,25.0,3.58,-0.0,0.2,creep_hold
5008.0,360.6677843051719,28.802798837420134,4972.167917956898,25.0,3.58,-0.0,0.2,creep_hold
5009.0,361.990410809931,28.901187837772667,4972.133758825083,25.0,3.58,-0.0,0.2,creep_hold
5010.0,359.8255843469013,28.741246988659352,4972.059173518673,25.0,3.58,-0.0,0.2,creep_hold
5011.0,361.7320926558498,28.882886493025907,4972.08844557416,25.0,3.58,-0.0,0.2,creep_hold
5012.0,358.6489272207821,28.65492053487275,4972.09508587268,25.0,3.58,-0.0,0.2,creep_hold
5013.0,360.0737849241818,28.760882216606056,4972.0860209734055,25.0,3.58,-0.0,0.2,creep_hold
5014.0,362.4675062814235,28.93861157640174,4972.032175742241,25.0,3.58,-0.0,0.2,creep_hold
5015.0,359.7367014308079,28.736746402282066,4972.042008620564,25.0,3.58,-0.0,0.2,creep_hold
5016.0,359.12483223638174,28.69183942491717,4972.055091647975,25.0,3.58,-0.0,0.2,creep_hold
5017.0,358.9566199506195,28.679795922268116,4972.010326007813,25.0,3.58,-0.0,0.2,creep_hold
5018.0,362.1681836659389,28.918106197476952,4971.976745732673,25.0,3.58,-0.0,0.2,creep_hold
5019.0,361.1370812950974,28.842144910747955,4971.982006821219,25.0,3.58,-0.0,0.2,creep_hold
5020.0,359.28337286293265,28.70524984169872,4972.034019085533,25.0,3.58,-0.0,0.2,creep_hold
5021.0,359.33396715790934,28.70941423391921,4971.985418343229,25.0,3.58,-0.0,0.2,creep_hold
5022.0,357.25165029978035,28.55558520739114,4971.988284514587,25.0,3.58,-0.0,0.2,creep_hold
5023.0,359.5127744187007,28.723492549533383,4971.99837414071,25.0,3.58,-0.0,0.2,creep_hold
5024.0,361.2044207745684,28.84921635367173,4971.953251441924,25.0,3.58,-0.0,0.2,creep_hold
5025.0,357.6616519568241,28.58720570050549,4971.962165364223,25.0,3.58,-0.0,0.2,creep_hold
5026.0,360.6355333407182,28.80790987709024,4971.892424645378,25.0,3.58,-0.0,0.2,creep_hold
5027.0,360.1329177153625,28.77109575669352,4971.847744924126,25.0,3.58,-0.0,0.2,creep_hold
5028.0,361.0450518777545,28.8390779168707,4971.969207871746,25.0,3.58,-0.0,0.2,creep_hold
5029.0,358.87979040125674,28.67910484453753,4971.841628772783,25.0,3.58,-0.0,0.2,creep_hold
5030.0,359.64010511639657,28.73584111973308,4971.844984670966,25.0,3.58,-0.0,0.2,creep_hold
5031.0,360.69026880123175,28.81404768898013,4971.886903506311,25.0,3.58,-0.0,0.2,creep_hold
5032.0,359.7767898230008,28.74679924614821,4971.914283259256,25.0,3.58,-0.0,0.2,creep_hold
5033.0,359.9509125614744,28.760113893442547,4971.8497203623065,25.0,3.58,-0.0,0.2,creep_hold
5034.0,358.8761382509254,28.6809176482167,4971.8453062143335,25.0,3.58,-0.0,0.2,creep_hold
5035.0,358.9627477409911,28.687749832666007,4971.842156936007,25.0,3.58,-0.0,0.2,creep_hold
5036.0,358.51298759068163,28.65485093264308,4971.789343509239,25.0,3.58,-0.0,0.2,creep_hold
5037.0,359.1685709964607,28.70382933307116,4971.88348033376,25.0,3.58,-0.0,0.2,creep_hold
5038.0,359.0379828297653,28.694572802204835,4971.902111175853,25.0,3.58,-0.0,0.2,creep_hold
5039.0,358.7000640795775,28.669958450339077,4971.815238368903,25.0,3.58,-0.0,0.2,creep_hold
5040.0,356.7618416999868,28.526803088887917,4971.792099182001,25.0,3.58,-0.0,0.2,creep_hold
5041.0,357.4366298629991,28.57720406392586,4971.809230624346,25.0,3.58,-0.0,0.2,creep_hold
5042.0,358.73997904551027,28.674165114482246,4971.787441814493,25.0,3.58,-0.0,0.2,creep_hold
5043.0,359.9342309481971,28.76304488505164,4971.738739852352,25.0,3.58,-0.0,0.2,creep_hold
5044.0,357.82254763537475,28.607040565583315,4971.755160147835,25.0,3.58,-0.0,0.2,creep_hold
5045.0,358.13254942457235,28.630420327746094,4971.762290583661,25.0,3.58,-0.0,0.2,creep_hold
5046.0,358.5714305644723,28.663346708479427,4971.771151015974,25.0,3.58,-0.0,0.2,creep_hold
5047.0,359.5397441868067,28.735490310133827,4971.64453925547,25.0,3.58,-0.0,0.2,creep_hold
5048.0,360.1919609257648,28.78421932783443,4971.689712344017,25.0,3.58,-0.0,0.2,creep_hold
5049.0,358.7519674956057,28.67796981448932,4971.706755828137,25.0,3.58,-0.0,0.2,creep_hold
5050.0,358.43013627069257,28.654547131162413,4971.66858734338,25.0,3.58,-0.0,0.2,creep_hold
5051.0,357.5745360400552,28.59158600296705,4971.734385116884,25.0,3.58,-0.0,0.2,creep_hold
5052.0,358.7196577051984,28.676826496681365,4971.695933248447,25.0,3.58,-0.0,0.2,creep_hold
5053.0,357.9860677527108,28.622903166867463,4971.607015720638,25.0,3.58,-0.0,0.2,creep_hold
5054.0,358.3852351843978,28.65288779143687,4971.71107878861,25.0,3.58,-0.0,0.2,creep_hold
5055.0,357.2902675918996,28.57219574754812,4971.597635728322,25.0,3.58,-0.0,0.2,creep_hold
5056.0,359.22594110898416,28.715995637702527,4971.6492151704615,25.0,3.58,-0.0,0.2,creep_hold
5057.0,357.67883839271644,28.60181210316418,4971.642116940579,25.0,3.58,-0.0,0.2,creep_hold
5058.0,356.4937386173117,28.514443601282345,4971.652500252033,25.0,3.58,-0.0,0.2,creep_hold
5059.0,357.9536869520692,28.623004589042164,4971.586216442506,25.0,3.58,-0.0,0.2,creep_hold
5060.0,356.82811521467784,28.540045571457615,4971.575047735774,25.0,3.58,-0.0,0.2,creep_hold
5061.0,358.43309769263124,28.6593498290838,4971.609043599255,25.0,3.58,-0.0,0.2,creep_hold
5062.0,359.1802779099584,28.71511317851544,4971.544645623617,25.0,3.58,-0.0,0.2,creep_hold
5063.0,358.34945460470215,28.65398737812608,4971.539815908592,25.0,3.58,-0.0,0.2,creep_hold
5064.0,357.60014555204407,28.59889967052178,4971.593349523291,25.0,3.58,-0.0,0.2,creep_hold
5065.0,356.87431122788803,28.545550831695408,4971.453620839994,25.0,3.58,-0.0,0.2,creep_hold
5066.0,357.1750936275179,28.56824767611244,4971.602727304036,25.0,3.58,-0.0,0.2,creep_hold
5067.0,359.7540729663631,28.75969984936023,4971.485646031353,25.0,3.58,-0.0,0.2,creep_hold
5068.0,358.63733318843896,28.67739505099548,4971.572221754626,25.0,3.58,-0.0,0.2,creep_hold
5069.0,356.51052243946503,28.52027018070112,4971.504198288055,25.0,3.58,-0.0,0.2,creep_hold
5070.0,356.5370454421334,28.522651514232106,4971.483646947228,25.0,3.58,-0.0,0.2,creep_hold
5071.0,357.81655243166745,28.61784647641981,4971.419937604039,25.0,3.58,-0.0,0.2,creep_hold
5072.0,357.49589326559857,28.59451061226656,4971.529820354194,25.0,3.58,-0.0,0.2,creep_hold
5073.0,357.4649738519076,28.59263695199315,4971.393898403914,25.0,3.58,-0.0,0.2,creep_hold
5074.0,357.931917965644,28.627642071529184,4971.422588012593,25.0,3.58,-0.0,0.2,creep_hold
5075.0,356.1864908063669,28.49876783750866,4971.426511541647,25.0,3.58,-0.0,0.2,creep_hold
5076.0,356.4185271422346,28.51637238090627,4971.334251147417,25.0,3.58,-0.0,0.2,creep_hold
5077.0,358.1920823762829,28.64816350935429,4971.475234923097,25.0,3.58,-0.0,0.2,creep_hold
5078.0,357.45783404392193,28.594191410660883,4971.486224508407,25.0,3.58,-0.0,0.2,creep_hold
5079.0,356.8456793464428,28.54926328492169,4971.436263159626,25.0,3.58,-0.0,0.2,creep_hold
5080.0,356.9544423841638,28.557736472901027,4971.383068729989,25.0,3.58,-0.0,0.2,creep_hold
5081.0,357.65185669849205,28.60981345914756,4971.487506864045,25.0,3.58,-0.0,0.2,creep_hold
5082.0,357.2645639961162,28.581541777490088,4971.401804290482,25.0,3.58,-0.0,0.2,creep_hold
5083.0,356.2428406933097,28.50627523654146,4971.395748815959,25.0,3.58,-0.0,0.2,creep_hold
5084.0,355.7037612945152,28.46676009589001,4971.390103101689,25.0,3.58,-0.0,0.2,creep_hold
5085.0,357.62049998117675,28.60915740601309,4971.342547258959,25.0,3.58,-0.0,0.2,creep_hold
5086.0,355.5621706827079,28.45710523575614,4971.3629735476925,25.0,3.58,-0.0,0.2,creep_hold
5087.0,358.7778011111287,28.695716748972497,4971.254299653071,25.0,3.58,-0.0,0.2,creep_hold
5088.0,355.53472942027986,28.455905882983696,4971.344125854923,25.0,3.58,-0.0,0.2,creep_hold
5089.0,356.023446869119,28.492523842156967,4971.272473936934,25.0,3.58,-0.0,0.2,creep_hold
5090.0,357.68241166585136,28.615826790063064,4971.377371047681,25.0,3.58,-0.0,0.2,creep_hold
5091.0,357.9983515025108,28.639646407593386,4971.316185547144,25.0,3.58,-0.0,0.2,creep_hold
5092.0,356.57423644069445,28.53457306968107,4971.327192090655,25.0,3.58,-0.0,0.2,creep_hold
5093.0,353.79299801363607,28.328972075084152,4971.264561018653,25.0,3.58,-0.0,0.2,creep_hold
5094.0,356.2896346631788,28.514324789865093,4971.325756836973,25.0,3.58,-0.0,0.2,creep_hold
5095.0,354.272386680485,28.365315680035927,4971.276250243101,25.0,3.58,-0.0,0.2,creep_hold
5096.0,355.8171286582342,28.48015767838772,4971.257748619294,25.0,3.58,-0.0,0.2,creep_hold
5097.0,357.12401544029285,28.577380773355028,4971.27803630961,25.0,3.58,-0.0,0.2,creep_hold
5098.0,357.02334762651503,28.570340564927044,4971.208142055201,25.0,3.58,-0.0,0.2,creep_hold
5099.0,356.31071425511124,28.517969574452685,4971.329086845935,25.0,3.58,-0.0,0.2,creep_hold
5100.0,356.3876838502897,28.524087692614053,4971.167855820474,25.0,3.58,-0.0,0.2,creep_hold
5101.0,356.718552812722,28.54901317131274,4971.223424911813,25.0,3.58,-0.0,0.2,creep_hold
5102.0,355.65482536837635,28.47063521247232,4971.244856349871,25.0,3.58,-0.0,0.2,creep_hold
5103.0,355.6298128465476,28.469199099744262,4971.273721837055,25.0,3.58,-0.0,0.2,creep_hold
5104.0,357.1651154030307,28.583341881705977,4971.133492281399,25.0,3.58,-0.0,0.2,creep_hold
5105.0,356.3988010081868,28.526994519124948,4971.103203139668,25.0,3.58,-0.0,0.2,creep_hold
5106.0,357.08000028233386,28.57787039128399,4971.145935311265,25.0,3.58,-0.0,0.2,creep_hold
5107.0,356.2290837631916,28.515256204680863,4971.216900234284,25.0,3.58,-0.0,0.2,creep_hold
5108.0,356.1667238755795,28.5110536204133,4971.137842147963,25.0,3.58,-0.0,0.2,creep_hold
5109.0,356.56434260358304,28.54092352619134,4971.152346483687,25.0,3.58,-0.0,0.2,creep_hold
5110.0,356.4058650070517,28.52960111163346,4971.1254885302205,25.0,3.58,-0.0,0.2,creep_hold
5111.0,357.3589654357835,28.60061781005804,4971.131340829985,25.0,3.58,-0.0,0.2,creep_hold
5112.0,356.1967506257656,28.51494449079745,4971.102477070032,25.0,3.58,-0.0,0.2,creep_hold
5113.0,355.0856378190699,28.43305650511629,4971.14936741235,25.0,3.58,-0.0,0.2,creep_hold
5114.0,355.11864701326147,28.435918297278626,4971.065098459578,25.0,3.58,-0.0,0.2,creep_hold
5115.0,354.5196276418744,28.391963158657365,4971.201661976044,25.0,3.58,-0.0,0.2,creep_hold
5116.0,355.65058882104927,28.47615472748513,4971.030885043551,25.0,3.58,-0.0,0.2,creep_hold
5117.0,354.67422554397314,28.404248188442452,4971.073905436085,25.0,3.58,-0.0,0.2,creep_hold
5118.0,354.0237990205221,28.35648511263127,4971.075700187355,25.0,3.58,-0.0,0.2,creep_hold
5119.0,355.93169351076773,28.49822729709391,4971.045660017209,25.0,3.58,-0.0,0.2,creep_hold
5120.0,356.71828870968005,28.556910274791115,4971.01392092299,25.0,3.58,-0.0,0.2,creep_hold
5121.0,353.59888872581337,28.326260275986176,4971.120209081356,25.0,3.58,-0.0,0.2,creep_hold
5122.0,356.11885386507026,28.51334102704224,4970.975361383911,25.0,3.58,-0.0,0.2,creep_hold
5123.0,355.32202814584457,28.45473356635886,4970.873364530134,25.0,3.58,-0.0,0.2,creep_hold
5124.0,354.037765053282,28.36001963357644,4971.078805854684,25.0,3.58,-0.0,0.2,creep_hold
5125.0,354.3283034966566,28.381957666419005,4970.98654408979,25.0,3.58,-0.0,0.2,creep_hold
5126.0,354.7817180981552,28.415960599863347,4971.036788479991,25.0,3.58,-0.0,0.2,creep_hold
5127.0,357.2222256929718,28.5971556068868,4971.046098781843,25.0,3.58,-0.0,0.2,creep_hold
5128.0,355.1223279515143,28.442024292704765,4971.038947706028,25.0,3.58,-0.0,0.2,creep_hold
5129.0,356.42283366962545,28.538774716268552,4970.948408737868,25.0,3.58,-0.0,0.2,creep_hold
5130.0,354.19673103739825,28.37429489165913,4970.893349992551,25.0,3.58,-0.0,0.2,creep_hold
5131.0,355.8142097469068,28.494524796067168,4970.950167705237,25.0,3.58,-0.0,0.2,creep_hold
5132.0,355.5184276010408,28.47303167415117,4970.992983061712,25.0,3.58,-0.0,0.2,creep_hold
5133.0,353.99112613520026,28.360314898903724,4971.008481651764,25.0,3.58,-0.0,0.2,creep_hold
5134.0,354.0429417744484,28.364569761070257,4970.821972140366,25.0,3.58,-0.0,0.2,creep_hold
5135.0,355.066851308096,28.44083157837748,4970.954475541638,25.0,3.58,-0.0,0.2,creep_hold
5136.0,352.95385567855544,28.284730050263367,4971.003265488015,25.0,3.58,-0.0,0.2,creep_hold
5137.0,354.4629426128448,28.396930934284804,4971.006560511923,25.0,3.58,-0.0,0.2,creep_hold
5138.0,353.1500394962112,28.300095518237868,4970.994988299353,25.0,3.58,-0.0,0.2,creep_hold
5139.0,354.40552135422223,28.393510841053494,4970.855545063194,25.0,3.58,-0.0,0.2,creep_hold
5140.0,354.7842057836356,28.421978206195227,4970.822499713247,25.0,3.58,-0.0,0.2,creep_hold
5141.0,355.0066837761993,28.43887472416291,4970.8661129209095,25.0,3.58,-0.0,0.2,creep_hold
5142.0,354.6699244016087,28.41434625197102,4970.873697653411,25.0,3.58,-0.0,0.2,creep_hold
5143.0,354.0413031842751,28.36819838402038,4970.830873195165,25.0,3.58,-0.0,0.2,creep_hold
5144.0,353.64858679220407,28.339524947570677,4970.81654543019,25.0,3.58,-0.0,0.2,creep_hold
5145.0,353.2896979691509,28.313357256974147,4970.859477157174,25.0,3.58,-0.0,0.2,creep_hold
5146.0,353.4916267102177,28.328731608164272,4970.817221256019,25.0,3.58,-0.0,0.2,creep_hold
5147.0,353.62769964949706,28.3392277518146,4970.823148616637,25.0,3.58,-0.0,0.2,creep_hold
5148.0,353.49378452333264,28.32972477950612,4970.881561441634,25.0,3.58,-0.0,0.2,creep_hold
5149.0,354.14430103741256,28.378327854623155,4970.825954229776,25.0,3.58,-0.0,0.2,creep_hold
5150.0,353.24471873330845,28.312108795059885,4970.738014332238,25.0,3.58,-0.0,0.2,creep_hold
5151.0,352.29319053471977,28.242041891460723,4970.890638775068,25.0,3.58,-0.0,0.2,creep_hold
5152.0,354.50817333723535,28.406531358313728,4970.784078867404,25.0,3.58,-0.0,0.2,creep_hold
5153.0,353.0384762940148,28.298081577334436,4970.822068053673,25.0,3.58,-0.0,0.2,creep_hold
5154.0,352.08167790825644,28.22762428950048,4970.727121859331,25.0,3.58,-0.0,0.2,creep_hold
5155.0,352.78201259297043,28.27991759947929,4970.681926812998,25.0,3.58,-0.0,0.2,creep_hold
5156.0,353.31717385503435,28.319975841113656,4970.791188671486,25.0,3.58,-0.0,0.2,creep_hold
5157.0,353.39525929497825,28.326176614442836,4970.688828594124,25.0,3.58,-0.0,0.2,creep_hold
5158.0,353.7822167332609,28.355256795056363,4970.7037751359685,25.0,3.58,-0.0,0.2,creep_hold
5159.0,355.44722321095384,28.47900727488547,4970.6863790912,25.0,3.58,-0.0,0.2,creep_hold
5160.0,352.17347250670565,28.236923889385604,4970.736076783767,25.0,3.58,-0.0,0.2,creep_hold
5161.0,355.0507706515091,28.450473751963635,4970.713816965623,25.0,3.58,-0.0,0.2,creep_hold
5162.0,353.5702586866387,28.34122286567694,4970.653746739727,25.0,3.58,-0.0,0.2,creep_hold
5163.0,353.04181128354696,28.30249528026274,4970.629687111729,25.0,3.58,-0.0,0.2,creep_hold
5164.0,351.0740744405078,28.157153662259837,4970.624282016302,25.0,3.58,-0.0,0.2,creep_hold
5165.0,352.9853954853245,28.29914966557959,4970.78932625181,25.0,3.58,-0.0,0.2,creep_hold
5166.0,353.8829943533081,28.36605513728208,4970.69021457248,25.0,3.58,-0.0,0.2,creep_hold
5167.0,352.1338587092131,28.23690620068245,4970.608782241526,25.0,3.58,-0.0,0.2,creep_hold
5168.0,351.61687704253194,28.19902792907644,4970.635919805271,25.0,3.58,-0.0,0.2,creep_hold
5169.0,351.7935054117223,28.212528178646096,4970.614456688798,25.0,3.58,-0.0,0.2,creep_hold
5170.0,353.2281782595556,28.31921690811523,4970.611158827172,25.0,3.58,-0.0,0.2,creep_hold
5171.0,353.05063681100563,28.30648235637079,4970.62629430685,25.0,3.58,-0.0,0.2,creep_hold
5172.0,354.56801544019487,28.41929744001444,4970.585930617715,25.0,3.58,-0.0,0.2,creep_hold
5173.0,352.4456581560111,28.262502456000824,4970.521856273628,25.0,3.58,-0.0,0.2,creep_hold
5174.0,353.6894348274844,28.355050727961803,4970.587644792308,25.0,3.58,-0.0,0.2,creep_hold
5175.0,351.6205434204564,28.20221617929306,4970.672568604889,25.0,3.58,-0.0,0.2,creep_hold
5176.0,352.5762369577706,28.27342495983486,4970.615529481901,25.0,3.58,-0.0,0.2,creep_hold
5177.0,353.8551056071623,28.36857263756757,4970.601148762448,25.0,3.58,-0.0,0.2,creep_hold
5178.0,352.4266390397161,28.263176965904897,4970.564543497976,25.0,3.58,-0.0,0.2,creep_hold
5179.0,353.1969442248843,28.320653275917355,4970.547954712303,25.0,3.58,-0.0,0.2,creep_hold
5180.0,351.35594404535595,28.184699558915256,4970.533815805611,25.0,3.58,-0.0,0.2,creep_hold
5181.0,351.6475922527832,28.20671979650246,4970.564630951715,25.0,3.58,-0.0,0.2,creep_hold
5182.0,352.0009577037853,28.233311681761872,4970.538468514786,25.0,3.58,-0.0,0.2,creep_hold
5183.0,351.37065715009084,28.187039418525245,4970.495116083559,25.0,3.58,-0.0,0.2,creep_hold
5184.0,351.9975197603431,28.23389035261801,4970.480975817968,25.0,3.58,-0.0,0.2,creep_hold
5185.0,353.888345667407,28.374368197585703,4970.478555902842,25.0,3.58,-0.0,0.2,creep_hold
5186.0,352.1486425079787,28.24591796355398,4970.477550424916,25.0,3.58,-0.0,0.2,creep_hold
5187.0,352.5929919574447,28.279249404255165,4970.499300701539,25.0,3.58,-0.0,0.2,creep_hold
5188.0,353.86913856785213,28.37419544947053,4970.4224292832105,25.0,3.58,-0.0,0.2,creep_hold
5189.0,352.2852270323002,28.25728533572594,4970.511453465924,25.0,3.58,-0.0,0.2,creep_hold
5190.0,352.0729797552794,28.24197998187255,4970.517176066773,25.0,3.58,-0.0,0.2,creep_hold
5191.0,351.6940148306733,28.21432517264247,4970.450165141455,25.0,3.58,-0.0,0.2,creep_hold
5192.0,353.2610013710904,28.330814916377065,4970.529698573606,25.0,3.58,-0.0,0.2,creep_hold
5193.0,353.0142835102261,28.312956185942674,4970.377327688342,25.0,3.58,-0.0,0.2,creep_hold
5194.0,354.1187501027015,28.395185192792702,4970.301339400847,25.0,3.58,-0.0,0.2,creep_hold
5195.0,354.09637069565144,28.39394412560381,4970.373806161874,25.0,3.58,-0.0,0.2,creep_hold
5196.0,350.48919100637426,28.127162296768464,4970.392913122481,25.0,3.58,-0.0,0.2,creep_hold
5197.0,352.71454137680706,28.29241973161534,4970.309548585232,25.0,3.58,-0.0,0.2,creep_hold
5198.0,354.0274399606595,28.39008814523403,4970.445758002411,25.0,3.58,-0.0,0.2,creep_hold
5199.0,352.1929877207759,28.254619460798217,4970.316986145798,25.0,3.58,-0.0,0.2,creep_hold
5200.0,352.00118592032305,28.2408285866906,4970.242746600827,25.0,3.58,-0.0,0.2,creep_hold
5201.0,350.64607572267266,28.140866720197977,4970.44137338978,25.0,3.58,-0.0,0.2,creep_hold
5202.0,352.90396146670344,28.308534182718773,4970.296277188315,25.0,3.58,-0.0,0.2,creep_hold
5203.0,350.7068920113328,28.146204963802436,4970.338434632525,25.0,3.58,-0.0,0.2,creep_hold
5204.0,351.85477697149344,28.23165014603655,4970.35525034836,25.0,3.58,-0.0,0.2,creep_hold
5205.0,351.3049959262803,28.19134229083558,4970.243031099776,25.0,3.58,-0.0,0.2,creep_hold
5206.0,352.0639260929321,28.247976006883864,4970.301998577031,25.0,3.58,-0.0,0.2,creep_hold
5207.0,351.126512930966,28.17895466155304,4970.198521231048,25.0,3.58,-0.0,0.2,creep_hold
5208.0,351.09744465589773,28.17721812265909,4970.289036130946,25.0,3.58,-0.0,0.2,creep_hold
5209.0,352.51608173376417,28.282719017315863,4970.296767828789,25.0,3.58,-0.0,0.2,creep_hold
5210.0,351.40211857009785,28.200619894081324,4970.252759878012,25.0,3.58,-0.0,0.2,creep_hold
5211.0,352.31332780340193,28.26853354099273,4970.278328415819,25.0,3.58,-0.0,0.2,creep_hold
5212.0,350.6915683765615,28.1488198797453,4970.206981332542,25.0,3.58,-0.0,0.2,creep_hold
5213.0,352.8056277218109,28.30583353494896,4970.178598581976,25.0,3.58,-0.0,0.2,creep_hold
5214.0,351.8055786947902,28.232172495910383,4970.269936537624,25.0,3.58,-0.0,0.2,creep_hold
5215.0,352.4676932440709,28.281634684745992,4970.269233414498,25.0,3.58,-0.0,0.2,creep_hold
5216.0,351.9776771578544,28.245753863544767,4970.238823407663,25.0,3.58,-0.0,0.2,creep_hold
5217.0,349.58231951561487,28.06873663078629,4970.180462181565,25.0,3.58,-0.0,0.2,creep_hold
5218.0,348.5382595427388,27.991815521684355,4970.171353164346,25.0,3.58,-0.0,0.2,creep_hold
5219.0,352.14023666423304,28.259045308461708,4970.21431281351,25.0,3.58,-0.0,0.2,creep_hold
5220.0,350.55298022418043,28.141887424013365,4970.20243184247,25.0,3.58,-0.0,0.2,creep_hold
5221.0,350.5883688855556,28.14492547300412,4970.145304200875,25.0,3.58,-0.0,0.2,creep_hold
5222.0,350.1148098433472,28.110263692099792,4970.107715053676,25.0,3.58,-0.0,0.2,creep_hold
5223.0,350.35406820042675,28.12840320003161,4970.197770509837,25.0,3.58,-0.0,0.2,creep_hold
5224.0,351.1726099197846,28.18945258665071,4970.237515014303,25.0,3.58,-0.0,0.2,creep_hold
5225.0,351.718249951478,28.23028703344281,4970.232573530717,25.0,3.58,-0.0,0.2,creep_hold
5226.0,350.4966845788751,28.140217376212973,4970.145568495609,25.0,3.58,-0.0,0.2,creep_hold
5227.0,348.5586888283023,27.997078802096468,4970.096138417213,25.0,3.58,-0.0,0.2,creep_hold
5228.0,351.3041628700849,28.20086391630259,4970.128224058132,25.0,3.58,-0.0,0.2,creep_hold
5229.0,350.96509505606195,28.17616444859718,4970.020902943187,25.0,3.58,-0.0,0.2,creep_hold
5230.0,350.01012368310654,28.10584249504493,4970.112050285739,25.0,3.58,-0.0,0.2,creep_hold
5231.0,349.28834550520673,28.052794111496794,4970.066499667058,25.0,3.58,-0.0,0.2,creep_hold
5232.0,349.20499519514635,28.047036681121952,4970.067180732513,25.0,3.58,-0.0,0.2,creep_hold
5233.0,351.7608941402422,28.236779195573497,4970.036764040588,25.0,3.58,-0.0,0.2,creep_hold
5234.0,349.8500867195501,28.095654571818525,4970.139786613824,25.0,3.58,-0.0,0.2,creep_hold
5235.0,351.6340328893229,28.228215399209105,4969.985904362285,25.0,3.58,-0.0,0.2,creep_hold
5236.0,350.1384339767791,28.117846961242897,4970.069214608805,25.0,3.58,-0.0,0.2,creep_hold
5237.0,351.2278671207508,28.198962379314874,4970.010648435563,25.0,3.58,-0.0,0.2,creep_hold
5238.0,349.38156585526906,28.06261598927919,4970.013878849602,25.0,3.58,-0.0,0.2,creep_hold
5239.0,349.0031789159761,28.03500399377601,4970.074510383782,25.0,3.58,-0.0,0.2,creep_hold
5240.0,350.0285466345721,28.11137382478312,4970.046578614864,25.0,3.58,-0.0,0.2,creep_hold
5241.0,348.45059704495804,27.99490533666356,4969.998347606396,25.0,3.58,-0.0,0.2,creep_hold
5242.0,348.8076599842444,28.02177110994403,4970.065150018727,25.0,3.58,-0.0,0.2,creep_hold
5243.0,350.58099223589863,28.15354572117768,4970.005229993648,25.0,3.58,-0.0,0.2,creep_hold
5244.0,351.64082603366745,28.23246859508648,4970.0201388417145,25.0,3.58,-0.0,0.2,creep_hold
5245.0,350.2150606252074,28.127273009274624,4970.0056190101695,25.0,3.58,-0.0,0.2,creep_hold
5246.0,348.3397449013593,27.98877740010069,4969.969657855633,25.0,3.58,-0.0,0.2,creep_hold
5247.0,348.9275679993132,28.032736518467647,4969.988114103601,25.0,3.58,-0.0,0.2,creep_hold
5248.0,350.09554981055,28.11967035633704,4969.972548118149,25.0,3.58,-0.0,0.2,creep_hold
5249.0,349.7368509892859,28.09351673994711,4969.976471467724,25.0,3.58,-0.0,0.2,creep_hold
5250.0,352.2451433767857,28.279732842724865,4969.930065241649,25.0,3.58,-0.0,0.2,creep_hold
5251.0,351.6978878001502,28.239612059270385,4970.009814485492,25.0,3.58,-0.0,0.2,creep_hold
5252.0,349.4657350272758,28.074684076094503,4969.98423379769,25.0,3.58,-0.0,0.2,creep_hold
5253.0,351.8312316623432,28.25032271572912,4969.923040682151,25.0,3.58,-0.0,0.2,creep_hold
5254.0,348.73407542795496,28.02132040207073,4969.9819405514,25.0,3.58,-0.0,0.2,creep_hold
5255.0,348.69792776083204,28.019059463765338,4969.907818282248,25.0,3.58,-0.0,0.2,creep_hold
5256.0,351.05024124008634,28.19372157333973,4969.8798557442415,25.0,3.58,-0.0,0.2,creep_hold
5257.0,348.52334545965306,28.00696077478912,4969.916102523178,25.0,3.58,-0.0,0.2,creep_hold
5258.0,348.97343247068574,28.0407172200508,4969.894295627186,25.0,3.58,-0.0,0.2,creep_hold
5259.0,351.1069416953169,28.19917160706051,4969.860333663189,25.0,3.58,-0.0,0.2,creep_hold
5260.0,349.0450774030613,28.04685758541195,4969.892022882583,25.0,3.58,-0.0,0.2,creep_hold
5261.0,350.7932617936553,28.17676939212261,4969.875611337347,25.0,3.58,-0.0,0.2,creep_hold
5262.0,350.1004974768565,28.12587018347085,4969.820637180504,25.0,3.58,-0.0,0.2,creep_hold
5263.0,348.9251741171795,28.03922586053181,4969.837360434764,25.0,3.58,-0.0,0.2,creep_hold
5264.0,349.9604610059417,28.116330444884568,4969.951732817696,25.0,3.58,-0.0,0.2,creep_hold
5265.0,350.41044398160665,28.15007918382272,4969.841605157892,25.0,3.58,-0.0,0.2,creep_hold
5266.0,350.0713551387614,28.125378158426773,4969.851356677084,25.0,3.58,-0.0,0.2,creep_hold
5267.0,348.353219313474,27.99852550470178,4969.774628738066,25.0,3.58,-0.0,0.2,creep_hold
5268.0,350.113292712478,28.12931797870208,4969.882591322247,25.0,3.58,-0.0,0.2,creep_hold
5269.0,346.766300905666,27.881809326345632,4969.798012263444,25.0,3.58,-0.0,0.2,creep_hold
5270.0,348.76754734394933,28.03046646992217,4969.770449022096,25.0,3.58,-0.0,0.2,creep_hold
5271.0,349.0872678424864,28.054566136480474,4969.771792275283,25.0,3.58,-0.0,0.2,creep_hold
5272.0,349.94894912977065,28.11881104664968,4969.83715281494,25.0,3.58,-0.0,0.2,creep_hold
5273.0,350.3457329929943,28.14861911059217,4969.758545051132,25.0,3.58,-0.0,0.2,creep_hold
5274.0,347.5631141872791,27.94291586572438,4969.706438695288,25.0,3.58,-0.0,0.2,creep_hold
5275.0,348.3188862871803,27.999315650902243,4969.824814296849,25.0,3.58,-0.0,0.2,creep_hold
5276.0,348.7132099719627,28.028941479404647,4969.74953205221,25.0,3.58,-0.0,0.2,creep_hold
5277.0,348.3216934989347,28.00035692584701,4969.653490886539,25.0,3.58,-0.0,0.2,creep_hold
5278.0,349.13805822611096,28.061245053786,4969.7767655385005,25.0,3.58,-0.0,0.2,creep_hold
5279.0,349.37429496283846,28.079160737988037,4969.733785890558,25.0,3.58,-0.0,0.2,creep_hold
5280.0,349.3758396585539,28.079691826559547,4969.707732667906,25.0,3.58,-0.0,0.2,creep_hold
5281.0,348.3047923903314,28.000771658543066,4969.663523763839,25.0,3.58,-0.0,0.2,creep_hold
5282.0,351.8337180772718,28.262590227946056,4969.753560869027,25.0,3.58,-0.0,0.2,creep_hold
5283.0,347.4070352350332,27.93510446185431,4969.747940607829,25.0,3.58,-0.0,0.2,creep_hold
5284.0,348.336996023568,28.00440711285689,4969.679282264941,25.0,3.58,-0.0,0.2,creep_hold
5285.0,350.0783538817935,28.13381325050322,4969.720825753818,25.0,3.58,-0.0,0.2,creep_hold
5286.0,349.3046362339607,28.076917498811905,4969.752822988588,25.0,3.58,-0.0,0.2,creep_hold
5287.0,349.24258389732495,28.072737696098145,4969.7368494631655,25.0,3.58,-0.0,0.2,creep_hold
5288.0,349.6877846783941,28.106132198399564,4969.697963315867,25.0,3.58,-0.0,0.2,creep_hold
5289.0,348.1920417018188,27.995753089023616,4969.611934808976,25.0,3.58,-0.0,0.2,creep_hold
5290.0,348.4552028432664,28.015663173575287,4969.670372226665,25.0,3.58,-0.0,0.2,creep_hold
5291.0,349.45417108982133,28.090077488134916,4969.625773393015,25.0,3.58,-0.0,0.2,creep_hold
5292.0,349.91736085367063,28.124804507679308,4969.688470937756,25.0,3.58,-0.0,0.2,creep_hold
5293.0,346.957801639552,27.90599456589274,4969.7010818940935,25.0,3.58,-0.0,0.2,creep_hold
5294.0,347.6924445063176,27.960829222690197,4969.628002217184,25.0,3.58,-0.0,0.2,creep_hold
5295.0,348.19249690025725,27.998286807426464,4969.688145507453,25.0,3.58,-0.0,0.2,creep_hold
5296.0,349.063776357636,28.063242693158223,4969.722530467449,25.0,3.58,-0.0,0.2,creep_hold
5297.0,346.8734722226788,27.90141460908732,4969.617982026389,25.0,3.58,-0.0,0.2,creep_hold
5298.0,349.03218842720776,28.061736179793165,4969.618523862513,25.0,3.58,-0.0,0.2,creep_hold
5299.0,347.3594823926231,27.938248695749856,4969.584729206755,25.0,3.58,-0.0,0.2,creep_hold
5300.0,348.77002579546456,28.0431500589233,4969.642530835189,25.0,3.58,-0.0,0.2,creep_hold
5301.0,348.2350180454921,28.003936521888303,4969.556918143799,25.0,3.58,-0.0,0.2,creep_hold
5302.0,349.43588028792976,28.09330594725406,4969.505248732774,25.0,3.58,-0.0,0.2,creep_hold
5303.0,346.8703330953471,27.903682081136825,4969.6452983059935,25.0,3.58,-0.0,0.2,creep_hold
5304.0,348.4452144074358,28.020756622773025,4969.530246668647,25.0,3.58,-0.0,0.2,creep_hold
5305.0,347.5430036460525,27.95434286267056,4969.620486816004,25.0,3.58,-0.0,0.2,creep_hold
5306.0,347.08948527664535,27.921165576047805,4969.568130511248,25.0,3.58,-0.0,0.2,creep_hold
5307.0,348.71189188544963,28.041760510033303,4969.5577497589575,25.0,3.58,-0.0,0.2,creep_hold
5308.0,346.7466610294075,27.89660452069685,4969.613749507501,25.0,3.58,-0.0,0.2,creep_hold
5309.0,348.4254921433547,28.021379047655905,4969.512933035564,25.0,3.58,-0.0,0.2,creep_hold
5310.0,346.6038642119392,27.88686031199549,4969.587009882407,25.0,3.58,-0.0,0.2,creep_hold
5311.0,346.4152458414165,27.87330524751233,4969.604643937111,25.0,3.58,-0.0,0.2,creep_hold
5312.0,348.26597092361203,28.010812661008305,4969.457498082251,25.0,3.58,-0.0,0.2,creep_hold
5313.0,349.6969465554796,28.11722752262812,4969.6245300132605,25.0,3.58,-0.0,0.2,creep_hold
5314.0,347.9623713982587,27.98915714061176,4969.516321195206,25.0,3.58,-0.0,0.2,creep_hold
5315.0,346.5018942810331,27.881390317113567,4969.547514794954,25.0,3.58,-0.0,0.2,creep_hold
5316.0,347.75134482057183,27.974358875597915,4969.410285836847,25.0,3.58,-0.0,0.2,creep_hold
5317.0,347.0702757550362,27.924325981854537,4969.421583502455,25.0,3.58,-0.0,0.2,creep_hold
5318.0,346.6663844640228,27.8948247751128,4969.484099720807,25.0,3.58,-0.0,0.2,creep_hold
5319.0,347.5132844250967,27.95797477222938,4969.364168688834,25.0,3.58,-0.0,0.2,creep_hold
5320.0,347.8008737336576,27.97969435064131,4969.40768393806,25.0,3.58,-0.0,0.2,creep_hold
5321.0,348.0410755966247,27.99790374789813,4969.418372447572,25.0,3.58,-0.0,0.2,creep_hold
5322.0,346.1537350163308,27.858517408617093,4969.595004899351,25.0,3.58,-0.0,0.2,creep_hold
5323.0,348.7899891866347,28.054212161972945,4969.417483367815,25.0,3.58,-0.0,0.2,creep_hold
5324.0,346.8124626250145,27.908145379630703,4969.376999509618,25.0,3.58,-0.0,0.2,creep_hold
5325.0,345.4593488252399,27.80833139446221,4969.3205735539,25.0,3.58,-0.0,0.2,creep_hold
5326.0,346.18397099387346,27.86242377732396,4969.3711467116045,25.0,3.58,-0.0,0.2,creep_hold
5327.0,347.1199617029436,27.93217308910693,4969.371277054879,25.0,3.58,-0.0,0.2,creep_hold
5328.0,346.0993411715421,27.856988234929045,4969.30150377161,25.0,3.58,-0.0,0.2,creep_hold
5329.0,347.12307584642514,27.933237099735194,4969.426462613692,25.0,3.58,-0.0,0.2,creep_hold
5330.0,345.9732741126691,27.84848326760512,4969.416474667993,25.0,3.58,-0.0,0.2,creep_hold
5331.0,347.8757217040393,27.989821978076986,4969.340134872389,25.0,3.58,-0.0,0.2,creep_hold
5332.0,346.98079599716186,27.92394785164162,4969.3577232613525,25.0,3.58,-0.0,0.2,creep_hold
5333.0,346.50570040615213,27.889172252307567,4969.495339171402,25.0,3.58,-0.0,0.2,creep_hold
5334.0,347.7161279993108,27.97925022217117,4969.281864012511,25.0,3.58,-0.0,0.2,creep_hold
5335.0,345.74569179677104,27.83370865161267,4969.428763011449,25.0,3.58,-0.0,0.2,creep_hold
5336.0,346.4960401081969,27.88970667468125,4969.310891905207,25.0,3.58,-0.0,0.2,creep_hold
5337.0,347.20827438853007,27.942881436187413,4969.281891451288,25.0,3.58,-0.0,0.2,creep_hold
5338.0,346.9569256255673,27.924679675967948,4969.221039368878,25.0,3.58,-0.0,0.2,creep_hold
5339.0,346.6021972845899,27.898820169228884,4969.354740647191,25.0,3.58,-0.0,0.2,creep_hold
5340.0,347.38787730908933,27.95743535622884,4969.254388721026,25.0,3.58,-0.0,0.2,creep_hold
5341.0,345.94804317454384,27.8511976425588,4969.29624156198,25.0,3.58,-0.0,0.2,creep_hold
5342.0,346.41751307101487,27.886389857112214,4969.289304556185,25.0,3.58,-0.0,0.2,creep_hold
5343.0,345.5203312131818,27.820348608383835,4969.229677607464,25.0,3.58,-0.0,0.2,creep_hold
5344.0,346.29764444858336,27.878344033228394,4969.23341604734,25.0,3.58,-0.0,0.2,creep_hold
5345.0,345.15856425578585,27.79438438931747,4969.183933091804,25.0,3.58,-0.0,0.2,creep_hold
5346.0,345.1160134899567,27.7916491474042,4969.3668042400695,25.0,3.58,-0.0,0.2,creep_hold
5347.0,346.2420537129488,27.87547620095917,4969.217695633506,25.0,3.58,-0.0,0.2,creep_hold
5348.0,345.191886489601,27.79810270293341,4969.276188440263,25.0,3.58,-0.0,0.2,creep_hold
5349.0,346.9482954476379,27.928623736862065,4969.248510486194,25.0,3.58,-0.0,0.2,creep_hold
5350.0,347.1230285083777,27.941983593213163,4969.250719584588,25.0,3.58,-0.0,0.2,creep_hold
5351.0,346.69656592129843,27.9108104386147,4969.3182263303015,25.0,3.58,-0.0,0.2,creep_hold
5352.0,346.83580732470466,27.92154128331146,4969.157661656965,25.0,3.58,-0.0,0.2,creep_hold
5353.0,346.5616585299055,27.901650631844856,4969.172970615682,25.0,3.58,-0.0,0.2,creep_hold
5354.0,344.4954535871498,27.749015080529617,4969.147333844694,25.0,3.58,-0.0,0.2,creep_hold
5355.0,344.8674139478896,27.77698436651034,4969.283270351382,25.0,3.58,-0.0,0.2,creep_hold
5356.0,346.27085005226894,27.88135926313103,4969.138593857575,25.0,3.58,-0.0,0.2,creep_hold
5357.0,344.8207384527876,27.774360255762048,4969.171408141221,25.0,3.58,-0.0,0.2,creep_hold
5358.0,345.189415316738,27.802086319758374,4969.25404224597,25.0,3.58,-0.0,0.2,creep_hold
5359.0,345.7998176291621,27.847717972530525,4969.13308307839,25.0,3.58,-0.0,0.2,creep_hold
5360.0,346.1150778614194,27.871487248994036,4969.170847584838,25.0,3.58,-0.0,0.2,creep_hold
5361.0,344.18849394687487,27.729193996064804,4969.146607894892,25.0,3.58,-0.0,0.2,creep_hold
5362.0,345.7612364153348,27.84611010483961,4969.061881002081,25.0,3.58,-0.0,0.2,creep_hold
5363.0,346.55893769504166,27.905615755188272,4969.177769955912,25.0,3.58,-0.0,0.2,creep_hold
5364.0,346.04557841438566,27.86800580847301,4969.14475078238,25.0,3.58,-0.0,0.2,creep_hold
5365.0,347.1382024308806,27.94935758747264,4969.072907894445,25.0,3.58,-0.0,0.2,creep_hold
5366.0,345.1326940931028,27.80121808097058,4969.120128282905,25.0,3.58,-0.0,0.2,creep_hold
5367.0,346.8466939918003,27.928597703096315,4969.068900530123,25.0,3.58,-0.0,0.2,creep_hold
5368.0,347.70137556583387,27.992324115987696,4969.156870609483,25.0,3.58,-0.0,0.2,creep_hold
5369.0,346.2202993303836,27.883031431880266,4969.136481447165,25.0,3.58,-0.0,0.2,creep_hold
5370.0,346.46801856645595,27.90179767158933,4969.054669412365,25.0,3.58,-0.0,0.2,creep_hold
5371.0,346.451261722816,27.90097309057896,4968.963225476684,25.0,3.58,-0.0,0.2,creep_hold
5372.0,343.2230535618577,27.662263226804274,4969.093815205428,25.0,3.58,-0.0,0.2,creep_hold
5373.0,344.6676357069577,27.769685978293165,4969.129720754362,25.0,3.58,-0.0,0.2,creep_hold
5374.0,346.425759433602,27.900334032118668,4969.085195421789,25.0,3.58,-0.0,0.2,creep_hold
5375.0,344.0252591954488,27.72293586632954,4969.106977878751,25.0,3.58,-0.0,0.2,creep_hold
5376.0,345.56698644080785,27.837554551170957,4969.0616014583575,25.0,3.58,-0.0,0.2,creep_hold
5377.0,345.7820243857943,27.853899954503284,4969.014271072869,25.0,3.58,-0.0,0.2,creep_hold
5378.0,346.46795343218207,27.90512618016164,4969.014183990261,25.0,3.58,-0.0,0.2,creep_hold
5379.0,345.034201723654,27.799339016566964,4969.041709392134,25.0,3.58,-0.0,0.2,creep_hold
5380.0,346.0039770268009,27.87159089087414,4969.089387055134,25.0,3.58,-0.0,0.2,creep_hold
5381.0,345.08160381278907,27.803683615762157,4969.046842495338,25.0,3.58,-0.0,0.2,creep_hold
5382.0,346.64977074510296,27.92026079593355,4969.027867483797,25.0,3.58,-0.0,0.2,creep_hold
5383.0,344.3914056231949,27.753391157273697,4969.07003489537,25.0,3.58,-0.0,0.2,creep_hold
5384.0,344.46185684504053,27.759026432965968,4969.007143479601,25.0,3.58,-0.0,0.2,creep_hold
5385.0,345.36235943913044,27.826146995491143,4969.024982292133,25.0,3.58,-0.0,0.2,creep_hold
5386.0,346.6046098930512,27.918582214300088,4969.06283982385,25.0,3.58,-0.0,0.2,creep_hold
5387.0,345.15228373848663,27.811419165813824,4968.951193883559,25.0,3.58,-0.0,0.2,creep_hold
5388.0,344.8310071811686,27.78803756897545,4968.941849466615,25.0,3.58,-0.0,0.2,creep_hold
5389.0,344.20460869607166,27.74205434785716,4969.014191212737,25.0,3.58,-0.0,0.2,creep_hold
5390.0,345.84549655662033,27.86401826345336,4968.939973122882,25.0,3.58,-0.0,0.2,creep_hold
5391.0,344.0704525038241,27.73295018546845,4968.893006450123,25.0,3.58,-0.0,0.2,creep_hold
5392.0,344.47967473880925,27.763679610282168,4968.945288922104,25.0,3.58,-0.0,0.2,creep_hold
5393.0,344.41189600621624,27.75907563009009,4969.022791089181,25.0,3.58,-0.0,0.2,creep_hold
5394.0,345.7769396806271,27.86060664300941,4968.882930442403,25.0,3.58,-0.0,0.2,creep_hold
5395.0,343.77212814085124,27.71251875117417,4968.883668831948,25.0,3.58,-0.0,0.2,creep_hold
5396.0,343.75252675246696,27.711483463145704,4968.938051952179,25.0,3.58,-0.0,0.2,creep_hold
5397.0,344.76439918406373,27.78685364326398,4968.930726809769,25.0,3.58,-0.0,0.2,creep_hold
5398.0,344.5690189593452,27.772797700692237,4968.891686813516,25.0,3.58,-0.0,0.2,creep_hold
5399.0,343.01380433800614,27.658013284296757,4968.907538682227,25.0,3.58,-0.0,0.2,creep_hold
5400.0,343.5750252062943,27.70000186713291,4968.849454465708,25.0,3.58,-0.0,0.2,creep_hold
5401.0,343.78617829256314,27.716059503152824,4968.98789497952,25.0,3.58,-0.0,0.2,creep_hold
5402.0,344.4355074665541,27.764574627152157,4968.898443547703,25.0,3.58,-0.0,0.2,creep_hold
5403.0,343.5205784321794,27.697218772754027,4968.818808787391,25.0,3.58,-0.0,0.2,creep_hold
5404.0,346.30298570165627,27.903739681604165,4968.966824558154,25.0,3.58,-0.0,0.2,creep_hold
5405.0,344.56884450125034,27.775701444537063,4968.924905540937,25.0,3.58,-0.0,0.2,creep_hold
5406.0,345.4753631154061,27.84326763817823,4968.860994239093,25.0,3.58,-0.0,0.2,creep_hold
5407.0,344.562598086331,27.776072080468964,4968.885825598255,25.0,3.58,-0.0,0.2,creep_hold
5408.0,344.4440482516442,27.76770727789957,4968.894265018498,25.0,3.58,-0.0,0.2,creep_hold
5409.0,344.90275694156844,27.80210236604211,4968.81749941333,25.0,3.58,-0.0,0.2,creep_hold
5410.0,343.7921492608431,27.72025179709949,4968.832113550277,25.0,3.58,-0.0,0.2,creep_hold
5411.0,342.28886715053466,27.609314233372935,4968.871156404626,25.0,3.58,-0.0,0.2,creep_hold
5412.0,344.5119988017558,27.77440731864857,4968.778073720697,25.0,3.58,-0.0,0.2,creep_hold
5413.0,343.2919893304915,27.68445291336974,4968.770662623607,25.0,3.58,-0.0,0.2,creep_hold
5414.0,345.32205692110983,27.835244957119244,4968.756929637771,25.0,3.58,-0.0,0.2,creep_hold
5415.0,343.0702677783862,27.66886242802861,4968.804006885144,25.0,3.58,-0.0,0.2,creep_hold
5416.0,344.0968205376599,27.74532003982666,4968.750756133181,25.0,3.58,-0.0,0.2,creep_hold
5417.0,343.94137546037587,27.734222256324134,4968.785896362324,25.0,3.58,-0.0,0.2,creep_hold
5418.0,343.3119088615626,27.68801176752316,4968.778806580358,25.0,3.58,-0.0,0.2,creep_hold
5419.0,343.4656388544457,27.69981584107005,4968.81612778482,25.0,3.58,-0.0,0.2,creep_hold
5420.0,343.6402128342752,27.71316391365001,4968.654895429994,25.0,3.58,-0.0,0.2,creep_hold
5421.0,343.96370106668525,27.737542671606317,4968.828594036171,25.0,3.58,-0.0,0.2,creep_hold
5422.0,344.0109003187144,27.74145557916403,4968.839726662773,25.0,3.58,-0.0,0.2,creep_hold
5423.0,343.77075179233907,27.724083466099188,4968.784039265985,25.0,3.58,-0.0,0.2,creep_hold
5424.0,343.6786867154093,27.71768049743773,4968.641153578224,25.0,3.58,-0.0,0.2,creep_hold
5425.0,341.43176075089224,27.551658203769797,4968.754921657935,25.0,3.58,-0.0,0.2,creep_hold
5426.0,345.00993021365406,27.81712446027067,4968.735024353224,25.0,3.58,-0.0,0.2,creep_hold
5427.0,344.2812909613755,27.76356784899078,4968.60533204168,25.0,3.58,-0.0,0.2,creep_hold
5428.0,342.30063620494525,27.617269348514466,4968.666807279319,25.0,3.58,-0.0,0.2,creep_hold
5429.0,342.6936396490821,27.64679738141349,4968.720620275482,25.0,3.58,-0.0,0.2,creep_hold
5430.0,341.3649294955624,27.54879107374536,4968.569470910555,25.0,3.58,-0.0,0.2,creep_hold
5431.0,340.51438822729136,27.486204683503065,4968.739780330056,25.0,3.58,-0.0,0.2,creep_hold
5432.0,342.972544784318,27.66870702106059,4968.674883906112,25.0,3.58,-0.0,0.2,creep_hold
5433.0,345.0776218999942,27.825055325925497,4968.766221179567,25.0,3.58,-0.0,0.2,creep_hold
5434.0,343.53043494526486,27.7108655515011,4968.69670619169,25.0,3.58,-0.0,0.2,creep_hold
5435.0,343.56858236863127,27.71410795323195,4968.631248757218,25.0,3.58,-0.0,0.2,creep_hold
5436.0,343.39410382652426,27.701600283446243,4968.695293906828,25.0,3.58,-0.0,0.2,creep_hold
5437.0,343.87636189661004,27.737739770119266,4968.603586209051,25.0,3.58,-0.0,0.2,creep_hold
5438.0,343.21728480046767,27.689335911145758,4968.599475864512,25.0,3.58,-0.0,0.2,creep_hold
5439.0,342.4012454130444,27.629305215781063,4968.716628346395,25.0,3.58,-0.0,0.2,creep_hold
5440.0,342.6067950809976,27.6449477837776,4968.666797575263,25.0,3.58,-0.0,0.2,creep_hold
5441.0,343.8538237290231,27.7377369428906,4968.625262315307,25.0,3.58,-0.0,0.2,creep_hold
5442.0,342.73989086993504,27.65564006443964,4968.606741678695,25.0,3.58,-0.0,0.2,creep_hold
5443.0,341.1950366414939,27.54162308455511,4968.689217663743,25.0,3.58,-0.0,0.2,creep_hold
5444.0,343.62714485224933,27.722195914981437,4968.571233652637,25.0,3.58,-0.0,0.2,creep_hold
5445.0,343.27489940150315,27.69652032603727,4968.625239539478,25.0,3.58,-0.0,0.2,creep_hold
5446.0,344.3567957151527,27.777077460381683,4968.622187443017,25.0,3.58,-0.0,0.2,creep_hold
5447.0,343.09213166871416,27.68381530879364,4968.72270966995,25.0,3.58,-0.0,0.2,creep_hold
5448.0,342.9690083916601,27.67511173271556,4968.570260264522,25.0,3.58,-0.0,0.2,creep_hold
5449.0,342.816562257438,27.664236093143558,4968.6902242694,25.0,3.58,-0.0,0.2,creep_hold
5450.0,342.100996209456,27.61164786736711,4968.658614037292,25.0,3.58,-0.0,0.2,creep_hold
5451.0,343.1370780505636,27.68881133707879,4968.533086737057,25.0,3.58,-0.0,0.2,creep_hold
5452.0,342.3144804275289,27.62829484648362,4968.548032050482,25.0,3.58,-0.0,0.2,creep_hold
5453.0,341.7668225598615,27.588144263693447,4968.561652643116,25.0,3.58,-0.0,0.2,creep_hold
5454.0,342.6665590002061,27.655208074089344,4968.537914503175,25.0,3.58,-0.0,0.2,creep_hold
5455.0,342.83423435565504,27.66804513745593,4968.533911001894,25.0,3.58,-0.0,0.2,creep_hold
5456.0,343.071142896281,27.686010584909702,4968.5656199721125,25.0,3.58,-0.0,0.2,creep_hold
5457.0,343.3502686990073,27.7071032369635,4968.438454497468,25.0,3.58,-0.0,0.2,creep_hold
5458.0,344.8384351160326,27.81775445303945,4968.4501809250505,25.0,3.58,-0.0,0.2,creep_hold
5459.0,342.3462677903891,27.63356613262141,4968.571562195493,25.0,3.58,-0.0,0.2,creep_hold
5460.0,343.93324849655414,27.751536925670678,4968.611719887745,25.0,3.58,-0.0,0.2,creep_hold
5461.0,342.55985276948303,27.65022057551726,4968.454977957712,25.0,3.58,-0.0,0.2,creep_hold
5462.0,342.6500675443081,27.6573198180969,4968.48534974246,25.0,3.58,-0.0,0.2,creep_hold
5463.0,343.30600653609525,27.70632455822928,4968.482640599328,25.0,3.58,-0.0,0.2,creep_hold
5464.0,341.6090764419379,27.581042699402804,4968.436394043867,25.0,3.58,-0.0,0.2,creep_hold
5465.0,342.3548106050748,27.636698933709244,4968.544399130613,25.0,3.58,-0.0,0.2,creep_hold
5466.0,343.09017223454674,27.691586832188648,4968.590888554493,25.0,3.58,-0.0,0.2,creep_hold
5467.0,340.9248997040729,27.53161294104244,4968.451108062613,25.0,3.58,-0.0,0.2,creep_hold
5468.0,341.3995812184701,27.567191201368157,4968.4824683245415,25.0,3.58,-0.0,0.2,creep_hold
5469.0,341.8601144368649,27.601721439767765,4968.447709647678,25.0,3.58,-0.0,0.2,creep_hold
5470.0,342.2496119052351,27.63098977075816,4968.467140596207,25.0,3.58,-0.0,0.2,creep_hold
5471.0,343.0187097246128,27.688376646267617,4968.3550831819175,25.0,3.58,-0.0,0.2,creep_hold
5472.0,340.932589922278,27.534265920168743,4968.525054783818,25.0,3.58,-0.0,0.2,creep_hold
5473.0,343.578704801746,27.730691096425627,4968.448531907711,25.0,3.58,-0.0,0.2,creep_hold
5474.0,342.85900281799843,27.677796505036923,4968.451003020007,25.0,3.58,-0.0,0.2,creep_hold
5475.0,342.73266299377536,27.668854666205583,4968.429806606788,25.0,3.58,-0.0,0.2,creep_hold
5476.0,340.1273685182657,27.476286556908573,4968.515285281937,25.0,3.58,-0.0,0.2,creep_hold
5477.0,342.3922812797914,27.64447453924381,4968.364288136399,25.0,3.58,-0.0,0.2,creep_hold
5478.0,341.25442783686555,27.560605765693744,4968.351841715986,25.0,3.58,-0.0,0.2,creep_hold
5479.0,342.73811105472566,27.67092489294264,4968.350766811736,25.0,3.58,-0.0,0.2,creep_hold
5480.0,341.8809398359573,27.60784739525609,4968.433375252296,25.0,3.58,-0.0,0.2,creep_hold
5481.0,341.51215795559057,27.5809468855993,4968.466700307344,25.0,3.58,-0.0,0.2,creep_hold
5482.0,340.99186992201817,27.542823697927272,4968.463097083371,25.0,3.58,-0.0,0.2,creep_hold
5483.0,341.6480432822908,27.591845798688208,4968.444060233325,25.0,3.58,-0.0,0.2,creep_hold
5484.0,342.52420095236494,27.657163033508517,4968.26578796449,25.0,3.58,-0.0,0.2,creep_hold
5485.0,340.18487164056114,27.48429604744897,4968.435288960615,25.0,3.58,-0.0,0.2,creep_hold
5486.0,341.03972300533405,27.54803503743215,4968.420057350534,25.0,3.58,-0.0,0.2,creep_hold
5487.0,341.5075172282328,27.583103128017243,4968.369339677432,25.0,3.58,-0.0,0.2,creep_hold
5488.0,341.5323088350153,27.58535621000113,4968.3063454652365,25.0,3.58,-0.0,0.2,creep_hold
5489.0,341.2310080866805,27.56345430271708,4968.2810754723405,25.0,3.58,-0.0,0.2,creep_hold
5490.0,341.8651686268756,27.61084582421301,4968.362338756915,25.0,3.58,-0.0,0.2,creep_hold
5491.0,341.71890751403595,27.600428334373035,4968.329565085771,25.0,3.58,-0.0,0.2,creep_hold
5492.0,339.511760132659,27.437352602419185,4968.251969773659,25.0,3.58,-0.0,0.2,creep_hold
5493.0,342.6036742781895,27.66679994653256,4968.338547456751,25.0,3.58,-0.0,0.2,creep_hold
5494.0,340.1305087322243,27.48401916534995,4968.364283193507,25.0,3.58,-0.0,0.2,creep_hold
5495.0,342.6916371125031,27.6741490453706,4968.241613162437,25.0,3.58,-0.0,0.2,creep_hold
5496.0,342.26881234364487,27.64324535878851,4968.28241885742,25.0,3.58,-0.0,0.2,creep_hold
5497.0,339.702740086498,27.45358259899985,4968.2364797398,25.0,3.58,-0.0,0.2,creep_hold
5498.0,341.54322540405127,27.590331511411208,4968.30955646837,25.0,3.58,-0.0,0.2,creep_hold
5499.0,342.7707613472718,27.681676766464577,4968.25788337438,25.0,3.58,-0.0,0.2,creep_hold
5500.0,342.76760590781447,27.681859696875147,4968.272281229052,25.0,3.58,-0.0,0.2,creep_hold
5501.0,341.533181200913,27.59083749636393,4968.25137227889,25.0,3.58,-0.0,0.2,creep_hold
5502.0,340.54829657639635,27.51829974639973,4968.298571661952,25.0,3.58,-0.0,0.2,creep_hold
5503.0,342.50264652874057,27.663483076203004,4968.302624592451,25.0,3.58,-0.0,0.2,creep_hold
5504.0,339.76068379980615,27.46079139257823,4968.312628579162,25.0,3.58,-0.0,0.2,creep_hold
5505.0,339.7411485485635,27.459761003597297,4968.236225615799,25.0,3.58,-0.0,0.2,creep_hold
5506.0,341.98192394788924,27.626161033176977,4968.241885829666,25.0,3.58,-0.0,0.2,creep_hold
5507.0,339.9626027251702,27.476998350012607,4968.22604712558,25.0,3.58,-0.0,0.2,creep_hold
5508.0,341.7010724536929,27.6061905521254,4968.222546219608,25.0,3.58,-0.0,0.2,creep_hold
5509.0,340.04796325303613,27.48415468541009,4968.225417458266,25.0,3.58,-0.0,0.2,creep_hold
5510.0,340.45901828961047,27.51501987330448,4968.1501376482165,25.0,3.58,-0.0,0.2,creep_hold
5511.0,342.2248981225032,27.64624245351876,4968.149548287317,25.0,3.58,-0.0,0.2,creep_hold
5512.0,340.9583096492267,27.55283775179457,4968.217263937764,25.0,3.58,-0.0,0.2,creep_hold
5513.0,341.64799963204786,27.60434256533688,4968.088581799051,25.0,3.58,-0.0,0.2,creep_hold
5514.0,340.78846303234513,27.541089854247787,4968.145915284662,25.0,3.58,-0.0,0.2,creep_hold
5515.0,340.49266901163173,27.51959585271346,4968.216730462511,25.0,3.58,-0.0,0.2,creep_hold
5516.0,340.22815119523125,27.500418607054165,4968.188802248868,25.0,3.58,-0.0,0.2,creep_hold
5517.0,339.96691314059126,27.481484306710463,4968.209270248798,25.0,3.58,-0.0,0.2,creep_hold
5518.0,341.262703115012,27.57788541592681,4968.146294700644,25.0,3.58,-0.0,0.2,creep_hold
5519.0,341.2861866651773,27.58004160482795,4968.178174215144,25.0,3.58,-0.0,0.2,creep_hold
5520.0,342.4732655174362,27.668390038328607,4968.117989731624,25.0,3.58,-0.0,0.2,creep_hold
5521.0,341.0656308758537,27.564537472285465,4968.182768335752,25.0,3.58,-0.0,0.2,creep_hold
5522.0,340.48994148733505,27.522310480543336,4968.171126094839,25.0,3.58,-0.0,0.2,creep_hold
5523.0,341.22282127319926,27.577014538755503,4968.113940589251,25.0,3.58,-0.0,0.2,creep_hold
5524.0,342.1377900356269,27.645206669305697,4968.066105453876,25.0,3.58,-0.0,0.2,creep_hold
5525.0,339.2250269286283,27.42986310582432,4968.074521736853,25.0,3.58,-0.0,0.2,creep_hold
5526.0,342.3061166493096,27.6585086406896,4968.136835063966,25.0,3.58,-0.0,0.2,creep_hold
5527.0,339.79609749732225,27.47299796276461,4968.133177233974,25.0,3.58,-0.0,0.2,creep_hold
5528.0,339.7754883056048,27.4718880226374,4968.10561239814,25.0,3.58,-0.0,0.2,creep_hold
5529.0,343.1263998510899,27.720520359339996,4968.082697302227,25.0,3.58,-0.0,0.2,creep_hold
5530.0,341.6180201001455,27.60920519260337,4968.077016568024,25.0,3.58,-0.0,0.2,creep_hold
5531.0,339.95202498709216,27.48621481385868,4968.051968426637,25.0,3.58,-0.0,0.2,creep_hold
5532.0,341.3277849387698,27.58853962509406,4968.000791818598,25.0,3.58,-0.0,0.2,creep_hold
5533.0,341.80053137068035,27.62397454597632,4968.13479090125,25.0,3.58,-0.0,0.2,creep_hold
5534.0,341.0996969023911,27.572477548325264,4968.110914910726,25.0,3.58,-0.0,0.2,creep_hold
5535.0,341.4831669558393,27.601299404136245,4968.116939030823,25.0,3.58,-0.0,0.2,creep_hold
5536.0,340.71747484635824,27.54499813676728,4968.019825867003,25.0,3.58,-0.0,0.2,creep_hold
5537.0,340.8480717738013,27.55508864991121,4968.147721680096,25.0,3.58,-0.0,0.2,creep_hold
5538.0,339.15822675116345,27.430331611197293,4968.063231144234,25.0,3.58,-0.0,0.2,creep_hold
5539.0,339.2433839045724,27.43705621515351,4968.080669060686,25.0,3.58,-0.0,0.2,creep_hold
5540.0,340.4355119734511,27.525778664700084,4968.003952835492,25.0,3.58,-0.0,0.2,creep_hold
5541.0,338.87234815143285,27.41040541862465,4968.001034024628,25.0,3.58,-0.0,0.2,creep_hold
5542.0,340.8601280456332,27.558065040417272,4968.052030416127,25.0,3.58,-0.0,0.2,creep_hold
5543.0,340.076980839197,27.50047080290348,4968.034231293644,25.0,3.58,-0.0,0.2,creep_hold
5544.0,341.3149044606751,27.59258551560556,4968.007415682321,25.0,3.58,-0.0,0.2,creep_hold
5545.0,340.9983571136852,27.569554230643348,4968.05361552291,25.0,3.58,-0.0,0.2,creep_hold
5546.0,339.6663246977241,27.471301829461048,4967.944772432714,25.0,3.58,-0.0,0.2,creep_hold
5547.0,337.35508257786813,27.30051537613838,4967.985711792262,25.0,3.58,-0.0,0.2,creep_hold
5548.0,338.5741626441889,27.39123426993992,4968.052825938299,25.0,3.58,-0.0,0.2,creep_hold
5549.0,339.99367323102587,27.49679986896488,4968.01764544601,25.0,3.58,-0.0,0.2,creep_hold
5550.0,342.0135640437428,27.64683807731428,4968.047278781249,25.0,3.58,-0.0,0.2,creep_hold
5551.0,339.95494968299005,27.4947647913326,4967.967181507828,25.0,3.58,-0.0,0.2,creep_hold
5552.0,340.49498376989135,27.53518398295492,4968.012857505455,25.0,3.58,-0.0,0.2,creep_hold
5553.0,339.86074979324394,27.488620355055104,4968.0169598210905,25.0,3.58,-0.0,0.2,creep_hold
5554.0,337.1903112635945,27.29122676026625,4967.933352502436,25.0,3.58,-0.0,0.2,creep_hold
5555.0,340.43182231830104,27.53175535691119,4967.96901842746,25.0,3.58,-0.0,0.2,creep_hold
5556.0,339.54855304728693,27.466744670169405,4968.003475948745,25.0,3.58,-0.0,0.2,creep_hold
5557.0,338.2684521025414,27.3723390446327,4968.000243256935,25.0,3.58,-0.0,0.2,creep_hold
5558.0,340.44029822115505,27.53363320156704,4967.990893488414,25.0,3.58,-0.0,0.2,creep_hold
5559.0,339.6676097967786,27.476813688650267,4967.824217575137,25.0,3.58,-0.0,0.2,creep_hold
5560.0,342.6397832042982,27.69739134846653,4967.949437471298,25.0,3.58,-0.0,0.2,creep_hold
5561.0,337.4410816505379,27.31271901115096,4967.972289772394,25.0,3.58,-0.0,0.2,creep_hold
5562.0,338.83163958047163,27.416139968923822,4967.851958337117,25.0,3.58,-0.0,0.2,creep_hold
5563.0,339.6569762362457,27.47769268416635,4967.92801849781,25.0,3.58,-0.0,0.2,creep_hold
5564.0,339.1968433510768,27.444025433413096,4967.94277970043,25.0,3.58,-0.0,0.2,creep_hold
5565.0,340.203885535562,27.51903781744904,4967.962955317771,25.0,3.58,-0.0,0.2,creep_hold
5566.0,340.41594943300447,27.53516292096329,4967.896570492128,25.0,3.58,-0.0,0.2,creep_hold
5567.0,339.9787562575088,27.503194907963618,4967.897038496743,25.0,3.58,-0.0,0.2,creep_hold
5568.0,339.5377557988998,27.47094487399258,4967.929306961859,25.0,3.58,-0.0,0.2,creep_hold
5569.0,338.7500613273738,27.41301380202769,4967.873704269051,25.0,3.58,-0.0,0.2,creep_hold
5570.0,339.60003393746194,27.47639140277496,4967.929412595628,25.0,3.58,-0.0,0.2,creep_hold
5571.0,340.2852358065425,27.527563763447592,4967.898478164417,25.0,3.58,-0.0,0.2,creep_hold
5572.0,339.4849250291774,27.46869815030944,4967.89065767366,25.0,3.58,-0.0,0.2,creep_hold
5573.0,337.23753301160644,27.30264133419307,4967.841995667601,25.0,3.58,-0.0,0.2,creep_hold
5574.0,340.99663928185754,27.581510317174637,4967.866497248501,25.0,3.58,-0.0,0.2,creep_hold
5575.0,338.7875230185945,27.418288742118115,4967.847292703807,25.0,3.58,-0.0,0.2,creep_hold
5576.0,340.1378655676764,27.51873078279084,4967.907392087199,25.0,3.58,-0.0,0.2,creep_hold
5577.0,338.73231358936835,27.41503248810136,4967.805843427697,25.0,3.58,-0.0,0.2,creep_hold
5578.0,340.2855401843028,27.530502976615026,4967.779463904334,25.0,3.58,-0.0,0.2,creep_hold
5579.0,338.8489035333064,27.42450211357825,4967.7940912833865,25.0,3.58,-0.0,0.2,creep_hold
5580.0,340.6431035936509,27.557822488418584,4967.896877201232,25.0,3.58,-0.0,0.2,creep_hold
5581.0,340.4320511525915,27.542605640932702,4967.851504496659,25.0,3.58,-0.0,0.2,creep_hold
5582.0,338.4526216937964,27.39639790324418,4967.850150040848,25.0,3.58,-0.0,0.2,creep_hold
5583.0,336.1521890081452,27.226412148751493,4967.789650143007,25.0,3.58,-0.0,0.2,creep_hold
5584.0,339.3908765320799,27.466731594968884,4967.847728270264,25.0,3.58,-0.0,0.2,creep_hold
5585.0,338.0289020204776,27.36626126077612,4967.8201302192,25.0,3.58,-0.0,0.2,creep_hold
5586.0,339.9730227503892,27.5106868703992,4967.726726438676,25.0,3.58,-0.0,0.2,creep_hold
5587.0,339.3420879353992,27.464367624844385,4967.7711471035045,25.0,3.58,-0.0,0.2,creep_hold
5588.0,338.5645412091828,27.407188237717243,4967.802557548692,25.0,3.58,-0.0,0.2,creep_hold
5589.0,337.9624396779465,27.363004790959003,4967.804553166452,25.0,3.58,-0.0,0.2,creep_hold
5590.0,338.0341883505902,27.368736174117792,4967.726651926439,25.0,3.58,-0.0,0.2,creep_hold
5591.0,340.3266872385119,27.538967573223104,4967.694529221091,25.0,3.58,-0.0,0.2,creep_hold
5592.0,339.79615260856303,27.50008537841208,4967.780661499194,25.0,3.58,-0.0,0.2,creep_hold
5593.0,338.588986794987,27.411082355184227,4967.82710442152,25.0,3.58,-0.0,0.2,creep_hold
5594.0,339.10244888585265,27.449533250803903,4967.736754838199,25.0,3.58,-0.0,0.2,creep_hold
5595.0,339.6726750832636,27.492188895056564,4967.77499770839,25.0,3.58,-0.0,0.2,creep_hold
5596.0,338.54161246159464,27.408823145303305,4967.81111036874,25.0,3.58,-0.0,0.2,creep_hold
5597.0,336.89292493147315,27.287114809738757,4967.699169052823,25.0,3.58,-0.0,0.2,creep_hold
5598.0,340.3360212116782,27.542575645309498,4967.720929717744,25.0,3.58,-0.0,0.2,creep_hold
5599.0,338.32503016363955,27.394030012121448,4967.762025152049,25.0,3.58,-0.0,0.2,creep_hold
5600.0,338.00869904939776,27.371014744399837,4967.746397206845,25.0,3.58,-0.0,0.2,creep_hold
5601.0,338.6236091690914,27.416980308821586,4967.703728595786,25.0,3.58,-0.0,0.2,creep_hold
5602.0,337.61364760231726,27.34258500757906,4967.71787427939,25.0,3.58,-0.0,0.2,creep_hold
5603.0,337.4593462145816,27.331571941820865,4967.710832602436,25.0,3.58,-0.0,0.2,creep_hold
5604.0,338.7420889101705,27.427006585938557,4967.615238521482,25.0,3.58,-0.0,0.2,creep_hold
5605.0,337.7832604973894,27.35639892573255,4967.665172606574,25.0,3.58,-0.0,0.2,creep_hold
5606.0,338.8956824383084,27.43921721765248,4967.773867292348,25.0,3.58,-0.0,0.2,creep_hold
5607.0,338.8463442560468,27.43597920415161,4967.699406314483,25.0,3.58,-0.0,0.2,creep_hold
5608.0,340.3971722770539,27.551272020522514,4967.648440349611,25.0,3.58,-0.0,0.2,creep_hold
5609.0,338.1250925475292,27.383386485002163,4967.65403473083,25.0,3.58,-0.0,0.2,creep_hold
5610.0,338.45781561538,27.40844930484296,4967.709657111537,25.0,3.58,-0.0,0.2,creep_hold
5611.0,337.7992367741296,27.36008235363923,4967.68803500964,25.0,3.58,-0.0,0.2,creep_hold
5612.0,339.5104273864151,27.48725388047519,4967.656475080766,25.0,3.58,-0.0,0.2,creep_hold
5613.0,338.78027980991226,27.433585541474983,4967.684763614333,25.0,3.58,-0.0,0.2,creep_hold
5614.0,338.6506632273212,27.424400979801568,4967.638461513378,25.0,3.58,-0.0,0.2,creep_hold
5615.0,340.13409391042734,27.5347014007724,4967.694843436998,25.0,3.58,-0.0,0.2,creep_hold
5616.0,338.50606002807405,27.41452296504252,4967.682031026105,25.0,3.58,-0.0,0.2,creep_hold
5617.0,338.46282226318993,27.411736834310364,4967.625153805038,25.0,3.58,-0.0,0.2,creep_hold
5618.0,336.8542406443804,27.29299930699114,4967.7042921554,25.0,3.58,-0.0,0.2,creep_hold
5619.0,336.39308506469337,27.2592563010884,4967.579577995932,25.0,3.58,-0.0,0.2,creep_hold
5620.0,337.601525398666,27.34918706656785,4967.664772633426,25.0,3.58,-0.0,0.2,creep_hold
5621.0,338.19094851375144,27.39326470472233,4967.691408122832,25.0,3.58,-0.0,0.2,creep_hold
5622.0,336.9706007569516,27.30328524125568,4967.587128109623,25.0,3.58,-0.0,0.2,creep_hold
5623.0,337.0823711150566,27.3119811937079,4967.559140468444,25.0,3.58,-0.0,0.2,creep_hold
5624.0,338.7719207238643,27.43754968324921,4967.528139677827,25.0,3.58,-0.0,0.2,creep_hold
5625.0,337.42126247941826,27.33791759106802,4967.538316533381,25.0,3.58,-0.0,0.2,creep_hold
5626.0,337.3782635255069,27.33514915003755,4967.564213725488,25.0,3.58,-0.0,0.2,creep_hold
5627.0,337.59676514299,27.351751121702964,4967.534513311564,25.0,3.58,-0.0,0.2,creep_hold
5628.0,336.81791152442355,27.29447492773508,4967.546397580488,25.0,3.58,-0.0,0.2,creep_hold
5629.0,338.7509864881478,27.438082332455394,4967.648275611975,25.0,3.58,-0.0,0.2,creep_hold
5630.0,339.2950652974459,27.478801133144135,4967.527169408076,25.0,3.58,-0.0,0.2,creep_hold
5631.0,338.87934703147687,27.44842385418347,4967.573707782627,25.0,3.58,-0.0,0.2,creep_hold
5632.0,339.3531522885409,27.48393720655859,4967.604423100835,25.0,3.58,-0.0,0.2,creep_hold
5633.0,335.81455505657254,27.222235559746117,4967.54210214963,25.0,3.58,-0.0,0.2,creep_hold
5634.0,338.67063199836,27.434213481360004,4967.520714906198,25.0,3.58,-0.0,0.2,creep_hold
5635.0,337.6070630162731,27.355847260464675,4967.584771864598,25.0,3.58,-0.0,0.2,creep_hold
5636.0,339.0950706418874,27.46648671421388,4967.601053326401,25.0,3.58,-0.0,0.2,creep_hold
5637.0,337.04439701837487,27.31500163099073,4967.498032060102,25.0,3.58,-0.0,0.2,creep_hold
5638.0,338.4828931776776,27.421973568716854,4967.485528270785,25.0,3.58,-0.0,0.2,creep_hold
5639.0,339.42931039917664,27.492495214753824,4967.623138061636,25.0,3.58,-0.0,0.2,creep_hold
5640.0,338.23987737997834,27.40480573185025,4967.52670426354,25.0,3.58,-0.0,0.2,creep_hold
5641.0,337.737105509195,27.367980037718148,4967.599973165203,25.0,3.58,-0.0,0.2,creep_hold
5642.0,337.4227080924378,27.345108006847244,4967.48363680372,25.0,3.58,-0.0,0.2,creep_hold
5643.0,338.0901499225511,27.394964809077862,4967.50919920232,25.0,3.58,-0.0,0.2,creep_hold
5644.0,337.3514446796229,27.34066256886096,4967.450391168694,25.0,3.58,-0.0,0.2,creep_hold
5645.0,336.35159547660925,27.267016331600683,4967.446496521204,25.0,3.58,-0.0,0.2,creep_hold
5646.0,338.119026086991,27.39835378422156,4967.4755371575,25.0,3.58,-0.0,0.2,creep_hold
5647.0,339.1387623536248,27.47430647063887,4967.431463258789,25.0,3.58,-0.0,0.2,creep_hold
5648.0,337.84835146355465,27.37913714544849,4967.532969227025,25.0,3.58,-0.0,0.2,creep_hold
5649.0,338.50880781836986,27.42847650506443,4967.567904856908,25.0,3.58,-0.0,0.2,creep_hold
5650.0,338.6288968725028,27.437788657222438,4967.466874979487,25.0,3.58,-0.0,0.2,creep_hold
5651.0,337.4260030995764,27.349102081450106,4967.457911344466,25.0,3.58,-0.0,0.2,creep_hold
5652.0,337.294233033708,27.33975800249689,4967.484747148414,25.0,3.58,-0.0,0.2,creep_hold
5653.0,336.5287889722269,27.283475109053843,4967.404948110431,25.0,3.58,-0.0,0.2,creep_hold
5654.0,337.5448444306563,27.35915514301158,4967.41350526976,25.0,3.58,-0.0,0.2,creep_hold
5655.0,337.79238922119777,27.377908460829463,4967.490381172527,25.0,3.58,-0.0,0.2,creep_hold
5656.0,336.3260861487784,27.26971008509469,4967.383651149793,25.0,3.58,-0.0,0.2,creep_hold
5657.0,336.94858771787926,27.31623797910217,4967.509025011638,25.0,3.58,-0.0,0.2,creep_hold
5658.0,338.27155643072786,27.414652328202067,4967.445970980732,25.0,3.58,-0.0,0.2,creep_hold
5659.0,336.5282950310325,27.285938520817226,4967.341712923002,25.0,3.58,-0.0,0.2,creep_hold
5660.0,337.9088321678384,27.388617197617663,4967.500855113128,25.0,3.58,-0.0,0.2,creep_hold
5661.0,337.5153807865956,27.3598893175256,4967.430968610346,25.0,3.58,-0.0,0.2,creep_hold
5662.0,336.81016553340754,27.308067817289448,4967.342459242722,25.0,3.58,-0.0,0.2,creep_hold
5663.0,337.987180306495,27.39567076344408,4967.370213892913,25.0,3.58,-0.0,0.2,creep_hold
5664.0,337.687264452242,27.37387144090681,4967.367391683541,25.0,3.58,-0.0,0.2,creep_hold
5665.0,336.9883173708527,27.32251424969279,4967.23680866427,25.0,3.58,-0.0,0.2,creep_hold
5666.0,337.12074778571804,27.332740576719853,4967.471849124584,25.0,3.58,-0.0,0.2,creep_hold
5667.0,337.39161369003574,27.353221384447096,4967.370157037474,25.0,3.58,-0.0,0.2,creep_hold
5668.0,337.47119462729705,27.35953293535534,4967.444023557595,25.0,3.58,-0.0,0.2,creep_hold
5669.0,337.38708170963343,27.3537190155284,4967.351187021575,25.0,3.58,-0.0,0.2,creep_hold
5670.0,337.63660461850924,27.372618860630315,4967.359711376522,25.0,3.58,-0.0,0.2,creep_hold
5671.0,336.4040169546107,27.28173273737857,4967.3478102702775,25.0,3.58,-0.0,0.2,creep_hold
5672.0,338.3496140626537,27.42626770834472,4967.364710917988,25.0,3.58,-0.0,0.2,creep_hold
5673.0,336.75318273956606,27.30843020293082,4967.401479072357,25.0,3.58,-0.0,0.2,creep_hold
5674.0,336.65263319537013,27.3013987552126,4967.317591363677,25.0,3.58,-0.0,0.2,creep_hold
5675.0,338.1138264148293,27.41005195665402,4967.330236905797,25.0,3.58,-0.0,0.2,creep_hold
5676.0,337.783654034263,27.38601140994541,4967.245654681135,25.0,3.58,-0.0,0.2,creep_hold
5677.0,334.90033038888896,27.17284854732511,4967.2359336663285,25.0,3.58,-0.0,0.2,creep_hold
5678.0,336.73108248123395,27.308876480091406,4967.39057535391,25.0,3.58,-0.0,0.2,creep_hold
5679.0,337.47789901308994,27.36461288985852,4967.312343599999,25.0,3.58,-0.0,0.2,creep_hold
5680.0,337.2305364459248,27.34670640340184,4967.230698788307,25.0,3.58,-0.0,0.2,creep_hold
5681.0,334.99253820762766,27.18134542278723,4967.340864852066,25.0,3.58,-0.0,0.2,creep_hold
5682.0,335.93494104970546,27.25156970738559,4967.33036958604,25.0,3.58,-0.0,0.2,creep_hold
5683.0,335.8410248196675,27.24502961627167,4967.308326646516,25.0,3.58,-0.0,0.2,creep_hold
5684.0,337.2185644668221,27.34748625680164,4967.268851542652,25.0,3.58,-0.0,0.2,creep_hold
5685.0,337.4353359873937,27.363960073140277,4967.2633655197815,25.0,3.58,-0.0,0.2,creep_hold
5686.0,336.9053232461274,27.32511653675018,4967.27569419373,25.0,3.58,-0.0,0.2,creep_hold
5687.0,336.4854162036945,27.29442897805145,4967.43605151801,25.0,3.58,-0.0,0.2,creep_hold
5688.0,335.6860824453964,27.23563573669603,4967.250493662991,25.0,3.58,-0.0,0.2,creep_hold
5689.0,337.5440913373031,27.37368269165208,4967.236943327377,25.0,3.58,-0.0,0.2,creep_hold
5690.0,334.24601971911824,27.12979775697172,4967.314315512791,25.0,3.58,-0.0,0.2,creep_hold
5691.0,336.96747336440114,27.331803582548236,4967.337539480913,25.0,3.58,-0.0,0.2,creep_hold
5692.0,337.002866202113,27.33484194089726,4967.282327132331,25.0,3.58,-0.0,0.2,creep_hold
5693.0,336.68376630274383,27.311621577981025,4967.235967242932,25.0,3.58,-0.0,0.2,creep_hold
5694.0,336.3475360497036,27.287132299978044,4967.245065117957,25.0,3.58,-0.0,0.2,creep_hold
5695.0,336.4708101146717,27.29668037886457,4967.2203986945,25.0,3.58,-0.0,0.2,creep_hold
5696.0,336.972655306259,27.334270763426595,4967.203841186717,25.0,3.58,-0.0,0.2,creep_hold
5697.0,335.6176564672303,27.23431714572076,4967.267892747145,25.0,3.58,-0.0,0.2,creep_hold
5698.0,336.9883873473767,27.336269433139016,4967.288991517266,25.0,3.58,-0.0,0.2,creep_hold
5699.0,336.23502088580847,27.280881176726552,4967.218388912015,25.0,3.58,-0.0,0.2,creep_hold
5700.0,336.3036140984348,27.28637882210628,4967.264993156887,25.0,3.58,-0.0,0.2,creep_hold
5701.0,333.5226524090842,27.080798326598828,4967.249299405656,25.0,3.58,-0.0,0.2,creep_hold
5702.0,334.82600550921995,27.177759667349623,4967.210729350073,25.0,3.58,-0.0,0.2,creep_hold
5703.0,335.9087098422496,27.25837665498145,4967.276476672686,25.0,3.58,-0.0,0.2,creep_hold
5704.0,335.4468529519253,27.22458170014261,4967.258491352311,25.0,3.58,-0.0,0.2,creep_hold
5705.0,336.9916088158158,27.339424727097462,4967.155015636331,25.0,3.58,-0.0,0.2,creep_hold
5706.0,334.5680771090139,27.160320526593623,4967.245734030741,25.0,3.58,-0.0,0.2,creep_hold
5707.0,337.2401383406447,27.35866765486257,4967.211194948152,25.0,3.58,-0.0,0.2,creep_hold
5708.0,336.81641645092185,27.327697514883106,4967.220693072069,25.0,3.58,-0.0,0.2,creep_hold
5709.0,336.2045522216938,27.28279090531065,4967.105607123879,25.0,3.58,-0.0,0.2,creep_hold
5710.0,335.4728317900083,27.229006058519133,4967.115235022568,25.0,3.58,-0.0,0.2,creep_hold
5711.0,334.77253773260804,27.1775490913043,4967.137431046721,25.0,3.58,-0.0,0.2,creep_hold
5712.0,334.700259108073,27.172611785783182,4967.212901217209,25.0,3.58,-0.0,0.2,creep_hold
5713.0,335.1708949057153,27.20789036338632,4967.212851421258,25.0,3.58,-0.0,0.2,creep_hold
5714.0,335.8531631488444,27.25884541843292,4967.087707178736,25.0,3.58,-0.0,0.2,creep_hold
5715.0,336.5105810821396,27.30795970978812,4967.200675425852,25.0,3.58,-0.0,0.2,creep_hold
5716.0,336.52803446450866,27.30966921959324,4967.185482617324,25.0,3.58,-0.0,0.2,creep_hold
5717.0,336.8742750254549,27.335733335218883,4967.141584699861,25.0,3.58,-0.0,0.2,creep_hold
5718.0,336.7975828933388,27.33046910321028,4967.28311824825,25.0,3.58,-0.0,0.2,creep_hold
5719.0,335.0549032730915,27.20179839059937,4967.07527355915,25.0,3.58,-0.0,0.2,creep_hold
5720.0,335.1930052392309,27.21244483253562,4967.090819682235,25.0,3.58,-0.0,0.2,creep_hold
5721.0,336.7755584843683,27.330087665508763,4967.108508685004,25.0,3.58,-0.0,0.2,creep_hold
5722.0,334.8754072535993,27.189752389155508,4967.142921676111,25.0,3.58,-0.0,0.2,creep_hold
5723.0,336.6783346583689,27.323719233953256,4967.0318879903225,25.0,3.58,-0.0,0.2,creep_hold
5724.0,335.6888500962247,27.25084074786849,4967.053094459907,25.0,3.58,-0.0,0.2,creep_hold
5725.0,334.23709008762035,27.143719636120025,4967.124112083814,25.0,3.58,-0.0,0.2,creep_hold
5726.0,336.0361315729218,27.277398635031247,4967.026999829399,25.0,3.58,-0.0,0.2,creep_hold
5727.0,335.7938257432743,27.259866721724023,4967.082844243437,25.0,3.58,-0.0,0.2,creep_hold
5728.0,334.741270811034,27.182316356372887,4967.151762623665,25.0,3.58,-0.0,0.2,creep_hold
5729.0,333.1315496329288,27.063494417253985,4967.020712521166,25.0,3.58,-0.0,0.2,creep_hold
5730.0,335.78134131702154,27.260191949409,4967.028203512937,25.0,3.58,-0.0,0.2,creep_hold
5731.0,335.9223078173242,27.27105057906105,4967.106639657369,25.0,3.58,-0.0,0.2,creep_hold
5732.0,336.2804313285014,27.29799491322232,4967.146563254426,25.0,3.58,-0.0,0.2,creep_hold
5733.0,335.85651835857783,27.267010619153915,4967.135015935579,25.0,3.58,-0.0,0.2,creep_hold
5734.0,334.6989153551829,27.18167891519873,4967.023293533149,25.0,3.58,-0.0,0.2,creep_hold
5735.0,333.7216252260682,27.109703720449502,4967.134668585725,25.0,3.58,-0.0,0.2,creep_hold
5736.0,335.23832945651225,27.222468848630538,4967.100443627442,25.0,3.58,-0.0,0.2,creep_hold
5737.0,336.3109263535139,27.302337137297325,4967.0260601947175,25.0,3.58,-0.0,0.2,creep_hold
5738.0,335.22398757582226,27.22223982043128,4967.04805303489,25.0,3.58,-0.0,0.2,creep_hold
5739.0,334.0799578948069,27.137913547763475,4967.060567632204,25.0,3.58,-0.0,0.2,creep_hold
5740.0,333.60193441472313,27.10292106775727,4966.998132496716,25.0,3.58,-0.0,0.2,creep_hold
5741.0,332.62420021385424,27.03091297880401,4967.067479254079,25.0,3.58,-0.0,0.2,creep_hold
5742.0,335.4216208044901,27.23854598551778,4967.023535355679,25.0,3.58,-0.0,0.2,creep_hold
5743.0,335.65889752158193,27.256538705302365,4967.062497310832,25.0,3.58,-0.0,0.2,creep_hold
5744.0,333.0213721164362,27.061583119736017,4967.051335822833,25.0,3.58,-0.0,0.2,creep_hold
5745.0,334.55238294318366,27.17540799579138,4967.01556684666,25.0,3.58,-0.0,0.2,creep_hold
5746.0,336.5562863920257,27.32426195496487,4967.021472719228,25.0,3.58,-0.0,0.2,creep_hold
5747.0,332.9877529571666,27.060342811641974,4967.080910610865,25.0,3.58,-0.0,0.2,creep_hold
5748.0,336.58665090468656,27.327344511458264,4967.027353928547,25.0,3.58,-0.0,0.2,creep_hold
5749.0,336.23560759577333,27.301757970057285,4966.9909473562775,25.0,3.58,-0.0,0.2,creep_hold
5750.0,335.9143317970763,27.278376429413058,4967.031843284366,25.0,3.58,-0.0,0.2,creep_hold
5751.0,335.53129647522263,27.25042010927575,4966.956516463254,25.0,3.58,-0.0,0.2,creep_hold
5752.0,335.51874606196446,27.24990711570107,4967.018128962232,25.0,3.58,-0.0,0.2,creep_hold
5753.0,335.6297690955218,27.2585477107794,4967.050254288959,25.0,3.58,-0.0,0.2,creep_hold
5754.0,336.62084026197084,27.332377056442287,4967.061159420922,25.0,3.58,-0.0,0.2,creep_hold
5755.0,333.8424653775008,27.126988176111173,4966.973797653636,25.0,3.58,-0.0,0.2,creep_hold
5756.0,333.161461099659,27.076960081456225,4966.990475589492,25.0,3.58,-0.0,0.2,creep_hold
5757.0,332.922606016909,27.05968377903029,4967.007992057351,25.0,3.58,-0.0,0.2,creep_hold
5758.0,335.1107552627452,27.22218557501816,4966.845831319788,25.0,3.58,-0.0,0.2,creep_hold
5759.0,335.88513579864235,27.2799637628624,4966.863173409419,25.0,3.58,-0.0,0.2,creep_hold
5760.0,334.12028392445114,27.149650661070456,4966.928961196397,25.0,3.58,-0.0,0.2,creep_hold
5761.0,335.2436899235081,27.233282586926528,4966.936867425829,25.0,3.58,-0.0,0.2,creep_hold
5762.0,335.0108923980939,27.216454992451403,4967.023427255134,25.0,3.58,-0.0,0.2,creep_hold
5763.0,335.9413748205075,27.28579628300056,4967.035508420085,25.0,3.58,-0.0,0.2,creep_hold
5764.0,335.4887603151542,27.25268594927068,4966.945542769654,25.0,3.58,-0.0,0.2,creep_hold
5765.0,335.1534228501922,27.228262803717943,4966.936232457048,25.0,3.58,-0.0,0.2,creep_hold
5766.0,334.04415251225174,27.146511297203837,4966.904849354032,25.0,3.58,-0.0,0.2,creep_hold
5767.0,334.3074280379752,27.166429854664827,4966.93290056055,25.0,3.58,-0.0,0.2,creep_hold
5768.0,335.55538969104754,27.25928812526278,4966.871823478963,25.0,3.58,-0.0,0.2,creep_hold
5769.0,334.8102137272245,27.204506572387,4966.907763471116,25.0,3.58,-0.0,0.2,creep_hold
5770.0,335.936716154122,27.2883678632683,4966.929646949702,25.0,3.58,-0.0,0.2,creep_hold
5771.0,333.97237866221093,27.143278049052665,4966.857754676827,25.0,3.58,-0.0,0.2,creep_hold
5772.0,335.5316281515932,27.259194677895795,4966.888454868009,25.0,3.58,-0.0,0.2,creep_hold
5773.0,334.3696240336583,27.17353696545617,4966.870112106028,25.0,3.58,-0.0,0.2,creep_hold
5774.0,334.95050579474207,27.21698191072164,4966.892372599015,25.0,3.58,-0.0,0.2,creep_hold
5775.0,332.7933255645217,27.057607449223838,4966.905065404861,25.0,3.58,-0.0,0.2,creep_hold
5776.0,335.1722387250475,27.234239905559075,4966.925116191489,25.0,3.58,-0.0,0.2,creep_hold
5777.0,333.5638961667486,27.115520086425818,4966.913306996803,25.0,3.58,-0.0,0.2,creep_hold
5778.0,335.62682980074425,27.26874665190698,4966.840148925799,25.0,3.58,-0.0,0.2,creep_hold
5779.0,335.2800301145609,27.243474452930435,4966.880896491655,25.0,3.58,-0.0,0.2,creep_hold
5780.0,333.7703521451102,27.13206312186002,4966.884729028894,25.0,3.58,-0.0,0.2,creep_hold
5781.0,335.8526206201022,27.28672189778535,4966.882334463148,25.0,3.58,-0.0,0.2,creep_hold
5782.0,335.87100082929874,27.288500061429534,4966.883346806984,25.0,3.58,-0.0,0.2,creep_hold
5783.0,336.0821756803374,27.304559309654625,4966.833027098486,25.0,3.58,-0.0,0.2,creep_hold
5784.0,335.55765509249915,27.26612259944438,4966.853585667499,25.0,3.58,-0.0,0.2,creep_hold
5785.0,333.9491745321416,27.147392557936417,4966.7576956958455,25.0,3.58,-0.0,0.2,creep_hold
5786.0,335.7323769976649,27.279898296123328,4966.871482979071,25.0,3.58,-0.0,0.2,creep_hold
5787.0,333.03054430730674,27.08017920794865,4966.860867692782,25.0,3.58,-0.0,0.2,creep_hold
5788.0,333.93037593802507,27.147250069483334,4966.8381174200695,25.0,3.58,-0.0,0.2,creep_hold
5789.0,334.5682249207806,27.194914808946717,4966.880836885792,25.0,3.58,-0.0,0.2,creep_hold
5790.0,332.60924759522527,27.050222044090763,4966.803639379215,25.0,3.58,-0.0,0.2,creep_hold
5791.0,335.3887789786658,27.256529924345617,4966.81563480351,25.0,3.58,-0.0,0.2,creep_hold
5792.0,334.7925367711734,27.2127805015684,4966.878235094469,25.0,3.58,-0.0,0.2,creep_hold
5793.0,334.019978134933,27.15597060258763,4966.870885977963,25.0,3.58,-0.0,0.2,creep_hold
5794.0,331.9987270151571,27.00666496408571,4966.8411673619,25.0,3.58,-0.0,0.2,creep_hold
5795.0,333.44093326926736,27.11391172364944,4966.792215905827,25.0,3.58,-0.0,0.2,creep_hold
5796.0,334.8857901757948,27.22135482783665,4966.8658208362,25.0,3.58,-0.0,0.2,creep_hold
5797.0,334.7106854234493,27.20880077210736,4966.835811518775,25.0,3.58,-0.0,0.2,creep_hold
5798.0,333.1445694438811,27.093208847694896,4966.723294119138,25.0,3.58,-0.0,0.2,creep_hold
5799.0,332.7272437396176,27.062712499230933,4966.675274446303,25.0,3.58,-0.0,0.2,creep_hold
5800.0,334.0232723214415,27.159131283069744,4966.787027650946,25.0,3.58,-0.0,0.2,creep_hold
5801.0,332.81702035255927,27.07019595204143,4966.878665045807,25.0,3.58,-0.0,0.2,creep_hold
5802.0,332.337012989805,27.035056517763334,4966.814928800329,25.0,3.58,-0.0,0.2,creep_hold
5803.0,335.3713677582,27.26024020431111,4966.643996206989,25.0,3.58,-0.0,0.2,creep_hold
5804.0,333.9128368428306,27.152617543913376,4966.724862423688,25.0,3.58,-0.0,0.2,creep_hold
5805.0,334.25013805812034,27.17801948578669,4966.745604433315,25.0,3.58,-0.0,0.2,creep_hold
5806.0,333.6162791928377,27.131483643913903,4966.6896361348045,25.0,3.58,-0.0,0.2,creep_hold
5807.0,334.7948201981957,27.219199644310788,4966.834454683367,25.0,3.58,-0.0,0.2,creep_hold
5808.0,334.78340918102424,27.218771050446243,4966.757736971889,25.0,3.58,-0.0,0.2,creep_hold
5809.0,333.6404292752725,27.134522538909074,4966.74884863864,25.0,3.58,-0.0,0.2,creep_hold
5810.0,333.34578683492566,27.113113839624123,4966.78385384363,25.0,3.58,-0.0,0.2,creep_hold
5811.0,333.35325672049146,27.11408383114752,4966.749590541182,25.0,3.58,-0.0,0.2,creep_hold
5812.0,334.63065103791405,27.209122299104745,4966.679662045494,25.0,3.58,-0.0,0.2,creep_hold
5813.0,333.8474995716901,27.15152774605112,4966.709040798311,25.0,3.58,-0.0,0.2,creep_hold
5814.0,332.50392261175864,27.052420193463604,4966.73047193457,25.0,3.58,-0.0,0.2,creep_hold
5815.0,334.99691931070305,27.2375032822743,4966.736036648372,25.0,3.58,-0.0,0.2,creep_hold
5816.0,333.6765273315012,27.140113135666752,4966.682102306173,25.0,3.58,-0.0,0.2,creep_hold
5817.0,334.12519904823984,27.173764744314063,4966.77727565821,25.0,3.58,-0.0,0.2,creep_hold
5818.0,335.0292572335949,27.241148683969996,4966.823120915687,25.0,3.58,-0.0,0.2,creep_hold
5819.0,334.0950199859183,27.172362591549504,4966.706797871467,25.0,3.58,-0.0,0.2,creep_hold
5820.0,334.3844552995185,27.19421891107545,4966.704014385484,25.0,3.58,-0.0,0.2,creep_hold
5821.0,333.46478588116094,27.126511917123032,4966.70142935519,25.0,3.58,-0.0,0.2,creep_hold
5822.0,334.1246206865595,27.175805236041445,4966.723218407378,25.0,3.58,-0.0,0.2,creep_hold
5823.0,334.4063520542499,27.1970908929074,4966.703852925444,25.0,3.58,-0.0,0.2,creep_hold
5824.0,333.8802648447326,27.158538136646857,4966.553863008516,25.0,3.58,-0.0,0.2,creep_hold
5825.0,333.3773822070107,27.12170423755635,4966.791544454601,25.0,3.58,-0.0,0.2,creep_hold
5826.0,333.2753678880606,27.114564288004487,4966.694289354049,25.0,3.58,-0.0,0.2,creep_hold
5827.0,333.1557218955516,27.10611828855938,4966.521808086192,25.0,3.58,-0.0,0.2,creep_hold
5828.0,333.6522128626798,27.143312063902208,4966.5823915223455,25.0,3.58,-0.0,0.2,creep_hold
5829.0,332.9047766761753,27.088363087124097,4966.570244728553,25.0,3.58,-0.0,0.2,creep_hold
5830.0,333.91525621625937,27.163630090093285,4966.761835447246,25.0,3.58,-0.0,0.2,creep_hold
5831.0,332.88513265257865,27.08774130759842,4966.614521757689,25.0,3.58,-0.0,0.2,creep_hold
5832.0,334.3081790971333,27.193568822009876,4966.640143563815,25.0,3.58,-0.0,0.2,creep_hold
5833.0,333.41510896297774,27.12783214540576,4966.672658474444,25.0,3.58,-0.0,0.2,creep_hold
5834.0,332.63678418853607,27.070595125076743,4966.584212865943,25.0,3.58,-0.0,0.2,creep_hold
5835.0,333.6839871480822,27.148582381339423,4966.642990594199,25.0,3.58,-0.0,0.2,creep_hold
5836.0,332.16129394128006,27.03620695861334,4966.595452841491,25.0,3.58,-0.0,0.2,creep_hold
5837.0,336.18252979063146,27.334492947454184,4966.632588267949,25.0,3.58,-0.0,0.2,creep_hold
5838.0,332.50894304657686,27.06279207752421,4966.623211308071,25.0,3.58,-0.0,0.2,creep_hold
5839.0,333.03561412909875,27.10222141697028,4966.676644343996,25.0,3.58,-0.0,0.2,creep_hold
5840.0,334.54361434780856,27.214341803541377,4966.553780084962,25.0,3.58,-0.0,0.2,creep_hold
5841.0,332.5805829372275,27.069348736090927,4966.662897820378,25.0,3.58,-0.0,0.2,creep_hold
5842.0,332.2029119611487,27.041789774899904,4966.636109355572,25.0,3.58,-0.0,0.2,creep_hold
5843.0,332.12377909995223,27.03634474814461,4966.649874986863,25.0,3.58,-0.0,0.2,creep_hold
5844.0,334.18536416412536,27.18947141956484,4966.583261898427,25.0,3.58,-0.0,0.2,creep_hold
5845.0,331.9329577954473,27.023043170033134,4966.569543995524,25.0,3.58,-0.0,0.2,creep_hold
5846.0,334.69563634101297,27.228102691926885,4966.5936355084505,25.0,3.58,-0.0,0.2,creep_hold
5847.0,333.61807567427286,27.14870004994614,4966.568425874451,25.0,3.58,-0.0,0.2,creep_hold
5848.0,332.86267303351474,27.093160965445534,4966.616954081277,25.0,3.58,-0.0,0.2,creep_hold
5849.0,334.08615198470665,27.18420570257086,4966.522762343265,25.0,3.58,-0.0,0.2,creep_hold
5850.0,332.94285726823574,27.099933871721166,4966.617949156081,25.0,3.58,-0.0,0.2,creep_hold
5851.0,332.64673739750543,27.07841573314855,4966.587694683644,25.0,3.58,-0.0,0.2,creep_hold
5852.0,331.65566060722404,27.005419304238817,4966.49513024827,25.0,3.58,-0.0,0.2,creep_hold
5853.0,331.4638679094956,26.99162910440708,4966.605324950147,25.0,3.58,-0.0,0.2,creep_hold
5854.0,333.098836753082,27.113154574302367,4966.617078836574,25.0,3.58,-0.0,0.2,creep_hold
5855.0,330.8356300395786,26.94592629922804,4966.558955369966,25.0,3.58,-0.0,0.2,creep_hold
5856.0,331.2655104096821,26.978185956272757,4966.497735012951,25.0,3.58,-0.0,0.2,creep_hold
5857.0,331.26773135344445,26.978767137292184,4966.477422828471,25.0,3.58,-0.0,0.2,creep_hold
5858.0,332.69638209571923,27.08500978486809,4966.526183859917,25.0,3.58,-0.0,0.2,creep_hold
5859.0,331.36349294539343,26.986693921880995,4966.551232732239,25.0,3.58,-0.0,0.2,creep_hold
5860.0,332.52253050327107,27.072965222464525,4966.537114405884,25.0,3.58,-0.0,0.2,creep_hold
5861.0,335.17609153922814,27.269941965868757,4966.527725555575,25.0,3.58,-0.0,0.2,creep_hold
5862.0,332.67809702320324,27.08532200171876,4966.461598623323,25.0,3.58,-0.0,0.2,creep_hold
5863.0,334.36555349715667,27.210735444233823,4966.497957111975,25.0,3.58,-0.0,0.2,creep_hold
5864.0,332.755581906194,27.091894956014364,4966.4810077937245,25.0,3.58,-0.0,0.2,creep_hold
5865.0,331.49199353996295,26.998712484441704,4966.464096277825,25.0,3.58,-0.0,0.2,creep_hold
5866.0,332.0002362537429,27.036776759536515,4966.481877590042,25.0,3.58,-0.0,0.2,creep_hold
5867.0,331.88170185047625,27.02841310003528,4966.634568012119,25.0,3.58,-0.0,0.2,creep_hold
5868.0,332.94006910176387,27.1072273408714,4966.412342162417,25.0,3.58,-0.0,0.2,creep_hold
5869.0,333.16096532842136,27.12400669099417,4966.506569244894,25.0,3.58,-0.0,0.2,creep_hold
5870.0,332.6371515287374,27.085622335462027,4966.500495444757,25.0,3.58,-0.0,0.2,creep_hold
5871.0,332.0477817196348,27.04238197923221,4966.428816739618,25.0,3.58,-0.0,0.2,creep_hold
5872.0,331.6435535009608,27.01285581488598,4966.571601059627,25.0,3.58,-0.0,0.2,creep_hold
5873.0,331.99032307021207,27.038959116312007,4966.466923748507,25.0,3.58,-0.0,0.2,creep_hold
5874.0,331.4971524131233,27.002844623194317,4966.44885611561,25.0,3.58,-0.0,0.2,creep_hold
5875.0,331.57168533001465,27.008782246667757,4966.456396201565,25.0,3.58,-0.0,0.2,creep_hold
5876.0,334.78891851022297,27.24751248223874,4966.480580574554,25.0,3.58,-0.0,0.2,creep_hold
5877.0,333.197481805296,27.130044948540444,4966.463205243886,25.0,3.58,-0.0,0.2,creep_hold
5878.0,331.2561693383664,26.986660691730847,4966.389121424333,25.0,3.58,-0.0,0.2,creep_hold
5879.0,332.2882435458543,27.06352729969291,4966.507845166005,25.0,3.58,-0.0,0.2,creep_hold
5880.0,332.5836376131776,27.085825008383527,4966.45959477693,25.0,3.58,-0.0,0.2,creep_hold
5881.0,332.1896394944446,27.057056629218117,4966.524666970831,25.0,3.58,-0.0,0.2,creep_hold
5882.0,331.5379520725915,27.009200153525292,4966.515413597306,25.0,3.58,-0.0,0.2,creep_hold
5883.0,332.5416780522243,27.08396689275736,4966.412321592965,25.0,3.58,-0.0,0.2,creep_hold
5884.0,332.2999563345254,27.06647824700188,4966.39279048108,25.0,3.58,-0.0,0.2,creep_hold
5885.0,332.62900234516235,27.091268692234248,4966.492466606983,25.0,3.58,-0.0,0.2,creep_hold
5886.0,333.2378737111666,27.136786941567895,4966.410363986525,25.0,3.58,-0.0,0.2,creep_hold
5887.0,331.5652241970291,27.013303644224383,4966.391561176778,25.0,3.58,-0.0,0.2,creep_hold
5888.0,332.2822425722276,27.066832783127968,4966.387168850257,25.0,3.58,-0.0,0.2,creep_hold
5889.0,331.59540794019154,27.01637281038456,4966.396154415859,25.0,3.58,-0.0,0.2,creep_hold
5890.0,331.1966528741409,26.98725206475118,4966.352040418105,25.0,3.58,-0.0,0.2,creep_hold
5891.0,331.49752948700973,27.009955887926644,4966.372797690956,25.0,3.58,-0.0,0.2,creep_hold
5892.0,332.21869921642394,27.06379253454992,4966.43755621554,25.0,3.58,-0.0,0.2,creep_hold
5893.0,331.4331952449325,27.00602372184685,4966.47636499975,25.0,3.58,-0.0,0.2,creep_hold
5894.0,331.02659639164136,26.9763219549364,4966.359357803223,25.0,3.58,-0.0,0.2,creep_hold
5895.0,331.2334385357561,26.992060261907856,4966.439534494353,25.0,3.58,-0.0,0.2,creep_hold
5896.0,332.08387069598257,27.055471903406115,4966.4207304451165,25.0,3.58,-0.0,0.2,creep_hold
5897.0,333.3291854926332,27.148134110565422,4966.381738999787,25.0,3.58,-0.0,0.2,creep_hold
5898.0,333.1825609134554,27.137689697292995,4966.469314175855,25.0,3.58,-0.0,0.2,creep_hold
5899.0,330.3302561885294,26.926824532483657,4966.467187130482,25.0,3.58,-0.0,0.2,creep_hold
5900.0,331.5675633858873,27.0188935841398,4966.416415711797,25.0,3.58,-0.0,0.2,creep_hold
5901.0,332.4309688683321,27.08326621246905,4966.311407525898,25.0,3.58,-0.0,0.2,creep_hold
5902.0,331.4288978981146,27.009455399860336,4966.3224149811285,25.0,3.58,-0.0,0.2,creep_hold
5903.0,331.6708834031576,27.02779691875241,4966.441495602026,25.0,3.58,-0.0,0.2,creep_hold
5904.0,330.87644093519395,26.96936599519956,4966.365485148034,25.0,3.58,-0.0,0.2,creep_hold
5905.0,331.9417635719697,27.048695449775536,4966.388267783698,25.0,3.58,-0.0,0.2,creep_hold
5906.0,331.6349623257907,27.02638609820672,4966.462030297586,25.0,3.58,-0.0,0.2,creep_hold
5907.0,330.89598681869614,26.97206383842194,4966.4103582498055,25.0,3.58,-0.0,0.2,creep_hold
5908.0,332.24803489098343,27.07263221414692,4966.367210276343,25.0,3.58,-0.0,0.2,creep_hold
5909.0,332.73630243597137,27.10921684710899,4966.41510883384,25.0,3.58,-0.0,0.2,creep_hold
5910.0,332.175326082142,27.068079709788293,4966.39740765858,25.0,3.58,-0.0,0.2,creep_hold
5911.0,330.55079128531406,26.948160465578823,4966.345882704641,25.0,3.58,-0.0,0.2,creep_hold
5912.0,331.92724421383946,27.05053660843255,4966.273997530684,25.0,3.58,-0.0,0.2,creep_hold
5913.0,332.41505144748453,27.087087144258117,4966.4230659018,25.0,3.58,-0.0,0.2,creep_hold
5914.0,332.7255598080394,27.110504430225145,4966.280160680314,25.0,3.58,-0.0,0.2,creep_hold
5915.0,332.7950944197266,27.11607180886864,4966.323520545015,25.0,3.58,-0.0,0.2,creep_hold
5916.0,332.51962974384776,27.096083684729464,4966.365170506789,25.0,3.58,-0.0,0.2,creep_hold
5917.0,331.393502669438,27.013083531069483,4966.374733206559,25.0,3.58,-0.0,0.2,creep_hold
5918.0,332.0630585662807,27.06309693083561,4966.37970013914,25.0,3.58,-0.0,0.2,creep_hold
5919.0,332.22703475552447,27.075659981890706,4966.281642786401,25.0,3.58,-0.0,0.2,creep_hold
5920.0,331.63417050092795,27.032160777846517,4966.303078150438,25.0,3.58,-0.0,0.2,creep_hold
5921.0,331.8265038003458,27.04682435558117,4966.3056941657005,25.0,3.58,-0.0,0.2,creep_hold
5922.0,330.47510864366853,26.94713767730878,4966.217110228302,25.0,3.58,-0.0,0.2,creep_hold
5923.0,331.7657864553796,27.0431601078059,4966.250962025031,25.0,3.58,-0.0,0.2,creep_hold
5924.0,331.0131754174418,26.987827808699397,4966.234672650475,25.0,3.58,-0.0,0.2,creep_hold
5925.0,331.2844002827141,27.00833520612697,4966.255345957745,25.0,3.58,-0.0,0.2,creep_hold
5926.0,333.0952456618989,27.142888567548063,4966.293440960068,25.0,3.58,-0.0,0.2,creep_hold
5927.0,331.6164172320146,27.03376238755664,4966.261153740363,25.0,3.58,-0.0,0.2,creep_hold
5928.0,331.683023057883,27.03911281910245,4966.263047145603,25.0,3.58,-0.0,0.2,creep_hold
5929.0,330.73991038519813,26.969669287792453,4966.224781581344,25.0,3.58,-0.0,0.2,creep_hold
5930.0,329.8779193771951,26.906234768681124,4966.240725767671,25.0,3.58,-0.0,0.2,creep_hold
5931.0,330.1313635778236,26.92542507983879,4966.224585829144,25.0,3.58,-0.0,0.2,creep_hold
5932.0,330.97335669871995,26.98821160731259,4966.269015820288,25.0,3.58,-0.0,0.2,creep_hold
5933.0,331.05985345344754,26.99503544099612,4966.309031805746,25.0,3.58,-0.0,0.2,creep_hold
5934.0,329.49186136778326,26.879304545761723,4966.204264050796,25.0,3.58,-0.0,0.2,creep_hold
5935.0,330.5867307016577,26.96082264456724,4966.218419235424,25.0,3.58,-0.0,0.2,creep_hold
5936.0,331.23018457774884,27.008902561314727,4966.242752269741,25.0,3.58,-0.0,0.2,creep_hold
5937.0,330.4057619541946,26.94825088549589,4966.206034230777,25.0,3.58,-0.0,0.2,creep_hold
5938.0,330.8196472856331,26.97932572486171,4966.261576134793,25.0,3.58,-0.0,0.2,creep_hold
5939.0,331.288293109045,27.0144568969663,4966.315505286094,25.0,3.58,-0.0,0.2,creep_hold
5940.0,332.3554048490095,27.093918877704407,4966.238828635113,25.0,3.58,-0.0,0.2,creep_hold
5941.0,331.46882460063534,27.0286629333804,4966.284529910523,25.0,3.58,-0.0,0.2,creep_hold
5942.0,332.61585558845724,27.11404485840424,4966.328015437312,25.0,3.58,-0.0,0.2,creep_hold
5943.0,329.7432545394101,26.901676262178523,4966.2982562320885,25.0,3.58,-0.0,0.2,creep_hold
5944.0,332.3552026377633,27.095570565760244,4966.160837059575,25.0,3.58,-0.0,0.2,creep_hold
5945.0,330.892349082515,26.98762770981593,4966.230156828888,25.0,3.58,-0.0,0.2,creep_hold
5946.0,332.0258096214173,27.07200441640128,4966.229451966392,25.0,3.58,-0.0,0.2,creep_hold
5947.0,332.9895732791958,27.14381098364413,4966.202487375988,25.0,3.58,-0.0,0.2,creep_hold
5948.0,331.953882504238,27.067509815128737,4966.218718935787,25.0,3.58,-0.0,0.2,creep_hold
5949.0,331.41734716039946,27.02818312299255,4966.188024137235,25.0,3.58,-0.0,0.2,creep_hold
5950.0,332.55426808418594,27.112816154384145,4966.124575818146,25.0,3.58,-0.0,0.2,creep_hold
5951.0,330.49247890840627,26.960507696918985,4966.115259045613,25.0,3.58,-0.0,0.2,creep_hold
5952.0,331.9751077895037,27.07074872514842,4966.0913623742,25.0,3.58,-0.0,0.2,creep_hold
5953.0,331.3160339930963,27.02234511059973,4966.215022198879,25.0,3.58,-0.0,0.2,creep_hold
5954.0,331.29451383056454,27.02116769115293,4966.128600977972,25.0,3.58,-0.0,0.2,creep_hold
5955.0,330.30551291090865,26.94832503043768,4966.228761625671,25.0,3.58,-0.0,0.2,creep_hold
5956.0,331.21138015717673,27.015842974605683,4966.152173082628,25.0,3.58,-0.0,0.2,creep_hold
5957.0,331.22508604879664,27.01727489250345,4966.191741588039,25.0,3.58,-0.0,0.2,creep_hold
5958.0,330.8299993577219,26.98842587834977,4966.281545861651,25.0,3.58,-0.0,0.2,creep_hold
5959.0,331.15860147963,27.01318344293556,4966.105534428903,25.0,3.58,-0.0,0.2,creep_hold
5960.0,329.4476380620615,26.886862078671225,4966.190602838995,25.0,3.58,-0.0,0.2,creep_hold
5961.0,331.7199479337025,27.055597995089077,4966.153210544687,25.0,3.58,-0.0,0.2,creep_hold
5962.0,330.5324296915989,26.968050347525843,4966.157766487937,25.0,3.58,-0.0,0.2,creep_hold
5963.0,331.002840075146,27.00331222778859,4966.153160584439,25.0,3.58,-0.0,0.2,creep_hold
5964.0,330.1225086096953,26.938519156273724,4966.188541783491,25.0,3.58,-0.0,0.2,creep_hold
5965.0,330.3826223294018,26.958203505881613,4966.153445218701,25.0,3.58,-0.0,0.2,creep_hold
5966.0,330.07511815453444,26.935842085521067,4966.182744383713,25.0,3.58,-0.0,0.2,creep_hold
5967.0,331.92685118362266,27.073424161749827,4966.078058951899,25.0,3.58,-0.0,0.2,creep_hold
5968.0,329.8621470127939,26.92089977872548,4966.198459983506,25.0,3.58,-0.0,0.2,creep_hold
5969.0,329.9205914352347,26.92564566186924,4966.130460058295,25.0,3.58,-0.0,0.2,creep_hold
5970.0,330.466547541544,26.96650352159585,4966.071075122981,25.0,3.58,-0.0,0.2,creep_hold
5971.0,329.4240898701047,26.88970110148924,4966.137434026109,25.0,3.58,-0.0,0.2,creep_hold
5972.0,329.598619231653,26.903045869011336,4966.17914503352,25.0,3.58,-0.0,0.2,creep_hold
5973.0,330.79160777757744,26.99183205759833,4966.142261448032,25.0,3.58,-0.0,0.2,creep_hold
5974.0,330.8536164566435,26.99684195975137,4966.131847543155,25.0,3.58,-0.0,0.2,creep_hold
5975.0,331.2929450104824,27.029801482257948,4966.14289402723,25.0,3.58,-0.0,0.2,creep_hold
5976.0,330.9726074797921,27.00648944294756,4966.157602343956,25.0,3.58,-0.0,0.2,creep_hold
5977.0,329.6607889064107,26.909734363437828,4966.076022036464,25.0,3.58,-0.0,0.2,creep_hold
5978.0,329.47297603162923,26.89623896530587,4966.136245803562,25.0,3.58,-0.0,0.2,creep_hold
5979.0,331.4962089556027,27.046524737452053,4966.068580711638,25.0,3.58,-0.0,0.2,creep_hold
5980.0,328.3092500615567,26.81087037493013,4966.156085563758,25.0,3.58,-0.0,0.2,creep_hold
5981.0,330.59598551200014,26.98067485274075,4966.059697606358,25.0,3.58,-0.0,0.2,creep_hold
5982.0,331.09616572060145,27.01814190522974,4966.160935546948,25.0,3.58,-0.0,0.2,creep_hold
5983.0,331.56383957470905,27.05320107960808,4966.079412249771,25.0,3.58,-0.0,0.2,creep_hold
5984.0,331.73570219156426,27.06634831048624,4966.069356752224,25.0,3.58,-0.0,0.2,creep_hold
5985.0,331.4356156029264,27.04453634095751,4966.044811776072,25.0,3.58,-0.0,0.2,creep_hold
5986.0,332.24124769282776,27.104629458727985,4965.99530461533,25.0,3.58,-0.0,0.2,creep_hold
5987.0,328.5634870382837,26.83261941024324,4966.0129290545065,25.0,3.58,-0.0,0.2,creep_hold
5988.0,330.0365486958385,26.9421517552473,4966.13819033594,25.0,3.58,-0.0,0.2,creep_hold
5989.0,330.6467946729028,26.987771827622424,4966.0278256242245,25.0,3.58,-0.0,0.2,creep_hold
5990.0,328.0635493946525,26.79683699219648,4966.073073319001,25.0,3.58,-0.0,0.2,creep_hold
5991.0,329.52483112899,26.905496750295555,4966.038158623354,25.0,3.58,-0.0,0.2,creep_hold
5992.0,331.4137914251715,27.045836401864552,4965.999455425363,25.0,3.58,-0.0,0.2,creep_hold
5993.0,329.589771130495,26.91114045411074,4965.958026215303,25.0,3.58,-0.0,0.2,creep_hold
5994.0,331.21494367674404,27.03194027235141,4966.055329726125,25.0,3.58,-0.0,0.2,creep_hold
5995.0,330.8410326614926,27.004659826777228,4966.07114395582,25.0,3.58,-0.0,0.2,creep_hold
5996.0,331.3656003801234,27.043933361490623,4965.984141518243,25.0,3.58,-0.0,0.2,creep_hold
5997.0,330.9970343325109,27.01704883944525,4965.941380784849,25.0,3.58,-0.0,0.2,creep_hold
5998.0,330.6994653757892,26.99542336116957,4966.152107948596,25.0,3.58,-0.0,0.2,creep_hold
5999.0,330.8233827012755,27.00501908898337,4965.999768475921,25.0,3.58,-0.0,0.2,creep_hold
6000.0,329.2729120149276,26.890586075179822,4965.9734061661375,25.0,3.58,-0.0,0.2,creep_hold
6001.0,331.7730409519637,27.07619747792324,4965.998398099317,25.0,3.58,-0.0,0.2,creep_hold
6002.0,329.87717248664364,26.93617944345508,4966.030034244191,25.0,3.58,-0.0,0.2,creep_hold
6003.0,329.29319852176855,26.893338779390263,4966.058601028285,25.0,3.58,-0.0,0.2,creep_hold
6004.0,330.5257231183167,26.98505356431976,4966.113327778137,25.0,3.58,-0.0,0.2,creep_hold
6005.0,328.68682444770616,26.849255514644906,4966.025149769011,25.0,3.58,-0.0,0.2,creep_hold
6006.0,332.0929390462988,27.101976966392503,4965.958435212514,25.0,3.58,-0.0,0.2,creep_hold
6007.0,332.3725773415146,27.12310758085293,4966.015236449595,25.0,3.58,-0.0,0.2,creep_hold
6008.0,331.1919658178231,27.03607154206097,4966.065564380569,25.0,3.58,-0.0,0.2,creep_hold
6009.0,329.0888666709982,26.880703086740606,4965.97257172276,25.0,3.58,-0.0,0.2,creep_hold
6010.0,330.44221906214625,26.981368078677495,4966.039396436995,25.0,3.58,-0.0,0.2,creep_hold
6011.0,330.2570178388445,26.9680661362107,4965.925981243465,25.0,3.58,-0.0,0.2,creep_hold
6012.0,329.4472571675429,26.908500530929103,4966.0141850038935,25.0,3.58,-0.0,0.2,creep_hold
6013.0,329.6658103407257,26.92510632153524,4966.008463752795,25.0,3.58,-0.0,0.2,creep_hold
6014.0,330.38555970244624,26.978837755736755,4966.055985111174,25.0,3.58,-0.0,0.2,creep_hold
6015.0,329.4369289169129,26.908985475326883,4965.954643268272,25.0,3.58,-0.0,0.2,creep_hold
6016.0,329.8826865982969,26.94242122950348,4965.987733154352,25.0,3.58,-0.0,0.2,creep_hold
6017.0,329.9456577904464,26.94750242892196,4966.06114225504,25.0,3.58,-0.0,0.2,creep_hold
6018.0,328.6418436484961,26.85134027025897,4966.024413709344,25.0,3.58,-0.0,0.2,creep_hold
6019.0,329.5521426544472,26.919186492922016,4965.945473684865,25.0,3.58,-0.0,0.2,creep_hold
6020.0,329.4535573794549,26.912300546626287,4965.930300219504,25.0,3.58,-0.0,0.2,creep_hold
6021.0,331.4591826660915,27.06128204934011,4965.948034272684,25.0,3.58,-0.0,0.2,creep_hold
6022.0,329.98118108435017,26.952217117359268,4965.946404942849,25.0,3.58,-0.0,0.2,creep_hold
6023.0,330.2428185522051,26.972014337200378,4965.92583347618,25.0,3.58,-0.0,0.2,creep_hold
6024.0,330.0525599324402,26.958337772773348,4965.998577069888,25.0,3.58,-0.0,0.2,creep_hold
6025.0,329.7964476056817,26.93978315597643,4965.955131252146,25.0,3.58,-0.0,0.2,creep_hold
6026.0,329.8723439864754,26.94582177677596,4966.033713792137,25.0,3.58,-0.0,0.2,creep_hold
6027.0,329.6611028284126,26.930590950252785,4965.908256649039,25.0,3.58,-0.0,0.2,creep_hold
6028.0,327.67768752327544,26.78408796468707,4965.9878968767935,25.0,3.58,-0.0,0.2,creep_hold
6029.0,329.77694917720044,26.94000549460744,4965.969108705212,25.0,3.58,-0.0,0.2,creep_hold
6030.0,329.1083986236517,26.89089989804827,4965.946630470796,25.0,3.58,-0.0,0.2,creep_hold
6031.0,329.4137083921261,26.91393210312045,4965.924351825746,25.0,3.58,-0.0,0.2,creep_hold
6032.0,328.7450570233256,26.86481903876486,4965.990134496994,25.0,3.58,-0.0,0.2,creep_hold
6033.0,328.7706532006275,26.867131718565,4965.845770551511,25.0,3.58,-0.0,0.2,creep_hold
6034.0,329.6644039129784,26.933752141702104,4965.851250806075,25.0,3.58,-0.0,0.2,creep_hold
6035.0,329.18451651254617,26.898621593521938,4965.930840504023,25.0,3.58,-0.0,0.2,creep_hold
6036.0,329.67637938887566,26.935472547324125,4966.066952627164,25.0,3.58,-0.0,0.2,creep_hold
6037.0,329.83674897940404,26.947768442918814,4965.964952394612,25.0,3.58,-0.0,0.2,creep_hold
6038.0,329.5825066265179,26.92935234270503,4965.853984871205,25.0,3.58,-0.0,0.2,creep_hold
6039.0,329.68589363792125,26.937427306512685,4965.99430160013,25.0,3.58,-0.0,0.2,creep_hold
6040.0,328.971773613052,26.884946193559404,4965.9342176068085,25.0,3.58,-0.0,0.2,creep_hold
6041.0,329.3259529671025,26.91159836793352,4965.852925471472,25.0,3.58,-0.0,0.2,creep_hold
6042.0,330.1503550382797,26.973081854687383,4965.814587573483,25.0,3.58,-0.0,0.2,creep_hold
6043.0,329.3365032010155,26.913213200075223,4965.889907682106,25.0,3.58,-0.0,0.2,creep_hold
6044.0,330.0763817981337,26.96843568875065,4965.866949568279,25.0,3.58,-0.0,0.2,creep_hold
6045.0,329.5416349133328,26.929241475061684,4965.923849693074,25.0,3.58,-0.0,0.2,creep_hold
6046.0,330.4683011853732,26.998300087805426,4965.82296843431,25.0,3.58,-0.0,0.2,creep_hold
6047.0,328.48712129004963,26.851962688151826,4965.9016880619065,25.0,3.58,-0.0,0.2,creep_hold
6048.0,329.70755146582434,26.942781590061063,4965.925859592537,25.0,3.58,-0.0,0.2,creep_hold
6049.0,330.2489760683661,26.983303782841933,4965.840395988083,25.0,3.58,-0.0,0.2,creep_hold
6050.0,328.6427742728194,26.864742538727363,4965.810726151561,25.0,3.58,-0.0,0.2,creep_hold
6051.0,329.5327137085576,26.93108064507834,4965.925799148842,25.0,3.58,-0.0,0.2,creep_hold
6052.0,329.7079263887382,26.94447602879542,4965.823499148705,25.0,3.58,-0.0,0.2,creep_hold
6053.0,329.2312509646099,26.90958340478592,4965.896639873543,25.0,3.58,-0.0,0.2,creep_hold
6054.0,330.24947167173707,26.98542382753608,4965.953440913229,25.0,3.58,-0.0,0.2,creep_hold
6055.0,329.6607155274268,26.942228927957544,4965.858732505678,25.0,3.58,-0.0,0.2,creep_hold
6056.0,329.06820470683346,26.898755904209885,4965.889127121381,25.0,3.58,-0.0,0.2,creep_hold
6057.0,330.1125606462795,26.97653227009478,4965.86945391332,25.0,3.58,-0.0,0.2,creep_hold
6058.0,329.6387009325152,26.941848217223345,4965.847118497347,25.0,3.58,-0.0,0.2,creep_hold
6059.0,332.0356790211779,27.119818816383543,4965.886046770713,25.0,3.58,-0.0,0.2,creep_hold
6060.0,327.6875210146765,26.79814970479085,4965.928611365145,25.0,3.58,-0.0,0.2,creep_hold
6061.0,329.37677995666803,26.92369666345689,4965.852971715823,25.0,3.58,-0.0,0.2,creep_hold
6062.0,329.1534975064493,26.907573889366617,4965.877642770586,25.0,3.58,-0.0,0.2,creep_hold
6063.0,329.17520199936166,26.90959829624901,4965.814271685687,25.0,3.58,-0.0,0.2,creep_hold
6064.0,327.1820307269694,26.762372646442177,4965.829044325116,25.0,3.58,-0.0,0.2,creep_hold
6065.0,329.2308677095783,26.91455501552432,4965.849991810554,25.0,3.58,-0.0,0.2,creep_hold
6066.0,328.5614572110429,26.86538571933652,4965.829199152048,25.0,3.58,-0.0,0.2,creep_hold
6067.0,329.8028540415379,26.957757706780587,4965.826722925732,25.0,3.58,-0.0,0.2,creep_hold
6068.0,328.0014629077927,26.824737993169823,4965.768940747592,25.0,3.58,-0.0,0.2,creep_hold
6069.0,330.7414825478205,27.02811907761633,4965.8386223734615,25.0,3.58,-0.0,0.2,creep_hold
6070.0,328.9957778726559,26.8992242868634,4965.831752839087,25.0,3.58,-0.0,0.2,creep_hold
6071.0,328.53836667722214,26.8657586427572,4965.868027979325,25.0,3.58,-0.0,0.2,creep_hold
6072.0,329.310315858204,26.92335673023733,4965.767555878316,25.0,3.58,-0.0,0.2,creep_hold
6073.0,327.55114883295164,26.79346472836679,4965.768521332863,25.0,3.58,-0.0,0.2,creep_hold
6074.0,327.9356696686399,26.82236441989925,4965.816377464733,25.0,3.58,-0.0,0.2,creep_hold
6075.0,329.51869275224493,26.940042055721847,4965.791929287029,25.0,3.58,-0.0,0.2,creep_hold
6076.0,328.61652329237603,26.873631354990817,4965.791883357821,25.0,3.58,-0.0,0.2,creep_hold
6077.0,328.984185031385,26.901282224547035,4965.787312623224,25.0,3.58,-0.0,0.2,creep_hold
6078.0,326.66015233307166,26.72954832096827,4965.728558653716,25.0,3.58,-0.0,0.2,creep_hold
6079.0,327.51078560008574,26.79297485926561,4965.770217587544,25.0,3.58,-0.0,0.2,creep_hold
6080.0,327.15577164959194,26.767094196266072,4965.729690908612,25.0,3.58,-0.0,0.2,creep_hold
6081.0,330.443713871093,27.011062138599485,4965.786163151454,25.0,3.58,-0.0,0.2,creep_hold
6082.0,328.6311206472938,26.87721264054029,4965.728545041498,25.0,3.58,-0.0,0.2,creep_hold
6083.0,330.03362935123334,26.9815188408321,4965.8057257977525,25.0,3.58,-0.0,0.2,creep_hold
6084.0,328.4787558627468,26.8667596935368,4965.712116920339,25.0,3.58,-0.0,0.2,creep_hold
6085.0,329.75777725371785,26.96191868546058,4965.802008927351,25.0,3.58,-0.0,0.2,creep_hold
6086.0,328.1720304080546,26.84487262281886,4965.744682065536,25.0,3.58,-0.0,0.2,creep_hold
6087.0,328.22991572832086,26.84957709098673,4965.757370360503,25.0,3.58,-0.0,0.2,creep_hold
6088.0,328.5279488719844,26.87207028681366,4965.7037823574165,25.0,3.58,-0.0,0.2,creep_hold
6089.0,328.7350899238598,26.887830735100728,4965.720178288514,25.0,3.58,-0.0,0.2,creep_hold
6090.0,326.64703916813386,26.733576975417325,4965.632348072439,25.0,3.58,-0.0,0.2,creep_hold
6091.0,328.59806489899256,26.878514066592043,4965.7506798708055,25.0,3.58,-0.0,0.2,creep_hold
6092.0,327.65432470940834,26.809024052548764,4965.772456497669,25.0,3.58,-0.0,0.2,creep_hold
6093.0,327.89783864736995,26.827478788694076,4965.718405313149,25.0,3.58,-0.0,0.2,creep_hold
6094.0,328.2731687201967,26.85569768297753,4965.634320086029,25.0,3.58,-0.0,0.2,creep_hold
6095.0,328.140597215022,26.84629423814977,4965.68918844694,25.0,3.58,-0.0,0.2,creep_hold
6096.0,328.45508392621474,26.870006216756646,4965.787820032344,25.0,3.58,-0.0,0.2,creep_hold
6097.0,329.5688858828313,26.95292673206158,4965.759059415622,25.0,3.58,-0.0,0.2,creep_hold
6098.0,329.592154428387,26.95506699469533,4965.70056411046,25.0,3.58,-0.0,0.2,creep_hold
6099.0,330.20435127829825,27.00083157617024,4965.636728331344,25.0,3.58,-0.0,0.2,creep_hold
6100.0,327.8153301996741,26.82428371849438,4965.773594928024,25.0,3.58,-0.0,0.2,creep_hold
6101.0,328.34700213587195,26.864083491546072,4965.743650729519,25.0,3.58,-0.0,0.2,creep_hold
6102.0,328.1475657043109,26.849727089208216,4965.639979177176,25.0,3.58,-0.0,0.2,creep_hold
6103.0,327.9950296270105,26.83884478718597,4965.712237487243,25.0,3.58,-0.0,0.2,creep_hold
6104.0,329.0281926728796,26.91579204984293,4965.72445809176,25.0,3.58,-0.0,0.2,creep_hold
6105.0,329.15113071116366,26.925315237863973,4965.744609941469,25.0,3.58,-0.0,0.2,creep_hold
6106.0,328.3094730888367,26.863386895469382,4965.685337980189,25.0,3.58,-0.0,0.2,creep_hold
6107.0,328.55064236689657,26.88166795310345,4965.687125316708,25.0,3.58,-0.0,0.2,creep_hold
6108.0,329.62246038298605,26.961478546887854,4965.767704107678,25.0,3.58,-0.0,0.2,creep_hold
6109.0,328.2511302091427,26.860315200677235,4965.729788452226,25.0,3.58,-0.0,0.2,creep_hold
6110.0,329.4655238356472,26.950686950788683,4965.605310609585,25.0,3.58,-0.0,0.2,creep_hold
6111.0,328.3860403395287,26.871141877002124,4965.665091865208,25.0,3.58,-0.0,0.2,creep_hold
6112.0,328.8340924469411,26.904747588662307,4965.704247951875,25.0,3.58,-0.0,0.2,creep_hold
6113.0,330.1872373056121,27.00539720782312,4965.647510770626,25.0,3.58,-0.0,0.2,creep_hold
6114.0,327.8236745308161,26.830735150430822,4965.623243102196,25.0,3.58,-0.0,0.2,creep_hold
6115.0,328.7035102525181,26.896324833519856,4965.639674468679,25.0,3.58,-0.0,0.2,creep_hold
6116.0,329.57577973611285,26.96135405452688,4965.63925475934,25.0,3.58,-0.0,0.2,creep_hold
6117.0,328.46883243597443,26.879774624887,4965.646146238789,25.0,3.58,-0.0,0.2,creep_hold
6118.0,329.62939379699674,26.96615879977754,4965.625504451748,25.0,3.58,-0.0,0.2,creep_hold
6119.0,330.83060617631344,27.05555416120841,4965.552740563787,25.0,3.58,-0.0,0.2,creep_hold
6120.0,329.7073430797301,26.97276615405409,4965.720930919296,25.0,3.58,-0.0,0.2,creep_hold
6121.0,328.2416903935951,26.86461595508112,4965.647756956308,25.0,3.58,-0.0,0.2,creep_hold
6122.0,327.4995736967902,26.81006101457705,4965.654290440208,25.0,3.58,-0.0,0.2,creep_hold
6123.0,328.4845314982922,26.88343751839201,4965.620651254986,25.0,3.58,-0.0,0.2,creep_hold
6124.0,327.725708025209,26.827645038904368,4965.532804265288,25.0,3.58,-0.0,0.2,creep_hold
6125.0,327.4995573148651,26.81130980110112,4965.62384932124,25.0,3.58,-0.0,0.2,creep_hold
6126.0,328.9596090921848,26.91987845127295,4965.626653318175,25.0,3.58,-0.0,0.2,creep_hold
6127.0,328.8751047482307,26.914035536905978,4965.646612552271,25.0,3.58,-0.0,0.2,creep_hold
6128.0,326.59350343105297,26.74544469859652,4965.688993369686,25.0,3.58,-0.0,0.2,creep_hold
6129.0,327.6888526492056,26.8269983443856,4965.613667832828,25.0,3.58,-0.0,0.2,creep_hold
6130.0,327.1730741174186,26.789209193882854,4965.708793916897,25.0,3.58,-0.0,0.2,creep_hold
6131.0,328.81809299394376,26.9114791106625,4965.582108002178,25.0,3.58,-0.0,0.2,creep_hold
6132.0,328.5331291762748,26.890787346390724,4965.640718817467,25.0,3.58,-0.0,0.2,creep_hold
6133.0,329.07522765801247,26.93135945614907,4965.496383207005,25.0,3.58,-0.0,0.2,creep_hold
6134.0,328.1065125232775,26.860019446168703,4965.694971963791,25.0,3.58,-0.0,0.2,creep_hold
6135.0,328.6338772025107,26.89950016314894,4965.608842077929,25.0,3.58,-0.0,0.2,creep_hold
6136.0,328.7942911297523,26.91179934294462,4965.562016639553,25.0,3.58,-0.0,0.2,creep_hold
6137.0,328.0438496123124,26.856627749060177,4965.58764267955,25.0,3.58,-0.0,0.2,creep_hold
6138.0,328.94546158514527,26.92383048778854,4965.594633805838,25.0,3.58,-0.0,0.2,creep_hold
6139.0,326.2868838363085,26.72731546935619,4965.715223364586,25.0,3.58,-0.0,0.2,creep_hold
6140.0,329.04551921936826,26.93207549773098,4965.600004364003,25.0,3.58,-0.0,0.2,creep_hold
6141.0,326.7083212201797,26.75936638667997,4965.569207826945,25.0,3.58,-0.0,0.2,creep_hold
6142.0,327.653679193709,26.82980956990437,4965.64977372976,25.0,3.58,-0.0,0.2,creep_hold
6143.0,328.2322391541423,26.873082529936465,4965.56699059868,25.0,3.58,-0.0,0.2,creep_hold
6144.0,328.1051523636428,26.864085360269836,4965.567471682457,25.0,3.58,-0.0,0.2,creep_hold
6145.0,326.5964524694856,26.75274647922116,4965.621350559424,25.0,3.58,-0.0,0.2,creep_hold
6146.0,327.9708390184667,26.85496955692346,4965.560759963253,25.0,3.58,-0.0,0.2,creep_hold
6147.0,325.74942684551263,26.69083717374168,4965.573923602855,25.0,3.58,-0.0,0.2,creep_hold
6148.0,327.65771257686674,26.832608339027168,4965.600259019192,25.0,3.58,-0.0,0.2,creep_hold
6149.0,327.4067538175101,26.814435467963712,4965.527950364356,25.0,3.58,-0.0,0.2,creep_hold
6150.0,329.3292756311343,26.9572611578618,4965.596723014692,25.0,3.58,-0.0,0.2,creep_hold
6151.0,327.5338363528169,26.82468232243088,4965.57932604995,25.0,3.58,-0.0,0.2,creep_hold
6152.0,327.0812214695299,26.79157196070592,4965.539335357977,25.0,3.58,-0.0,0.2,creep_hold
6153.0,327.09458070314145,26.7929782002327,4965.543618876585,25.0,3.58,-0.0,0.2,creep_hold
6154.0,326.9379543620829,26.781792915709847,4965.553940363103,25.0,3.58,-0.0,0.2,creep_hold
6155.0,327.7461155705682,26.842073375597643,4965.49505546249,25.0,3.58,-0.0,0.2,creep_hold
6156.0,327.948697040806,26.85749607709674,4965.515967005948,25.0,3.58,-0.0,0.2,creep_hold
6157.0,329.3190203163537,26.95941817158176,4965.5618337402,25.0,3.58,-0.0,0.2,creep_hold
6158.0,326.44161507654485,26.74669370937369,4965.577061299501,25.0,3.58,-0.0,0.2,creep_hold
6159.0,328.2661851777186,26.88226371686805,4965.495054227341,25.0,3.58,-0.0,0.2,creep_hold
6160.0,326.2971501648533,26.73682593813728,4965.559057488462,25.0,3.58,-0.0,0.2,creep_hold
6161.0,327.374570821238,26.817051542313926,4965.523637680281,25.0,3.58,-0.0,0.2,creep_hold
6162.0,328.754050429248,26.919651883648,4965.488873841495,25.0,3.58,-0.0,0.2,creep_hold
6163.0,328.8326602189244,26.9258914976981,4965.5443451066585,25.0,3.58,-0.0,0.2,creep_hold
6164.0,328.4627996778215,26.89891108724604,4965.482671966865,25.0,3.58,-0.0,0.2,creep_hold
6165.0,327.0521337505424,26.794833981521663,4965.6323401539175,25.0,3.58,-0.0,0.2,creep_hold
6166.0,328.5389341189086,26.90538400880805,4965.506755581966,25.0,3.58,-0.0,0.2,creep_hold
6167.0,329.0765846152225,26.94562663816463,4965.520845911907,25.0,3.58,-0.0,0.2,creep_hold
6168.0,326.2157017845668,26.734126058116058,4965.44708548555,25.0,3.58,-0.0,0.2,creep_hold
6169.0,327.02072292885777,26.79417392065613,4965.492406730469,25.0,3.58,-0.0,0.2,creep_hold
6170.0,327.637759117207,26.840296971644964,4965.517877891955,25.0,3.58,-0.0,0.2,creep_hold
6171.0,327.78380560138675,26.851531896399017,4965.586506714629,25.0,3.58,-0.0,0.2,creep_hold
6172.0,327.83888728941565,26.85602868810486,4965.486070713127,25.0,3.58,-0.0,0.2,creep_hold
6173.0,327.313577213161,26.817533497271185,4965.563148995878,25.0,3.58,-0.0,0.2,creep_hold
6174.0,326.85292503313485,26.78382778023221,4965.416150674422,25.0,3.58,-0.0,0.2,creep_hold
6175.0,328.00555368726884,26.869624347205104,4965.479854864573,25.0,3.58,-0.0,0.2,creep_hold
6176.0,326.75678840640336,26.777539881955803,4965.510317179711,25.0,3.58,-0.0,0.2,creep_hold
6177.0,327.2964331297483,26.81793023183321,4965.489567134826,25.0,3.58,-0.0,0.2,creep_hold
6178.0,327.9121651104176,26.863956674845745,4965.478275230578,25.0,3.58,-0.0,0.2,creep_hold
6179.0,327.88186724033125,26.862129054839357,4965.516509233714,25.0,3.58,-0.0,0.2,creep_hold
6180.0,328.28758622589254,26.892598979695745,4965.383468575104,25.0,3.58,-0.0,0.2,creep_hold
6181.0,328.3215891661929,26.895534382680957,4965.4313491579405,25.0,3.58,-0.0,0.2,creep_hold
6182.0,328.09300436806905,26.87901884207919,4965.577301474403,25.0,3.58,-0.0,0.2,creep_hold
6183.0,328.89010827275524,26.93848024242632,4965.551076073978,25.0,3.58,-0.0,0.2,creep_hold
6184.0,326.0715252207481,26.730112979314672,4965.50357788051,25.0,3.58,-0.0,0.2,creep_hold
6185.0,327.58247041395174,26.84245151214457,4965.38526117563,25.0,3.58,-0.0,0.2,creep_hold
6186.0,327.56842922093085,26.84182809043932,4965.501798391735,25.0,3.58,-0.0,0.2,creep_hold
6187.0,327.13097093701737,26.809840439779062,4965.3820440991485,25.0,3.58,-0.0,0.2,creep_hold
6188.0,327.3367066692215,26.8254967903127,4965.493267471064,25.0,3.58,-0.0,0.2,creep_hold
6189.0,327.6964247682887,26.85255924209546,4965.458916637734,25.0,3.58,-0.0,0.2,creep_hold
6190.0,326.9826829745962,26.800106146266383,4965.405917272816,25.0,3.58,-0.0,0.2,creep_hold
6191.0,329.3103264346668,26.97294084701236,4965.53537953403,25.0,3.58,-0.0,0.2,creep_hold
6192.0,329.2615697481711,26.969745907271932,4965.466356747761,25.0,3.58,-0.0,0.2,creep_hold
6193.0,326.81975855854404,26.789287671003265,4965.4717814324085,25.0,3.58,-0.0,0.2,creep_hold
6194.0,328.29816561098426,26.89921597118402,4965.446068735232,25.0,3.58,-0.0,0.2,creep_hold
6195.0,328.0961281286542,26.88466689841883,4965.387333950343,25.0,3.58,-0.0,0.2,creep_hold
6196.0,327.4866405073221,26.83993633387571,4965.390433736999,25.0,3.58,-0.0,0.2,creep_hold
6197.0,327.0593748494256,26.808703692550043,4965.445630409621,25.0,3.58,-0.0,0.2,creep_hold
6198.0,327.7366267629681,26.85928716762727,4965.464260253128,25.0,3.58,-0.0,0.2,creep_hold
6199.0,327.3734086976925,26.832798792421663,4965.491080582477,25.0,3.58,-0.0,0.2,creep_hold
6200.0,326.67903501686214,26.78178037161942,4965.4746996379645,25.0,3.58,-0.0,0.2,creep_hold
6201.0,328.0573056089085,26.884291156215447,4965.416558027485,25.0,3.58,-0.0,0.2,creep_hold
6202.0,327.347038737277,26.83209546202052,4965.337338523308,25.0,3.58,-0.0,0.2,creep_hold
6203.0,328.2638204353596,26.900421884100712,4965.430627256918,25.0,3.58,-0.0,0.2,creep_hold
6204.0,325.87501843679235,26.72389025457721,4965.392682094183,25.0,3.58,-0.0,0.2,creep_hold
6205.0,326.36726322491893,26.760769498142142,4965.388851705749,25.0,3.58,-0.0,0.2,creep_hold
6206.0,324.0560403528466,26.58998447058123,4965.438512534519,25.0,3.58,-0.0,0.2,creep_hold
6207.0,326.6928215172469,26.78571826053681,4965.426236601628,25.0,3.58,-0.0,0.2,creep_hold
6208.0,325.9528514245803,26.73132232774669,4965.465618106229,25.0,3.58,-0.0,0.2,creep_hold
6209.0,327.63171958293304,26.85609959873578,4965.405533718899,25.0,3.58,-0.0,0.2,creep_hold
6210.0,328.0387657065504,26.886667830114845,4965.43608405052,25.0,3.58,-0.0,0.2,creep_hold
6211.0,327.13139577518484,26.819871909272948,4965.487178754211,25.0,3.58,-0.0,0.2,creep_hold
6212.0,327.90709079283687,26.877747466136068,4965.476628824003,25.0,3.58,-0.0,0.2,creep_hold
6213.0,326.3149527409736,26.76022798081286,4965.36519266565,25.0,3.58,-0.0,0.2,creep_hold
6214.0,325.7725769701728,26.720468664457247,4965.378422418829,25.0,3.58,-0.0,0.2,creep_hold
6215.0,328.32762891013215,26.91014843778757,4965.322647883814,25.0,3.58,-0.0,0.2,creep_hold
6216.0,327.93803849005343,26.88170655481877,4965.370415115523,25.0,3.58,-0.0,0.2,creep_hold
6217.0,327.6667061751373,26.86202453149165,4965.279469104785,25.0,3.58,-0.0,0.2,creep_hold
6218.0,326.6017342859971,26.783554391555334,4965.283025734633,25.0,3.58,-0.0,0.2,creep_hold
6219.0,327.9257448187886,26.882045912502857,4965.383797995637,25.0,3.58,-0.0,0.2,creep_hold
6220.0,327.5094822520599,26.8516283149674,4965.411088080498,25.0,3.58,-0.0,0.2,creep_hold
6221.0,329.47818982150767,26.99787517196353,4965.423971392641,25.0,3.58,-0.0,0.2,creep_hold
6222.0,324.25956545988794,26.611727071102813,4965.352017006489,25.0,3.58,-0.0,0.2,creep_hold
6223.0,325.6650503196494,26.71625372738144,4965.363118212362,25.0,3.58,-0.0,0.2,creep_hold
6224.0,327.69137508467264,26.866768524790565,4965.40216674448,25.0,3.58,-0.0,0.2,creep_hold
6225.0,327.5737732151636,26.858473941863974,4965.451252070549,25.0,3.58,-0.0,0.2,creep_hold
6226.0,327.1468998720407,26.827270360891905,4965.29522214613,25.0,3.58,-0.0,0.2,creep_hold
6227.0,326.6334564271234,26.78965417978692,4965.279608596028,25.0,3.58,-0.0,0.2,creep_hold
6228.0,326.1510062617359,26.75433379716562,4965.329189288782,25.0,3.58,-0.0,0.2,creep_hold
6229.0,328.4044661527687,26.921673418723604,4965.241036388646,25.0,3.58,-0.0,0.2,creep_hold
6230.0,327.893974248785,26.88427587028037,4965.335352094174,25.0,3.58,-0.0,0.2,creep_hold
6231.0,327.0979088059325,26.82572472636537,4965.3514781891145,25.0,3.58,-0.0,0.2,creep_hold
6232.0,327.15821718265346,26.830608680196555,4965.321144694368,25.0,3.58,-0.0,0.2,creep_hold
6233.0,328.4106842733278,26.923800686913168,4965.308042144754,25.0,3.58,-0.0,0.2,creep_hold
6234.0,325.73916217342315,26.726326827660973,4965.306743622319,25.0,3.58,-0.0,0.2,creep_hold
6235.0,325.57425732133675,26.714528320099017,4965.332485138458,25.0,3.58,-0.0,0.2,creep_hold
6236.0,326.58240345544687,26.78962247818125,4965.348850482509,25.0,3.58,-0.0,0.2,creep_hold
6237.0,325.6636360245186,26.721982298112486,4965.303320822391,25.0,3.58,-0.0,0.2,creep_hold
6238.0,327.5328578384534,26.86085983988544,4965.316419993421,25.0,3.58,-0.0,0.2,creep_hold
6239.0,327.3565569377638,26.848217180575094,4965.329301172185,25.0,3.58,-0.0,0.2,creep_hold
6240.0,327.3605021672108,26.848926086460065,4965.368061704291,25.0,3.58,-0.0,0.2,creep_hold
6241.0,326.4037669231186,26.77847347578657,4965.299117831498,25.0,3.58,-0.0,0.2,creep_hold
6242.0,326.0353328599358,26.751598730365615,4965.310341078804,25.0,3.58,-0.0,0.2,creep_hold
6243.0,327.0152892146013,26.824604756637136,4965.432310917304,25.0,3.58,-0.0,0.2,creep_hold
6244.0,324.53077671013574,26.64098346001005,4965.27789112359,25.0,3.58,-0.0,0.2,creep_hold
6245.0,325.0542591855137,26.680176606334346,4965.262236273537,25.0,3.58,-0.0,0.2,creep_hold
6246.0,325.5529218641023,26.71753124919276,4965.318751005758,25.0,3.58,-0.0,0.2,creep_hold
6247.0,325.1682596950534,26.689454421855807,4965.378123113005,25.0,3.58,-0.0,0.2,creep_hold
6248.0,326.5353674996045,26.79113833330404,4965.278463679692,25.0,3.58,-0.0,0.2,creep_hold
6249.0,325.3759139992107,26.70566955549709,4965.3408718272985,25.0,3.58,-0.0,0.2,creep_hold
6250.0,327.1508052882107,26.837559650978573,4965.29194796011,25.0,3.58,-0.0,0.2,creep_hold
6251.0,326.376391591872,26.780612340138667,4965.314950612192,25.0,3.58,-0.0,0.2,creep_hold
6252.0,324.83133492436326,26.666580364767647,4965.190319769102,25.0,3.58,-0.0,0.2,creep_hold
6253.0,324.0139121331084,26.606447195045064,4965.319138384026,25.0,3.58,-0.0,0.2,creep_hold
6254.0,328.26995376881234,26.92212620509721,4965.375940531079,25.0,3.58,-0.0,0.2,creep_hold
6255.0,326.7206262412301,26.80777786972075,4965.319569548705,25.0,3.58,-0.0,0.2,creep_hold
6256.0,326.8256829734298,26.81597651655036,4965.255821529623,25.0,3.58,-0.0,0.2,creep_hold
6257.0,325.89573699092966,26.747508295624417,4965.335055913738,25.0,3.58,-0.0,0.2,creep_hold
6258.0,325.4044414918904,26.71153270310299,4965.243132592504,25.0,3.58,-0.0,0.2,creep_hold
6259.0,327.67950108675547,26.880472302722627,4965.250736189495,25.0,3.58,-0.0,0.2,creep_hold
6260.0,325.17531599147514,26.695393777146307,4965.290218122964,25.0,3.58,-0.0,0.2,creep_hold
6261.0,325.91440380335064,26.75055768913709,4965.293523729241,25.0,3.58,-0.0,0.2,creep_hold
6262.0,326.3126103133959,26.780471134325623,4965.258993150066,25.0,3.58,-0.0,0.2,creep_hold
6263.0,325.42736343033323,26.71531395780246,4965.34121899154,25.0,3.58,-0.0,0.2,creep_hold
6264.0,325.7443363180116,26.739210097630487,4965.277774343444,25.0,3.58,-0.0,0.2,creep_hold
6265.0,325.73826758098056,26.73917722822078,4965.181822040443,25.0,3.58,-0.0,0.2,creep_hold
6266.0,325.7661513118425,26.741659356432777,4965.339486773309,25.0,3.58,-0.0,0.2,creep_hold
6267.0,327.7740250827769,26.89080741353903,4965.29028472005,25.0,3.58,-0.0,0.2,creep_hold
6268.0,326.2806778537936,26.780605766947676,4965.219115926997,25.0,3.58,-0.0,0.2,creep_hold
6269.0,327.1999765878802,26.849118636139277,4965.171359166388,25.0,3.58,-0.0,0.2,creep_hold
6270.0,325.3348319666312,26.71137644197268,4965.267912901906,25.0,3.58,-0.0,0.2,creep_hold
6271.0,325.6431039840833,26.734628072895063,4965.2903587408055,25.0,3.58,-0.0,0.2,creep_hold
6272.0,325.55228836731624,26.728317656838243,4965.315576292108,25.0,3.58,-0.0,0.2,creep_hold
6273.0,324.59917611543443,26.658133415958105,4965.281897911775,25.0,3.58,-0.0,0.2,creep_hold
6274.0,326.158914910341,26.774086289654893,4965.193057435594,25.0,3.58,-0.0,0.2,creep_hold
6275.0,324.7245847720041,26.66825627940771,4965.182031820676,25.0,3.58,-0.0,0.2,creep_hold
6276.0,324.9593367296251,26.68606197997223,4965.253600653013,25.0,3.58,-0.0,0.2,creep_hold
6277.0,326.1106653131435,26.77176224541804,4965.288219140826,25.0,3.58,-0.0,0.2,creep_hold
6278.0,326.3910681644727,26.792949493664647,4965.217736898608,25.0,3.58,-0.0,0.2,creep_hold
6279.0,325.2970726477224,26.71232945538684,4965.24863890986,25.0,3.58,-0.0,0.2,creep_hold
6280.0,326.2231245671685,26.781342560531,4965.317912271318,25.0,3.58,-0.0,0.2,creep_hold
6281.0,327.2470827625807,26.857607982413388,4965.178001811234,25.0,3.58,-0.0,0.2,creep_hold
6282.0,327.4890420983336,26.875947562839528,4965.209038111165,25.0,3.58,-0.0,0.2,creep_hold
6283.0,326.94542327298046,26.83609616836892,4965.331948896135,25.0,3.58,-0.0,0.2,creep_hold
6284.0,325.7225007113934,26.74592597862173,4965.231785722091,25.0,3.58,-0.0,0.2,creep_hold
6285.0,327.28339908708017,26.86196474719112,4965.221991651204,25.0,3.58,-0.0,0.2,creep_hold
6286.0,325.7251705684203,26.74695707914225,4965.192886785305,25.0,3.58,-0.0,0.2,creep_hold
6287.0,325.69326063260576,26.74501004685969,4965.148128724047,25.0,3.58,-0.0,0.2,creep_hold
6288.0,326.9422430314384,26.837943928254692,4965.12379421971,25.0,3.58,-0.0,0.2,creep_hold
6289.0,326.3448106155852,26.7941063418952,4965.145099587451,25.0,3.58,-0.0,0.2,creep_hold
6290.0,326.4617236102375,26.803183230387965,4965.212541228151,25.0,3.58,-0.0,0.2,creep_hold
6291.0,325.126474306903,26.704692541252072,4965.234320837299,25.0,3.58,-0.0,0.2,creep_hold
6292.0,325.67386369862703,26.745656570268668,4965.153540042363,25.0,3.58,-0.0,0.2,creep_hold
6293.0,326.24806061399954,26.788606341777744,4965.198297007649,25.0,3.58,-0.0,0.2,creep_hold
6294.0,326.44328333508605,26.803483950747115,4965.191385123648,25.0,3.58,-0.0,0.2,creep_hold
6295.0,326.46418829316656,26.80544913282716,4965.136893088428,25.0,3.58,-0.0,0.2,creep_hold
6296.0,324.13177054637055,26.63309411454597,4965.159665947545,25.0,3.58,-0.0,0.2,creep_hold
6297.0,328.1171589894694,26.928724739960693,4965.221804346222,25.0,3.58,-0.0,0.2,creep_hold
6298.0,326.6734044664079,26.822196627141324,4965.168974579554,25.0,3.58,-0.0,0.2,creep_hold
6299.0,325.0490993461114,26.70229439600825,4965.132590441649,25.0,3.58,-0.0,0.2,creep_hold
6300.0,327.0290580655383,26.84937467152136,4965.201252236354,25.0,3.58,-0.0,0.2,creep_hold
6301.0,325.72000975928336,26.75282479698395,4965.150714907837,25.0,3.58,-0.0,0.2,creep_hold
6302.0,325.45616888786014,26.733697695397048,4965.13928640704,25.0,3.58,-0.0,0.2,creep_hold
6303.0,327.46047182131235,26.88258124602314,4965.158162661345,25.0,3.58,-0.0,0.2,creep_hold
6304.0,324.70913014757065,26.679194825745974,4965.175193146469,25.0,3.58,-0.0,0.2,creep_hold
6305.0,324.801135152285,26.686426677947036,4965.104592918428,25.0,3.58,-0.0,0.2,creep_hold
6306.0,324.9318475282619,26.69652574283422,4965.225174672053,25.0,3.58,-0.0,0.2,creep_hold
6307.0,325.20807025848313,26.717403352480236,4965.148771135133,25.0,3.58,-0.0,0.2,creep_hold
6308.0,329.0021738552884,26.99886473002136,4965.114951930813,25.0,3.58,-0.0,0.2,creep_hold
6309.0,325.3155976665145,26.726201679001075,4965.162897293746,25.0,3.58,-0.0,0.2,creep_hold
6310.0,324.7501734168993,26.68473506791847,4965.2516967461015,25.0,3.58,-0.0,0.2,creep_hold
6311.0,325.9104426313229,26.77109760232021,4965.117510514434,25.0,3.58,-0.0,0.2,creep_hold
6312.0,326.4757401516106,26.81338815937856,4965.169744348005,25.0,3.58,-0.0,0.2,creep_hold
6313.0,326.97309449798905,26.85064588873993,4965.162226183361,25.0,3.58,-0.0,0.2,creep_hold
6314.0,324.85181785045296,26.69393095188541,4965.096667121878,25.0,3.58,-0.0,0.2,creep_hold
6315.0,327.6513667521297,26.901721611268872,4965.111434333458,25.0,3.58,-0.0,0.2,creep_hold
6316.0,325.8709244746574,26.77025366478944,4965.126885199919,25.0,3.58,-0.0,0.2,creep_hold
6317.0,324.8173663892083,26.69262899179321,4965.100038141181,25.0,3.58,-0.0,0.2,creep_hold
6318.0,324.8943506319415,26.69874819495863,4965.097827006902,25.0,3.58,-0.0,0.2,creep_hold
6319.0,326.1360729477589,26.791144292426587,4965.154029396581,25.0,3.58,-0.0,0.2,creep_hold
6320.0,325.6594990092641,26.756259185871414,4965.174286736069,25.0,3.58,-0.0,0.2,creep_hold
6321.0,325.2057955496936,26.723068188866197,4965.0398382226185,25.0,3.58,-0.0,0.2,creep_hold
6322.0,325.7732620943741,26.76551941439808,4965.102883858097,25.0,3.58,-0.0,0.2,creep_hold
6323.0,327.9420141511242,26.92658438156476,4965.20812522396,25.0,3.58,-0.0,0.2,creep_hold
6324.0,327.04292018319245,26.86040149505129,4965.087443010929,25.0,3.58,-0.0,0.2,creep_hold
6325.0,325.0956734508746,26.716577663027746,4965.105199590273,25.0,3.58,-0.0,0.2,creep_hold
6326.0,324.8671234353051,26.70006469891149,4965.087756917056,25.0,3.58,-0.0,0.2,creep_hold
6327.0,326.56236054803804,26.82605448503985,4965.157257214273,25.0,3.58,-0.0,0.2,creep_hold
6328.0,324.4924857522619,26.673147092760143,4965.158683949865,25.0,3.58,-0.0,0.2,creep_hold
6329.0,323.6994756586631,26.614822271012084,4965.128631883196,25.0,3.58,-0.0,0.2,creep_hold
6330.0,324.5584509307121,26.678866735608302,4965.146966976849,25.0,3.58,-0.0,0.2,creep_hold
6331.0,324.1803942741013,26.65127920548898,4965.157688502455,25.0,3.58,-0.0,0.2,creep_hold
6332.0,324.00488986134553,26.63869554528485,4965.117543813488,25.0,3.58,-0.0,0.2,creep_hold
6333.0,325.2284570900567,26.729746821485683,4965.088335701605,25.0,3.58,-0.0,0.2,creep_hold
6334.0,324.65365904257334,26.687585855005437,4965.042098596217,25.0,3.58,-0.0,0.2,creep_hold
6335.0,325.09446756648464,26.720655004924787,4965.031729752847,25.0,3.58,-0.0,0.2,creep_hold
6336.0,325.7801578931149,26.771863547638144,4965.015167794345,25.0,3.58,-0.0,0.2,creep_hold
6337.0,324.87884722289255,26.705516460955003,4965.102212160721,25.0,3.58,-0.0,0.2,creep_hold
6338.0,323.9408185533343,26.636449522469206,4965.059435026115,25.0,3.58,-0.0,0.2,creep_hold
6339.0,324.4531347144739,26.67481553440547,4965.096275506506,25.0,3.58,-0.0,0.2,creep_hold
6340.0,326.22250716592833,26.806296827105804,4965.093191141693,25.0,3.58,-0.0,0.2,creep_hold
6341.0,324.27755053063737,26.662642631899065,4965.194895051994,25.0,3.58,-0.0,0.2,creep_hold
6342.0,324.2136076387397,26.65832278805479,4965.061190677376,25.0,3.58,-0.0,0.2,creep_hold
6343.0,325.7572477426408,26.77308316612154,4965.033455685199,25.0,3.58,-0.0,0.2,creep_hold
6344.0,324.38841272420404,26.672104646237337,4965.086754831724,25.0,3.58,-0.0,0.2,creep_hold
6345.0,324.3739305942764,26.67144856253899,4965.049714310889,25.0,3.58,-0.0,0.2,creep_hold
6346.0,325.5532093909289,26.75921921414288,4965.070307179945,25.0,3.58,-0.0,0.2,creep_hold
6347.0,325.1562115187681,26.73022863101986,4965.025366353097,25.0,3.58,-0.0,0.2,creep_hold
6348.0,324.7215456707468,26.69844782746272,4965.130385196897,25.0,3.58,-0.0,0.2,creep_hold
6349.0,324.8548647646477,26.70873998256649,4965.075958139744,25.0,3.58,-0.0,0.2,creep_hold
6350.0,326.3346538577212,26.818770656127494,4965.067444122259,25.0,3.58,-0.0,0.2,creep_hold
6351.0,325.5820571077732,26.763439415390607,4965.062549705032,25.0,3.58,-0.0,0.2,creep_hold
6352.0,324.5407080721372,26.68671911645461,4965.026698876806,25.0,3.58,-0.0,0.2,creep_hold
6353.0,324.80390268482205,26.706631680357187,4964.988598713284,25.0,3.58,-0.0,0.2,creep_hold
6354.0,326.8086609096504,26.855548956270404,4964.998251648076,25.0,3.58,-0.0,0.2,creep_hold
6355.0,324.98197232418227,26.72065535734684,4965.022264264392,25.0,3.58,-0.0,0.2,creep_hold
6356.0,325.54985191506216,26.76313717889349,4965.093540553016,25.0,3.58,-0.0,0.2,creep_hold
6357.0,325.49639763740737,26.759594269437585,4965.088238893066,25.0,3.58,-0.0,0.2,creep_hold
6358.0,324.6731177287798,26.69902723916887,4964.962816281857,25.0,3.58,-0.0,0.2,creep_hold
6359.0,325.3401375763335,26.74885278343211,4965.092758191841,25.0,3.58,-0.0,0.2,creep_hold
6360.0,324.212817802629,26.665764281676218,4965.134778915849,25.0,3.58,-0.0,0.2,creep_hold
6361.0,324.8864166841501,26.716077161788892,4965.009093844889,25.0,3.58,-0.0,0.2,creep_hold
6362.0,326.30207770172603,26.821357607535266,4965.04553959569,25.0,3.58,-0.0,0.2,creep_hold
6363.0,324.96904788190824,26.723031324585797,4965.053751651735,25.0,3.58,-0.0,0.2,creep_hold
6364.0,326.6580206832659,26.84855708764933,4965.053711371429,25.0,3.58,-0.0,0.2,creep_hold
6365.0,325.3180312942296,26.749715281054044,4964.979160105976,25.0,3.58,-0.0,0.2,creep_hold
6366.0,325.62022592052585,26.77251673485377,4965.004989987704,25.0,3.58,-0.0,0.2,creep_hold
6367.0,325.21814997578304,26.74314999820615,4965.026546581966,25.0,3.58,-0.0,0.2,creep_hold
6368.0,324.20049836004705,26.668185063707188,4964.989430680666,25.0,3.58,-0.0,0.2,creep_hold
6369.0,326.1432546059245,26.81250960043885,4964.976670929149,25.0,3.58,-0.0,0.2,creep_hold
6370.0,326.4771527620997,26.83765946385924,4965.022505783438,25.0,3.58,-0.0,0.2,creep_hold
6371.0,325.35817411192033,26.75518882310521,4965.059268980966,25.0,3.58,-0.0,0.2,creep_hold
6372.0,325.0503218770761,26.73280162052416,4964.874376114012,25.0,3.58,-0.0,0.2,creep_hold
6373.0,324.78766274091885,26.71376205488288,4964.969731161643,25.0,3.58,-0.0,0.2,creep_hold
6374.0,325.51892457741326,26.76834626499358,4964.991169788729,25.0,3.58,-0.0,0.2,creep_hold
6375.0,326.0804279722405,26.81035577572152,4965.017002967434,25.0,3.58,-0.0,0.2,creep_hold
6376.0,325.9039460072677,26.79769970424205,4964.966230848932,25.0,3.58,-0.0,0.2,creep_hold
6377.0,325.2528482381019,26.74988690652606,4964.925516826129,25.0,3.58,-0.0,0.2,creep_hold
6378.0,325.0024971067294,26.73175904494292,4965.023916568732,25.0,3.58,-0.0,0.2,creep_hold
6379.0,325.1069953267107,26.739916320497088,4964.996638626966,25.0,3.58,-0.0,0.2,creep_hold
6380.0,324.8005328997007,26.717632066644494,4964.9867693928845,25.0,3.58,-0.0,0.2,creep_hold
6381.0,323.87209013867016,26.64927519545705,4964.994780900786,25.0,3.58,-0.0,0.2,creep_hold
6382.0,326.9539673948348,26.877979066284052,4964.967754942936,25.0,3.58,-0.0,0.2,creep_hold
6383.0,324.104837246033,26.667349055261703,4965.057404939394,25.0,3.58,-0.0,0.2,creep_hold
6384.0,323.9580608044029,26.65689339291873,4964.9925596892535,25.0,3.58,-0.0,0.2,creep_hold
6385.0,326.32113692064047,26.83235273486226,4964.907638493276,25.0,3.58,-0.0,0.2,creep_hold
6386.0,325.381259081452,26.763148820848297,4965.011022428877,25.0,3.58,-0.0,0.2,creep_hold
6387.0,325.4159877846597,26.766137984048864,4964.9133387655,25.0,3.58,-0.0,0.2,creep_hold
6388.0,324.33291209034394,26.68632682150696,4964.964501386308,25.0,3.58,-0.0,0.2,creep_hold
6389.0,324.8366686540893,26.724058789191808,4964.96526135456,25.0,3.58,-0.0,0.2,creep_hold
6390.0,325.616491630002,26.782240120740887,4964.887181275902,25.0,3.58,-0.0,0.2,creep_hold
6391.0,327.5949761777327,26.92921119835057,4964.906510181494,25.0,3.58,-0.0,0.2,creep_hold
6392.0,325.3545393362964,26.7636695804664,4965.005377046033,25.0,3.58,-0.0,0.2,creep_hold
6393.0,324.9447023283116,26.733727950245303,4964.949567368776,25.0,3.58,-0.0,0.2,creep_hold
6394.0,325.46416382262146,26.77262324612011,4965.029731200011,25.0,3.58,-0.0,0.2,creep_hold
6395.0,324.8329203787615,26.72628113916752,4964.861099542243,25.0,3.58,-0.0,0.2,creep_hold
6396.0,323.99192223462586,26.66440164700932,4964.990980747235,25.0,3.58,-0.0,0.2,creep_hold
6397.0,322.9765904531612,26.589608552086013,4964.934554755506,25.0,3.58,-0.0,0.2,creep_hold
6398.0,325.24717415396924,26.758216603997724,4964.981592552532,25.0,3.58,-0.0,0.2,creep_hold
6399.0,323.2830394903386,26.61314181409916,4964.943994156876,25.0,3.58,-0.0,0.2,creep_hold
6400.0,325.9172761603279,26.80868712298725,4964.890589825139,25.0,3.58,-0.0,0.2,creep_hold
6401.0,324.17623154300463,26.68013752170405,4964.882988836269,25.0,3.58,-0.0,0.2,creep_hold
6402.0,324.2237318656967,26.68407273079235,4964.991702371309,25.0,3.58,-0.0,0.2,creep_hold
6403.0,323.47474625527155,26.62900898187197,4964.850919192369,25.0,3.58,-0.0,0.2,creep_hold
6404.0,323.5814557400991,26.63733005482216,4964.858233823986,25.0,3.58,-0.0,0.2,creep_hold
6405.0,323.9796268406271,26.667240877083486,4964.985180683178,25.0,3.58,-0.0,0.2,creep_hold
6406.0,324.91971079560653,26.737293392267148,4964.99426482773,25.0,3.58,-0.0,0.2,creep_hold
6407.0,324.1112647086811,26.67782516360601,4964.916878305919,25.0,3.58,-0.0,0.2,creep_hold
6408.0,324.42664287402727,26.70160317585387,4964.848850626205,25.0,3.58,-0.0,0.2,creep_hold
6409.0,324.0277826771492,26.672474642751794,4964.997969472731,25.0,3.58,-0.0,0.2,creep_hold
6410.0,325.06493899696534,26.749717703478915,4964.85040404444,25.0,3.58,-0.0,0.2,creep_hold
6411.0,324.935624796336,26.74055554046933,4964.952521362694,25.0,3.58,-0.0,0.2,creep_hold
6412.0,325.0015261386944,26.74585378805144,4964.98331815551,25.0,3.58,-0.0,0.2,creep_hold
6413.0,323.4988738516745,26.634962877901813,4964.8397240729655,25.0,3.58,-0.0,0.2,creep_hold
6414.0,323.7143014188282,26.651337142135425,4964.848788116715,25.0,3.58,-0.0,0.2,creep_hold
6415.0,323.1858992038877,26.61261290399168,4964.869157208182,25.0,3.58,-0.0,0.2,creep_hold
6416.0,325.18653714931577,26.76122497402339,4964.878077763116,25.0,3.58,-0.0,0.2,creep_hold
6417.0,321.83450601519144,26.513343038162333,4964.981951368697,25.0,3.58,-0.0,0.2,creep_hold
6418.0,325.97983145594554,26.82082084858856,4964.880421999038,25.0,3.58,-0.0,0.2,creep_hold
6419.0,324.14422160980354,26.685266415541005,4964.928760186115,25.0,3.58,-0.0,0.2,creep_hold
6420.0,323.785000100197,26.65907408149608,4964.99588719429,25.0,3.58,-0.0,0.2,creep_hold
6421.0,324.6060587833351,26.720309909876672,4964.815986069643,25.0,3.58,-0.0,0.2,creep_hold
6422.0,324.14578850371794,26.686632481756885,4964.823442841307,25.0,3.58,-0.0,0.2,creep_hold
6423.0,324.04300189137564,26.679435325287084,4964.853017198318,25.0,3.58,-0.0,0.2,creep_hold
6424.0,324.7762865564008,26.734169374548205,4964.858548150803,25.0,3.58,-0.0,0.2,creep_hold
6425.0,324.97213592564185,26.749093401899398,4964.9077286295815,25.0,3.58,-0.0,0.2,creep_hold
6426.0,323.85095188234294,26.66645939869207,4964.836499044314,25.0,3.58,-0.0,0.2,creep_hold
6427.0,325.9659360374826,26.82354155833205,4964.901373715395,25.0,3.58,-0.0,0.2,creep_hold
6428.0,323.0400531322496,26.607226157944417,4964.909385359416,25.0,3.58,-0.0,0.2,creep_hold
6429.0,325.19971388177987,26.767617694946654,4964.853108719439,25.0,3.58,-0.0,0.2,creep_hold
6430.0,324.5919342090659,26.723013645115994,4964.873522293258,25.0,3.58,-0.0,0.2,creep_hold
6431.0,323.29966450739835,26.627706630177656,4964.863557947832,25.0,3.58,-0.0,0.2,creep_hold
6432.0,325.1750385621048,26.767039893489248,4964.804739404768,25.0,3.58,-0.0,0.2,creep_hold
6433.0,325.62174946253486,26.800546256484065,4964.919012748169,25.0,3.58,-0.0,0.2,creep_hold
6434.0,322.7233195838014,26.58626441361492,4964.941328911747,25.0,3.58,-0.0,0.2,creep_hold
6435.0,324.8805643008982,26.746476985251714,4964.918122932684,25.0,3.58,-0.0,0.2,creep_hold
6436.0,324.18105383955054,26.695078062188934,4964.838477530583,25.0,3.58,-0.0,0.2,creep_hold
6437.0,324.4944685571394,26.718710633862177,4964.830055527139,25.0,3.58,-0.0,0.2,creep_hold
6438.0,322.58667495209875,26.577809255711017,4964.863934491331,25.0,3.58,-0.0,0.2,creep_hold
6439.0,324.8615537797864,26.74673546516936,4964.809664528732,25.0,3.58,-0.0,0.2,creep_hold
6440.0,325.41098019836795,26.78785038506429,4964.844785192855,25.0,3.58,-0.0,0.2,creep_hold
6441.0,324.5111075804677,26.721609820775384,4964.820255440576,25.0,3.58,-0.0,0.2,creep_hold
6442.0,323.5375390356829,26.64991029893948,4964.853384188992,25.0,3.58,-0.0,0.2,creep_hold
6443.0,323.8655354180235,26.674622993927667,4964.79177837387,25.0,3.58,-0.0,0.2,creep_hold
6444.0,324.51940458327607,26.723474413576003,4964.885753749564,25.0,3.58,-0.0,0.2,creep_hold
6445.0,323.98846977260587,26.68456257574858,4964.832928521983,25.0,3.58,-0.0,0.2,creep_hold
6446.0,322.815409996078,26.598085925635413,4964.795340645543,25.0,3.58,-0.0,0.2,creep_hold
6447.0,322.9864523640833,26.6111723973395,4964.894634956524,25.0,3.58,-0.0,0.2,creep_hold
6448.0,322.66595049417697,26.58784818475385,4964.829035849092,25.0,3.58,-0.0,0.2,creep_hold
6449.0,324.1821370853435,26.70057496928471,4964.8136680919015,25.0,3.58,-0.0,0.2,creep_hold
6450.0,325.97349249256945,26.83368462907922,4964.801366346852,25.0,3.58,-0.0,0.2,creep_hold
6451.0,325.4519947456935,26.795471833014336,4964.86045343669,25.0,3.58,-0.0,0.2,creep_hold
6452.0,323.8831721897438,26.679679421462502,4964.773903029193,25.0,3.58,-0.0,0.2,creep_hold
6453.0,323.90143229225697,26.68144868831533,4964.871851486993,25.0,3.58,-0.0,0.2,creep_hold
6454.0,325.0311693401734,26.765549580753586,4964.887910417121,25.0,3.58,-0.0,0.2,creep_hold
6455.0,324.7673716363967,26.74642567677013,4964.867324649879,25.0,3.58,-0.0,0.2,creep_hold
6456.0,325.3395226164854,26.78922389751744,4964.819706332882,25.0,3.58,-0.0,0.2,creep_hold
6457.0,324.5083920699689,26.728075338516216,4964.770693646203,25.0,3.58,-0.0,0.2,creep_hold
6458.0,323.66672868206115,26.666146569041565,4964.848504644561,25.0,3.58,-0.0,0.2,creep_hold
6459.0,324.64225557864097,26.738824487306736,4964.805433829573,25.0,3.58,-0.0,0.2,creep_hold
6460.0,325.7968364259534,26.824765661181736,4964.7600321908485,25.0,3.58,-0.0,0.2,creep_hold
6461.0,324.30827846685594,26.714918775322666,4964.878223567668,25.0,3.58,-0.0,0.2,creep_hold
6462.0,326.08929036852754,26.84726224952056,4964.783409131351,25.0,3.58,-0.0,0.2,creep_hold
6463.0,323.1474490650268,26.62976474555754,4964.810083830317,25.0,3.58,-0.0,0.2,creep_hold
6464.0,323.7069263219056,26.67162417199301,4964.813740017556,25.0,3.58,-0.0,0.2,creep_hold
6465.0,324.2344345632965,26.711115523207148,4964.901820990553,25.0,3.58,-0.0,0.2,creep_hold
6466.0,323.88945628561464,26.685978243378862,4964.79704341334,25.0,3.58,-0.0,0.2,creep_hold
6467.0,324.905726377239,26.761674176091777,4964.726510477672,25.0,3.58,-0.0,0.2,creep_hold
6468.0,324.2953330311984,26.71687652082951,4964.769258728273,25.0,3.58,-0.0,0.2,creep_hold
6469.0,324.62716731767136,26.74187350501269,4964.765671705694,25.0,3.58,-0.0,0.2,creep_hold
6470.0,325.4602430825905,26.80399948759929,4964.699013176645,25.0,3.58,-0.0,0.2,creep_hold
6471.0,322.7600237651375,26.604399908528706,4964.844556822838,25.0,3.58,-0.0,0.2,creep_hold
6472.0,323.6551670823927,26.671123487584648,4964.914904834372,25.0,3.58,-0.0,0.2,creep_hold
6473.0,325.9195856346583,26.83927486182654,4964.835894720825,25.0,3.58,-0.0,0.2,creep_hold
6474.0,323.583492781084,26.66664761341363,4964.750565408143,25.0,3.58,-0.0,0.2,creep_hold
6475.0,322.8414903940752,26.612101140301867,4964.822164403268,25.0,3.58,-0.0,0.2,creep_hold
6476.0,323.05736784824063,26.62850872949931,4964.7225614880335,25.0,3.58,-0.0,0.2,creep_hold
6477.0,322.7325098703208,26.604861842245985,4964.844889325223,25.0,3.58,-0.0,0.2,creep_hold
6478.0,323.72043647212587,26.67845825719451,4964.741720873169,25.0,3.58,-0.0,0.2,creep_hold
6479.0,324.1214131941845,26.708576903272927,4964.740930263305,25.0,3.58,-0.0,0.2,creep_hold
6480.0,324.1881644462121,26.713938107126825,4964.807410784442,25.0,3.58,-0.0,0.2,creep_hold
6481.0,324.59932636186284,26.74481121198984,4964.793637195246,25.0,3.58,-0.0,0.2,creep_hold
6482.0,323.6794294753897,26.677087368547387,4964.804845643458,25.0,3.58,-0.0,0.2,creep_hold
6483.0,324.6364421081863,26.74839385986565,4964.808480914975,25.0,3.58,-0.0,0.2,creep_hold
6484.0,324.9245432656887,26.770151353013983,4964.829846745358,25.0,3.58,-0.0,0.2,creep_hold
6485.0,322.4073388249608,26.58410843147858,4964.76476525841,25.0,3.58,-0.0,0.2,creep_hold
6486.0,322.80219879544063,26.61377398484745,4964.710673759074,25.0,3.58,-0.0,0.2,creep_hold
6487.0,324.2501726002393,26.72144797038809,4964.686392429851,25.0,3.58,-0.0,0.2,creep_hold
6488.0,322.59960846601217,26.59960062711201,4964.774803929711,25.0,3.58,-0.0,0.2,creep_hold
6489.0,324.8389202764248,26.765892242698133,4964.863307690683,25.0,3.58,-0.0,0.2,creep_hold
6490.0,323.153732082583,26.64148015426541,4964.807442676414,25.0,3.58,-0.0,0.2,creep_hold
6491.0,323.1124271701884,26.638837197791734,4964.763798759734,25.0,3.58,-0.0,0.2,creep_hold
6492.0,323.87128503029294,26.69546555779948,4964.796792093,25.0,3.58,-0.0,0.2,creep_hold
6493.0,326.05052440541084,26.85730736336377,4964.810699994203,25.0,3.58,-0.0,0.2,creep_hold
6494.0,322.5860054209454,26.601092994144103,4964.7073406397485,25.0,3.58,-0.0,0.2,creep_hold
6495.0,323.6563655381572,26.68079559541905,4964.803114436509,25.0,3.58,-0.0,0.2,creep_hold
6496.0,322.9444585779872,26.628478413184236,4964.775213430939,25.0,3.58,-0.0,0.2,creep_hold
6497.0,324.25039080399443,26.725630800295885,4964.714093994555,25.0,3.58,-0.0,0.2,creep_hold
6498.0,323.52534377635885,26.672340279730285,4964.713181768088,25.0,3.58,-0.0,0.2,creep_hold
6499.0,323.59771282376505,26.678117616575182,4964.708071354758,25.0,3.58,-0.0,0.2,creep_hold
6500.0,324.11061264149043,26.71652686233262,4964.7658218904335,25.0,3.58,-0.0,0.2,creep_hold
6501.0,323.4042021454045,26.66461682558553,4964.866065630835,25.0,3.58,-0.0,0.2,creep_hold
6502.0,323.6616238544664,26.684101766997514,4964.669411706277,25.0,3.58,-0.0,0.2,creep_hold
6503.0,324.1385089383644,26.719843254693657,4964.710132241209,25.0,3.58,-0.0,0.2,creep_hold
6504.0,323.57410529155186,26.678452243818658,4964.654829022906,25.0,3.58,-0.0,0.2,creep_hold
6505.0,323.3456556768014,26.661946716800102,4964.705485178474,25.0,3.58,-0.0,0.2,creep_hold
6506.0,322.7154234549127,26.61567951517872,4964.650168422088,25.0,3.58,-0.0,0.2,creep_hold
6507.0,324.0017988437589,26.711383247685845,4964.763177163806,25.0,3.58,-0.0,0.2,creep_hold
6508.0,323.7020239794284,26.689594368846542,4964.722323421712,25.0,3.58,-0.0,0.2,creep_hold
6509.0,323.42223299653256,26.66928577752093,4964.689978148384,25.0,3.58,-0.0,0.2,creep_hold
6510.0,322.9222955016316,26.632670037157894,4964.708172814732,25.0,3.58,-0.0,0.2,creep_hold
6511.0,323.0589480629467,26.64320911577383,4964.768031525069,25.0,3.58,-0.0,0.2,creep_hold
6512.0,322.5661361886413,26.607121199158616,4964.737730038902,25.0,3.58,-0.0,0.2,creep_hold
6513.0,325.28826423063003,26.80917698004667,4964.664358977085,25.0,3.58,-0.0,0.2,creep_hold
6514.0,324.13868326219057,26.724439500903003,4964.7003403317885,25.0,3.58,-0.0,0.2,creep_hold
6515.0,325.50987754129824,26.82642611417024,4964.60617785363,25.0,3.58,-0.0,0.2,creep_hold
6516.0,321.779059531972,26.550485891257186,4964.685387859287,25.0,3.58,-0.0,0.2,creep_hold
6517.0,321.8985108521172,26.55975080386053,4964.62138239284,25.0,3.58,-0.0,0.2,creep_hold
6518.0,323.7688126717663,26.69870834605676,4964.662154210616,25.0,3.58,-0.0,0.2,creep_hold
6519.0,323.2828289117905,26.663126215688184,4964.732232100354,25.0,3.58,-0.0,0.2,creep_hold
6520.0,322.9925733553532,26.64204247076691,4964.670558767143,25.0,3.58,-0.0,0.2,creep_hold
6521.0,322.8411313723262,26.631241212764905,4964.6541173105015,25.0,3.58,-0.0,0.2,creep_hold
6522.0,323.1828532502539,26.65697061112992,4964.690089283601,25.0,3.58,-0.0,0.2,creep_hold
6523.0,320.8567912274181,26.48508638721616,4964.681518398654,25.0,3.58,-0.0,0.2,creep_hold
6524.0,325.86114388731824,26.856195843505056,4964.680105280535,25.0,3.58,-0.0,0.2,creep_hold
6525.0,323.08069612211733,26.65065341645313,4964.617379169539,25.0,3.58,-0.0,0.2,creep_hold
6526.0,323.1969592004717,26.659682162997903,4964.745901585749,25.0,3.58,-0.0,0.2,creep_hold
6527.0,324.34166038341544,26.744891509882628,4964.714564869408,25.0,3.58,-0.0,0.2,creep_hold
6528.0,323.216992790103,26.661999465933555,4964.693454199471,25.0,3.58,-0.0,0.2,creep_hold
6529.0,323.7163206040831,26.699403378080227,4964.661580715889,25.0,3.58,-0.0,0.2,creep_hold
6530.0,324.08833163939335,26.72737641773284,4964.608500444592,25.0,3.58,-0.0,0.2,creep_hold
6531.0,324.1472328291498,26.73215613549258,4964.76187937064,25.0,3.58,-0.0,0.2,creep_hold
6532.0,323.90640314398667,26.714733566221238,4964.690866360899,25.0,3.58,-0.0,0.2,creep_hold
6533.0,324.4665848373572,26.75664517313757,4964.566325739242,25.0,3.58,-0.0,0.2,creep_hold
6534.0,324.4807981681144,26.758114679119583,4964.689583384931,25.0,3.58,-0.0,0.2,creep_hold
6535.0,323.5047070085756,26.686228296931525,4964.607732701375,25.0,3.58,-0.0,0.2,creep_hold
6536.0,323.92275670393525,26.717611607698903,4964.681271674952,25.0,3.58,-0.0,0.2,creep_hold
6537.0,322.85404441301705,26.638864400964227,4964.540638292925,25.0,3.58,-0.0,0.2,creep_hold
6538.0,324.17383702147407,26.73704348307215,4964.637216717953,25.0,3.58,-0.0,0.2,creep_hold
6539.0,322.06948799753985,26.58158244426221,4964.605870077291,25.0,3.58,-0.0,0.2,creep_hold
6540.0,321.9681661177317,26.57449378649865,4964.689595393446,25.0,3.58,-0.0,0.2,creep_hold
6541.0,322.5883546128986,26.6208503416962,4964.696452045335,25.0,3.58,-0.0,0.2,creep_hold
6542.0,323.8492731425161,26.71466838092712,4964.632678345451,25.0,3.58,-0.0,0.2,creep_hold
6543.0,322.7590757263716,26.63432968343493,4964.716975514329,25.0,3.58,-0.0,0.2,creep_hold
6544.0,323.0109274279944,26.653402031703287,4964.681184096984,25.0,3.58,-0.0,0.2,creep_hold
6545.0,324.576256320836,26.76976898672859,4964.71676677855,25.0,3.58,-0.0,0.2,creep_hold
6546.0,324.9579255085268,26.798457445076057,4964.58580664964,25.0,3.58,-0.0,0.2,creep_hold
6547.0,325.49448226125224,26.838619056389053,4964.6217782038975,25.0,3.58,-0.0,0.2,creep_hold
6548.0,324.4285194259122,26.760075513030536,4964.556735883997,25.0,3.58,-0.0,0.2,creep_hold
6549.0,323.9862751568098,26.727733344948877,4964.620745707424,25.0,3.58,-0.0,0.2,creep_hold
6550.0,323.8397011427121,26.717292677237936,4964.667059269031,25.0,3.58,-0.0,0.2,creep_hold
6551.0,322.2362498108501,26.598935171174087,4964.660434643147,25.0,3.58,-0.0,0.2,creep_hold
6552.0,323.45694245795494,26.68977351540407,4964.6898371708985,25.0,3.58,-0.0,0.2,creep_hold
6553.0,323.18840056536106,26.670298190026745,4964.688174889849,25.0,3.58,-0.0,0.2,creep_hold
6554.0,324.3416033978936,26.75613728873286,4964.60506952531,25.0,3.58,-0.0,0.2,creep_hold
6555.0,323.819508975901,26.717880294511183,4964.652980581812,25.0,3.58,-0.0,0.2,creep_hold
6556.0,322.343039401032,26.60892884452089,4964.651373002245,25.0,3.58,-0.0,0.2,creep_hold
6557.0,322.9663763841795,26.655518621050334,4964.706235052068,25.0,3.58,-0.0,0.2,creep_hold
6558.0,323.791118271924,26.717027279401783,4964.611439896941,25.0,3.58,-0.0,0.2,creep_hold
6559.0,323.4143916113566,26.6895382675079,4964.576162937252,25.0,3.58,-0.0,0.2,creep_hold
6560.0,322.61665903798684,26.63086363244347,4964.607731349398,25.0,3.58,-0.0,0.2,creep_hold
6561.0,324.0692803691983,26.73888187919988,4964.580881888527,25.0,3.58,-0.0,0.2,creep_hold
6562.0,321.32897124336074,26.53631268469339,4964.623438486624,25.0,3.58,-0.0,0.2,creep_hold
6563.0,323.74850547909654,26.71595410956271,4964.632911509106,25.0,3.58,-0.0,0.2,creep_hold
6564.0,322.31523345828936,26.610202478391805,4964.742421386907,25.0,3.58,-0.0,0.2,creep_hold
6565.0,321.6790396185639,26.563493675449177,4964.607262627847,25.0,3.58,-0.0,0.2,creep_hold
6566.0,322.7985953244827,26.646840394406123,4964.629979019947,25.0,3.58,-0.0,0.2,creep_hold
6567.0,324.24689408658713,26.754538450858306,4964.515010604644,25.0,3.58,-0.0,0.2,creep_hold
6568.0,321.5313228689657,26.55380169399746,4964.647474838282,25.0,3.58,-0.0,0.2,creep_hold
6569.0,322.9110682063228,26.656421718986877,4964.5942625164425,25.0,3.58,-0.0,0.2,creep_hold
6570.0,323.06780658722744,26.66844863609092,4964.5758855954855,25.0,3.58,-0.0,0.2,creep_hold
6571.0,322.6078841072321,26.634796970906084,4964.524197876298,25.0,3.58,-0.0,0.2,creep_hold
6572.0,322.63188247523794,26.63699129446207,4964.621781685474,25.0,3.58,-0.0,0.2,creep_hold
6573.0,322.9097783463946,26.657992840473675,4964.511531517559,25.0,3.58,-0.0,0.2,creep_hold
6574.0,323.2198739353752,26.68137955076853,4964.596443842175,25.0,3.58,-0.0,0.2,creep_hold
6575.0,324.46027411117007,26.77367771193852,4964.613514039664,25.0,3.58,-0.0,0.2,creep_hold
6576.0,320.2695668519823,26.46367161866535,4964.559302837773,25.0,3.58,-0.0,0.2,creep_hold
6577.0,323.24041663983394,26.68415123258029,4964.682081937319,25.0,3.58,-0.0,0.2,creep_hold
6578.0,323.8619250591231,26.730605559935047,4964.605304648595,25.0,3.58,-0.0,0.2,creep_hold
6579.0,321.2251565599245,26.53570604147589,4964.523670868074,25.0,3.58,-0.0,0.2,creep_hold
6580.0,323.5849857414176,26.71092486973464,4964.669297283432,25.0,3.58,-0.0,0.2,creep_hold
6581.0,323.91123468418857,26.735508124754716,4964.708629124748,25.0,3.58,-0.0,0.2,creep_hold
6582.0,322.5371943494182,26.63414402588283,4964.510886381548,25.0,3.58,-0.0,0.2,creep_hold
6583.0,323.18142483020995,26.68228146890444,4964.581704546469,25.0,3.58,-0.0,0.2,creep_hold
6584.0,322.33135307772204,26.61972985760904,4964.602622301136,25.0,3.58,-0.0,0.2,creep_hold
6585.0,321.6757313390598,26.571581951041463,4964.58290055883,25.0,3.58,-0.0,0.2,creep_hold
6586.0,322.35978905044044,26.62266955929189,4964.631112236159,25.0,3.58,-0.0,0.2,creep_hold
6587.0,322.2104653002237,26.61202520742398,4964.589265468072,25.0,3.58,-0.0,0.2,creep_hold
6588.0,323.8127613512926,26.73113047046612,4964.591461747104,25.0,3.58,-0.0,0.2,creep_hold
6589.0,322.24019115523447,26.615060455943294,4964.615199534935,25.0,3.58,-0.0,0.2,creep_hold
6590.0,323.52669976540824,26.710774056696906,4964.5056057008505,25.0,3.58,-0.0,0.2,creep_hold
6591.0,323.7433327871435,26.72723761386248,4964.563235237019,25.0,3.58,-0.0,0.2,creep_hold
6592.0,324.0340530877793,26.74918911761328,4964.454831359804,25.0,3.58,-0.0,0.2,creep_hold
6593.0,322.8844972182607,26.664453497648942,4964.517871935095,25.0,3.58,-0.0,0.2,creep_hold
6594.0,323.34044615954025,26.698644159965944,4964.511110611492,25.0,3.58,-0.0,0.2,creep_hold
6595.0,322.0409932980069,26.602805059111624,4964.538620508391,25.0,3.58,-0.0,0.2,creep_hold
6596.0,321.8044025630496,26.58569648615182,4964.593758375196,25.0,3.58,-0.0,0.2,creep_hold
6597.0,324.3943315606217,26.77795974523124,4964.531863794356,25.0,3.58,-0.0,0.2,creep_hold
6598.0,323.86487561142707,26.7391574526983,4964.579742984509,25.0,3.58,-0.0,0.2,creep_hold
6599.0,321.7781282602391,26.58500024149919,4964.527961749192,25.0,3.58,-0.0,0.2,creep_hold
6600.0,321.9225647746501,26.59611590923334,4964.44787742693,25.0,3.58,-0.0,0.2,creep_hold
6601.0,324.47950086407724,26.785935249190903,4964.499782939784,25.0,3.58,-0.0,0.2,creep_hold
6602.0,323.0649506227249,26.68157041649814,4964.511192736097,25.0,3.58,-0.0,0.2,creep_hold
6603.0,323.93137465414776,26.74616664104798,4964.529012744894,25.0,3.58,-0.0,0.2,creep_hold
6604.0,324.2413792269923,26.76954660940684,4964.583316417487,25.0,3.58,-0.0,0.2,creep_hold
6605.0,322.5976572724636,26.648206094256565,4964.544911285853,25.0,3.58,-0.0,0.2,creep_hold
6606.0,323.65002321040674,26.726575793363462,4964.557985561945,25.0,3.58,-0.0,0.2,creep_hold
6607.0,321.56771849451195,26.57274766626015,4964.470632575634,25.0,3.58,-0.0,0.2,creep_hold
6608.0,322.68378670288257,26.65583605206537,4964.580534813372,25.0,3.58,-0.0,0.2,creep_hold
6609.0,323.505598433362,26.717127661730515,4964.621016955663,25.0,3.58,-0.0,0.2,creep_hold
6610.0,324.08245746700896,26.76027462718585,4964.527147039923,25.0,3.58,-0.0,0.2,creep_hold
6611.0,322.7080517352084,26.658883461867287,4964.575079356911,25.0,3.58,-0.0,0.2,creep_hold
6612.0,323.2216252529125,26.69734261132685,4964.532601857876,25.0,3.58,-0.0,0.2,creep_hold
6613.0,321.8466520265601,26.595909409374823,4964.522859472745,25.0,3.58,-0.0,0.2,creep_hold
6614.0,323.5877948520241,26.72529961866845,4964.524864214659,25.0,3.58,-0.0,0.2,creep_hold
6615.0,321.3562172732797,26.560414242465168,4964.5573971429,25.0,3.58,-0.0,0.2,creep_hold
6616.0,322.30061587429014,26.63078636105853,4964.46916892614,25.0,3.58,-0.0,0.2,creep_hold
6617.0,322.4970514735007,26.645753812851904,4964.541189680529,25.0,3.58,-0.0,0.2,creep_hold
6618.0,321.7060530479924,26.58757800355499,4964.494418567169,25.0,3.58,-0.0,0.2,creep_hold
6619.0,322.020709779488,26.61130257625837,4964.577702674777,25.0,3.58,-0.0,0.2,creep_hold
6620.0,322.301496912826,26.632518289838963,4964.489183450182,25.0,3.58,-0.0,0.2,creep_hold
6621.0,323.5528839077584,26.725630289463588,4964.5103998986,25.0,3.58,-0.0,0.2,creep_hold
6622.0,323.2236856987358,26.70166190361006,4964.467502060289,25.0,3.58,-0.0,0.2,creep_hold
6623.0,322.92769289871217,26.680153177682385,4964.537315469915,25.0,3.58,-0.0,0.2,creep_hold
6624.0,322.93897569042497,26.68140560669815,4964.576766555743,25.0,3.58,-0.0,0.2,creep_hold
6625.0,322.9575706683155,26.68319967913448,4964.390225941543,25.0,3.58,-0.0,0.2,creep_hold
6626.0,321.6144976284682,26.584129453960607,4964.526978155441,25.0,3.58,-0.0,0.2,creep_hold
6627.0,322.22115307496136,26.62948356110825,4964.4957041307725,25.0,3.58,-0.0,0.2,creep_hold
6628.0,322.3207061391809,26.63727452882821,4964.509054880903,25.0,3.58,-0.0,0.2,creep_hold
6629.0,323.2840737063754,26.709051756027808,4964.482119809738,25.0,3.58,-0.0,0.2,creep_hold
6630.0,322.8378876276385,26.676417602047295,4964.462014085553,25.0,3.58,-0.0,0.2,creep_hold
6631.0,323.0627833516926,26.69349321123649,4964.561431298177,25.0,3.58,-0.0,0.2,creep_hold
6632.0,321.3440474633709,26.56659610839784,4964.500998074459,25.0,3.58,-0.0,0.2,creep_hold
6633.0,324.0716104993662,26.769054481434537,4964.445218583659,25.0,3.58,-0.0,0.2,creep_hold
6634.0,321.8560087594136,26.605352500697308,4964.457671204303,25.0,3.58,-0.0,0.2,creep_hold
6635.0,321.50093984392737,26.57946776621684,4964.425185244763,25.0,3.58,-0.0,0.2,creep_hold
6636.0,322.5043586719523,26.65421175347795,4964.540858065098,25.0,3.58,-0.0,0.2,creep_hold
6637.0,322.72845466122726,26.671228123053872,4964.516162395731,25.0,3.58,-0.0,0.2,creep_hold
6638.0,322.253673753704,26.636475833607705,4964.396609935261,25.0,3.58,-0.0,0.2,creep_hold
6639.0,323.90113993611675,26.758927032304943,4964.442924178334,25.0,3.58,-0.0,0.2,creep_hold
6640.0,321.8815510645841,26.609744523302524,4964.479440786602,25.0,3.58,-0.0,0.2,creep_hold
6641.0,321.9454120969744,26.61489163681292,4964.4907709942645,25.0,3.58,-0.0,0.2,creep_hold
6642.0,321.09178103829834,26.552076373207285,4964.473271062707,25.0,3.58,-0.0,0.2,creep_hold
6643.0,323.6964610173561,26.74543229758193,4964.439364619692,25.0,3.58,-0.0,0.2,creep_hold
6644.0,322.033637880888,26.62267688006577,4964.483068337611,25.0,3.58,-0.0,0.2,creep_hold
6645.0,321.9885450365719,26.61975333604236,4964.474666889205,25.0,3.58,-0.0,0.2,creep_hold
6646.0,320.56282814053884,26.51456134374362,4964.439450149898,25.0,3.58,-0.0,0.2,creep_hold
6647.0,321.5183291866033,26.58575586567432,4964.4996311764735,25.0,3.58,-0.0,0.2,creep_hold
6648.0,321.8229783076013,26.608739133896396,4964.425798711234,25.0,3.58,-0.0,0.2,creep_hold
6649.0,322.7207681561054,26.675658752304106,4964.394498032958,25.0,3.58,-0.0,0.2,creep_hold
6650.0,323.24138497337464,26.71463962765738,4964.422005173242,25.0,3.58,-0.0,0.2,creep_hold
6651.0,323.43008716667725,26.729034234568687,4964.554309702714,25.0,3.58,-0.0,0.2,creep_hold
6652.0,321.57438084794853,26.59199117392211,4964.433744211154,25.0,3.58,-0.0,0.2,creep_hold
6653.0,322.5208533503628,26.66251691484169,4964.451464954033,25.0,3.58,-0.0,0.2,creep_hold
6654.0,323.8134328099485,26.75868020814434,4964.413728293712,25.0,3.58,-0.0,0.2,creep_hold
6655.0,322.93079973204874,26.693716646818427,4964.472004806411,25.0,3.58,-0.0,0.2,creep_hold
6656.0,323.12128064235134,26.708243010544543,4964.395678114755,25.0,3.58,-0.0,0.2,creep_hold
6657.0,323.57622380320925,26.74235917060809,4964.391606906068,25.0,3.58,-0.0,0.2,creep_hold
6658.0,322.8453114080073,26.68863417837091,4964.413075467508,25.0,3.58,-0.0,0.2,creep_hold
6659.0,322.396157548912,26.655780188808297,4964.357197272617,25.0,3.58,-0.0,0.2,creep_hold
6660.0,324.80954171126234,26.8349660526861,4964.382018225599,25.0,3.58,-0.0,0.2,creep_hold
6661.0,320.83696452835204,26.54111774284089,4964.502259522873,25.0,3.58,-0.0,0.2,creep_hold
6662.0,322.5277143893136,26.66677513994916,4964.469367054767,25.0,3.58,-0.0,0.2,creep_hold
6663.0,322.9594387793888,26.69917139106584,4964.470714434085,25.0,3.58,-0.0,0.2,creep_hold
6664.0,322.41191385993807,26.65903065629171,4964.421334911099,25.0,3.58,-0.0,0.2,creep_hold
6665.0,322.3027788512048,26.65136324823739,4964.457962800779,25.0,3.58,-0.0,0.2,creep_hold
6666.0,321.90204301276447,26.622095778723292,4964.36741101414,25.0,3.58,-0.0,0.2,creep_hold
6667.0,323.3735446100443,26.731512563706985,4964.4500876989805,25.0,3.58,-0.0,0.2,creep_hold
6668.0,320.4933711485056,26.518583048037453,4964.44543335066,25.0,3.58,-0.0,0.2,creep_hold
6669.0,321.132015121015,26.56630667563074,4964.383887990688,25.0,3.58,-0.0,0.2,creep_hold
6670.0,320.8609883123742,26.54664728239809,4964.403126808462,25.0,3.58,-0.0,0.2,creep_hold
6671.0,321.5435465335475,26.597623817299816,4964.397152433711,25.0,3.58,-0.0,0.2,creep_hold
6672.0,321.67841784697873,26.608030951628056,4964.499702553757,25.0,3.58,-0.0,0.2,creep_hold
6673.0,322.5696814798391,26.674467146654752,4964.386957739757,25.0,3.58,-0.0,0.2,creep_hold
6674.0,323.18789887309504,26.720677694303337,4964.37392161652,25.0,3.58,-0.0,0.2,creep_hold
6675.0,321.37089897269993,26.58650177575555,4964.488005148935,25.0,3.58,-0.0,0.2,creep_hold
6676.0,322.2253177134424,26.65020871951425,4964.460770997381,25.0,3.58,-0.0,0.2,creep_hold
6677.0,324.2510444083087,26.800679215430275,4964.3741567731095,25.0,3.58,-0.0,0.2,creep_hold
6678.0,322.95246097332813,26.704904516542825,4964.461261207015,25.0,3.58,-0.0,0.2,creep_hold
6679.0,320.58957810532905,26.530292822616964,4964.449979008885,25.0,3.58,-0.0,0.2,creep_hold
6680.0,322.903350930445,26.70210006892185,4964.468696695678,25.0,3.58,-0.0,0.2,creep_hold
6681.0,322.2459460375184,26.65382007685321,4964.386287992085,25.0,3.58,-0.0,0.2,creep_hold
6682.0,322.2028457507797,26.651044129687385,4964.434775069642,25.0,3.58,-0.0,0.2,creep_hold
6683.0,322.49653884694965,26.673215840514796,4964.396524436522,25.0,3.58,-0.0,0.2,creep_hold
6684.0,322.97069973209807,26.708755535710967,4964.502047967986,25.0,3.58,-0.0,0.2,creep_hold
6685.0,322.42189514875434,26.66852001101884,4964.341791926699,25.0,3.58,-0.0,0.2,creep_hold
6686.0,323.1173626523445,26.72045278906256,4964.360420666832,25.0,3.58,-0.0,0.2,creep_hold
6687.0,322.4719450982595,26.67306074801922,4964.401661789465,25.0,3.58,-0.0,0.2,creep_hold
6688.0,322.9986305013653,26.71249114824928,4964.373792015113,25.0,3.58,-0.0,0.2,creep_hold
6689.0,322.66207125194177,26.68797750014383,4964.388590077142,25.0,3.58,-0.0,0.2,creep_hold
6690.0,321.2306813950722,26.58236528852387,4964.456017520624,25.0,3.58,-0.0,0.2,creep_hold
6691.0,320.6014667617607,26.53617346383413,4964.40513290572,25.0,3.58,-0.0,0.2,creep_hold
6692.0,323.9505290158525,26.784668815989075,4964.415834669985,25.0,3.58,-0.0,0.2,creep_hold
6693.0,321.2091725475106,26.582022040556343,4964.492205234981,25.0,3.58,-0.0,0.2,creep_hold
6694.0,320.9760528816065,26.565170583822702,4964.341826459833,25.0,3.58,-0.0,0.2,creep_hold
6695.0,323.08085190612496,26.721498289342588,4964.504618432191,25.0,3.58,-0.0,0.2,creep_hold
6696.0,323.1506291893503,26.727083643655572,4964.338994804419,25.0,3.58,-0.0,0.2,creep_hold
6697.0,321.8529031691927,26.631372456977235,4964.367902738716,25.0,3.58,-0.0,0.2,creep_hold
6698.0,323.30656689534845,26.73946791817396,4964.422709483465,25.0,3.58,-0.0,0.2,creep_hold
6699.0,321.48680042406846,26.605087068449517,4964.447526643058,25.0,3.58,-0.0,0.2,creep_hold
6700.0,321.6279858829314,26.61596191725418,4964.392547112097,25.0,3.58,-0.0,0.2,creep_hold
6701.0,320.6394448066339,26.54315331900992,4964.488554104487,25.0,3.58,-0.0,0.2,creep_hold
6702.0,324.0292713312884,26.794668246762104,4964.239684025656,25.0,3.58,-0.0,0.2,creep_hold
6703.0,322.1054869967054,26.652582370126325,4964.415502966601,25.0,3.58,-0.0,0.2,creep_hold
6704.0,322.7022060642013,26.697200449200093,4964.434755449345,25.0,3.58,-0.0,0.2,creep_hold
6705.0,320.38429760695567,26.525920193107822,4964.481896296021,25.0,3.58,-0.0,0.2,creep_hold
6706.0,322.4616256806986,26.68021301338508,4964.43659765393,25.0,3.58,-0.0,0.2,creep_hold
6707.0,320.1765185779668,26.5113624872568,4964.419271687095,25.0,3.58,-0.0,0.2,creep_hold
6708.0,321.29248024268423,26.594442980939576,4964.449573156047,25.0,3.58,-0.0,0.2,creep_hold
6709.0,322.6305676050562,26.693977230004165,4964.341585826892,25.0,3.58,-0.0,0.2,creep_hold
6710.0,323.3864201845043,26.750382976629947,4964.3324531100725,25.0,3.58,-0.0,0.2,creep_hold
6711.0,323.5492945582667,26.76286441172346,4964.376393777798,25.0,3.58,-0.0,0.2,creep_hold
6712.0,321.90865154868067,26.64175196656894,4964.359658061976,25.0,3.58,-0.0,0.2,creep_hold
6713.0,320.63907053228445,26.548125594984032,4964.274777888545,25.0,3.58,-0.0,0.2,creep_hold
6714.0,322.30924627599154,26.67225898340678,4964.365618312173,25.0,3.58,-0.0,0.2,creep_hold
6715.0,321.4802210842438,26.61126637661065,4964.3957645178525,25.0,3.58,-0.0,0.2,creep_hold
6716.0,322.64507837388027,26.69796876843557,4964.4172671087,25.0,3.58,-0.0,0.2,creep_hold
6717.0,322.3977600689048,26.680065560659614,4964.412378905803,25.0,3.58,-0.0,0.2,creep_hold
6718.0,323.65399667394377,26.773536790662504,4964.355927479013,25.0,3.58,-0.0,0.2,creep_hold
6719.0,322.5441410911975,26.6917419326813,4964.35613197002,25.0,3.58,-0.0,0.2,creep_hold
6720.0,321.75965515578145,26.63404853005789,4964.319786751685,25.0,3.58,-0.0,0.2,creep_hold
6721.0,322.3561184650476,26.678647664077594,4964.364383679681,25.0,3.58,-0.0,0.2,creep_hold
6722.0,321.5868511828084,26.62208156909692,4964.24552526934,25.0,3.58,-0.0,0.2,creep_hold
6723.0,321.41318575067936,26.609634129679957,4964.399744326035,25.0,3.58,-0.0,0.2,creep_hold
6724.0,321.285839469247,26.600617738462734,4964.332771877108,25.0,3.58,-0.0,0.2,creep_hold
6725.0,321.61856858246193,26.62568100610829,4964.365492730432,25.0,3.58,-0.0,0.2,creep_hold
6726.0,321.2312680909071,26.597408747474603,4964.36997631969,25.0,3.58,-0.0,0.2,creep_hold
6727.0,321.87753518481566,26.645697050727087,4964.390217449166,25.0,3.58,-0.0,0.2,creep_hold
6728.0,320.3434636967908,26.53247879235488,4964.363438455406,25.0,3.58,-0.0,0.2,creep_hold
6729.0,321.3489186865533,26.607373606411358,4964.448729444631,25.0,3.58,-0.0,0.2,creep_hold
6730.0,322.39220661765137,26.685070860566768,4964.295956379772,25.0,3.58,-0.0,0.2,creep_hold
6731.0,321.0232577398555,26.58408390665597,4964.300255510575,25.0,3.58,-0.0,0.2,creep_hold
6732.0,320.76784793713387,26.565581328676583,4964.328738056917,25.0,3.58,-0.0,0.2,creep_hold
6733.0,323.5646095181862,26.77316551986565,4964.338191245247,25.0,3.58,-0.0,0.2,creep_hold
6734.0,321.2486740821324,26.602031413491293,4964.325223854046,25.0,3.58,-0.0,0.2,creep_hold
6735.0,323.506391060882,26.769686374880145,4964.340052950997,25.0,3.58,-0.0,0.2,creep_hold
6736.0,321.67891896365734,26.63473473804869,4964.289397820208,25.0,3.58,-0.0,0.2,creep_hold
6737.0,322.2424042496048,26.67689105552628,4964.4707504654825,25.0,3.58,-0.0,0.2,creep_hold
6738.0,322.6156185366294,26.704953224935515,4964.378778644675,25.0,3.58,-0.0,0.2,creep_hold
6739.0,321.0900313415996,26.592363432711085,4964.292244704817,25.0,3.58,-0.0,0.2,creep_hold
6740.0,320.93490078701257,26.58128894718612,4964.320234286209,25.0,3.58,-0.0,0.2,creep_hold
6741.0,321.7966379146814,26.645537993680104,4964.33145647165,25.0,3.58,-0.0,0.2,creep_hold
6742.0,321.64433998126674,26.634673331945685,4964.277877313912,25.0,3.58,-0.0,0.2,creep_hold
6743.0,322.45130006848586,26.69486481988784,4964.358234643853,25.0,3.58,-0.0,0.2,creep_hold
6744.0,321.216149873351,26.603788879507484,4964.240958454709,25.0,3.58,-0.0,0.2,creep_hold
6745.0,321.02255758419693,26.58986537660718,4964.372379767666,25.0,3.58,-0.0,0.2,creep_hold
6746.0,321.9060171118353,26.65572348976558,4964.31908054719,25.0,3.58,-0.0,0.2,creep_hold
6747.0,320.9243355210698,26.583423001560725,4964.305586835614,25.0,3.58,-0.0,0.2,creep_hold
6748.0,320.739466849042,26.570145692521628,4964.38150544452,25.0,3.58,-0.0,0.2,creep_hold
6749.0,321.9380801535594,26.65934852989329,4964.260579856138,25.0,3.58,-0.0,0.2,creep_hold
6750.0,321.2404518160154,26.60808902340855,4964.368593549049,25.0,3.58,-0.0,0.2,creep_hold
6751.0,320.30023371101373,26.538859904519537,4964.304447603017,25.0,3.58,-0.0,0.2,creep_hold
6752.0,322.4812084765056,26.70083025751893,4964.358097341368,25.0,3.58,-0.0,0.2,creep_hold
6753.0,321.3814653080645,26.619784467264036,4964.324444550937,25.0,3.58,-0.0,0.2,creep_hold
6754.0,319.3640706887531,26.470764495463197,4964.329888789533,25.0,3.58,-0.0,0.2,creep_hold
6755.0,320.82604232650885,26.57947535751917,4964.320925356366,25.0,3.58,-0.0,0.2,creep_hold
6756.0,322.57286443997606,26.709286254813044,4964.36840120281,25.0,3.58,-0.0,0.2,creep_hold
6757.0,321.5721980019108,26.635579481623022,4964.261300281031,25.0,3.58,-0.0,0.2,creep_hold
6758.0,320.8856934480631,26.585143959115783,4964.291732396642,25.0,3.58,-0.0,0.2,creep_hold
6759.0,321.7669443852529,26.650838472981697,4964.347504101158,25.0,3.58,-0.0,0.2,creep_hold
6760.0,320.8730141233261,26.585038083209337,4964.326063809441,25.0,3.58,-0.0,0.2,creep_hold
6761.0,321.1787828948737,26.60810428850916,4964.30397775499,25.0,3.58,-0.0,0.2,creep_hold
6762.0,321.9019139324101,26.66208621721556,4964.2681879702,25.0,3.58,-0.0,0.2,creep_hold
6763.0,320.561159180062,26.56318771704163,4964.28211618901,25.0,3.58,-0.0,0.2,creep_hold
6764.0,323.3127736523951,26.76742767795519,4964.219493348388,25.0,3.58,-0.0,0.2,creep_hold
6765.0,318.9086547515108,26.441613314926723,4964.300868104827,25.0,3.58,-0.0,0.2,creep_hold
6766.0,319.9421845410732,26.5185877437832,4964.34061670792,25.0,3.58,-0.0,0.2,creep_hold
6767.0,322.3735918369241,26.69910865458697,4964.287585556212,25.0,3.58,-0.0,0.2,creep_hold
6768.0,321.81023571104646,26.657795237855296,4964.310974206955,25.0,3.58,-0.0,0.2,creep_hold
6769.0,323.3450488645082,26.771901767741348,4964.295899044289,25.0,3.58,-0.0,0.2,creep_hold
6770.0,322.1172440326722,26.68136992834609,4964.309917939842,25.0,3.58,-0.0,0.2,creep_hold
6771.0,322.5890250585947,26.71673333767368,4964.325729749638,25.0,3.58,-0.0,0.2,creep_hold
6772.0,322.134888930239,26.68351029112881,4964.219336771741,25.0,3.58,-0.0,0.2,creep_hold
6773.0,321.26383800332763,26.619404666913155,4964.240060546981,25.0,3.58,-0.0,0.2,creep_hold
6774.0,319.65658131856645,26.500765282856776,4964.313566049209,25.0,3.58,-0.0,0.2,creep_hold
6775.0,321.15592227272714,26.612244242424232,4964.221032503154,25.0,3.58,-0.0,0.2,creep_hold
6776.0,321.86584461956164,26.66524774959716,4964.324896799452,25.0,3.58,-0.0,0.2,creep_hold
6777.0,321.6789079481086,26.65181725541545,4964.2297176049415,25.0,3.58,-0.0,0.2,creep_hold
6778.0,320.50213950599203,26.565065889332743,4964.307306025337,25.0,3.58,-0.0,0.2,creep_hold
6779.0,322.3626691279505,26.70329956503337,4964.311865362989,25.0,3.58,-0.0,0.2,creep_hold
6780.0,320.98772303214935,26.6018683727518,4964.239874529199,25.0,3.58,-0.0,0.2,creep_hold
6781.0,320.4120659640706,26.559643775116346,4964.264902366262,25.0,3.58,-0.0,0.2,creep_hold
6782.0,321.4639019653005,26.637974219651888,4964.171847081913,25.0,3.58,-0.0,0.2,creep_hold
6783.0,321.3238935227894,26.628019890576997,4964.321069740849,25.0,3.58,-0.0,0.2,creep_hold
6784.0,320.2042221961872,26.54549794045831,4964.235057399198,25.0,3.58,-0.0,0.2,creep_hold
6785.0,320.4057185232988,26.56084026098509,4964.199352988372,25.0,3.58,-0.0,0.2,creep_hold
6786.0,321.53012683083983,26.644546431914065,4964.329595456369,25.0,3.58,-0.0,0.2,creep_hold
6787.0,323.11449188036727,26.7623234726198,4964.2350239559255,25.0,3.58,-0.0,0.2,creep_hold
6788.0,318.8729841456013,26.44855438115565,4964.302911899705,25.0,3.58,-0.0,0.2,creep_hold
6789.0,318.9383393230262,26.453812172076013,4964.248043412667,25.0,3.58,-0.0,0.2,creep_hold
6790.0,320.6233534397632,26.57904469924172,4964.255844503163,25.0,3.58,-0.0,0.2,creep_hold
6791.0,320.8858476327632,26.59890538020468,4964.258182240166,25.0,3.58,-0.0,0.2,creep_hold
6792.0,322.1151251383795,26.69037963987996,4964.140752478977,25.0,3.58,-0.0,0.2,creep_hold
6793.0,319.6902999370493,26.511179624966616,4964.240215063097,25.0,3.58,-0.0,0.2,creep_hold
6794.0,321.57464460337667,26.651177378027903,4964.292398317333,25.0,3.58,-0.0,0.2,creep_hold
6795.0,321.63298499532044,26.65591555520892,4964.164309575483,25.0,3.58,-0.0,0.2,creep_hold
6796.0,322.1896351176121,26.697565564267567,4964.2536583030505,25.0,3.58,-0.0,0.2,creep_hold
6797.0,320.66634128462204,26.585145650712747,4964.2487162175,25.0,3.58,-0.0,0.2,creep_hold
6798.0,320.4792271290213,26.57170200955713,4964.176907853926,25.0,3.58,-0.0,0.2,creep_hold
6799.0,321.0391483475544,26.613594322041063,4964.160488646888,25.0,3.58,-0.0,0.2,creep_hold
6800.0,320.7475595863174,26.592411821208696,4964.268002435442,25.0,3.58,-0.0,0.2,creep_hold
6801.0,320.76076270617466,26.59380649675368,4964.23567454098,25.0,3.58,-0.0,0.2,creep_hold
6802.0,320.7637350148469,26.5944433344331,4964.29943568338,25.0,3.58,-0.0,0.2,creep_hold
6803.0,321.9739731587882,26.684507271021356,4964.227428026356,25.0,3.58,-0.0,0.2,creep_hold
6804.0,321.0020554099935,26.61293003036989,4964.2361530281705,25.0,3.58,-0.0,0.2,creep_hold
6805.0,321.0532898651116,26.61714184186012,4964.254791575751,25.0,3.58,-0.0,0.2,creep_hold
6806.0,321.84361159721635,26.67610085905306,4964.282785395497,25.0,3.58,-0.0,0.2,creep_hold
6807.0,320.9700623566969,26.61181017457014,4964.263930257612,25.0,3.58,-0.0,0.2,creep_hold
6808.0,321.46351269884383,26.64877871843288,4964.32272802543,25.0,3.58,-0.0,0.2,creep_hold
6809.0,319.7603040106687,26.52303177856805,4964.271334609185,25.0,3.58,-0.0,0.2,creep_hold
6810.0,321.30954704137133,26.638207188249726,4964.292509167833,25.0,3.58,-0.0,0.2,creep_hold
6811.0,321.2618945704989,26.635094042259183,4964.252756620605,25.0,3.58,-0.0,0.2,creep_hold
6812.0,320.58486906782093,26.58536067169044,4964.2088481960345,25.0,3.58,-0.0,0.2,creep_hold
6813.0,320.6634809544067,26.591600441067165,4964.228234998022,25.0,3.58,-0.0,0.2,creep_hold
6814.0,320.3741792112427,26.57058734898094,4964.275270211255,25.0,3.58,-0.0,0.2,creep_hold
6815.0,322.35476780196853,26.7177142816273,4964.117475128176,25.0,3.58,-0.0,0.2,creep_hold
6816.0,321.0511964707352,26.62157010894335,4964.29944800695,25.0,3.58,-0.0,0.2,creep_hold
6817.0,320.4855272524961,26.58008535203675,4964.168392744017,25.0,3.58,-0.0,0.2,creep_hold
6818.0,320.5321637710174,26.58395657563092,4964.222480741756,25.0,3.58,-0.0,0.2,creep_hold
6819.0,320.214458181904,26.560839494955847,4964.123381256132,25.0,3.58,-0.0,0.2,creep_hold
6820.0,321.3651604510045,26.64649336674108,4964.237821735987,25.0,3.58,-0.0,0.2,creep_hold
6821.0,321.2841132334133,26.640906535808394,4964.254832394786,25.0,3.58,-0.0,0.2,creep_hold
6822.0,320.3302543550429,26.57066698926244,4964.2138334745,25.0,3.58,-0.0,0.2,creep_hold
6823.0,320.3999287702594,26.57624472372292,4964.178058768375,25.0,3.58,-0.0,0.2,creep_hold
6824.0,321.3765420014147,26.649003111215904,4964.209478489084,25.0,3.58,-0.0,0.2,creep_hold
6825.0,319.9703507326417,26.545257461677163,4964.185975875955,25.0,3.58,-0.0,0.2,creep_hold
6826.0,322.5390035071366,26.73594470423234,4964.195770464733,25.0,3.58,-0.0,0.2,creep_hold
6827.0,321.2146340977662,26.638259933167863,4964.237368493675,25.0,3.58,-0.0,0.2,creep_hold
6828.0,320.5417167783869,26.588830872473103,4964.219153500974,25.0,3.58,-0.0,0.2,creep_hold
6829.0,321.31481255019474,26.646513892607015,4964.274207211016,25.0,3.58,-0.0,0.2,creep_hold
6830.0,319.2641051398657,26.49502630665672,4964.210202256996,25.0,3.58,-0.0,0.2,creep_hold
6831.0,321.59836237057607,26.66835091633897,4964.208309015002,25.0,3.58,-0.0,0.2,creep_hold
6832.0,320.455529604372,26.58411330402756,4964.163726767234,25.0,3.58,-0.0,0.2,creep_hold
6833.0,321.9805027207028,26.697490942274285,4964.188547787651,25.0,3.58,-0.0,0.2,creep_hold
6834.0,321.90251312076333,26.692130601538025,4964.218198707961,25.0,3.58,-0.0,0.2,creep_hold
6835.0,320.2509530826756,26.5702094876056,4964.116079030659,25.0,3.58,-0.0,0.2,creep_hold
6836.0,322.46565570283025,26.734678200209647,4964.251149375744,25.0,3.58,-0.0,0.2,creep_hold
6837.0,320.7193895289077,26.60574181695612,4964.177634800999,25.0,3.58,-0.0,0.2,creep_hold
6838.0,320.72952568373586,26.60690930990636,4964.24972289018,25.0,3.58,-0.0,0.2,creep_hold
6839.0,322.04490349951004,26.70476137033408,4964.218305175175,25.0,3.58,-0.0,0.2,creep_hold
6840.0,321.9439345586139,26.69769885619362,4964.250299537408,25.0,3.58,-0.0,0.2,creep_hold
6841.0,320.3704525019248,26.581561296438878,4964.143809300068,25.0,3.58,-0.0,0.2,creep_hold
6842.0,321.1607797158694,26.64052071969403,4964.227387165373,25.0,3.58,-0.0,0.2,creep_hold
6843.0,320.391922533169,26.583985002456963,4964.189970908974,25.0,3.58,-0.0,0.2,creep_hold
6844.0,320.05585911886266,26.559508082878715,4964.081645935746,25.0,3.58,-0.0,0.2,creep_hold
6845.0,320.2940461145064,26.577568230704173,4964.115843058207,25.0,3.58,-0.0,0.2,creep_hold
6846.0,321.33569951825825,26.65514440875987,4964.198369468976,25.0,3.58,-0.0,0.2,creep_hold
6847.0,319.1661242432022,26.494851795792755,4964.146508413974,25.0,3.58,-0.0,0.2,creep_hold
6848.0,321.1677140428654,26.643534373545585,4964.17482086226,25.0,3.58,-0.0,0.2,creep_hold
6849.0,320.1383792811719,26.56770402082755,4964.080552703564,25.0,3.58,-0.0,0.2,creep_hold
6850.0,320.6432213280441,26.605516394669937,4964.236698157782,25.0,3.58,-0.0,0.2,creep_hold
6851.0,322.122167644675,26.7154846403463,4964.19915970978,25.0,3.58,-0.0,0.2,creep_hold
6852.0,321.3348386552979,26.65758064113318,4964.220911796607,25.0,3.58,-0.0,0.2,creep_hold
6853.0,320.529723627037,26.598359157558296,4964.145455533424,25.0,3.58,-0.0,0.2,creep_hold
6854.0,322.6418798906896,26.755231843754785,4964.169292115557,25.0,3.58,-0.0,0.2,creep_hold
6855.0,319.3219175657447,26.509725375240347,4964.171920787717,25.0,3.58,-0.0,0.2,creep_hold
6856.0,320.9160659699909,26.62822710888821,4964.208542938758,25.0,3.58,-0.0,0.2,creep_hold
6857.0,321.79866214056534,26.694021269671502,4964.185156259996,25.0,3.58,-0.0,0.2,creep_hold
6858.0,319.5522833518149,26.52803950754184,4964.123224551862,25.0,3.58,-0.0,0.2,creep_hold
6859.0,321.3170352872834,26.65917853979877,4964.319219182071,25.0,3.58,-0.0,0.2,creep_hold
6860.0,320.59661504077627,26.60623074376121,4964.219284994209,25.0,3.58,-0.0,0.2,creep_hold
6861.0,322.4472665371483,26.743732706455432,4964.255298459227,25.0,3.58,-0.0,0.2,creep_hold
6862.0,321.6899217041486,26.688049755862863,4964.171819462513,25.0,3.58,-0.0,0.2,creep_hold
6863.0,321.3699029492306,26.66476132957264,4964.1791361279065,25.0,3.58,-0.0,0.2,creep_hold
6864.0,319.3348360953679,26.514432303360586,4964.113883403601,25.0,3.58,-0.0,0.2,creep_hold
6865.0,320.54024236408617,26.60413832326564,4964.09869454967,25.0,3.58,-0.0,0.2,creep_hold
6866.0,322.4380670346948,26.745134595162572,4964.153722813051,25.0,3.58,-0.0,0.2,creep_hold
6867.0,321.5857648785579,26.682417768782067,4964.100440195142,25.0,3.58,-0.0,0.2,creep_hold
6868.0,320.0885808675052,26.57193191611149,4964.227211672122,25.0,3.58,-0.0,0.2,creep_hold
6869.0,320.574334382635,26.60833032463963,4964.190524458577,25.0,3.58,-0.0,0.2,creep_hold
6870.0,319.0099210912505,26.492864525277813,4964.1582579499,25.0,3.58,-0.0,0.2,creep_hold
6871.0,320.8870790252668,26.632329927797542,4964.211502253974,25.0,3.58,-0.0,0.2,creep_hold
6872.0,319.7727027891904,26.550200206606693,4964.143899826608,25.0,3.58,-0.0,0.2,creep_hold
6873.0,319.3383235377152,26.51844063242335,4964.06118759605,25.0,3.58,-0.0,0.2,creep_hold
6874.0,319.7600170561173,26.55009385600869,4964.197478573563,25.0,3.58,-0.0,0.2,creep_hold
6875.0,321.5002763590247,26.67941861918701,4964.219626682965,25.0,3.58,-0.0,0.2,creep_hold
6876.0,319.20122719113755,26.50953534749167,4964.141010699154,25.0,3.58,-0.0,0.2,creep_hold
6877.0,317.9292759107056,26.41573340079301,4964.1203038532485,25.0,3.58,-0.0,0.2,creep_hold
6878.0,322.82021467345265,26.77844182766316,4964.089040935442,25.0,3.58,-0.0,0.2,creep_hold
6879.0,320.2544868457447,26.58880458116628,4964.233863637605,25.0,3.58,-0.0,0.2,creep_hold
6880.0,320.2449443149411,26.588514393699345,4964.088084457618,25.0,3.58,-0.0,0.2,creep_hold
6881.0,319.5452789922514,26.53710399942603,4964.203815642906,25.0,3.58,-0.0,0.2,creep_hold
6882.0,321.82660874420014,26.706508055125937,4964.0648494223,25.0,3.58,-0.0,0.2,creep_hold
6883.0,321.35321921935724,26.6718588310635,4964.086820434336,25.0,3.58,-0.0,0.2,creep_hold
6884.0,321.4169079888404,26.676993184358544,4964.112996144389,25.0,3.58,-0.0,0.2,creep_hold
6885.0,321.1332407973076,26.656397466467222,4964.16674974895,25.0,3.58,-0.0,0.2,creep_hold
6886.0,321.551823682485,26.68782027277667,4964.184638311247,25.0,3.58,-0.0,0.2,creep_hold
6887.0,321.07346924964884,26.65280327775177,4964.1551149289135,25.0,3.58,-0.0,0.2,creep_hold
6888.0,320.47164397429106,26.60864029439193,4964.067874081905,25.0,3.58,-0.0,0.2,creep_hold
6889.0,321.6458509137935,26.696035252873592,4964.05243628231,25.0,3.58,-0.0,0.2,creep_hold
6890.0,320.8705810392617,26.639024521426798,4964.153087763359,25.0,3.58,-0.0,0.2,creep_hold
6891.0,320.0907510913015,26.581676006763075,4964.177215185347,25.0,3.58,-0.0,0.2,creep_hold
6892.0,320.97084479486523,26.647284799619644,4964.104858393852,25.0,3.58,-0.0,0.2,creep_hold
6893.0,318.7101579212817,26.4802431793542,4964.071745544248,25.0,3.58,-0.0,0.2,creep_hold
6894.0,320.75291952953046,26.63197552070596,4964.13141417699,25.0,3.58,-0.0,0.2,creep_hold
6895.0,319.9352692385227,26.57182549914983,4964.030884487323,25.0,3.58,-0.0,0.2,creep_hold
6896.0,319.1125059001984,26.51129673334803,4964.049912888397,25.0,3.58,-0.0,0.2,creep_hold
6897.0,321.16297016532417,26.663599641875862,4964.066451087836,25.0,3.58,-0.0,0.2,creep_hold
6898.0,322.55279976677576,26.766966649390795,4964.02902600758,25.0,3.58,-0.0,0.2,creep_hold
6899.0,321.8236133424783,26.71336950685025,4964.060397528803,25.0,3.58,-0.0,0.2,creep_hold
6900.0,321.1769062395611,26.66588194367119,4964.12895897012,25.0,3.58,-0.0,0.2,creep_hold
6901.0,319.8027667572089,26.56451050053399,4964.150752629573,25.0,3.58,-0.0,0.2,creep_hold
6902.0,319.1627917808636,26.517521613397296,4964.120284154685,25.0,3.58,-0.0,0.2,creep_hold
6903.0,320.21589038209606,26.595945583858967,4964.080258660936,25.0,3.58,-0.0,0.2,creep_hold
6904.0,319.8700843959642,26.570746992293643,4964.120448958122,25.0,3.58,-0.0,0.2,creep_hold
6905.0,320.77304067334165,26.63804930913642,4964.0608154212505,25.0,3.58,-0.0,0.2,creep_hold
6906.0,322.2508332603577,26.74793209335983,4964.106702255556,25.0,3.58,-0.0,0.2,creep_hold
6907.0,321.35326789146063,26.68186243640449,4964.132270181218,25.0,3.58,-0.0,0.2,creep_hold
6908.0,320.8857992298003,26.647651794800023,4964.16473652426,25.0,3.58,-0.0,0.2,creep_hold
6909.0,320.9099550306997,26.64985778005183,4964.11166521609,25.0,3.58,-0.0,0.2,creep_hold
6910.0,319.0011786873134,26.50888360646766,4964.060284810858,25.0,3.58,-0.0,0.2,creep_hold
6911.0,321.228433590699,26.67428211782956,4964.134276965235,25.0,3.58,-0.0,0.2,creep_hold
6912.0,320.6929099372122,26.635030365719423,4964.106201433731,25.0,3.58,-0.0,0.2,creep_hold
6913.0,319.7742628819572,26.5673991023672,4964.142273001726,25.0,3.58,-0.0,0.2,creep_hold
6914.0,320.4253652224193,26.616045572031062,4964.0768863495305,25.0,3.58,-0.0,0.2,creep_hold
6915.0,320.2898658712476,26.606425249722047,4964.03641088832,25.0,3.58,-0.0,0.2,creep_hold
6916.0,321.08247871975254,26.66555397924093,4964.072013518096,25.0,3.58,-0.0,0.2,creep_hold
6917.0,319.9921989962746,26.585209184909235,4964.092937208538,25.0,3.58,-0.0,0.2,creep_hold
6918.0,321.5942549769891,26.70429666496216,4964.0897691831615,25.0,3.58,-0.0,0.2,creep_hold
6919.0,320.5108848087788,26.62446368953917,4963.9988210013535,25.0,3.58,-0.0,0.2,creep_hold
6920.0,319.9831159104214,26.58578636373492,4964.1528520289685,25.0,3.58,-0.0,0.2,creep_hold
6921.0,321.8538616748935,26.72477679073285,4964.068203962197,25.0,3.58,-0.0,0.2,creep_hold
6922.0,320.2922284810728,26.60951692452391,4964.060141007637,25.0,3.58,-0.0,0.2,creep_hold
6923.0,320.44781748352125,26.621458702483054,4964.031116960027,25.0,3.58,-0.0,0.2,creep_hold
6924.0,319.3931822783288,26.54375424283917,4964.044588843557,25.0,3.58,-0.0,0.2,creep_hold
6925.0,321.6040093361847,26.707935876754423,4964.127349090349,25.0,3.58,-0.0,0.2,creep_hold
6926.0,320.40030985987374,26.619189619249905,4964.20086976581,25.0,3.58,-0.0,0.2,creep_hold
6927.0,320.9734419571516,26.66206051534456,4964.051409956192,25.0,3.58,-0.0,0.2,creep_hold
6928.0,320.1383856111045,26.600621156378114,4964.142304162537,25.0,3.58,-0.0,0.2,creep_hold
6929.0,320.68894549974726,26.64182003701832,4964.04052719102,25.0,3.58,-0.0,0.2,creep_hold
6930.0,319.13634525465824,26.52722927812283,4964.103504829617,25.0,3.58,-0.0,0.2,creep_hold
6931.0,319.9465916348487,26.58766419517397,4964.0670564638585,25.0,3.58,-0.0,0.2,creep_hold
6932.0,319.1262318710832,26.52731347193209,4964.163241023161,25.0,3.58,-0.0,0.2,creep_hold
6933.0,320.0705955405037,26.59768300300028,4964.015104194032,25.0,3.58,-0.0,0.2,creep_hold
6934.0,321.1134558059497,26.675348578218497,4963.974083332647,25.0,3.58,-0.0,0.2,creep_hold
6935.0,319.8649153319157,26.583280765327093,4964.0854318060365,25.0,3.58,-0.0,0.2,creep_hold
6936.0,320.2868305859123,26.61495041377128,4964.120029856657,25.0,3.58,-0.0,0.2,creep_hold
6937.0,320.55162706257187,26.63498163426458,4964.067051462463,25.0,3.58,-0.0,0.2,creep_hold
6938.0,322.00710362479526,26.743211379614465,4964.022105149803,25.0,3.58,-0.0,0.2,creep_hold
6939.0,321.15361511366496,26.680406675086296,4964.063744226812,25.0,3.58,-0.0,0.2,creep_hold
6940.0,318.7201438767469,26.50056621309236,4964.096724735565,25.0,3.58,-0.0,0.2,creep_hold
6941.0,321.6642711339635,26.719066380293597,4964.011879259051,25.0,3.58,-0.0,0.2,creep_hold
6942.0,318.65135348623335,26.49630396194321,4964.085013938825,25.0,3.58,-0.0,0.2,creep_hold
6943.0,318.84540637729833,26.511094916836917,4964.079639678308,25.0,3.58,-0.0,0.2,creep_hold
6944.0,320.5180767745324,26.63541309440981,4964.146617098222,25.0,3.58,-0.0,0.2,creep_hold
6945.0,321.8522962292348,26.73466083179517,4964.076316784754,25.0,3.58,-0.0,0.2,creep_hold
6946.0,319.5017794501471,26.560965144455345,4964.130226211259,25.0,3.58,-0.0,0.2,creep_hold
6947.0,319.0869300288687,26.530652224360647,4964.006291488305,25.0,3.58,-0.0,0.2,creep_hold
6948.0,319.9513279431651,26.59509836616038,4964.069673145509,25.0,3.58,-0.0,0.2,creep_hold
6949.0,320.42887247234813,26.63088870165541,4964.107141983386,25.0,3.58,-0.0,0.2,creep_hold
6950.0,321.6075683046153,26.718616170712245,4964.070546777709,25.0,3.58,-0.0,0.2,creep_hold
6951.0,320.3301524379124,26.62440943984536,4964.127856301773,25.0,3.58,-0.0,0.2,creep_hold
6952.0,319.8617982935582,26.590133206930236,4964.155091536453,25.0,3.58,-0.0,0.2,creep_hold
6953.0,319.82941589523864,26.58815117742509,4964.017074216304,25.0,3.58,-0.0,0.2,creep_hold
6954.0,320.3678166856019,26.62844938411866,4964.105530020381,25.0,3.58,-0.0,0.2,creep_hold
6955.0,320.7028750059882,26.653685185628756,4964.008104952797,25.0,3.58,-0.0,0.2,creep_hold
6956.0,319.23521028815446,26.545385947270702,4964.050569315359,25.0,3.58,-0.0,0.2,creep_hold
6957.0,320.0251334012277,26.604315437127976,4964.085813976392,25.0,3.58,-0.0,0.2,creep_hold
6958.0,320.9445837317655,26.67283953568633,4964.093342946526,25.0,3.58,-0.0,0.2,creep_hold
6959.0,322.40209692699847,26.781220142740622,4964.064527197095,25.0,3.58,-0.0,0.2,creep_hold
6960.0,320.66627671734994,26.65305753461851,4964.065302759434,25.0,3.58,-0.0,0.2,creep_hold
6961.0,317.9786102859369,26.454387798958287,4963.988291608071,25.0,3.58,-0.0,0.2,creep_hold
6962.0,319.60336082134586,26.57515635713673,4964.0097173546255,25.0,3.58,-0.0,0.2,creep_hold
6963.0,320.57795918715493,26.64776549534481,4964.075813345055,25.0,3.58,-0.0,0.2,creep_hold
6964.0,319.8277355863747,26.59261004343516,4964.048290469998,25.0,3.58,-0.0,0.2,creep_hold
6965.0,321.3303419967085,26.704330888645075,4964.038052052686,25.0,3.58,-0.0,0.2,creep_hold
6966.0,319.8961531888164,26.59851134731973,4963.963730032456,25.0,3.58,-0.0,0.2,creep_hold
6967.0,320.68245080347583,26.65717228173895,4964.07445717405,25.0,3.58,-0.0,0.2,creep_hold
6968.0,320.6274794338828,26.65351699510243,4963.963114767821,25.0,3.58,-0.0,0.2,creep_hold
6969.0,319.6845829072952,26.58408947461446,4964.117599084892,25.0,3.58,-0.0,0.2,creep_hold
6970.0,319.6138109137631,26.57926377138985,4964.135829704807,25.0,3.58,-0.0,0.2,creep_hold
6971.0,319.7710052468725,26.5913244627313,4963.985240583488,25.0,3.58,-0.0,0.2,creep_hold
6972.0,319.0352537953024,26.53724102187425,4964.020227245976,25.0,3.58,-0.0,0.2,creep_hold
6973.0,320.1575477235983,26.620790572118395,4964.045219075575,25.0,3.58,-0.0,0.2,creep_hold
6974.0,319.426309671166,26.56704145712341,4963.950477727737,25.0,3.58,-0.0,0.2,creep_hold
6975.0,320.1030604100373,26.617587808150912,4964.073971414948,25.0,3.58,-0.0,0.2,creep_hold
6976.0,319.03458869022256,26.538858421497967,4963.92061900004,25.0,3.58,-0.0,0.2,creep_hold
6977.0,321.6855280970857,26.7356409701545,4964.024573000747,25.0,3.58,-0.0,0.2,creep_hold
6978.0,320.606430125848,26.65612445376652,4963.998676131162,25.0,3.58,-0.0,0.2,creep_hold
6979.0,321.4513540761353,26.719128079713727,4964.057487943199,25.0,3.58,-0.0,0.2,creep_hold
6980.0,319.44457237743967,26.570894250180714,4963.97235260939,25.0,3.58,-0.0,0.2,creep_hold
6981.0,319.7034587987779,26.590487688798365,4964.000978695217,25.0,3.58,-0.0,0.2,creep_hold
6982.0,320.5485249077155,26.653501845015963,4964.129114578828,25.0,3.58,-0.0,0.2,creep_hold
6983.0,320.4044564963661,26.6432467775086,4964.007077279269,25.0,3.58,-0.0,0.2,creep_hold
6984.0,320.3644107643108,26.640697093652648,4964.042290466462,25.0,3.58,-0.0,0.2,creep_hold
6985.0,320.85346207387056,26.67733978324967,4963.951679271465,25.0,3.58,-0.0,0.2,creep_hold
6986.0,320.5414369922002,26.65464348090372,4963.987826309329,25.0,3.58,-0.0,0.2,creep_hold
6987.0,321.1787741816002,26.70227030974816,4963.982284012943,25.0,3.58,-0.0,0.2,creep_hold
6988.0,319.5126008138844,26.5792667269544,4963.98631244299,25.0,3.58,-0.0,0.2,creep_hold
6989.0,321.0258192650042,26.691773649259567,4964.031197088797,25.0,3.58,-0.0,0.2,creep_hold
6990.0,316.53439925786097,26.35949253761933,4964.009105820125,25.0,3.58,-0.0,0.2,creep_hold
6991.0,320.34048699092483,26.6418416289574,4964.010830052955,25.0,3.58,-0.0,0.2,creep_hold
6992.0,319.7626874793648,26.5994583318048,4964.062153721007,25.0,3.58,-0.0,0.2,creep_hold
6993.0,319.5226575025636,26.58209500018989,4964.032401639762,25.0,3.58,-0.0,0.2,creep_hold
6994.0,319.98361065840817,26.616656345067277,4964.014127592738,25.0,3.58,-0.0,0.2,creep_hold
6995.0,319.8978506774365,26.61072042055085,4964.014133805929,25.0,3.58,-0.0,0.2,creep_hold
6996.0,320.36947087275865,26.64607191650064,4964.064602794857,25.0,3.58,-0.0,0.2,creep_hold
6997.0,318.9792908957264,26.543512288572327,4963.977859361185,25.0,3.58,-0.0,0.2,creep_hold
6998.0,319.383051185602,26.57383712485941,4963.960688351098,25.0,3.58,-0.0,0.2,creep_hold
6999.0,320.3453619057722,26.64553606709424,4964.0347723356135,25.0,3.58,-0.0,0.2,creep_hold
7000.0,319.4543209075259,26.57994969685377,4964.049869408499,25.0,3.58,-0.0,0.2,creep_hold
7001.0,319.5423954581884,26.58689040431025,4964.031308382546,25.0,3.58,-0.0,0.2,creep_hold
7002.0,320.47422957443746,26.656331820328703,4964.017879749828,25.0,3.58,-0.0,0.2,creep_hold
7003.0,320.15139991550933,26.63283517892662,4964.02172639919,25.0,3.58,-0.0,0.2,creep_hold
7004.0,319.3934655949729,26.57710856259059,4964.065023843723,25.0,3.58,-0.0,0.2,creep_hold
7005.0,319.1635254728409,26.560492627617844,4963.94055970764,25.0,3.58,-0.0,0.2,creep_hold
7006.0,320.4664849285233,26.657424809520244,4963.953741886587,25.0,3.58,-0.0,0.2,creep_hold
7007.0,320.68232772707654,26.6738298316353,4963.995030480013,25.0,3.58,-0.0,0.2,creep_hold
7008.0,320.53869978968686,26.663607391828656,4964.014759361215,25.0,3.58,-0.0,0.2,creep_hold
7009.0,320.4307400518084,26.656027040874697,4964.04724400827,25.0,3.58,-0.0,0.2,creep_hold
7010.0,319.6324109094135,26.597308215512115,4963.989421890002,25.0,3.58,-0.0,0.2,creep_hold
7011.0,319.10043006316647,26.55831889356789,4963.991155489743,25.0,3.58,-0.0,0.2,creep_hold
7012.0,319.8314549268879,26.612885550139847,4963.978489116612,25.0,3.58,-0.0,0.2,creep_hold
7013.0,319.7379200509948,26.606373707481094,4964.022495929255,25.0,3.58,-0.0,0.2,creep_hold
7014.0,319.2663346175622,26.57185811981942,4964.025088566985,25.0,3.58,-0.0,0.2,creep_hold
7015.0,320.12055687587946,26.635550509324403,4964.019786417191,25.0,3.58,-0.0,0.2,creep_hold
7016.0,322.73107598098204,26.829338961554225,4964.035364848005,25.0,3.58,-0.0,0.2,creep_hold
7017.0,319.3686894969111,26.580689962734155,4964.049163854176,25.0,3.58,-0.0,0.2,creep_hold
7018.0,319.5184861957214,26.592202681164547,4963.969855329664,25.0,3.58,-0.0,0.2,creep_hold
7019.0,320.55610484851127,26.66947998877861,4964.033455046744,25.0,3.58,-0.0,0.2,creep_hold
7020.0,319.1326440686118,26.564455116193464,4963.877758429712,25.0,3.58,-0.0,0.2,creep_hold
7021.0,319.42841615983974,26.5867808266548,4963.95137792254,25.0,3.58,-0.0,0.2,creep_hold
7022.0,319.4069857422336,26.585610054980265,4963.992428543839,25.0,3.58,-0.0,0.2,creep_hold
7023.0,319.76865363642224,26.61281693603128,4964.03957537404,25.0,3.58,-0.0,0.2,creep_hold
7024.0,320.63353235920493,26.67729869327444,4963.984274234332,25.0,3.58,-0.0,0.2,creep_hold
7025.0,320.3425614268777,26.65616195754649,4963.999266405295,25.0,3.58,-0.0,0.2,creep_hold
7026.0,318.4043923574613,26.513010544997137,4963.952187586416,25.0,3.58,-0.0,0.2,creep_hold
7027.0,319.49177170451605,26.59397382996416,4964.040608232117,25.0,3.58,-0.0,0.2,creep_hold
7028.0,318.8192101943228,26.5445711255054,4963.935156963164,25.0,3.58,-0.0,0.2,creep_hold
7029.0,320.1072272566993,26.640396463459204,4963.919963351989,25.0,3.58,-0.0,0.2,creep_hold
7030.0,319.3049304070771,26.581383733857564,4963.927935155932,25.0,3.58,-0.0,0.2,creep_hold
7031.0,320.8407316593831,26.6955634562506,4963.903665556139,25.0,3.58,-0.0,0.2,creep_hold
7032.0,321.6827442067465,26.758351422721965,4964.016886432861,25.0,3.58,-0.0,0.2,creep_hold
7033.0,319.4761186417639,26.595314343834364,4964.046978367217,25.0,3.58,-0.0,0.2,creep_hold
7034.0,319.95505643341033,26.63120788395632,4964.008747917787,25.0,3.58,-0.0,0.2,creep_hold
7035.0,320.5193555148253,26.67342448257965,4963.959555930145,25.0,3.58,-0.0,0.2,creep_hold
7036.0,319.0820430004466,26.56737355558864,4963.91598008196,25.0,3.58,-0.0,0.2,creep_hold
7037.0,318.30619933024576,26.510320320758947,4963.981811275092,25.0,3.58,-0.0,0.2,creep_hold
7038.0,320.21505835050306,26.65213395188912,4963.98905096675,25.0,3.58,-0.0,0.2,creep_hold
7039.0,320.04460343756915,26.639924328708823,4963.857596288435,25.0,3.58,-0.0,0.2,creep_hold
7040.0,317.8804221890685,26.48003127326433,4964.003782604816,25.0,3.58,-0.0,0.2,creep_hold
7041.0,319.637831283686,26.61062639138415,4963.92326683632,25.0,3.58,-0.0,0.2,creep_hold
7042.0,319.20894829071995,26.57927394746073,4963.926602195362,25.0,3.58,-0.0,0.2,creep_hold
7043.0,319.071908782131,26.56953953941711,4963.896070507314,25.0,3.58,-0.0,0.2,creep_hold
7044.0,319.7240669565603,26.618264219004462,4964.014772008959,25.0,3.58,-0.0,0.2,creep_hold
7045.0,318.26340829878444,26.51048394805811,4964.002981768503,25.0,3.58,-0.0,0.2,creep_hold
7046.0,318.30858427909675,26.5142469836368,4963.9363038663005,25.0,3.58,-0.0,0.2,creep_hold
7047.0,320.9013048457474,26.70671702561092,4963.925223365757,25.0,3.58,-0.0,0.2,creep_hold
7048.0,320.2889463454263,26.66177380336492,4964.035818967331,25.0,3.58,-0.0,0.2,creep_hold
7049.0,319.5809113761063,26.60974343526713,4963.877539840926,25.0,3.58,-0.0,0.2,creep_hold
7050.0,319.76489836798606,26.62378876799897,4963.931772814128,25.0,3.58,-0.0,0.2,creep_hold
7051.0,319.9550269960339,26.63828903674325,4963.869751969944,25.0,3.58,-0.0,0.2,creep_hold
7052.0,319.68410881711094,26.618637690156365,4963.990934359294,25.0,3.58,-0.0,0.2,creep_hold
7053.0,321.95568289445094,26.78731910329266,4963.85461138858,25.0,3.58,-0.0,0.2,creep_hold
7054.0,319.073039015484,26.574206593739557,4963.960682611499,25.0,3.58,-0.0,0.2,creep_hold
7055.0,320.23013078812664,26.660333762083454,4963.991047659225,25.0,3.58,-0.0,0.2,creep_hold
7056.0,318.50635765012385,26.5330635296388,4963.835268885368,25.0,3.58,-0.0,0.2,creep_hold
7057.0,320.2425472676968,26.66208683464421,4963.947613094397,25.0,3.58,-0.0,0.2,creep_hold
7058.0,321.35338099995346,26.744787481478035,4963.95641975847,25.0,3.58,-0.0,0.2,creep_hold
7059.0,319.5667390972129,26.612860303497254,4963.964885835158,25.0,3.58,-0.0,0.2,creep_hold
7060.0,318.8616734966989,26.56104988864437,4963.935544704863,25.0,3.58,-0.0,0.2,creep_hold
7061.0,318.0222089588805,26.499283996954112,4963.961371549942,25.0,3.58,-0.0,0.2,creep_hold
7062.0,320.7097055503891,26.69877448521401,4963.887367989814,25.0,3.58,-0.0,0.2,creep_hold
7063.0,318.92687668165166,26.56712975419642,4964.019358996571,25.0,3.58,-0.0,0.2,creep_hold
7064.0,319.81602831661786,26.63340950493465,4963.93985232354,25.0,3.58,-0.0,0.2,creep_hold
7065.0,320.2872944291035,26.668734772526182,4963.9153935335735,25.0,3.58,-0.0,0.2,creep_hold
7066.0,318.66658217102247,26.549098679335,4963.908469268067,25.0,3.58,-0.0,0.2,creep_hold
7067.0,319.65514989654554,26.622742584929306,4963.943573329397,25.0,3.58,-0.0,0.2,creep_hold
7068.0,320.9135709086822,26.716375622865343,4963.923653084261,25.0,3.58,-0.0,0.2,creep_hold
7069.0,318.7593173222629,26.55721794979725,4963.993919834943,25.0,3.58,-0.0,0.2,creep_hold
7070.0,319.2961173101036,26.59739757852619,4963.893008398409,25.0,3.58,-0.0,0.2,creep_hold
7071.0,319.602179555174,26.62048552260548,4963.904306573762,25.0,3.58,-0.0,0.2,creep_hold
7072.0,317.9824681524552,26.500923566848527,4963.966011506525,25.0,3.58,-0.0,0.2,creep_hold
7073.0,319.1430416634004,26.587308641733365,4963.9429668520615,25.0,3.58,-0.0,0.2,creep_hold
7074.0,320.4456526361674,26.68421501008648,4963.964501448069,25.0,3.58,-0.0,0.2,creep_hold
7075.0,321.5472554023442,26.766231881655127,4963.943948434335,25.0,3.58,-0.0,0.2,creep_hold
7076.0,318.6356594187762,26.5509747717612,4963.8833245404085,25.0,3.58,-0.0,0.2,creep_hold
7077.0,319.6138046424479,26.623846640181327,4963.841653736996,25.0,3.58,-0.0,0.2,creep_hold
7078.0,319.90247282278057,26.645646135020783,4963.953712281895,25.0,3.58,-0.0,0.2,creep_hold
7079.0,319.26039676053136,26.59850161189121,4963.934834511088,25.0,3.58,-0.0,0.2,creep_hold
7080.0,318.9430468382382,26.57541087690653,4963.960259690841,25.0,3.58,-0.0,0.2,creep_hold
7081.0,319.3276319567797,26.604315330131836,4963.881086379103,25.0,3.58,-0.0,0.2,creep_hold
7082.0,319.0973391809595,26.587673272663668,4963.949953986155,25.0,3.58,-0.0,0.2,creep_hold
7083.0,318.7089433170226,26.559319875335007,4963.93049138452,25.0,3.58,-0.0,0.2,creep_hold
7084.0,319.2882795230297,26.60265033503924,4963.892775596858,25.0,3.58,-0.0,0.2,creep_hold
7085.0,319.3840988967998,26.610164733096283,4963.927832100497,25.0,3.58,-0.0,0.2,creep_hold
7086.0,317.2818693923577,26.454860695730204,4963.828290468904,25.0,3.58,-0.0,0.2,creep_hold
7087.0,319.63929236793825,26.629901286513945,4964.011954365175,25.0,3.58,-0.0,0.2,creep_hold
7088.0,319.3101358824956,26.60593599129597,4963.852178764037,25.0,3.58,-0.0,0.2,creep_hold
7089.0,319.5631494345084,26.625094402556176,4963.854685999214,25.0,3.58,-0.0,0.2,creep_hold
7090.0,317.5296173042937,26.47487905957731,4963.98118423249,25.0,3.58,-0.0,0.2,creep_hold
7091.0,321.4310187974512,26.76428842944083,4963.913287701537,25.0,3.58,-0.0,0.2,creep_hold
7092.0,319.4924875415255,26.62111018826115,4963.952929554815,25.0,3.58,-0.0,0.2,creep_hold
7093.0,317.88733650842937,26.502626778402178,4963.879215596666,25.0,3.58,-0.0,0.2,creep_hold
7094.0,320.5327283568181,26.698998396801343,4963.871667440846,25.0,3.58,-0.0,0.2,creep_hold
7095.0,320.09119111253426,26.666708600928462,4963.962440719299,25.0,3.58,-0.0,0.2,creep_hold
7096.0,318.9300299406972,26.58111332894053,4963.8970036745495,25.0,3.58,-0.0,0.2,creep_hold
7097.0,320.6726260975772,26.71061119241313,4963.923354869411,25.0,3.58,-0.0,0.2,creep_hold
7098.0,320.0020688561086,26.661356952304345,4963.902364165286,25.0,3.58,-0.0,0.2,creep_hold
7099.0,318.46627182092084,26.548010875623767,4964.026738147347,25.0,3.58,-0.0,0.2,creep_hold
7100.0,318.79304256717086,26.5726327827534,4963.93318221749,25.0,3.58,-0.0,0.2,creep_hold
7101.0,319.8548917510171,26.651704944519786,4963.999585285278,25.0,3.58,-0.0,0.2,creep_hold
7102.0,321.05814967496445,26.741251827775145,4963.945962708744,25.0,3.58,-0.0,0.2,creep_hold
7103.0,318.9996594791664,26.589187739197516,4963.847247205311,25.0,3.58,-0.0,0.2,creep_hold
7104.0,320.81401062451414,26.72400078700105,4963.920839856474,25.0,3.58,-0.0,0.2,creep_hold
7105.0,319.59577488487304,26.63417776924985,4963.923432992747,25.0,3.58,-0.0,0.2,creep_hold
7106.0,318.70989935207126,26.568974026079356,4963.982896476269,25.0,3.58,-0.0,0.2,creep_hold
7107.0,320.7280788367293,26.71888546938736,4963.948159307981,25.0,3.58,-0.0,0.2,creep_hold
7108.0,318.5265245185101,26.556224038408157,4963.91916107758,25.0,3.58,-0.0,0.2,creep_hold
7109.0,319.2200605523422,26.60801374461794,4963.854950753073,25.0,3.58,-0.0,0.2,creep_hold
7110.0,317.31421359131105,26.46725656231933,4963.893132816475,25.0,3.58,-0.0,0.2,creep_hold
7111.0,319.07119790462565,26.59782021515745,4963.938075630058,25.0,3.58,-0.0,0.2,creep_hold
7112.0,320.19770635490204,26.68168195221497,4963.866490413243,25.0,3.58,-0.0,0.2,creep_hold
7113.0,318.1474562111276,26.5302282378613,4963.8665478492885,25.0,3.58,-0.0,0.2,creep_hold
7114.0,317.8696175894992,26.510064265888836,4963.838521344106,25.0,3.58,-0.0,0.2,creep_hold
7115.0,320.91799063987804,26.73628634369467,4963.840370185831,25.0,3.58,-0.0,0.2,creep_hold
7116.0,320.01456724479067,26.66978275887338,4963.879228293899,25.0,3.58,-0.0,0.2,creep_hold
7117.0,318.6384920236983,26.568267927681354,4963.86448757571,25.0,3.58,-0.0,0.2,creep_hold
7118.0,319.29534914456985,26.617340677375545,4963.878571424547,25.0,3.58,-0.0,0.2,creep_hold
7119.0,321.2647958845269,26.76364228774273,4963.892580737798,25.0,3.58,-0.0,0.2,creep_hold
7120.0,318.1884983041147,26.53618505956405,4963.84822250803,25.0,3.58,-0.0,0.2,creep_hold
7121.0,320.32207427507586,26.69464439074636,4963.807848704081,25.0,3.58,-0.0,0.2,creep_hold
7122.0,319.8891992699919,26.66299624222162,4963.859057824435,25.0,3.58,-0.0,0.2,creep_hold
7123.0,319.704246115122,26.649712675194223,4963.896779665408,25.0,3.58,-0.0,0.2,creep_hold
7124.0,319.25977443779027,26.617205513910392,4963.833492375642,25.0,3.58,-0.0,0.2,creep_hold
7125.0,320.11047528113176,26.680637057861613,4963.891234269336,25.0,3.58,-0.0,0.2,creep_hold
7126.0,318.4183682276868,26.555712461310133,4963.785199174593,25.0,3.58,-0.0,0.2,creep_hold
7127.0,319.41850009117286,26.630212969716503,4963.879247316659,25.0,3.58,-0.0,0.2,creep_hold
7128.0,320.676747323417,26.723833135067924,4963.811140321057,25.0,3.58,-0.0,0.2,creep_hold
7129.0,319.1574618073892,26.61171013388068,4963.853280495455,25.0,3.58,-0.0,0.2,creep_hold
7130.0,319.46688604869115,26.635047114717864,4963.853863992247,25.0,3.58,-0.0,0.2,creep_hold
7131.0,320.197753559167,26.68960211549385,4963.9332006116365,25.0,3.58,-0.0,0.2,creep_hold
7132.0,317.6729098655321,26.50299332337275,4963.82450106416,25.0,3.58,-0.0,0.2,creep_hold
7133.0,317.2201268133303,26.469870504691134,4963.9001903649205,25.0,3.58,-0.0,0.2,creep_hold
7134.0,320.67559204294787,26.72624755873688,4963.870097504536,25.0,3.58,-0.0,0.2,creep_hold
7135.0,319.60956211500275,26.64769904555576,4963.895970422186,25.0,3.58,-0.0,0.2,creep_hold
7136.0,319.78030839450366,26.66076358477805,4963.847430167518,25.0,3.58,-0.0,0.2,creep_hold
7137.0,318.85091678028266,26.592336428169084,4963.91363152018,25.0,3.58,-0.0,0.2,creep_hold
7138.0,319.3444854022225,26.629313733497963,4963.7854499130135,25.0,3.58,-0.0,0.2,creep_hold
7139.0,320.06478161641786,26.68308567529021,4963.883683048581,25.0,3.58,-0.0,0.2,creep_hold
7140.0,319.18635678672206,26.618433836053487,4963.873087521926,25.0,3.58,-0.0,0.2,creep_hold
7141.0,318.7093221810127,26.58351460600094,4963.857587343339,25.0,3.58,-0.0,0.2,creep_hold
7142.0,318.37049708383114,26.558833117320827,4963.912944780919,25.0,3.58,-0.0,0.2,creep_hold
7143.0,317.7524463776613,26.51346825019713,4963.826590014184,25.0,3.58,-0.0,0.2,creep_hold
7144.0,316.82337215408126,26.445064604006017,4963.907683230066,25.0,3.58,-0.0,0.2,creep_hold
7145.0,318.8316944663844,26.594245886398845,4963.861055266014,25.0,3.58,-0.0,0.2,creep_hold
7146.0,318.77930764880455,26.590782048059594,4963.801632078501,25.0,3.58,-0.0,0.2,creep_hold
7147.0,321.6770352102978,26.8058452007628,4963.862817949022,25.0,3.58,-0.0,0.2,creep_hold
7148.0,318.5976202534437,26.57815705581065,4963.901357998447,25.0,3.58,-0.0,0.2,creep_hold
7149.0,318.0808587684032,26.54029509395579,4963.922641656874,25.0,3.58,-0.0,0.2,creep_hold
7150.0,321.0791951172051,26.7628107494226,4963.913627357384,25.0,3.58,-0.0,0.2,creep_hold
7151.0,318.4746825586307,26.57030055989857,4963.868559569201,25.0,3.58,-0.0,0.2,creep_hold
7152.0,318.86197947452507,26.599405887001858,4963.814687003053,25.0,3.58,-0.0,0.2,creep_hold
7153.0,320.1786112584913,26.69735083396232,4963.838352309094,25.0,3.58,-0.0,0.2,creep_hold
7154.0,320.2008576692881,26.699415382910228,4963.758844496612,25.0,3.58,-0.0,0.2,creep_hold
7155.0,320.2086791765661,26.700411420486372,4963.918724380521,25.0,3.58,-0.0,0.2,creep_hold
7156.0,319.86517977016223,26.67538368667868,4963.91742894419,25.0,3.58,-0.0,0.2,creep_hold
7157.0,318.26517042458204,26.55728114256163,4963.8852305085375,25.0,3.58,-0.0,0.2,creep_hold
7158.0,318.55320411212904,26.57903363793549,4963.826608877262,25.0,3.58,-0.0,0.2,creep_hold
7159.0,318.7327918573362,26.592753100543423,4963.879858103654,25.0,3.58,-0.0,0.2,creep_hold
7160.0,319.81963926254133,26.67367698241047,4963.76933311663,25.0,3.58,-0.0,0.2,creep_hold
7161.0,318.9390009023525,26.60886117795204,4963.897392858893,25.0,3.58,-0.0,0.2,creep_hold
7162.0,320.2706108057638,26.707915615241763,4963.840537352848,25.0,3.58,-0.0,0.2,creep_hold
7163.0,319.4520978763463,26.647701694544168,4963.858075757694,25.0,3.58,-0.0,0.2,creep_hold
7164.0,319.5323025019494,26.65405944458885,4963.770408504151,25.0,3.58,-0.0,0.2,creep_hold
7165.0,316.988158438049,26.46602099541104,4963.864769107815,25.0,3.58,-0.0,0.2,creep_hold
7166.0,319.35596997231715,26.64183110906053,4963.749932220988,25.0,3.58,-0.0,0.2,creep_hold
7167.0,318.16176835988745,26.553788397028697,4963.766373800521,25.0,3.58,-0.0,0.2,creep_hold
7168.0,320.07728853756026,26.69609544722669,4963.87292636365,25.0,3.58,-0.0,0.2,creep_hold
7169.0,319.01987854763524,26.618185447972984,4963.851047936338,25.0,3.58,-0.0,0.2,creep_hold
7170.0,319.9135090051965,26.68479696334789,4963.746843077485,25.0,3.58,-0.0,0.2,creep_hold
7171.0,319.84432370227194,26.680088792760884,4963.820787991378,25.0,3.58,-0.0,0.2,creep_hold
7172.0,318.62590964701604,26.590252566445635,4963.769575298387,25.0,3.58,-0.0,0.2,creep_hold
7173.0,318.4659767731322,26.57882235356535,4963.809494164813,25.0,3.58,-0.0,0.2,creep_hold
7174.0,320.2372870203351,26.71044718669149,4963.838413504372,25.0,3.58,-0.0,0.2,creep_hold
7175.0,320.5058414879469,26.73075677688496,4963.894355679783,25.0,3.58,-0.0,0.2,creep_hold
7176.0,318.37339997211524,26.57321481274928,4963.793093602283,25.0,3.58,-0.0,0.2,creep_hold
7177.0,317.5588219176846,26.51329236427293,4963.780161745925,25.0,3.58,-0.0,0.2,creep_hold
7178.0,320.023004738146,26.696241091714523,4963.846978031574,25.0,3.58,-0.0,0.2,creep_hold
7179.0,317.71722463839035,26.52585923247336,4963.816433017941,25.0,3.58,-0.0,0.2,creep_hold
7180.0,319.10668212676154,26.62919867605641,4963.851513001297,25.0,3.58,-0.0,0.2,creep_hold
7181.0,317.073176504578,26.478985296635408,4963.756023254931,25.0,3.58,-0.0,0.2,creep_hold
7182.0,320.2246942648578,26.7128477233228,4963.813006981189,25.0,3.58,-0.0,0.2,creep_hold
7183.0,319.5209128537439,26.661132433610657,4963.877115180261,25.0,3.58,-0.0,0.2,creep_hold
7184.0,318.73816832049783,26.60356802374058,4963.780104933303,25.0,3.58,-0.0,0.2,creep_hold
7185.0,317.9002633421367,26.54191765497309,4963.73839036137,25.0,3.58,-0.0,0.2,creep_hold
7186.0,316.3362622058993,26.426482385622165,4963.859451423722,25.0,3.58,-0.0,0.2,creep_hold
7187.0,319.0339275377843,26.62672611390995,4963.781437101103,25.0,3.58,-0.0,0.2,creep_hold
7188.0,319.78905150677,26.68307788939037,4963.857129552435,25.0,3.58,-0.0,0.2,creep_hold
7189.0,319.33970555662614,26.6502096708612,4963.759392067515,25.0,3.58,-0.0,0.2,creep_hold
7190.0,317.79807079444055,26.53643116995856,4963.772837369047,25.0,3.58,-0.0,0.2,creep_hold
7191.0,319.83861027737817,26.68799890943542,4963.852065525671,25.0,3.58,-0.0,0.2,creep_hold
7192.0,319.44200254047865,26.65903722522064,4963.785223814636,25.0,3.58,-0.0,0.2,creep_hold
7193.0,317.51041634511523,26.5163734329715,4963.717497216359,25.0,3.58,-0.0,0.2,creep_hold
7194.0,317.3850359282347,26.50750266135072,4963.715889683166,25.0,3.58,-0.0,0.2,creep_hold
7195.0,318.11140324334986,26.561724314322213,4963.777606203595,25.0,3.58,-0.0,0.2,creep_hold
7196.0,320.30839108039555,26.724880820770043,4963.747607556473,25.0,3.58,-0.0,0.2,creep_hold
7197.0,318.4456718587942,26.58731828583661,4963.76780076953,25.0,3.58,-0.0,0.2,creep_hold
7198.0,320.8335894148831,26.764617734435785,4963.816042022237,25.0,3.58,-0.0,0.2,creep_hold
7199.0,320.3292350575394,26.72767481907699,4963.838300268246,25.0,3.58,-0.0,0.2,creep_hold
7200.0,317.390175153166,26.510383344678964,4963.836809816526,25.0,3.58,-0.0,0.2,creep_hold
7201.0,318.8130516308494,26.61619826895181,4963.748740136062,25.0,3.58,-0.0,0.2,creep_hold
7202.0,322.3915907694385,26.8816919088473,4963.775025153331,25.0,3.58,-0.0,0.2,creep_hold
7203.0,319.05715054366595,26.635113003234515,4963.771164359748,25.0,3.58,-0.0,0.2,creep_hold
7204.0,319.7740297743736,26.688631835138786,4963.762918915642,25.0,3.58,-0.0,0.2,creep_hold
7205.0,319.4191784742826,26.66276322031723,4963.706537867034,25.0,3.58,-0.0,0.2,creep_hold
7206.0,318.7772124290448,26.61562684659592,4963.773160662536,25.0,3.58,-0.0,0.2,creep_hold
7207.0,318.3099881943735,26.58143431069433,4963.867496110722,25.0,3.58,-0.0,0.2,creep_hold
7208.0,319.32576288414384,26.65709354697362,4963.731364934963,25.0,3.58,-0.0,0.2,creep_hold
7209.0,319.47516508878044,26.668577043613368,4963.738881177238,25.0,3.58,-0.0,0.2,creep_hold
7210.0,319.63817399588504,26.681068444139637,4963.789284173574,25.0,3.58,-0.0,0.2,creep_hold
7211.0,319.8827538731631,26.69960213875282,4963.784156423415,25.0,3.58,-0.0,0.2,creep_hold
7212.0,317.91903911768674,26.55455845316198,4963.707151656887,25.0,3.58,-0.0,0.2,creep_hold
7213.0,318.08293764195844,26.56711575125618,4963.838671182261,25.0,3.58,-0.0,0.2,creep_hold
7214.0,319.7815403042768,26.69335483735384,4963.840205449348,25.0,3.58,-0.0,0.2,creep_hold
7215.0,319.1684569131692,26.648357919494018,4963.781968205667,25.0,3.58,-0.0,0.2,creep_hold
7216.0,317.0785983603587,26.49397024891546,4963.838071042872,25.0,3.58,-0.0,0.2,creep_hold
7217.0,318.026606309158,26.5646097266043,4963.73112294734,25.0,3.58,-0.0,0.2,creep_hold
7218.0,321.3728101559988,26.812893344888803,4963.812615026551,25.0,3.58,-0.0,0.2,creep_hold
7219.0,318.6242396262353,26.60971219453595,4963.669794986646,25.0,3.58,-0.0,0.2,creep_hold
7220.0,318.70136889596586,26.615842140441917,4963.75475292033,25.0,3.58,-0.0,0.2,creep_hold
7221.0,319.33151969122264,26.662936643794268,4963.742914865153,25.0,3.58,-0.0,0.2,creep_hold
7222.0,319.44813708150207,26.67199163566682,4963.724036921146,25.0,3.58,-0.0,0.2,creep_hold
7223.0,317.5663532383398,26.533016906543686,4963.791987171497,25.0,3.58,-0.0,0.2,creep_hold
7224.0,318.2529756809892,26.58429449488809,4963.776332509252,25.0,3.58,-0.0,0.2,creep_hold
7225.0,320.5066924164408,26.751653141958577,4963.857792963085,25.0,3.58,-0.0,0.2,creep_hold
7226.0,317.9668811453454,26.56393564039596,4963.801904839905,25.0,3.58,-0.0,0.2,creep_hold
7227.0,319.00041509914763,26.64091037771464,4963.670309478369,25.0,3.58,-0.0,0.2,creep_hold
7228.0,320.3813527989803,26.743618725850396,4963.756010835904,25.0,3.58,-0.0,0.2,creep_hold
7229.0,318.8255507460196,26.628790796001446,4963.723645937202,25.0,3.58,-0.0,0.2,creep_hold
7230.0,318.8498193081778,26.631005133939095,4963.758798338322,25.0,3.58,-0.0,0.2,creep_hold
7231.0,318.0129723967483,26.56943314049987,4963.823158680941,25.0,3.58,-0.0,0.2,creep_hold
7232.0,318.1489295659569,26.5799207085894,4963.786992410282,25.0,3.58,-0.0,0.2,creep_hold
7233.0,320.0501111472589,26.7211656405377,4963.778187310254,25.0,3.58,-0.0,0.2,creep_hold
7234.0,319.4925469454085,26.68028125521545,4963.78800965956,25.0,3.58,-0.0,0.2,creep_hold
7235.0,319.16907912897034,26.656737342886693,4963.775505632392,25.0,3.58,-0.0,0.2,creep_hold
7236.0,318.4043880286412,26.60051022434379,4963.783669616636,25.0,3.58,-0.0,0.2,creep_hold
7237.0,320.5453231193184,26.759514675505063,4963.784052479003,25.0,3.58,-0.0,0.2,creep_hold
7238.0,320.669462229207,26.769126831793116,4963.7325470403375,25.0,3.58,-0.0,0.2,creep_hold
7239.0,319.0477653672576,26.649417804982047,4963.738398130405,25.0,3.58,-0.0,0.2,creep_hold
7240.0,318.03965472551954,26.575159609297742,4963.715320048089,25.0,3.58,-0.0,0.2,creep_hold
7241.0,317.7827102233291,26.55654334987623,4963.764307659244,25.0,3.58,-0.0,0.2,creep_hold
7242.0,321.15527550700807,26.806779667185783,4963.75240735212,25.0,3.58,-0.0,0.2,creep_hold
7243.0,321.4695580883847,26.83047652506553,4963.788291887327,25.0,3.58,-0.0,0.2,creep_hold
7244.0,318.20903862647305,26.5893732315906,4963.787817208503,25.0,3.58,-0.0,0.2,creep_hold
7245.0,319.0587171201806,26.652729045939303,4963.843468398554,25.0,3.58,-0.0,0.2,creep_hold
7246.0,316.8233546599394,26.48756330814366,4963.761941574495,25.0,3.58,-0.0,0.2,creep_hold
7247.0,318.03195915752764,26.577506233890936,4963.731765083495,25.0,3.58,-0.0,0.2,creep_hold
7248.0,320.77309120612915,26.78096971897253,4963.623220767524,25.0,3.58,-0.0,0.2,creep_hold
7249.0,319.63034928626786,26.69673883601984,4963.8025200458205,25.0,3.58,-0.0,0.2,creep_hold
7250.0,319.6776645713437,26.70066033861805,4963.713910414627,25.0,3.58,-0.0,0.2,creep_hold
7251.0,318.4959147401863,26.613539980754545,4963.7838256745545,25.0,3.58,-0.0,0.2,creep_hold
7252.0,317.7812689440171,26.56101992177904,4963.806130645675,25.0,3.58,-0.0,0.2,creep_hold
7253.0,318.4990314307291,26.614604180054005,4963.716006568557,25.0,3.58,-0.0,0.2,creep_hold
7254.0,319.94734956184305,26.72230367124764,4963.795821939851,25.0,3.58,-0.0,0.2,creep_hold
7255.0,319.20278806271915,26.667567634275493,4963.644926641852,25.0,3.58,-0.0,0.2,creep_hold
7256.0,319.46241213438526,26.68721571365817,4963.788884781806,25.0,3.58,-0.0,0.2,creep_hold
7257.0,319.46035365265715,26.687479900196827,4963.748646409976,25.0,3.58,-0.0,0.2,creep_hold
7258.0,318.0504023084551,26.58345572655223,4963.694810013772,25.0,3.58,-0.0,0.2,creep_hold
7259.0,318.91405672324737,26.64784679431462,4963.790945434263,25.0,3.58,-0.0,0.2,creep_hold
7260.0,317.86759507427854,26.570747783279888,4963.78914425665,25.0,3.58,-0.0,0.2,creep_hold
7261.0,317.7095508538045,26.559457470652184,4963.822396291365,25.0,3.58,-0.0,0.2,creep_hold
7262.0,319.2670920371831,26.67524755830986,4963.706640607517,25.0,3.58,-0.0,0.2,creep_hold
7263.0,317.4393139525518,26.54027325574458,4963.81138044023,25.0,3.58,-0.0,0.2,creep_hold
7264.0,320.2783108949623,26.750985992219437,4963.653351439411,25.0,3.58,-0.0,0.2,creep_hold
7265.0,318.98273470310306,26.655434052081706,4963.75547725315,25.0,3.58,-0.0,0.2,creep_hold
7266.0,317.3947718551679,26.53822384112355,4963.743975367269,25.0,3.58,-0.0,0.2,creep_hold
7267.0,318.1676386943925,26.59588990328833,4963.713840200388,25.0,3.58,-0.0,0.2,creep_hold
7268.0,317.6474514262148,26.55777417971961,4963.77970914959,25.0,3.58,-0.0,0.2,creep_hold
7269.0,319.69920562591494,26.71017263895666,4963.787684940073,25.0,3.58,-0.0,0.2,creep_hold
7270.0,319.31380329447,26.682040984775558,4963.673980695252,25.0,3.58,-0.0,0.2,creep_hold
7271.0,318.7896731073877,26.643633193139834,4963.750932578048,25.0,3.58,-0.0,0.2,creep_hold
7272.0,320.4095671412301,26.76404201046149,4963.70768779903,25.0,3.58,-0.0,0.2,creep_hold
7273.0,318.7770300621256,26.6435300046019,4963.776340187716,25.0,3.58,-0.0,0.2,creep_hold
7274.0,318.47613072383086,26.62165783139488,4963.71512584475,25.0,3.58,-0.0,0.2,creep_hold
7275.0,317.78932896392223,26.571200293623868,4963.80548116783,25.0,3.58,-0.0,0.2,creep_hold
7276.0,317.502586600224,26.550376785201777,4963.673895220635,25.0,3.58,-0.0,0.2,creep_hold
7277.0,319.1017979724627,26.669253553515755,4963.805070440016,25.0,3.58,-0.0,0.2,creep_hold
7278.0,319.53203794144804,26.701539847514667,4963.806815667624,25.0,3.58,-0.0,0.2,creep_hold
7279.0,318.61531680004583,26.63405124444784,4963.736694897278,25.0,3.58,-0.0,0.2,creep_hold
7280.0,318.99225343838305,26.66238914358393,4963.741221467092,25.0,3.58,-0.0,0.2,creep_hold
7281.0,318.75691521601846,26.6453733493347,4963.657950489965,25.0,3.58,-0.0,0.2,creep_hold
7282.0,320.4155565364571,26.768652336033856,4963.755395104923,25.0,3.58,-0.0,0.2,creep_hold
7283.0,318.90893619570187,26.657467495977915,4963.721324775596,25.0,3.58,-0.0,0.2,creep_hold
7284.0,319.85724227115685,26.72812905712273,4963.700784076634,25.0,3.58,-0.0,0.2,creep_hold
7285.0,318.4976119741376,26.627832368454637,4963.748091800384,25.0,3.58,-0.0,0.2,creep_hold
7286.0,317.8137612972417,26.57759342942531,4963.771914223356,25.0,3.58,-0.0,0.2,creep_hold
7287.0,317.0962508337651,26.52486117287149,4963.713370505855,25.0,3.58,-0.0,0.2,creep_hold
7288.0,317.55902956617246,26.559557745642405,4963.75674418956,25.0,3.58,-0.0,0.2,creep_hold
7289.0,319.06894170494934,26.67181975592217,4963.718496489654,25.0,3.58,-0.0,0.2,creep_hold
7290.0,317.6303161063724,26.565671563434996,4963.785482295561,25.0,3.58,-0.0,0.2,creep_hold
7291.0,319.73551745039174,26.722029070399387,4963.66527467082,25.0,3.58,-0.0,0.2,creep_hold
7292.0,318.2307393884359,26.610980695439697,4963.724377037203,25.0,3.58,-0.0,0.2,creep_hold
7293.0,316.7418642134608,26.501110312108207,4963.621144389001,25.0,3.58,-0.0,0.2,creep_hold
7294.0,318.785229381018,26.65288736155689,4963.747549929618,25.0,3.58,-0.0,0.2,creep_hold
7295.0,318.1047767582193,26.602900130238467,4963.741641270517,25.0,3.58,-0.0,0.2,creep_hold
7296.0,320.48931176331405,26.77994901950474,4963.793248429192,25.0,3.58,-0.0,0.2,creep_hold
7297.0,319.2878191277443,26.69136623168476,4963.678915373301,25.0,3.58,-0.0,0.2,creep_hold
7298.0,317.5706601670572,26.56458593830053,4963.6918147913575,25.0,3.58,-0.0,0.2,creep_hold
7299.0,318.6716266742756,26.64655567957597,4963.671627858385,25.0,3.58,-0.0,0.2,creep_hold
7300.0,317.14109802913055,26.53359985400967,4963.778609050932,25.0,3.58,-0.0,0.2,creep_hold
7301.0,317.01038886571257,26.524334360423158,4963.818757590868,25.0,3.58,-0.0,0.2,creep_hold
7302.0,318.4889756455849,26.63427597374703,4963.679359613722,25.0,3.58,-0.0,0.2,creep_hold
7303.0,319.09391160919387,26.679502711792136,4963.707257949643,25.0,3.58,-0.0,0.2,creep_hold
7304.0,318.05553350729144,26.603002482021587,4963.700033854787,25.0,3.58,-0.0,0.2,creep_hold
7305.0,319.71040478744703,26.72600220647756,4963.680131586747,25.0,3.58,-0.0,0.2,creep_hold
7306.0,316.7139333109534,26.504458023033585,4963.751718158062,25.0,3.58,-0.0,0.2,creep_hold
7307.0,319.1066400269143,26.682112224215874,4963.728891997931,25.0,3.58,-0.0,0.2,creep_hold
7308.0,318.78860991550783,26.658971104852437,4963.715462963608,25.0,3.58,-0.0,0.2,creep_hold
7309.0,317.0353821981988,26.529519051718427,4963.754563672827,25.0,3.58,-0.0,0.2,creep_hold
7310.0,318.9680462367412,26.673096017536384,4963.748054173486,25.0,3.58,-0.0,0.2,creep_hold
7311.0,318.2167738150512,26.61786287518898,4963.6401545977305,25.0,3.58,-0.0,0.2,creep_hold
7312.0,319.7179714956567,26.729479370048644,4963.768972052858,25.0,3.58,-0.0,0.2,creep_hold
7313.0,316.94591261324524,26.52455834172187,4963.629729730096,25.0,3.58,-0.0,0.2,creep_hold
7314.0,319.1924288619841,26.69138361940623,4963.753784596996,25.0,3.58,-0.0,0.2,creep_hold
7315.0,318.22374050962424,26.6200455933055,4963.6798082192445,25.0,3.58,-0.0,0.2,creep_hold
7316.0,320.04529167415456,26.755391975863297,4963.739711877344,25.0,3.58,-0.0,0.2,creep_hold
7317.0,321.0913187181289,26.833292127268805,4963.656319870502,25.0,3.58,-0.0,0.2,creep_hold
7318.0,318.1200986947006,26.613618421829678,4963.736035883697,25.0,3.58,-0.0,0.2,creep_hold
7319.0,318.2168094237706,26.621198846205232,4963.751275903935,25.0,3.58,-0.0,0.2,creep_hold
7320.0,318.3932542879584,26.63468550281173,4963.764027912395,25.0,3.58,-0.0,0.2,creep_hold
7321.0,318.4057328223336,26.636026505358043,4963.667189246606,25.0,3.58,-0.0,0.2,creep_hold
7322.0,319.4941119231302,26.7170638461578,4963.700153358949,25.0,3.58,-0.0,0.2,creep_hold
7323.0,317.917282602028,26.60067834089096,4963.671837808621,25.0,3.58,-0.0,0.2,creep_hold
7324.0,317.70925615003875,26.585685640743613,4963.7081831332,25.0,3.58,-0.0,0.2,creep_hold
7325.0,318.41126198572067,26.63810273968301,4963.701643304267,25.0,3.58,-0.0,0.2,creep_hold
7326.0,318.4567072779846,26.64188572429516,4963.629037667774,25.0,3.58,-0.0,0.2,creep_hold
7327.0,319.9102041335759,26.749968824709327,4963.742030764187,25.0,3.58,-0.0,0.2,creep_hold
7328.0,317.9087275232874,26.60212796468796,4963.72982048565,25.0,3.58,-0.0,0.2,creep_hold
7329.0,317.8440428438218,26.597753173616432,4963.662144076477,25.0,3.58,-0.0,0.2,creep_hold
7330.0,319.03181386774344,26.686152879092106,4963.683237212609,25.0,3.58,-0.0,0.2,creep_hold
7331.0,318.9670974989468,26.68177574066273,4963.666613902935,25.0,3.58,-0.0,0.2,creep_hold
7332.0,317.41449201859274,26.56718459396983,4963.634658205363,25.0,3.58,-0.0,0.2,creep_hold
7333.0,318.0673863476863,26.61596380353232,4963.708985535327,25.0,3.58,-0.0,0.2,creep_hold
7334.0,317.0463371717419,26.540747197906807,4963.687991897744,25.0,3.58,-0.0,0.2,creep_hold
7335.0,319.18308211237314,26.699441267583197,4963.683579691034,25.0,3.58,-0.0,0.2,creep_hold
7336.0,317.57585220482514,26.580803867024088,4963.739443010307,25.0,3.58,-0.0,0.2,creep_hold
7337.0,317.7242115536886,26.592210115088044,4963.693979168029,25.0,3.58,-0.0,0.2,creep_hold
7338.0,317.98446772524505,26.61190501668482,4963.730730303085,25.0,3.58,-0.0,0.2,creep_hold
7339.0,317.46887413007363,26.57412956519064,4963.671448905492,25.0,3.58,-0.0,0.2,creep_hold
7340.0,318.4353716076471,26.64613863760349,4963.751454280291,25.0,3.58,-0.0,0.2,creep_hold
7341.0,319.26323150210555,26.707878259415224,4963.594632370769,25.0,3.58,-0.0,0.2,creep_hold
7342.0,318.6605290492137,26.663650299941757,4963.647344862428,25.0,3.58,-0.0,0.2,creep_hold
7343.0,320.5070092148559,26.80084327517451,4963.717208176213,25.0,3.58,-0.0,0.2,creep_hold
7344.0,318.50858604939265,26.653228596251303,4963.693969877674,25.0,3.58,-0.0,0.2,creep_hold
7345.0,316.6765715441165,26.517940484749367,4963.663719377081,25.0,3.58,-0.0,0.2,creep_hold
7346.0,318.31999393800083,26.64009214355562,4963.662373300299,25.0,3.58,-0.0,0.2,creep_hold
7347.0,317.7476840372941,26.59811548424401,4963.647501134372,25.0,3.58,-0.0,0.2,creep_hold
7348.0,319.29563833110285,26.713195431933546,4963.713139675864,25.0,3.58,-0.0,0.2,creep_hold
7349.0,318.1286794155598,26.627170697448875,4963.670227101745,25.0,3.58,-0.0,0.2,creep_hold
7350.0,318.6969395311136,26.66968070600841,4963.623385599824,25.0,3.58,-0.0,0.2,creep_hold
7351.0,316.93649302686066,26.539693927915604,4963.697425682693,25.0,3.58,-0.0,0.2,creep_hold
7352.0,317.6196558910209,26.590715251186737,4963.714085378331,25.0,3.58,-0.0,0.2,creep_hold
7353.0,318.4703728382558,26.654147988018945,4963.710698796839,25.0,3.58,-0.0,0.2,creep_hold
7354.0,317.9858964617751,26.618677515687043,4963.72084469006,25.0,3.58,-0.0,0.2,creep_hold
7355.0,318.33885897820784,26.645239553941323,4963.718002208825,25.0,3.58,-0.0,0.2,creep_hold
7356.0,319.95286088154563,26.76521191715153,4963.674280965192,25.0,3.58,-0.0,0.2,creep_hold
7357.0,317.06425134377434,26.55165750694625,4963.658910130774,25.0,3.58,-0.0,0.2,creep_hold
7358.0,317.0940643506336,26.55428254449138,4963.734810359315,25.0,3.58,-0.0,0.2,creep_hold
7359.0,319.627656024558,26.74237266848578,4963.764146668707,25.0,3.58,-0.0,0.2,creep_hold
7360.0,318.5265777668731,26.66122798273134,4963.6619962694285,25.0,3.58,-0.0,0.2,creep_hold
7361.0,317.6063532089909,26.593479867332658,4963.721027329652,25.0,3.58,-0.0,0.2,creep_hold
7362.0,318.6876385348237,26.67399174332028,4963.702408085654,25.0,3.58,-0.0,0.2,creep_hold
7363.0,319.230222169192,26.714599790310512,4963.582802716962,25.0,3.58,-0.0,0.2,creep_hold
7364.0,317.5626608613331,26.591493397135785,4963.611329948135,25.0,3.58,-0.0,0.2,creep_hold
7365.0,319.2234882899401,26.714934317773345,4963.633683424818,25.0,3.58,-0.0,0.2,creep_hold
7366.0,318.1430330123269,26.635317260172368,4963.625236133975,25.0,3.58,-0.0,0.2,creep_hold
7367.0,319.7015648779287,26.751180731698422,4963.759015660689,25.0,3.58,-0.0,0.2,creep_hold
7368.0,316.08631723584205,26.483801276729043,4963.645203702843,25.0,3.58,-0.0,0.2,creep_hold
7369.0,320.16255058119754,26.78616115416278,4963.694838193717,25.0,3.58,-0.0,0.2,creep_hold
7370.0,318.18436098276794,26.64004525798281,4963.679087258929,25.0,3.58,-0.0,0.2,creep_hold
7371.0,319.4642644949226,26.73526959221649,4963.733794269274,25.0,3.58,-0.0,0.2,creep_hold
7372.0,317.6842793207423,26.60383550524017,4963.607789684083,25.0,3.58,-0.0,0.2,creep_hold
7373.0,318.7820760675552,26.685570449448534,4963.728026918937,25.0,3.58,-0.0,0.2,creep_hold
7374.0,319.3904841094436,26.731054378477303,4963.6209890856535,25.0,3.58,-0.0,0.2,creep_hold
7375.0,318.37472985278373,26.65622998909509,4963.627572807544,25.0,3.58,-0.0,0.2,creep_hold
7376.0,317.87257655810254,26.619450115415003,4963.673524104751,25.0,3.58,-0.0,0.2,creep_hold
7377.0,317.54613219540033,26.595685718177805,4963.723148590687,25.0,3.58,-0.0,0.2,creep_hold
7378.0,317.5511623091807,26.59647498586524,4963.641344041433,25.0,3.58,-0.0,0.2,creep_hold
7379.0,319.0644536005339,26.708987303743253,4963.7133494403,25.0,3.58,-0.0,0.2,creep_hold
7380.0,317.3025241433229,26.57889067728318,4963.670021998877,25.0,3.58,-0.0,0.2,creep_hold
7381.0,318.96991345392723,26.702817663253867,4963.626138687032,25.0,3.58,-0.0,0.2,creep_hold
7382.0,318.297596696426,26.653433088624144,4963.627673235639,25.0,3.58,-0.0,0.2,creep_hold
7383.0,318.0244364420791,26.63361566237623,4963.642113120407,25.0,3.58,-0.0,0.2,creep_hold
7384.0,317.5544940904014,26.599221784474175,4963.727941931437,25.0,3.58,-0.0,0.2,creep_hold
7385.0,317.777903560261,26.616187300760075,4963.548999590763,25.0,3.58,-0.0,0.2,creep_hold
7386.0,316.2138995127294,26.500751815757734,4963.674546359962,25.0,3.58,-0.0,0.2,creep_hold
7387.0,318.8601885769416,26.697189894588263,4963.621747240768,25.0,3.58,-0.0,0.2,creep_hold
7388.0,317.7726064193714,26.61704491995344,4963.611837316275,25.0,3.58,-0.0,0.2,creep_hold
7389.0,319.4613337265384,26.742552498262103,4963.642074370732,25.0,3.58,-0.0,0.2,creep_hold
7390.0,317.4437576659681,26.59351908636801,4963.675182393791,25.0,3.58,-0.0,0.2,creep_hold
7391.0,317.40560732347103,26.5911098017386,4963.550417665772,25.0,3.58,-0.0,0.2,creep_hold
7392.0,318.15892536608493,26.647327804895177,4963.681827695267,25.0,3.58,-0.0,0.2,creep_hold
7393.0,317.813628494789,26.62216692553993,4963.672163786703,25.0,3.58,-0.0,0.2,creep_hold
7394.0,317.0536484068846,26.56628877088034,4963.72034761108,25.0,3.58,-0.0,0.2,creep_hold
7395.0,316.16057183645324,26.500551617515058,4963.558528308514,25.0,3.58,-0.0,0.2,creep_hold
7396.0,317.3479893850477,26.58892513963316,4963.704897645248,25.0,3.58,-0.0,0.2,creep_hold
7397.0,317.5631772429204,26.60528164762373,4963.607916486201,25.0,3.58,-0.0,0.2,creep_hold
7398.0,318.88790859311285,26.703826562452804,4963.575320876261,25.0,3.58,-0.0,0.2,creep_hold
7399.0,318.93111144645786,26.70744344047836,4963.672890103897,25.0,3.58,-0.0,0.2,creep_hold
7400.0,317.1592743519211,26.57661291495712,4963.651841729709,25.0,3.58,-0.0,0.2,creep_hold
7401.0,318.9569989099782,26.710194363702087,4963.549627086223,25.0,3.58,-0.0,0.2,creep_hold
7402.0,317.14702225963043,26.576538685898548,4963.520747774681,25.0,3.58,-0.0,0.2,creep_hold
7403.0,317.4829352191357,26.60183779401005,4963.563099263521,25.0,3.58,-0.0,0.2,creep_hold
7404.0,317.7354238561697,26.62095732267924,4963.620560302474,25.0,3.58,-0.0,0.2,creep_hold
7405.0,317.27196347464974,26.5870435907148,4963.6973801568365,25.0,3.58,-0.0,0.2,creep_hold
7406.0,318.91826081154414,26.70940820826253,4963.66775264161,25.0,3.58,-0.0,0.2,creep_hold
7407.0,319.71477897854726,26.76882622063313,4963.61805957575,25.0,3.58,-0.0,0.2,creep_hold
7408.0,317.13225467685885,26.577944790878437,4963.605792196261,25.0,3.58,-0.0,0.2,creep_hold
7409.0,318.54332314230595,26.682885047578218,4963.646636657533,25.0,3.58,-0.0,0.2,creep_hold
7410.0,318.1403674360913,26.65345314341417,4963.594432400953,25.0,3.58,-0.0,0.2,creep_hold
7411.0,318.63717721525853,26.690670534463592,4963.611430193521,25.0,3.58,-0.0,0.2,creep_hold
7412.0,317.57465353705805,26.612381743485784,4963.671835417682,25.0,3.58,-0.0,0.2,creep_hold
7413.0,319.40120619963585,26.748098607380435,4963.595976228533,25.0,3.58,-0.0,0.2,creep_hold
7414.0,318.806555026138,26.70446703897319,4963.68771754119,25.0,3.58,-0.0,0.2,creep_hold
7415.0,318.6854744192734,26.695914771798037,4963.621015825391,25.0,3.58,-0.0,0.2,creep_hold
7416.0,320.2107964044752,26.809318252183356,4963.703001567496,25.0,3.58,-0.0,0.2,creep_hold
7417.0,317.4414852649072,26.604600760363493,4963.660564015576,25.0,3.58,-0.0,0.2,creep_hold
7418.0,318.0822945846716,26.65248478404975,4963.662923393236,25.0,3.58,-0.0,0.2,creep_hold
7419.0,318.84210396974123,26.70918362738824,4963.614519382146,25.0,3.58,-0.0,0.2,creep_hold
7420.0,319.1630056544775,26.73337078922056,4963.583915390473,25.0,3.58,-0.0,0.2,creep_hold
7421.0,318.2115361871766,26.663308236087158,4963.58606751236,25.0,3.58,-0.0,0.2,creep_hold
7422.0,318.796156009387,26.70703007476941,4963.655740101195,25.0,3.58,-0.0,0.2,creep_hold
7423.0,319.5935168419735,26.766510506812853,4963.632889529064,25.0,3.58,-0.0,0.2,creep_hold
7424.0,317.9387899915582,26.644354814189494,4963.6670770472365,25.0,3.58,-0.0,0.2,creep_hold
7425.0,317.86642768271054,26.63941130983041,4963.64596060511,25.0,3.58,-0.0,0.2,creep_hold
7426.0,318.1877105032351,26.663626703943343,4963.633313643311,25.0,3.58,-0.0,0.2,creep_hold
7427.0,315.64510209017067,26.47570200667931,4963.584477780217,25.0,3.58,-0.0,0.2,creep_hold
7428.0,318.6919881974058,26.701813940548572,4963.5724256217645,25.0,3.58,-0.0,0.2,creep_hold
7429.0,318.6539751611452,26.699414826751493,4963.615982000022,25.0,3.58,-0.0,0.2,creep_hold
7430.0,320.0909750754609,26.80627593151562,4963.600687218314,25.0,3.58,-0.0,0.2,creep_hold
7431.0,316.7146654323801,26.556595587583715,4963.648468414772,25.0,3.58,-0.0,0.2,creep_hold
7432.0,318.4091304312441,26.68252818009216,4963.61940767545,25.0,3.58,-0.0,0.2,creep_hold
7433.0,318.5173347495149,26.69095998144555,4963.59837758355,25.0,3.58,-0.0,0.2,creep_hold
7434.0,318.79051959071734,26.71161256227536,4963.5325910646525,25.0,3.58,-0.0,0.2,creep_hold
7435.0,316.8866036178394,26.57099841613625,4963.570138329128,25.0,3.58,-0.0,0.2,creep_hold
7436.0,314.98949157360084,26.43088826471117,4963.722947157752,25.0,3.58,-0.0,0.2,creep_hold
7437.0,318.121743103261,26.66332356320452,4963.637901246748,25.0,3.58,-0.0,0.2,creep_hold
7438.0,318.3336018093325,26.679433467357963,4963.616552714829,25.0,3.58,-0.0,0.2,creep_hold
7439.0,318.3320728620433,26.67973687866987,4963.627606090473,25.0,3.58,-0.0,0.2,creep_hold
7440.0,317.3829468349355,26.60984791369893,4963.590145025193,25.0,3.58,-0.0,0.2,creep_hold
7441.0,317.2233018386271,26.59843902508349,4963.620144020928,25.0,3.58,-0.0,0.2,creep_hold
7442.0,317.9522908982007,26.652854881348205,4963.543521703884,25.0,3.58,-0.0,0.2,creep_hold
7443.0,317.1088418124786,26.590793837961375,4963.626285456119,25.0,3.58,-0.0,0.2,creep_hold
7444.0,317.0997638930108,26.590538066148945,4963.670935295008,25.0,3.58,-0.0,0.2,creep_hold
7445.0,318.31471344212025,26.68095099571261,4963.627757639522,25.0,3.58,-0.0,0.2,creep_hold
7446.0,318.5943321343309,26.702080158098585,4963.537022402722,25.0,3.58,-0.0,0.2,creep_hold
7447.0,316.93040370405186,26.5792428669668,4963.648298597235,25.0,3.58,-0.0,0.2,creep_hold
7448.0,316.1994417692579,26.52551420513021,4963.62702782044,25.0,3.58,-0.0,0.2,creep_hold
7449.0,317.0046236171079,26.585573971637626,4963.614023616059,25.0,3.58,-0.0,0.2,creep_hold
7450.0,318.71380600769254,26.71259674131056,4963.621019033991,25.0,3.58,-0.0,0.2,creep_hold
7451.0,317.7043724078548,26.638240548729986,4963.549140768142,25.0,3.58,-0.0,0.2,creep_hold
7452.0,318.7076646953135,26.712975162615816,4963.667249629445,25.0,3.58,-0.0,0.2,creep_hold
7453.0,318.63366216527027,26.70791016039039,4963.559978476075,25.0,3.58,-0.0,0.2,creep_hold
7454.0,319.1738689722435,26.74834214609211,4963.627042020548,25.0,3.58,-0.0,0.2,creep_hold
7455.0,317.6588671627426,26.636536456499453,4963.625637665829,25.0,3.58,-0.0,0.2,creep_hold
7456.0,318.12585201889306,26.67154459399208,4963.546638334702,25.0,3.58,-0.0,0.2,creep_hold
7457.0,318.86634776488154,26.72681279739863,4963.609364805037,25.0,3.58,-0.0,0.2,creep_hold
7458.0,317.5651413199024,26.630843801474256,4963.527796500822,25.0,3.58,-0.0,0.2,creep_hold
7459.0,317.01774664423687,26.59071271438792,4963.524701732539,25.0,3.58,-0.0,0.2,creep_hold
7460.0,319.09271321380106,26.74483060842971,4963.579123428544,25.0,3.58,-0.0,0.2,creep_hold
7461.0,319.5023292856066,26.775589206341238,4963.682346096585,25.0,3.58,-0.0,0.2,creep_hold
7462.0,317.1212174883713,26.59962722136084,4963.627558501267,25.0,3.58,-0.0,0.2,creep_hold
7463.0,318.5128475198879,26.70312759406577,4963.540843102245,25.0,3.58,-0.0,0.2,creep_hold
7464.0,318.43023167048324,26.69742456818394,4963.610753758839,25.0,3.58,-0.0,0.2,creep_hold
7465.0,318.2002868283057,26.6808082835782,4963.681531439961,25.0,3.58,-0.0,0.2,creep_hold
7466.0,317.58813463719235,26.635880343495728,4963.534582469471,25.0,3.58,-0.0,0.2,creep_hold
7467.0,317.133043803578,26.60258657804281,4963.597844067008,25.0,3.58,-0.0,0.2,creep_hold
7468.0,316.77907637782243,26.57678343539426,4963.574773533597,25.0,3.58,-0.0,0.2,creep_hold
7469.0,318.9372339583492,26.737063626544387,4963.600601415779,25.0,3.58,-0.0,0.2,creep_hold
7470.0,317.95648528476823,26.66483224331617,4963.604142363739,25.0,3.58,-0.0,0.2,creep_hold
7471.0,318.5336080626632,26.707998745382454,4963.577393114974,25.0,3.58,-0.0,0.2,creep_hold
7472.0,316.13701589332453,26.530890066172187,4963.584657676756,25.0,3.58,-0.0,0.2,creep_hold
7473.0,318.9366179071084,26.738684659785807,4963.605207423147,25.0,3.58,-0.0,0.2,creep_hold
7474.0,318.9029407266686,26.73660672049397,4963.625665324684,25.0,3.58,-0.0,0.2,creep_hold
7475.0,318.2374519761186,26.68772792415693,4963.631636353629,25.0,3.58,-0.0,0.2,creep_hold
7476.0,320.00771540809114,26.81927521541416,4963.602595044235,25.0,3.58,-0.0,0.2,creep_hold
7477.0,318.15022513028623,26.68210000965083,4963.613508689338,25.0,3.58,-0.0,0.2,creep_hold
7478.0,318.09481337182103,26.678412101616377,4963.660990103727,25.0,3.58,-0.0,0.2,creep_hold
7479.0,316.9855949544013,26.59666444106676,4963.621876770244,25.0,3.58,-0.0,0.2,creep_hold
7480.0,317.2822776432774,26.61905760320573,4963.558128763382,25.0,3.58,-0.0,0.2,creep_hold
7481.0,318.39624072033075,26.70199005335784,4963.538401994892,25.0,3.58,-0.0,0.2,creep_hold
7482.0,318.2414058087488,26.69093746731473,4963.571469264058,25.0,3.58,-0.0,0.2,creep_hold
7483.0,319.0834433058078,26.75372728191169,4963.633071130315,25.0,3.58,-0.0,0.2,creep_hold
7484.0,317.3201608155785,26.62353043078359,4963.612723543755,25.0,3.58,-0.0,0.2,creep_hold
7485.0,318.404499154163,26.70426845586392,4963.579748906744,25.0,3.58,-0.0,0.2,creep_hold
7486.0,316.98315342361224,26.599400253600905,4963.572939513695,25.0,3.58,-0.0,0.2,creep_hold
7487.0,317.721195122661,26.65448667575267,4963.576838393729,25.0,3.58,-0.0,0.2,creep_hold
7488.0,317.2641224352193,26.621046106312544,4963.543024191635,25.0,3.58,-0.0,0.2,creep_hold
7489.0,315.66184892736004,26.502775846471117,4963.522603657961,25.0,3.58,-0.0,0.2,creep_hold
7490.0,318.6705787150048,26.726061386296653,4963.551448526604,25.0,3.58,-0.0,0.2,creep_hold
7491.0,316.96546803946546,26.600173558478925,4963.483114135001,25.0,3.58,-0.0,0.2,creep_hold
7492.0,316.9896150254441,26.60237889077364,4963.552239096426,25.0,3.58,-0.0,0.2,creep_hold
7493.0,318.0192841071064,26.67906734126713,4963.555188364295,25.0,3.58,-0.0,0.2,creep_hold
7494.0,316.7015061072782,26.581870822761346,4963.579406446964,25.0,3.58,-0.0,0.2,creep_hold
7495.0,316.91195548648165,26.59787633233198,4963.577155014636,25.0,3.58,-0.0,0.2,creep_hold
7496.0,315.28367484731325,26.477679618319502,4963.6023213395565,25.0,3.58,-0.0,0.2,creep_hold
7497.0,317.82850572858456,26.66660227619145,4963.612112003728,25.0,3.58,-0.0,0.2,creep_hold
7498.0,318.4843275186116,26.715598334711974,4963.530678657581,25.0,3.58,-0.0,0.2,creep_hold
7499.0,317.3945743422179,26.63529254386799,4963.5382348528965,25.0,3.58,-0.0,0.2,creep_hold
7500.0,318.93767454469537,26.750012929236696,4963.572581085013,25.0,3.58,-0.0,0.2,creep_hold
7501.0,319.30059178890394,26.777312354733624,4963.542408022957,25.0,3.58,-0.0,0.2,creep_hold
7502.0,318.5121636708392,26.719326938580675,4963.605822187745,25.0,3.58,-0.0,0.2,creep_hold
7503.0,317.5120701393421,26.64566260291423,4963.618592094445,25.0,3.58,-0.0,0.2,creep_hold
7504.0,318.54518072219764,26.722605979422045,4963.507785624802,25.0,3.58,-0.0,0.2,creep_hold
7505.0,318.5508947374416,26.723445906477156,4963.60806996517,25.0,3.58,-0.0,0.2,creep_hold
7506.0,317.9573993622565,26.679899952759747,4963.498062944051,25.0,3.58,-0.0,0.2,creep_hold
7507.0,318.9342596729661,26.752676642441937,4963.544400590174,25.0,3.58,-0.0,0.2,creep_hold
7508.0,318.2523224894517,26.70257944366309,4963.588562097321,25.0,3.58,-0.0,0.2,creep_hold
7509.0,316.60686697725754,26.58111051683389,4963.620572825716,25.0,3.58,-0.0,0.2,creep_hold
7510.0,317.5497503547703,26.651370396649654,4963.624769255936,25.0,3.58,-0.0,0.2,creep_hold
7511.0,317.8985791262225,26.67762623157204,4963.496723509243,25.0,3.58,-0.0,0.2,creep_hold
7512.0,316.56849487573777,26.579518138943538,4963.531270707534,25.0,3.58,-0.0,0.2,creep_hold
7513.0,316.3537767922355,26.56402976238781,4963.604138659293,25.0,3.58,-0.0,0.2,creep_hold
7514.0,317.8646206384866,26.67636078803604,4963.579676623953,25.0,3.58,-0.0,0.2,creep_hold
7515.0,318.27111930302266,26.706888466890568,4963.592610514286,25.0,3.58,-0.0,0.2,creep_hold
7516.0,316.75797256713986,26.59522019015851,4963.536165809753,25.0,3.58,-0.0,0.2,creep_hold
7517.0,318.28336460508655,26.70862885963604,4963.630072033564,25.0,3.58,-0.0,0.2,creep_hold
7518.0,316.8043461774094,26.59948860573403,4963.633155208416,25.0,3.58,-0.0,0.2,creep_hold
7519.0,316.53914898989933,26.58026103628884,4963.56021136386,25.0,3.58,-0.0,0.2,creep_hold
7520.0,318.6621772273517,26.737939053877906,4963.62345542225,25.0,3.58,-0.0,0.2,creep_hold
7521.0,317.907503149829,26.68245393702437,4963.560601534238,25.0,3.58,-0.0,0.2,creep_hold
7522.0,315.9299043978311,26.536381807246745,4963.515563066854,25.0,3.58,-0.0,0.2,creep_hold
7523.0,316.114849973786,26.55049814620637,4963.560944746051,25.0,3.58,-0.0,0.2,creep_hold
7524.0,317.81705916384897,26.677004382507327,4963.56390181688,25.0,3.58,-0.0,0.2,creep_hold
7525.0,316.8516323858117,26.60590795450457,4963.589202741937,25.0,3.58,-0.0,0.2,creep_hold
7526.0,316.87199193683983,26.60783273606221,4963.551939886131,25.0,3.58,-0.0,0.2,creep_hold
7527.0,316.3292932704314,26.568049501513435,4963.539054064495,25.0,3.58,-0.0,0.2,creep_hold
7528.0,317.4530926331239,26.651710565416582,4963.585681476007,25.0,3.58,-0.0,0.2,creep_hold
7529.0,320.0239576913819,26.842561680843104,4963.534873364279,25.0,3.58,-0.0,0.2,creep_hold
7530.0,316.0790701849543,26.55076445814476,4963.544025753629,25.0,3.58,-0.0,0.2,creep_hold
7531.0,319.3679728409947,26.794803543777384,4963.532894453119,25.0,3.58,-0.0,0.2,creep_hold
7532.0,316.8201828028769,26.60649502243532,4963.520059819084,25.0,3.58,-0.0,0.2,creep_hold
7533.0,316.4937097287845,26.58272849842848,4963.551236279991,25.0,3.58,-0.0,0.2,creep_hold
7534.0,318.55149242435,26.73557351291481,4963.48001992118,25.0,3.58,-0.0,0.2,creep_hold
7535.0,317.4476248835002,26.65422221359261,4963.532336551733,25.0,3.58,-0.0,0.2,creep_hold
7536.0,317.40932982819345,26.651802209495813,4963.611239491734,25.0,3.58,-0.0,0.2,creep_hold
7537.0,318.810676060531,26.75602230078008,4963.529026826658,25.0,3.58,-0.0,0.2,creep_hold
7538.0,319.67231836409326,26.82026432326617,4963.565694364229,25.0,3.58,-0.0,0.2,creep_hold
7539.0,318.0619846983528,26.701397014692795,4963.486418250417,25.0,3.58,-0.0,0.2,creep_hold
7540.0,316.6000764682589,26.593524182833995,4963.568813502081,25.0,3.58,-0.0,0.2,creep_hold
7541.0,316.57987012833314,26.59244408358023,4963.591844754938,25.0,3.58,-0.0,0.2,creep_hold
7542.0,317.5528023945608,26.664929807004505,4963.576774912993,25.0,3.58,-0.0,0.2,creep_hold
7543.0,318.66403164294405,26.747659751329188,4963.468431177507,25.0,3.58,-0.0,0.2,creep_hold
7544.0,318.07243124959416,26.70425416663661,4963.495943518182,25.0,3.58,-0.0,0.2,creep_hold
7545.0,317.9314615411299,26.694228632676293,4963.566971317747,25.0,3.58,-0.0,0.2,creep_hold
7546.0,318.7671287371019,26.756546573118666,4963.533946703173,25.0,3.58,-0.0,0.2,creep_hold
7547.0,315.4299576058487,26.50976537821101,4963.576963409268,25.0,3.58,-0.0,0.2,creep_hold
7548.0,318.5310461873862,26.73989231017676,4963.500260527262,25.0,3.58,-0.0,0.2,creep_hold
7549.0,317.71183537886094,26.67962669473044,4963.594362848678,25.0,3.58,-0.0,0.2,creep_hold
7550.0,317.64896409152533,26.67538622900188,4963.530845563082,25.0,3.58,-0.0,0.2,creep_hold
7551.0,318.05628795836446,26.705975033952924,4963.464263474621,25.0,3.58,-0.0,0.2,creep_hold
7552.0,317.33986558696506,26.65332337681223,4963.579040841371,25.0,3.58,-0.0,0.2,creep_hold
7553.0,316.5506932465506,26.595282833077825,4963.459678153915,25.0,3.58,-0.0,0.2,creep_hold
7554.0,315.6241029777425,26.52706318353648,4963.5406489487805,25.0,3.58,-0.0,0.2,creep_hold
7555.0,317.9664808723833,26.700989323880243,4963.466159103099,25.0,3.58,-0.0,0.2,creep_hold
7556.0,316.40635646084746,26.585841219322035,4963.546195689507,25.0,3.58,-0.0,0.2,creep_hold
7557.0,317.53217465346995,26.66965182618296,4963.51334307297,25.0,3.58,-0.0,0.2,creep_hold
7558.0,315.9122851676739,26.55007667908696,4963.534717323505,25.0,3.58,-0.0,0.2,creep_hold
7559.0,317.58005173680067,26.67403161013338,4963.65123897091,25.0,3.58,-0.0,0.2,creep_hold
7560.0,318.09861175931866,26.712860130319896,4963.547444657231,25.0,3.58,-0.0,0.2,creep_hold
7561.0,317.2359882078278,26.64937875613539,4963.502622158928,25.0,3.58,-0.0,0.2,creep_hold
7562.0,318.0239606690658,26.70816375326413,4963.535532049988,25.0,3.58,-0.0,0.2,creep_hold
7563.0,316.87503860419474,26.623475081792204,4963.469752591902,25.0,3.58,-0.0,0.2,creep_hold
7564.0,317.12325156228,26.64227789350222,4963.499172231219,25.0,3.58,-0.0,0.2,creep_hold
7565.0,317.80539572554306,26.69322375744764,4963.550316855963,25.0,3.58,-0.0,0.2,creep_hold
7566.0,317.6189767858977,26.6798316137702,4963.575516730076,25.0,3.58,-0.0,0.2,creep_hold
7567.0,318.0909403442879,26.715208544021326,4963.495056073412,25.0,3.58,-0.0,0.2,creep_hold
7568.0,317.7413900186242,26.689732593972163,4963.639465108514,25.0,3.58,-0.0,0.2,creep_hold
7569.0,318.599408979863,26.75370622073059,4963.5022635865525,25.0,3.58,-0.0,0.2,creep_hold
7570.0,319.26690430311606,26.803566985416005,4963.559934674654,25.0,3.58,-0.0,0.2,creep_hold
7571.0,318.2669573643172,26.72991350846794,4963.521181118927,25.0,3.58,-0.0,0.2,creep_hold
7572.0,318.5860338191529,26.7539654680854,4963.552919948525,25.0,3.58,-0.0,0.2,creep_hold
7573.0,317.99121593264164,26.710321550566047,4963.524170808091,25.0,3.58,-0.0,0.2,creep_hold
7574.0,316.5734790563772,26.60572067084276,4963.539379248677,25.0,3.58,-0.0,0.2,creep_hold
7575.0,318.48137386586603,26.74746287895304,4963.548907401701,25.0,3.58,-0.0,0.2,creep_hold
7576.0,318.49406813485683,26.74881986184125,4963.529288623537,25.0,3.58,-0.0,0.2,creep_hold
7577.0,316.5176696504025,26.60283664077056,4963.539737493312,25.0,3.58,-0.0,0.2,creep_hold
7578.0,317.452411675335,26.67249345743222,4963.518423903275,25.0,3.58,-0.0,0.2,creep_hold
7579.0,316.0705537495651,26.57055027774556,4963.5160474694885,25.0,3.58,-0.0,0.2,creep_hold
7580.0,317.938240644611,26.70931412182304,4963.520107255708,25.0,3.58,-0.0,0.2,creep_hold
7581.0,319.10752695021773,26.79634458890502,4963.533634577448,25.0,3.58,-0.0,0.2,creep_hold
7582.0,317.7680983418627,26.69754432161946,4963.531711707488,25.0,3.58,-0.0,0.2,creep_hold
7583.0,316.904273507788,26.63397396353985,4963.551824228085,25.0,3.58,-0.0,0.2,creep_hold
7584.0,318.6942815338374,26.76698381732129,4963.511009261381,25.0,3.58,-0.0,0.2,creep_hold
7585.0,318.1310441562966,26.72567919676271,4963.622163060214,25.0,3.58,-0.0,0.2,creep_hold
7586.0,317.8016056131,26.701693008377777,4963.522338859089,25.0,3.58,-0.0,0.2,creep_hold
7587.0,318.42586778960344,26.7483513177484,4963.511371720315,25.0,3.58,-0.0,0.2,creep_hold
7588.0,317.3747221375728,26.67090534352391,4963.472334500204,25.0,3.58,-0.0,0.2,creep_hold
7589.0,318.68058449535096,26.768052555211177,4963.475341909219,25.0,3.58,-0.0,0.2,creep_hold
7590.0,315.48375194654903,26.531666810855487,4963.50399883114,25.0,3.58,-0.0,0.2,creep_hold
7591.0,318.115796295582,26.72704972559867,4963.607065756856,25.0,3.58,-0.0,0.2,creep_hold
7592.0,316.76202993939535,26.627187402918175,4963.502183453875,25.0,3.58,-0.0,0.2,creep_hold
7593.0,317.9520671028314,26.715754970580104,4963.5028850237895,25.0,3.58,-0.0,0.2,creep_hold
7594.0,316.78636086301793,26.629823026890215,4963.572814125767,25.0,3.58,-0.0,0.2,creep_hold
7595.0,315.9396093976402,26.567517362788163,4963.519334962841,25.0,3.58,-0.0,0.2,creep_hold
7596.0,318.0780059959285,26.726333777476185,4963.591689255421,25.0,3.58,-0.0,0.2,creep_hold
7597.0,316.2135304098333,26.58864114146913,4963.444310440621,25.0,3.58,-0.0,0.2,creep_hold
7598.0,315.1223121036233,26.508226822490613,4963.550308540537,25.0,3.58,-0.0,0.2,creep_hold
7599.0,317.3135319896824,26.670956073309803,4963.548634109912,25.0,3.58,-0.0,0.2,creep_hold
7600.0,318.864189003526,26.78623622248341,4963.4656203486265,25.0,3.58,-0.0,0.2,creep_hold
7601.0,319.3194407566731,26.820375241235045,4963.528316165797,25.0,3.58,-0.0,0.2,creep_hold
7602.0,319.0770207380194,26.80283486948292,4963.470424636356,25.0,3.58,-0.0,0.2,creep_hold
7603.0,315.62913402824023,26.547852520610387,4963.533490452975,25.0,3.58,-0.0,0.2,creep_hold
7604.0,317.47335094660457,26.68487784789664,4963.558719032159,25.0,3.58,-0.0,0.2,creep_hold
7605.0,316.5390061296866,26.61608378738419,4963.489354734278,25.0,3.58,-0.0,0.2,creep_hold
7606.0,317.7196699436429,26.703957032862437,4963.437821682711,25.0,3.58,-0.0,0.2,creep_hold
7607.0,315.6047739776913,26.54771473908825,4963.380895326275,25.0,3.58,-0.0,0.2,creep_hold
7608.0,318.14491345435715,26.736289885507937,4963.435770788146,25.0,3.58,-0.0,0.2,creep_hold
7609.0,317.7057173689972,26.704173508814605,4963.49312461196,25.0,3.58,-0.0,0.2,creep_hold
7610.0,318.7943582569951,26.7852302412589,4963.5128598650135,25.0,3.58,-0.0,0.2,creep_hold
7611.0,318.7258802134662,26.78057446025676,4963.42276792535,25.0,3.58,-0.0,0.2,creep_hold
7612.0,317.60266855317445,26.697790263198108,4963.5227487411885,25.0,3.58,-0.0,0.2,creep_hold
7613.0,315.88445222288624,26.570931646139723,4963.63870102492,25.0,3.58,-0.0,0.2,creep_hold
7614.0,318.0735867655962,26.7335064270812,4963.579625642251,25.0,3.58,-0.0,0.2,creep_hold
7615.0,316.828140286044,26.64166779896622,4963.62021803073,25.0,3.58,-0.0,0.2,creep_hold
7616.0,317.5358833536283,26.694509878046546,4963.561597875924,25.0,3.58,-0.0,0.2,creep_hold
7617.0,318.6731279665484,26.77916688641099,4963.600420440243,25.0,3.58,-0.0,0.2,creep_hold
7618.0,315.55096097072936,26.548311923757733,4963.491560918573,25.0,3.58,-0.0,0.2,creep_hold
7619.0,317.1918276740431,26.670274272151342,4963.562750279106,25.0,3.58,-0.0,0.2,creep_hold
7620.0,316.479820071288,26.61794963491022,4963.481169692112,25.0,3.58,-0.0,0.2,creep_hold
7621.0,317.69593957604263,26.70844922785501,4963.4128163482765,25.0,3.58,-0.0,0.2,creep_hold
7622.0,317.92066608883306,26.725512302876524,4963.499827815251,25.0,3.58,-0.0,0.2,creep_hold
7623.0,317.7949810200039,26.71661896444473,4963.485825763816,25.0,3.58,-0.0,0.2,creep_hold
7624.0,317.88022742049054,26.7233501792956,4963.503571339872,25.0,3.58,-0.0,0.2,creep_hold
7625.0,316.6492028962028,26.632579844163168,4963.516771878049,25.0,3.58,-0.0,0.2,creep_hold
7626.0,316.8589927953321,26.64853650335793,4963.488068825005,25.0,3.58,-0.0,0.2,creep_hold
7627.0,317.3658620009071,26.686499037104227,4963.499910939519,25.0,3.58,-0.0,0.2,creep_hold
7628.0,317.6458909503554,26.70765858891522,4963.415454338353,25.0,3.58,-0.0,0.2,creep_hold
7629.0,317.3333827582764,26.684926500613063,4963.476209805719,25.0,3.58,-0.0,0.2,creep_hold
7630.0,316.503688046229,26.623884299720665,4963.455286095064,25.0,3.58,-0.0,0.2,creep_hold
7631.0,317.108914262664,26.66913253797511,4963.476921258998,25.0,3.58,-0.0,0.2,creep_hold
7632.0,317.6065820194357,26.70641348292116,4963.535343257826,25.0,3.58,-0.0,0.2,creep_hold
7633.0,316.2872166927713,26.609099384649728,4963.436913753552,25.0,3.58,-0.0,0.2,creep_hold
7634.0,316.4952812475422,26.62492824055868,4963.54330823885,25.0,3.58,-0.0,0.2,creep_hold
7635.0,317.9231420000573,26.73111237037461,4963.539867369004,25.0,3.58,-0.0,0.2,creep_hold
7636.0,319.71649300596266,26.864369852293528,4963.4067339488665,25.0,3.58,-0.0,0.2,creep_hold
7637.0,317.58594231263965,26.70696794908442,4963.479487204757,25.0,3.58,-0.0,0.2,creep_hold
7638.0,316.30547605478927,26.612535263317724,4963.543767083089,25.0,3.58,-0.0,0.2,creep_hold
7639.0,319.0199289780038,26.81402251688917,4963.492805824134,25.0,3.58,-0.0,0.2,creep_hold
7640.0,317.9670318048969,26.73644680036273,4963.477889907503,25.0,3.58,-0.0,0.2,creep_hold
7641.0,316.38740730292056,26.619854244660782,4963.449674101125,25.0,3.58,-0.0,0.2,creep_hold
7642.0,317.7067659517984,26.71800118161469,4963.445177953427,25.0,3.58,-0.0,0.2,creep_hold
7643.0,317.8230184207359,26.72702914227673,4963.517591391021,25.0,3.58,-0.0,0.2,creep_hold
7644.0,318.45405742545563,26.77418943892264,4963.4922336750615,25.0,3.58,-0.0,0.2,creep_hold
7645.0,316.47724565127675,26.62817560379828,4963.499890243603,25.0,3.58,-0.0,0.2,creep_hold
7646.0,318.46725780600485,26.776000578222583,4963.486147800879,25.0,3.58,-0.0,0.2,creep_hold
7647.0,317.0142784815935,26.668789146784704,4963.438953166884,25.0,3.58,-0.0,0.2,creep_hold
7648.0,317.68806312135683,26.719115786767176,4963.56937743419,25.0,3.58,-0.0,0.2,creep_hold
7649.0,316.17604190969223,26.607530882199423,4963.458473548683,25.0,3.58,-0.0,0.2,creep_hold
7650.0,318.63744677926576,26.790273835501168,4963.533224236706,25.0,3.58,-0.0,0.2,creep_hold
7651.0,317.617632993075,26.71514874022777,4963.477663271713,25.0,3.58,-0.0,0.2,creep_hold
7652.0,316.5064927181226,26.633258719860933,4963.5572535115925,25.0,3.58,-0.0,0.2,creep_hold
7653.0,317.8241017141802,26.73127605290224,4963.488808597123,25.0,3.58,-0.0,0.2,creep_hold
7654.0,318.1060041922171,26.75257438460867,4963.418231237758,25.0,3.58,-0.0,0.2,creep_hold
7655.0,318.34014950272086,26.77033514834969,4963.486429744265,25.0,3.58,-0.0,0.2,creep_hold
7656.0,318.22788062120605,26.762435601570814,4963.477039055657,25.0,3.58,-0.0,0.2,creep_hold
7657.0,315.48803633666114,26.55990083975268,4963.550521394019,25.0,3.58,-0.0,0.2,creep_hold
7658.0,316.27837275977777,26.618860945168723,4963.4028144088825,25.0,3.58,-0.0,0.2,creep_hold
7659.0,317.2861234418207,26.693925810505235,4963.412932026794,25.0,3.58,-0.0,0.2,creep_hold
7660.0,317.5393203611659,26.713097804530808,4963.408785948272,25.0,3.58,-0.0,0.2,creep_hold
7661.0,316.1068962520595,26.60740898163404,4963.526670669022,25.0,3.58,-0.0,0.2,creep_hold
7662.0,318.42683781826884,26.779673171723616,4963.422711862349,25.0,3.58,-0.0,0.2,creep_hold
7663.0,317.8113436979714,26.73449768133121,4963.507013219283,25.0,3.58,-0.0,0.2,creep_hold
7664.0,315.5389973925077,26.56659239944502,4963.4849564012,25.0,3.58,-0.0,0.2,creep_hold
7665.0,316.10279630329546,26.608771948392256,4963.376882586788,25.0,3.58,-0.0,0.2,creep_hold
7666.0,318.5201403188686,26.78825113473101,4963.497938854231,25.0,3.58,-0.0,0.2,creep_hold
7667.0,315.4916079534872,26.56433207062868,4963.510735426179,25.0,3.58,-0.0,0.2,creep_hold
7668.0,319.4206936753156,26.85579212409745,4963.37499878701,25.0,3.58,-0.0,0.2,creep_hold
7669.0,318.9721869772124,26.822986072386104,4963.410357695659,25.0,3.58,-0.0,0.2,creep_hold
7670.0,316.05498577932485,26.60731376143147,4963.47722505873,25.0,3.58,-0.0,0.2,creep_hold
7671.0,317.7165505423798,26.730809299435546,4963.456092742124,25.0,3.58,-0.0,0.2,creep_hold
7672.0,318.3498005317577,26.778133372722795,4963.449226729007,25.0,3.58,-0.0,0.2,creep_hold
7673.0,315.8956774813081,26.596763146763564,4963.465863107562,25.0,3.58,-0.0,0.2,creep_hold
7674.0,315.3727552754036,26.558444835215084,4963.490585818528,25.0,3.58,-0.0,0.2,creep_hold
7675.0,318.8054766000641,26.813137155560305,4963.409132029777,25.0,3.58,-0.0,0.2,creep_hold
7676.0,317.0224196695957,26.68147553108117,4963.410345141852,25.0,3.58,-0.0,0.2,creep_hold
7677.0,315.5480305184944,26.572678186555137,4963.525684962904,25.0,3.58,-0.0,0.2,creep_hold
7678.0,318.3562411397937,26.78111045479954,4963.484317250819,25.0,3.58,-0.0,0.2,creep_hold
7679.0,318.3385699788328,26.780218146580204,4963.394023882918,25.0,3.58,-0.0,0.2,creep_hold
7680.0,317.67704138780493,26.73163269539296,4963.600894366268,25.0,3.58,-0.0,0.2,creep_hold
7681.0,317.15595109182004,26.69345008087556,4963.499510213236,25.0,3.58,-0.0,0.2,creep_hold
7682.0,316.2452912586202,26.62641046360149,4963.389973357638,25.0,3.58,-0.0,0.2,creep_hold
7683.0,315.52520753959794,26.573487595525776,4963.395035576104,25.0,3.58,-0.0,0.2,creep_hold
7684.0,317.98900581200616,26.756407837926385,4963.493422094837,25.0,3.58,-0.0,0.2,creep_hold
7685.0,317.7064286189998,26.73589286066665,4963.534234093823,25.0,3.58,-0.0,0.2,creep_hold
7686.0,315.73035601107574,26.5899337785982,4963.435521703404,25.0,3.58,-0.0,0.2,creep_hold
7687.0,316.2629433338776,26.62980135806501,4963.449163893348,25.0,3.58,-0.0,0.2,creep_hold
7688.0,316.356631442826,26.63715788465377,4963.447374328406,25.0,3.58,-0.0,0.2,creep_hold
7689.0,316.7092295355582,26.66369292855987,4963.357341414277,25.0,3.58,-0.0,0.2,creep_hold
7690.0,317.0734442727272,26.69108846464645,4963.500864718581,25.0,3.58,-0.0,0.2,creep_hold
7691.0,318.64282935171457,26.807755877904786,4963.506902646297,25.0,3.58,-0.0,0.2,creep_hold
7692.0,317.234650224658,26.703862979604292,4963.51999565934,25.0,3.58,-0.0,0.2,creep_hold
7693.0,318.2804097997165,26.78174331849752,4963.436628621874,25.0,3.58,-0.0,0.2,creep_hold
7694.0,317.2599268451904,26.70656865519929,4963.414705262477,25.0,3.58,-0.0,0.2,creep_hold
7695.0,318.1629419763303,26.773875331580022,4963.476735252932,25.0,3.58,-0.0,0.2,creep_hold
7696.0,317.0197474519061,26.68961092236341,4963.543917590296,25.0,3.58,-0.0,0.2,creep_hold
7697.0,318.101362638169,26.770147232456964,4963.458152861615,25.0,3.58,-0.0,0.2,creep_hold
7698.0,316.4113641847612,26.64537882850083,4963.472352662098,25.0,3.58,-0.0,0.2,creep_hold
7699.0,315.4133062198365,26.57186527554344,4963.465493601753,25.0,3.58,-0.0,0.2,creep_hold
7700.0,318.2255340557124,26.780595115237958,4963.364481616386,25.0,3.58,-0.0,0.2,creep_hold
7701.0,315.8539725340102,26.60534055807483,4963.487604755238,25.0,3.58,-0.0,0.2,creep_hold
7702.0,315.98958220590606,26.615802385622672,4963.5073914117975,25.0,3.58,-0.0,0.2,creep_hold
7703.0,318.663187963091,26.814263923191927,4963.413894396927,25.0,3.58,-0.0,0.2,creep_hold
7704.0,316.8068003670021,26.67717039755571,4963.348017362133,25.0,3.58,-0.0,0.2,creep_hold
7705.0,317.22532795159674,26.70858910752568,4963.437233319394,25.0,3.58,-0.0,0.2,creep_hold
7706.0,317.4251705883373,26.72380893246943,4963.484897038939,25.0,3.58,-0.0,0.2,creep_hold
7707.0,317.6583455093267,26.74149781550568,4963.479865626486,25.0,3.58,-0.0,0.2,creep_hold
7708.0,318.1555208255074,26.778742283370917,4963.504152163742,25.0,3.58,-0.0,0.2,creep_hold
7709.0,316.8738114450299,26.68421751444666,4963.398665031491,25.0,3.58,-0.0,0.2,creep_hold
7710.0,316.1796243351731,26.633212913716527,4963.484009870571,25.0,3.58,-0.0,0.2,creep_hold
7711.0,318.12582506799555,26.7777925976293,4963.427040864961,25.0,3.58,-0.0,0.2,creep_hold
7712.0,317.0107623329999,26.695612024666666,4963.415199599851,25.0,3.58,-0.0,0.2,creep_hold
7713.0,316.61278105916284,26.666548596975023,4963.377045261977,25.0,3.58,-0.0,0.2,creep_hold
7714.0,317.7746797802692,26.75303183557549,4963.520066772674,25.0,3.58,-0.0,0.2,creep_hold
7715.0,317.84547177761243,26.758692353897217,4963.423298596693,25.0,3.58,-0.0,0.2,creep_hold
7716.0,317.3399037159477,26.721659534514647,4963.439733957552,25.0,3.58,-0.0,0.2,creep_hold
7717.0,315.0009582410767,26.548820980820494,4963.365347367416,25.0,3.58,-0.0,0.2,creep_hold
7718.0,319.2318964400283,26.862640477039136,4963.489350695591,25.0,3.58,-0.0,0.2,creep_hold
7719.0,317.0638955152453,26.702464482610765,4963.458532110686,25.0,3.58,-0.0,0.2,creep_hold
7720.0,315.6772639775229,26.60016770203873,4963.439007885582,25.0,3.58,-0.0,0.2,creep_hold
7721.0,317.6776889007382,26.74876399264728,4963.493381397264,25.0,3.58,-0.0,0.2,creep_hold
7722.0,318.4475184769192,26.806205072364385,4963.421757398744,25.0,3.58,-0.0,0.2,creep_hold
7723.0,318.30292376986984,26.79591101999036,4963.440357572488,25.0,3.58,-0.0,0.2,creep_hold
7724.0,317.5158956568623,26.738029307915728,4963.409363918369,25.0,3.58,-0.0,0.2,creep_hold
7725.0,317.59886239529413,26.74459165891068,4963.42175864049,25.0,3.58,-0.0,0.2,creep_hold
7726.0,315.29294725619246,26.574199796755,4963.465965855025,25.0,3.58,-0.0,0.2,creep_hold
7727.0,314.34200847883113,26.50417655398749,4963.404712988714,25.0,3.58,-0.0,0.2,creep_hold
7728.0,318.3781692781677,26.80356809467909,4963.568180110451,25.0,3.58,-0.0,0.2,creep_hold
7729.0,317.3358957715861,26.726779316413783,4963.431705818286,25.0,3.58,-0.0,0.2,creep_hold
7730.0,317.3192746063626,26.72596478565649,4963.356246865252,25.0,3.58,-0.0,0.2,creep_hold
7731.0,315.5137462289138,26.592638609549173,4963.46401889356,25.0,3.58,-0.0,0.2,creep_hold
7732.0,318.7908722437156,26.835805351386345,4963.41148015849,25.0,3.58,-0.0,0.2,creep_hold
7733.0,316.4520016548034,26.66297234480025,4963.431814700094,25.0,3.58,-0.0,0.2,creep_hold
7734.0,317.911765786498,26.77151968788874,4963.464257729304,25.0,3.58,-0.0,0.2,creep_hold
7735.0,315.6382055203252,26.60352448298705,4963.3844315600445,25.0,3.58,-0.0,0.2,creep_hold
7736.0,314.88288267475724,26.54799130924128,4963.462495268068,25.0,3.58,-0.0,0.2,creep_hold
7737.0,317.2929994237314,26.72693514249862,4963.342471436174,25.0,3.58,-0.0,0.2,creep_hold
7738.0,317.59436125666485,26.7496749079011,4963.53569884574,25.0,3.58,-0.0,0.2,creep_hold
7739.0,315.90834502130866,26.625201483059904,4963.470791062158,25.0,3.58,-0.0,0.2,creep_hold
7740.0,319.54644323273675,26.89510690612865,4963.445307975936,25.0,3.58,-0.0,0.2,creep_hold
7741.0,316.52336537141304,26.671591879363927,4963.408579394909,25.0,3.58,-0.0,0.2,creep_hold
7742.0,318.4776072913169,26.81676720676421,4963.396484977539,25.0,3.58,-0.0,0.2,creep_hold
7743.0,318.2155086375587,26.79776915833768,4963.482094113516,25.0,3.58,-0.0,0.2,creep_hold
7744.0,315.6090003080434,26.605111133929142,4963.416862726524,25.0,3.58,-0.0,0.2,creep_hold
7745.0,317.55347510698886,26.749562970888064,4963.390571281579,25.0,3.58,-0.0,0.2,creep_hold
7746.0,316.2057996992114,26.65015182957121,4963.386129472738,25.0,3.58,-0.0,0.2,creep_hold
7747.0,317.2879824971973,26.73073018497757,4963.3964702715,25.0,3.58,-0.0,0.2,creep_hold
7748.0,316.95503574189974,26.70648412902961,4963.413409700062,25.0,3.58,-0.0,0.2,creep_hold
7749.0,318.08460250511865,26.79057240778657,4963.472506912515,25.0,3.58,-0.0,0.2,creep_hold
7750.0,316.33538128375625,26.661417132130094,4963.430988038568,25.0,3.58,-0.0,0.2,creep_hold
7751.0,317.64618190200457,26.75893014088923,4963.396006316369,25.0,3.58,-0.0,0.2,creep_hold
7752.0,317.8537902449783,26.774725203331727,4963.413565678194,25.0,3.58,-0.0,0.2,creep_hold
7753.0,318.22824403456235,26.80287918774536,4963.36560532219,25.0,3.58,-0.0,0.2,creep_hold
7754.0,316.26421956156804,26.657812560116152,4963.364644081631,25.0,3.58,-0.0,0.2,creep_hold
7755.0,317.805860318749,26.77242483842585,4963.336400045795,25.0,3.58,-0.0,0.2,creep_hold
7756.0,317.8466916276897,26.775866046495533,4963.392047170298,25.0,3.58,-0.0,0.2,creep_hold
7757.0,318.17687079508124,26.800740429265275,4963.429454402788,25.0,3.58,-0.0,0.2,creep_hold
7758.0,314.6924506094362,26.543051896995276,4963.434266296006,25.0,3.58,-0.0,0.2,creep_hold
7759.0,315.12105782029386,26.57521724594769,4963.445779151072,25.0,3.58,-0.0,0.2,creep_hold
7760.0,315.065165509725,26.57149374146111,4963.4768003212,25.0,3.58,-0.0,0.2,creep_hold
7761.0,316.5008394220843,26.6782566238581,4963.378235701631,25.0,3.58,-0.0,0.2,creep_hold
7762.0,315.7418783755683,26.622453953745804,4963.464471037666,25.0,3.58,-0.0,0.2,creep_hold
7763.0,316.5877563824489,26.68552825055177,4963.5115161142585,25.0,3.58,-0.0,0.2,creep_hold
7764.0,316.763374373674,26.698953657309183,4963.491026715353,25.0,3.58,-0.0,0.2,creep_hold
7765.0,318.0927489906533,26.79784251782617,4963.446012664787,25.0,3.58,-0.0,0.2,creep_hold
7766.0,317.95019905570484,26.78769993005221,4963.486237322046,25.0,3.58,-0.0,0.2,creep_hold
7767.0,316.5012858801212,26.680789694823797,4963.506795869622,25.0,3.58,-0.0,0.2,creep_hold
7768.0,316.8478008264443,26.70687413529217,4963.4039838115405,25.0,3.58,-0.0,0.2,creep_hold
7769.0,315.21921004738635,26.586654447954547,4963.423515764828,25.0,3.58,-0.0,0.2,creep_hold
7770.0,316.38569318128435,26.67347727268773,4963.411757676648,25.0,3.58,-0.0,0.2,creep_hold
7771.0,316.7912084017883,26.703932103836173,4963.335003699199,25.0,3.58,-0.0,0.2,creep_hold
7772.0,316.4776159301413,26.68111969852899,4963.372940377698,25.0,3.58,-0.0,0.2,creep_hold
7773.0,318.9808842751838,26.866963650013616,4963.465178219614,25.0,3.58,-0.0,0.2,creep_hold
7774.0,314.4346748476792,26.53062406279105,4963.428954155989,25.0,3.58,-0.0,0.2,creep_hold
7775.0,316.3801290138033,26.675148445466917,4963.415556670269,25.0,3.58,-0.0,0.2,creep_hold
7776.0,316.9649323729436,26.718883879477303,4963.382181769794,25.0,3.58,-0.0,0.2,creep_hold
7777.0,317.84217854828984,26.784281744317767,4963.374285913141,25.0,3.58,-0.0,0.2,creep_hold
7778.0,317.3472122208162,26.748034238578978,4963.522490614577,25.0,3.58,-0.0,0.2,creep_hold
7779.0,315.2500969531794,26.593109033568847,4963.427120252945,25.0,3.58,-0.0,0.2,creep_hold
7780.0,315.98054858874747,26.647633228796103,4963.401016783951,25.0,3.58,-0.0,0.2,creep_hold
7781.0,317.46711679588435,26.7581660589544,4963.459044236446,25.0,3.58,-0.0,0.2,creep_hold
7782.0,317.0896668571518,26.73062347090013,4963.464554422416,25.0,3.58,-0.0,0.2,creep_hold
7783.0,318.09807582076706,26.805737097834594,4963.365759949462,25.0,3.58,-0.0,0.2,creep_hold
7784.0,317.54968646741474,26.76553233091961,4963.335651193152,25.0,3.58,-0.0,0.2,creep_hold
7785.0,316.7537122893357,26.7069879473582,4963.41148231407,25.0,3.58,-0.0,0.2,creep_hold
7786.0,316.6106272916003,26.69680572530373,4963.430127050248,25.0,3.58,-0.0,0.2,creep_hold
7787.0,317.6867932120697,26.77693838607924,4963.440272360363,25.0,3.58,-0.0,0.2,creep_hold
7788.0,316.2563409118705,26.67139562310152,4963.414713153522,25.0,3.58,-0.0,0.2,creep_hold
7789.0,316.685416361022,26.703595656372,4963.363558721791,25.0,3.58,-0.0,0.2,creep_hold
7790.0,318.1179129545529,26.81012318181873,4963.438476357566,25.0,3.58,-0.0,0.2,creep_hold
7791.0,316.5232269221796,26.692414957198483,4963.424822651437,25.0,3.58,-0.0,0.2,creep_hold
7792.0,317.41942445300384,26.759216626148437,4963.433321863873,25.0,3.58,-0.0,0.2,creep_hold
7793.0,314.3425052279195,26.531713350216258,4963.371688969144,25.0,3.58,-0.0,0.2,creep_hold
7794.0,316.1435437282624,26.665540276167583,4963.452850815685,25.0,3.58,-0.0,0.2,creep_hold
7795.0,316.95388712022145,26.725982379275663,4963.373670641474,25.0,3.58,-0.0,0.2,creep_hold
7796.0,317.4886329162905,26.76600984565115,4963.450647340441,25.0,3.58,-0.0,0.2,creep_hold
7797.0,316.78384174864624,26.71421975915898,4963.398908188926,25.0,3.58,-0.0,0.2,creep_hold
7798.0,316.99894478842043,26.73056998432744,4963.421203609551,25.0,3.58,-0.0,0.2,creep_hold
7799.0,316.0820203587854,26.663066322873,4963.380357253458,25.0,3.58,-0.0,0.2,creep_hold
7800.0,316.85784586082485,26.720951545246287,4963.433300521278,25.0,3.58,-0.0,0.2,creep_hold
7801.0,317.71496194006653,26.78485829185678,4963.459233603055,25.0,3.58,-0.0,0.2,creep_hold
7802.0,315.9750630077585,26.656393556130254,4963.337629025424,25.0,3.58,-0.0,0.2,creep_hold
7803.0,315.5347664914535,26.6241956660336,4963.429494255519,25.0,3.58,-0.0,0.2,creep_hold
7804.0,317.9404143212268,26.802808468239014,4963.351638737004,25.0,3.58,-0.0,0.2,creep_hold
7805.0,318.76623082292923,26.86439672762439,4963.429757817248,25.0,3.58,-0.0,0.2,creep_hold
7806.0,318.3477052912762,26.8338115030575,4963.380832080884,25.0,3.58,-0.0,0.2,creep_hold
7807.0,316.2629490064345,26.67980177825441,4963.351093898449,25.0,3.58,-0.0,0.2,creep_hold
7808.0,316.6568599953179,26.709397036690216,4963.384807548154,25.0,3.58,-0.0,0.2,creep_hold
7809.0,316.50125911349147,26.69828771211048,4963.405649311088,25.0,3.58,-0.0,0.2,creep_hold
7810.0,317.4873380123326,26.771747260172784,4963.435988387011,25.0,3.58,-0.0,0.2,creep_hold
7811.0,317.73370376051054,26.7904132415193,4963.340579669077,25.0,3.58,-0.0,0.2,creep_hold
7812.0,316.18969151154454,26.676458630484778,4963.366208642093,25.0,3.58,-0.0,0.2,creep_hold
7813.0,317.55292450072085,26.777855518571915,4963.485579788344,25.0,3.58,-0.0,0.2,creep_hold
7814.0,317.3139803495081,26.76057261848208,4963.393978369306,25.0,3.58,-0.0,0.2,creep_hold
7815.0,318.41350373636175,26.842435461952725,4963.434778055821,25.0,3.58,-0.0,0.2,creep_hold
7816.0,316.7735216919432,26.72137197718097,4963.325168252149,25.0,3.58,-0.0,0.2,creep_hold
7817.0,317.26641636447795,26.758299360331694,4963.493216906374,25.0,3.58,-0.0,0.2,creep_hold
7818.0,315.15073699863166,26.60199903693568,4963.350207783476,25.0,3.58,-0.0,0.2,creep_hold
7819.0,316.4910623061365,26.70169905971381,4963.366117984266,25.0,3.58,-0.0,0.2,creep_hold
7820.0,317.565490435538,26.78170299522504,4963.445342422793,25.0,3.58,-0.0,0.2,creep_hold
7821.0,315.6416816444663,26.639615306997506,4963.465602939867,25.0,3.58,-0.0,0.2,creep_hold
7822.0,316.082872787897,26.67271279910348,4963.384013115013,25.0,3.58,-0.0,0.2,creep_hold
7823.0,316.8686896132628,26.731338119500947,4963.442175110799,25.0,3.58,-0.0,0.2,creep_hold
7824.0,316.567323124254,26.709431342537336,4963.366823607424,25.0,3.58,-0.0,0.2,creep_hold
7825.0,315.97457303327803,26.665940595057634,4963.415685025146,25.0,3.58,-0.0,0.2,creep_hold
7826.0,316.34544185047093,26.69382902596081,4963.408255476792,25.0,3.58,-0.0,0.2,creep_hold
7827.0,317.4465606951438,26.775810051492133,4963.369416598038,25.0,3.58,-0.0,0.2,creep_hold
7828.0,318.32840035560884,26.841548174489542,4963.379574898793,25.0,3.58,-0.0,0.2,creep_hold
7829.0,317.83502537240776,26.80541854610428,4963.399442778186,25.0,3.58,-0.0,0.2,creep_hold
7830.0,317.2121631467746,26.75969727013145,4963.340313280591,25.0,3.58,-0.0,0.2,creep_hold
7831.0,318.27672144392096,26.838970106957103,4963.33251967186,25.0,3.58,-0.0,0.2,creep_hold
7832.0,315.3667327925576,26.62383205870797,4963.44484070706,25.0,3.58,-0.0,0.2,creep_hold
7833.0,318.0531437230968,26.823242127636803,4963.453998957791,25.0,3.58,-0.0,0.2,creep_hold
7834.0,316.99624762246555,26.745370194256708,4963.40373384958,25.0,3.58,-0.0,0.2,creep_hold
7835.0,316.81144684207044,26.73209791422744,4963.404192188372,25.0,3.58,-0.0,0.2,creep_hold
7836.0,316.25873998908384,26.69157333252473,4963.403463529257,25.0,3.58,-0.0,0.2,creep_hold
7837.0,316.8901018949723,26.738757547775727,4963.419117215243,25.0,3.58,-0.0,0.2,creep_hold
7838.0,317.35030608539427,26.77326341373291,4963.331373015991,25.0,3.58,-0.0,0.2,creep_hold
7839.0,316.2337467004608,26.69097197781191,4963.3542952410135,25.0,3.58,-0.0,0.2,creep_hold
7840.0,315.94653657912073,26.67011382067561,4963.423855400059,25.0,3.58,-0.0,0.2,creep_hold
7841.0,317.3235009183141,26.772527845801044,4963.388406024393,25.0,3.58,-0.0,0.2,creep_hold
7842.0,318.434727544917,26.85525759591978,4963.419394665377,25.0,3.58,-0.0,0.2,creep_hold
7843.0,318.0448699874352,26.8267959249952,4963.467885341478,25.0,3.58,-0.0,0.2,creep_hold
7844.0,318.01196750264967,26.82477537056664,4963.285812999102,25.0,3.58,-0.0,0.2,creep_hold
7845.0,316.223510290065,26.692713725190004,4963.3582283891965,25.0,3.58,-0.0,0.2,creep_hold
7846.0,316.40043449659714,26.706235888636822,4963.304909517014,25.0,3.58,-0.0,0.2,creep_hold
7847.0,316.4924288781853,26.71346695393965,4963.387500775826,25.0,3.58,-0.0,0.2,creep_hold
7848.0,318.7940751528157,26.884375937245608,4963.44376652563,25.0,3.58,-0.0,0.2,creep_hold
7849.0,316.4265243394913,26.70941846959195,4963.368314512444,25.0,3.58,-0.0,0.2,creep_hold
7850.0,318.065750049467,26.83125926292348,4963.38063668616,25.0,3.58,-0.0,0.2,creep_hold
7851.0,317.7026912547004,26.804782685533368,4963.410830555447,25.0,3.58,-0.0,0.2,creep_hold
7852.0,316.02916339669844,26.68123432568137,4963.321649266781,25.0,3.58,-0.0,0.2,creep_hold
7853.0,317.33734394655073,26.778553255300054,4963.424041699538,25.0,3.58,-0.0,0.2,creep_hold
7854.0,318.2608568598366,26.847378285913823,4963.336709393176,25.0,3.58,-0.0,0.2,creep_hold
7855.0,317.5795001881563,26.79732408801158,4963.299765170432,25.0,3.58,-0.0,0.2,creep_hold
7856.0,317.15152717950474,26.766039050333685,4963.397003284948,25.0,3.58,-0.0,0.2,creep_hold
7857.0,317.99321221907525,26.828802756968532,4963.472974507051,25.0,3.58,-0.0,0.2,creep_hold
7858.0,315.4764387053469,26.64279175595162,4963.3298022578365,25.0,3.58,-0.0,0.2,creep_hold
7859.0,316.3778834729323,26.709982109106097,4963.401860243796,25.0,3.58,-0.0,0.2,creep_hold
7860.0,316.93269368297763,26.75149582836871,4963.328608219131,25.0,3.58,-0.0,0.2,creep_hold
7861.0,317.6181797162414,26.802689238240102,4963.45093615221,25.0,3.58,-0.0,0.2,creep_hold
7862.0,318.13670136265125,26.841514915751947,4963.349709929744,25.0,3.58,-0.0,0.2,creep_hold
7863.0,316.26642243911743,26.703392402897588,4963.419095897119,25.0,3.58,-0.0,0.2,creep_hold
7864.0,316.9398351814034,26.75369149491877,4963.386015544433,25.0,3.58,-0.0,0.2,creep_hold
7865.0,318.10780892955904,26.84062473552289,4963.378422096399,25.0,3.58,-0.0,0.2,creep_hold
7866.0,318.0441914573366,26.836328996839747,4963.41408011581,25.0,3.58,-0.0,0.2,creep_hold
7867.0,316.2589419663305,26.704504960468928,4963.370497755459,25.0,3.58,-0.0,0.2,creep_hold
7868.0,315.9470348401734,26.6818173955684,4963.390505184313,25.0,3.58,-0.0,0.2,creep_hold
7869.0,316.50999803915454,26.72393503993737,4963.323605148015,25.0,3.58,-0.0,0.2,creep_hold
7870.0,317.23270625137485,26.777885648249992,4963.34660930772,25.0,3.58,-0.0,0.2,creep_hold
7871.0,314.44674834806506,26.57193506281964,4963.343532055384,25.0,3.58,-0.0,0.2,creep_hold
7872.0,318.2830471410272,26.85652201044646,4963.405710895991,25.0,3.58,-0.0,0.2,creep_hold
7873.0,316.65180936213665,26.73610624904716,4963.2508942844015,25.0,3.58,-0.0,0.2,creep_hold
7874.0,317.89623306052295,26.82870244892763,4963.367055844173,25.0,3.58,-0.0,0.2,creep_hold
7875.0,318.3421808858604,26.86215228784151,4963.282199184951,25.0,3.58,-0.0,0.2,creep_hold
7876.0,316.4383520520571,26.721544596448677,4963.42883568326,25.0,3.58,-0.0,0.2,creep_hold
7877.0,315.37590655667447,26.6432615967907,4963.3531039036025,25.0,3.58,-0.0,0.2,creep_hold
7878.0,315.14974191527267,26.626925327057236,4963.368486246189,25.0,3.58,-0.0,0.2,creep_hold
7879.0,318.5072621977416,26.876047199832712,4963.385870784455,25.0,3.58,-0.0,0.2,creep_hold
7880.0,316.1805092909305,26.70411179932819,4963.428623315652,25.0,3.58,-0.0,0.2,creep_hold
7881.0,316.7991663851254,26.750354917416697,4963.345691471172,25.0,3.58,-0.0,0.2,creep_hold
7882.0,315.4595737296924,26.651542498495736,4963.349458704,25.0,3.58,-0.0,0.2,creep_hold
7883.0,316.3086461999482,26.714853422218383,4963.357889697211,25.0,3.58,-0.0,0.2,creep_hold
7884.0,317.1050875875037,26.774265747222497,4963.3604625925445,25.0,3.58,-0.0,0.2,creep_hold
7885.0,317.3484130107205,26.792706519312635,4963.388413231804,25.0,3.58,-0.0,0.2,creep_hold
7886.0,316.8042755058237,26.75281670413509,4963.394850503692,25.0,3.58,-0.0,0.2,creep_hold
7887.0,315.79408078401315,26.67840413214912,4963.372913374123,25.0,3.58,-0.0,0.2,creep_hold
7888.0,316.59676145411805,26.738278626230965,4963.326586357174,25.0,3.58,-0.0,0.2,creep_hold
7889.0,316.532326519519,26.733922334779187,4963.381164916364,25.0,3.58,-0.0,0.2,creep_hold
7890.0,318.03026450332527,26.84529737061669,4963.403269331627,25.0,3.58,-0.0,0.2,creep_hold
7891.0,316.21217539085904,26.711040769693263,4963.328340454107,25.0,3.58,-0.0,0.2,creep_hold
7892.0,315.5580853337743,26.663006321020315,4963.36715929934,25.0,3.58,-0.0,0.2,creep_hold
7893.0,317.2158935284392,26.7862235946992,4963.346966435731,25.0,3.58,-0.0,0.2,creep_hold
7894.0,315.8890758878755,26.68835747317597,4963.324129913027,25.0,3.58,-0.0,0.2,creep_hold
7895.0,318.1166322889539,26.85377831770029,4963.357659602445,25.0,3.58,-0.0,0.2,creep_hold
7896.0,318.1196338069401,26.8544173190326,4963.429403501479,25.0,3.58,-0.0,0.2,creep_hold
7897.0,316.4205096033484,26.72897293358136,4963.370260005655,25.0,3.58,-0.0,0.2,creep_hold
7898.0,316.39903467983095,26.727798865172662,4963.421488319286,25.0,3.58,-0.0,0.2,creep_hold
7899.0,317.4543235806818,26.806385080050504,4963.289477963769,25.0,3.58,-0.0,0.2,creep_hold
7900.0,315.1585294094754,26.636742919220403,4963.391256822823,25.0,3.58,-0.0,0.2,creep_hold
7901.0,317.8387158943535,26.835691918100263,4963.358298401389,25.0,3.58,-0.0,0.2,creep_hold
7902.0,318.12062478314147,26.856990724677143,4963.293385091588,25.0,3.58,-0.0,0.2,creep_hold
7903.0,317.02929211857463,26.77656793470923,4963.281444729859,25.0,3.58,-0.0,0.2,creep_hold
7904.0,316.8874248491637,26.766475914752867,4963.363403329606,25.0,3.58,-0.0,0.2,creep_hold
7905.0,316.1504794085337,26.71230403026176,4963.321997320475,25.0,3.58,-0.0,0.2,creep_hold
7906.0,315.9302336947508,26.696406199611168,4963.331648968378,25.0,3.58,-0.0,0.2,creep_hold
7907.0,317.1776580625049,26.789224671296655,4963.422288787853,25.0,3.58,-0.0,0.2,creep_hold
7908.0,317.10032701303965,26.78391311207701,4963.355710850683,25.0,3.58,-0.0,0.2,creep_hold
7909.0,316.20420067110325,26.717950049711355,4963.27959250124,25.0,3.58,-0.0,0.2,creep_hold
7910.0,317.80326008852944,26.83681556211329,4963.441660367579,25.0,3.58,-0.0,0.2,creep_hold
7911.0,316.4198624305837,26.734758328191383,4963.443764848732,25.0,3.58,-0.0,0.2,creep_hold
7912.0,317.7660851288211,26.83489519472749,4963.326801883134,25.0,3.58,-0.0,0.2,creep_hold
7913.0,315.7931226053565,26.689166489285665,4963.339125696331,25.0,3.58,-0.0,0.2,creep_hold
7914.0,317.114663767347,26.787475093877557,4963.362835763996,25.0,3.58,-0.0,0.2,creep_hold
7915.0,317.4117699933087,26.80989962913398,4963.36375883062,25.0,3.58,-0.0,0.2,creep_hold
7916.0,317.7802196113196,26.837608860097745,4963.295529953046,25.0,3.58,-0.0,0.2,creep_hold
7917.0,316.48329497819793,26.741957035422068,4963.455403099569,25.0,3.58,-0.0,0.2,creep_hold
7918.0,316.8227259831445,26.767516739492184,4963.4009260098455,25.0,3.58,-0.0,0.2,creep_hold
7919.0,316.9036724765161,26.773929442704897,4963.384818553225,25.0,3.58,-0.0,0.2,creep_hold
7920.0,317.89154734241384,26.84752202536399,4963.344285272445,25.0,3.58,-0.0,0.2,creep_hold
7921.0,315.8891282549796,26.69961135222071,4963.337736757273,25.0,3.58,-0.0,0.2,creep_hold
7922.0,316.5581175019588,26.749582777922875,4963.464755926106,25.0,3.58,-0.0,0.2,creep_hold
7923.0,314.9855370091884,26.63351200068062,4963.391193544119,25.0,3.58,-0.0,0.2,creep_hold
7924.0,318.4184146059146,26.888215896734412,4963.411893739982,25.0,3.58,-0.0,0.2,creep_hold
7925.0,316.96253570713753,26.780789682010184,4963.295314584892,25.0,3.58,-0.0,0.2,creep_hold
7926.0,316.42675912203464,26.741519194224782,4963.364154232789,25.0,3.58,-0.0,0.2,creep_hold
7927.0,316.6491653307761,26.758410394872307,4963.2992630287845,25.0,3.58,-0.0,0.2,creep_hold
7928.0,317.5376340592257,26.82463955994265,4963.3563991466735,25.0,3.58,-0.0,0.2,creep_hold
7929.0,316.43912074523604,26.74368487001749,4963.398797803022,25.0,3.58,-0.0,0.2,creep_hold
7930.0,317.0289346075563,26.78779145241158,4963.292724815951,25.0,3.58,-0.0,0.2,creep_hold
7931.0,315.3121298757404,26.661037398202996,4963.344503832375,25.0,3.58,-0.0,0.2,creep_hold
7932.0,315.4824871649145,26.674073123327,4963.4178598971,25.0,3.58,-0.0,0.2,creep_hold
7933.0,317.9233142149089,26.85529179369696,4963.378198215923,25.0,3.58,-0.0,0.2,creep_hold
7934.0,316.7969052456582,26.772270758937644,4963.382794790823,25.0,3.58,-0.0,0.2,creep_hold
7935.0,315.126164961868,26.648928886064297,4963.307253205942,25.0,3.58,-0.0,0.2,creep_hold
7936.0,316.8454950627944,26.77670333798477,4963.3340977679,25.0,3.58,-0.0,0.2,creep_hold
7937.0,317.51926454855806,26.82702885544875,4963.396164196987,25.0,3.58,-0.0,0.2,creep_hold
7938.0,318.3004112483993,26.885308240622173,4963.248852961683,25.0,3.58,-0.0,0.2,creep_hold
7939.0,315.951638386271,26.711741732316373,4963.368338958412,25.0,3.58,-0.0,0.2,creep_hold
7940.0,316.9096553187873,26.78312261620647,4963.318398363447,25.0,3.58,-0.0,0.2,creep_hold
7941.0,315.9157348515332,26.70991554455801,4963.330617981129,25.0,3.58,-0.0,0.2,creep_hold
7942.0,315.0277521238469,26.644555712877544,4963.463143646308,25.0,3.58,-0.0,0.2,creep_hold
7943.0,315.7264377678334,26.69672687169136,4963.378196775188,25.0,3.58,-0.0,0.2,creep_hold
7944.0,316.66547647304543,26.766701960966326,4963.336632185902,25.0,3.58,-0.0,0.2,creep_hold
7945.0,316.18037437239616,26.731185138696013,4963.400241818017,25.0,3.58,-0.0,0.2,creep_hold
7946.0,316.45665775045376,26.752067240774355,4963.311198754314,25.0,3.58,-0.0,0.2,creep_hold
7947.0,316.2037895260463,26.733752927855285,4963.365364044682,25.0,3.58,-0.0,0.2,creep_hold
7948.0,316.91602862523,26.78692804631333,4963.389545368496,25.0,3.58,-0.0,0.2,creep_hold
7949.0,318.9546924091417,26.93835684512161,4963.290905806037,25.0,3.58,-0.0,0.2,creep_hold
7950.0,317.27329317533656,26.814225420395303,4963.3803523592605,25.0,3.58,-0.0,0.2,creep_hold
7951.0,317.71817079389825,26.847595984733204,4963.284404213232,25.0,3.58,-0.0,0.2,creep_hold
7952.0,318.6836893914469,26.919532547514585,4963.303897493776,25.0,3.58,-0.0,0.2,creep_hold
7953.0,315.30775800090083,26.66988022228895,4963.410055094417,25.0,3.58,-0.0,0.2,creep_hold
7954.0,315.472577719151,26.682505756974145,4963.270713052578,25.0,3.58,-0.0,0.2,creep_hold
7955.0,315.8821861631,26.71326378985925,4963.374930724773,25.0,3.58,-0.0,0.2,creep_hold
7956.0,315.3963760848936,26.67769452480693,4963.400310186817,25.0,3.58,-0.0,0.2,creep_hold
7957.0,317.7819742210694,26.854822164523657,4963.437273392527,25.0,3.58,-0.0,0.2,creep_hold
7958.0,315.4974612590142,26.686015648815868,4963.372169722304,25.0,3.58,-0.0,0.2,creep_hold
7959.0,316.0185503295727,26.725031505894272,4963.4160728051365,25.0,3.58,-0.0,0.2,creep_hold
7960.0,317.6526167596447,26.84649013034405,4963.295648693657,25.0,3.58,-0.0,0.2,creep_hold
7961.0,315.84186749466164,26.712777221826787,4963.3866257100135,25.0,3.58,-0.0,0.2,creep_hold
7962.0,316.9485127796417,26.79516761330679,4963.323130366353,25.0,3.58,-0.0,0.2,creep_hold
7963.0,317.51656943104086,26.83766255044747,4963.374615168401,25.0,3.58,-0.0,0.2,creep_hold
7964.0,316.0246839544046,26.727569181807752,4963.337543052325,25.0,3.58,-0.0,0.2,creep_hold
7965.0,317.8814137407971,26.865521388207192,4963.354321560262,25.0,3.58,-0.0,0.2,creep_hold
7966.0,317.35061550070014,26.82661966671853,4963.339188945231,25.0,3.58,-0.0,0.2,creep_hold
7967.0,317.1162035483691,26.809672485064382,4963.279163749959,25.0,3.58,-0.0,0.2,creep_hold
7968.0,316.54215247334906,26.76756684987771,4963.287536599547,25.0,3.58,-0.0,0.2,creep_hold
7969.0,315.7160068671544,26.706787545715137,4963.302828299954,25.0,3.58,-0.0,0.2,creep_hold
7970.0,318.62840580687714,26.922937467176087,4963.23094710623,25.0,3.58,-0.0,0.2,creep_hold
7971.0,316.1152577716241,26.737195020120303,4963.226369294303,25.0,3.58,-0.0,0.2,creep_hold
7972.0,316.421540755208,26.760299315200587,4963.444849451325,25.0,3.58,-0.0,0.2,creep_hold
7973.0,316.56536296384246,26.771369478803145,4963.242361120277,25.0,3.58,-0.0,0.2,creep_hold
7974.0,316.51725240285293,26.76822240021133,4963.319620822158,25.0,3.58,-0.0,0.2,creep_hold
7975.0,317.2507155112194,26.82296966749773,4963.343418794624,25.0,3.58,-0.0,0.2,creep_hold
7976.0,315.9007397717285,26.72338813123915,4963.373369831715,25.0,3.58,-0.0,0.2,creep_hold
7977.0,316.64608852888466,26.77901581695442,4963.392958414168,25.0,3.58,-0.0,0.2,creep_hold
7978.0,317.6430556108866,26.853281897102715,4963.342848635057,25.0,3.58,-0.0,0.2,creep_hold
7979.0,315.5980564290858,26.702217142895243,4963.295496918643,25.0,3.58,-0.0,0.2,creep_hold
7980.0,316.6377237920095,26.77964620681552,4963.358047213488,25.0,3.58,-0.0,0.2,creep_hold
7981.0,315.404744583646,26.68873108027007,4963.423466639186,25.0,3.58,-0.0,0.2,creep_hold
7982.0,316.5198953325869,26.771751506117543,4963.333072773971,25.0,3.58,-0.0,0.2,creep_hold
7983.0,316.8981843034605,26.800189578034114,4963.374879274335,25.0,3.58,-0.0,0.2,creep_hold
7984.0,315.8216359538911,26.72086192251045,4963.399445545038,25.0,3.58,-0.0,0.2,creep_hold
7985.0,318.55576573216007,26.92380672090075,4963.290889363651,25.0,3.58,-0.0,0.2,creep_hold
7986.0,315.23392262290645,26.678160935030107,4963.326107367332,25.0,3.58,-0.0,0.2,creep_hold
7987.0,317.82746458201774,26.870691820890205,4963.3559053394165,25.0,3.58,-0.0,0.2,creep_hold
7988.0,316.4943805662271,26.77236152342423,4963.406609433854,25.0,3.58,-0.0,0.2,creep_hold
7989.0,316.96893248469087,26.807930184051177,4963.320186719908,25.0,3.58,-0.0,0.2,creep_hold
7990.0,315.66209318931334,26.71154393994913,4963.326575990343,25.0,3.58,-0.0,0.2,creep_hold
7991.0,317.25381936419114,26.82986624919934,4963.271727448922,25.0,3.58,-0.0,0.2,creep_hold
7992.0,317.071843150342,26.81680319632163,4963.297458485984,25.0,3.58,-0.0,0.2,creep_hold
7993.0,314.9991621380953,26.66368793615521,4963.361229527843,25.0,3.58,-0.0,0.2,creep_hold
7994.0,316.47223104245285,26.773220817959476,4963.351751632159,25.0,3.58,-0.0,0.2,creep_hold
7995.0,316.40669650787424,26.768783074657357,4963.267144794626,25.0,3.58,-0.0,0.2,creep_hold
7996.0,317.4857869771312,26.849132368676383,4963.370765823548,25.0,3.58,-0.0,0.2,creep_hold
7997.0,315.40625773277475,26.69550983205739,4963.3398507662605,25.0,3.58,-0.0,0.2,creep_hold
7998.0,317.3742370466274,26.841702744194624,4963.335208876484,25.0,3.58,-0.0,0.2,creep_hold
7999.0,316.9618281052196,26.811570600386634,4963.335567957542,25.0,3.58,-0.0,0.2,creep_hold
8000.0,318.1620650992772,26.900893711057563,4963.3181262164135,25.0,3.58,-0.0,0.2,creep_hold
8001.0,315.2948325326298,26.6889227801948,4963.313868669066,25.0,3.58,-0.0,0.2,creep_hold
8002.0,317.60029183770536,26.860114210200397,4963.376252615274,25.0,3.58,-0.0,0.2,creep_hold
8003.0,313.9256599051101,26.588335918897045,4963.378997396526,25.0,3.58,-0.0,0.2,creep_hold
8004.0,315.31349259564786,26.691555007085025,4963.349012097202,25.0,3.58,-0.0,0.2,creep_hold
8005.0,316.293664159912,26.764576974808296,4963.342171786001,25.0,3.58,-0.0,0.2,creep_hold
8006.0,315.4515635255963,26.70261581671084,4963.356961800384,25.0,3.58,-0.0,0.2,creep_hold
8007.0,317.3611462230369,26.84448305355829,4963.274353378435,25.0,3.58,-0.0,0.2,creep_hold
8008.0,316.1002980654652,26.75150356040483,4963.271179564082,25.0,3.58,-0.0,0.2,creep_hold
8009.0,316.6908315316384,26.795663446788023,4963.324761650812,25.0,3.58,-0.0,0.2,creep_hold
8010.0,316.5593257267877,26.786338942725013,4963.321587269353,25.0,3.58,-0.0,0.2,creep_hold
8011.0,317.30111191985384,26.841702734803988,4963.231812679557,25.0,3.58,-0.0,0.2,creep_hold
8012.0,315.88921230286206,26.737534244656448,4963.306343968982,25.0,3.58,-0.0,0.2,creep_hold
8013.0,317.6253289797801,26.866552146650378,4963.32570813764,25.0,3.58,-0.0,0.2,creep_hold
8014.0,316.4045271480419,26.776539048003105,4963.453017879387,25.0,3.58,-0.0,0.2,creep_hold
8015.0,317.03160634480304,26.823406025540965,4963.260622403976,25.0,3.58,-0.0,0.2,creep_hold
8016.0,317.2106006685613,26.837081531004543,4963.258065044372,25.0,3.58,-0.0,0.2,creep_hold
8017.0,317.1127904130694,26.83025299356069,4963.34289958875,25.0,3.58,-0.0,0.2,creep_hold
8018.0,315.8113366591289,26.734265678453998,4963.292817408449,25.0,3.58,-0.0,0.2,creep_hold
8019.0,316.0381740516796,26.75148511493923,4963.3809987984805,25.0,3.58,-0.0,0.2,creep_hold
8020.0,316.0025031136525,26.749259489900183,4963.239061916528,25.0,3.58,-0.0,0.2,creep_hold
8021.0,316.8331337454299,26.81120435151333,4963.336526922519,25.0,3.58,-0.0,0.2,creep_hold
8022.0,316.79262695214874,26.80862051497398,4963.291560063519,25.0,3.58,-0.0,0.2,creep_hold
8023.0,314.41474814140963,26.63289801047479,4963.259231099967,25.0,3.58,-0.0,0.2,creep_hold
8024.0,314.5123986220109,26.640548046074887,4963.353345602954,25.0,3.58,-0.0,0.2,creep_hold
8025.0,317.3503796170579,26.851185527189475,4963.358359121534,25.0,3.58,-0.0,0.2,creep_hold
8026.0,315.43314221760846,26.709584608711737,4963.369363725627,25.0,3.58,-0.0,0.2,creep_hold
8027.0,317.0279677482975,26.828136499873885,4963.35581226357,25.0,3.58,-0.0,0.2,creep_hold
8028.0,315.7785587356764,26.736004350790843,4963.2783883510665,25.0,3.58,-0.0,0.2,creep_hold
8029.0,316.9618683832318,26.824073583943093,4963.314020695511,25.0,3.58,-0.0,0.2,creep_hold
8030.0,316.8407840659705,26.815521041923745,4963.319127444588,25.0,3.58,-0.0,0.2,creep_hold
8031.0,315.5100469550416,26.717364589262345,4963.355369620333,25.0,3.58,-0.0,0.2,creep_hold
8032.0,317.73995015910947,26.882959271045145,4963.371491569793,25.0,3.58,-0.0,0.2,creep_hold
8033.0,317.75098194471764,26.88419310701612,4963.35115349124,25.0,3.58,-0.0,0.2,creep_hold
8034.0,317.11586281095407,26.837563911922523,4963.338088741057,25.0,3.58,-0.0,0.2,creep_hold
8035.0,314.7447798305549,26.662344802263323,4963.215131758723,25.0,3.58,-0.0,0.2,creep_hold
8036.0,315.8201267843301,26.742416798839265,4963.306208423319,25.0,3.58,-0.0,0.2,creep_hold
8037.0,317.0471930243598,26.83372726106369,4963.351397542395,25.0,3.58,-0.0,0.2,creep_hold
8038.0,317.50288517620186,26.86789890194088,4963.328672402246,25.0,3.58,-0.0,0.2,creep_hold
8039.0,315.7325517887391,26.737179762128825,4963.308950306644,25.0,3.58,-0.0,0.2,creep_hold
8040.0,313.98397036684344,26.60807187902544,4963.388073111431,25.0,3.58,-0.0,0.2,creep_hold
8041.0,315.5269928238676,26.722786505471674,4963.345929168964,25.0,3.58,-0.0,0.2,creep_hold
8042.0,317.2167679373951,26.848371699066305,4963.307700932888,25.0,3.58,-0.0,0.2,creep_hold
8043.0,315.7391743677023,26.73933699020017,4963.413232849673,25.0,3.58,-0.0,0.2,creep_hold
8044.0,317.99327560988826,26.90672411925098,4963.255203143806,25.0,3.58,-0.0,0.2,creep_hold
8045.0,316.223585065525,26.7760525974463,4963.331558917346,25.0,3.58,-0.0,0.2,creep_hold
8046.0,318.16980261372794,26.920633526942808,4963.33661159588,25.0,3.58,-0.0,0.2,creep_hold
8047.0,315.3955987990808,26.715553614746725,4963.195355414541,25.0,3.58,-0.0,0.2,creep_hold
8048.0,316.4980691694033,26.797634753289135,4963.31267435993,25.0,3.58,-0.0,0.2,creep_hold
8049.0,317.3000724092351,26.857459067350742,4963.286805365822,25.0,3.58,-0.0,0.2,creep_hold
8050.0,315.6478815163936,26.73549122343656,4963.279771592244,25.0,3.58,-0.0,0.2,creep_hold
8051.0,319.99033215003533,27.057570900002617,4963.353425906515,25.0,3.58,-0.0,0.2,creep_hold
8052.0,317.7659544186082,26.89321884582283,4963.283013837801,25.0,3.58,-0.0,0.2,creep_hold
8053.0,316.1127129668776,26.77117318273168,4963.31034626281,25.0,3.58,-0.0,0.2,creep_hold
8054.0,317.0238174960636,26.83907907378249,4963.294922341076,25.0,3.58,-0.0,0.2,creep_hold
8055.0,316.1935822734837,26.777996835072862,4963.222162752606,25.0,3.58,-0.0,0.2,creep_hold
8056.0,316.3264989922,26.78825918460741,4963.398383038008,25.0,3.58,-0.0,0.2,creep_hold
8057.0,317.84800959381374,26.9013803402825,4963.311740256896,25.0,3.58,-0.0,0.2,creep_hold
8058.0,316.7210824699372,26.81832092369905,4963.356629258877,25.0,3.58,-0.0,0.2,creep_hold
8059.0,318.22015523465893,26.929780017382143,4963.350724522487,25.0,3.58,-0.0,0.2,creep_hold
8060.0,316.46702106373647,26.80033489361011,4963.331528607906,25.0,3.58,-0.0,0.2,creep_hold
8061.0,317.4107234654284,26.87065544188359,4963.424074930825,25.0,3.58,-0.0,0.2,creep_hold
8062.0,317.14285989198225,26.85123036236905,4963.311428737472,25.0,3.58,-0.0,0.2,creep_hold
8063.0,317.7059375799395,26.89335648740292,4963.311961397082,25.0,3.58,-0.0,0.2,creep_hold
8064.0,316.1960698801591,26.781931102234008,4963.3168348696645,25.0,3.58,-0.0,0.2,creep_hold
8065.0,316.9733200458052,26.839921855244828,4963.246935238163,25.0,3.58,-0.0,0.2,creep_hold
8066.0,316.93111154215626,26.837211966085647,4963.292708100283,25.0,3.58,-0.0,0.2,creep_hold
8067.0,315.05964782184304,26.69900169050689,4963.322576390371,25.0,3.58,-0.0,0.2,creep_hold
8068.0,317.34000059677373,26.8683333775388,4963.242167645778,25.0,3.58,-0.0,0.2,creep_hold
8069.0,316.82498601783857,26.830600816136197,4963.343830636167,25.0,3.58,-0.0,0.2,creep_hold
8070.0,315.71877404754065,26.749075855373384,4963.299297642785,25.0,3.58,-0.0,0.2,creep_hold
8071.0,317.2102986946797,26.85997582923553,4963.251423489093,25.0,3.58,-0.0,0.2,creep_hold
8072.0,317.4477186473075,26.877979159059816,4963.247647975296,25.0,3.58,-0.0,0.2,creep_hold
8073.0,316.08645652742587,26.77756159462414,4963.336406993207,25.0,3.58,-0.0,0.2,creep_hold
8074.0,316.99550685098006,26.84531532229482,4963.288517394641,25.0,3.58,-0.0,0.2,creep_hold
8075.0,317.9036605854109,26.91300263595636,4963.3812322576605,25.0,3.58,-0.0,0.2,creep_hold
8076.0,316.8612024874215,26.836200184253443,4963.234718313163,25.0,3.58,-0.0,0.2,creep_hold
8077.0,316.568807794035,26.814957984743337,4963.268851850338,25.0,3.58,-0.0,0.2,creep_hold
8078.0,316.325241335131,26.79733269149119,4963.308690748864,25.0,3.58,-0.0,0.2,creep_hold
8079.0,315.55579134647246,26.740753062701664,4963.275935139821,25.0,3.58,-0.0,0.2,creep_hold
8080.0,317.5379765055584,26.88799825967099,4963.314402280155,25.0,3.58,-0.0,0.2,creep_hold
8081.0,316.3534888227516,26.8006750979816,4963.307038817991,25.0,3.58,-0.0,0.2,creep_hold
8082.0,315.5675915391866,26.74287715105086,4963.415745761219,25.0,3.58,-0.0,0.2,creep_hold
8083.0,313.5806102681784,26.596110019865066,4963.370133635921,25.0,3.58,-0.0,0.2,creep_hold
8084.0,316.4684399211565,26.81043999415974,4963.3102779651845,25.0,3.58,-0.0,0.2,creep_hold
8085.0,315.81429422295014,26.76240142392223,4963.291310483424,25.0,3.58,-0.0,0.2,creep_hold
8086.0,316.2553318294792,26.795487542924384,4963.310516416077,25.0,3.58,-0.0,0.2,creep_hold
8087.0,316.4790147459689,26.812473314516215,4963.270934272257,25.0,3.58,-0.0,0.2,creep_hold
8088.0,316.24225987619167,26.795352583421607,4963.315013590768,25.0,3.58,-0.0,0.2,creep_hold
8089.0,316.88702677547803,26.84352976114652,4963.281545467818,25.0,3.58,-0.0,0.2,creep_hold
8090.0,317.45229108785014,26.885817858359268,4963.33056468762,25.0,3.58,-0.0,0.2,creep_hold
8091.0,316.032653476633,26.781076183454296,4963.277730590739,25.0,3.58,-0.0,0.2,creep_hold
8092.0,316.7757523551106,26.83653721148968,4963.246172089405,25.0,3.58,-0.0,0.2,creep_hold
8093.0,315.9222531570754,26.773731715338915,4963.330872399425,25.0,3.58,-0.0,0.2,creep_hold
8094.0,317.2573685878712,26.87304582132379,4963.270630490866,25.0,3.58,-0.0,0.2,creep_hold
8095.0,316.2313699821112,26.797462591267497,4963.322563440819,25.0,3.58,-0.0,0.2,creep_hold
8096.0,316.201252568806,26.795648338430077,4963.33559577388,25.0,3.58,-0.0,0.2,creep_hold
8097.0,316.76151394347414,26.837565847664752,4963.302749173078,25.0,3.58,-0.0,0.2,creep_hold
8098.0,316.4745395697903,26.8167251533178,4963.287564639199,25.0,3.58,-0.0,0.2,creep_hold
8099.0,315.8589628834006,26.77154354691856,4963.262343430412,25.0,3.58,-0.0,0.2,creep_hold
8100.0,316.69787825509195,26.83410209296977,4963.256932587206,25.0,3.58,-0.0,0.2,creep_hold
8101.0,317.14874435824413,26.867916248758824,4963.317849742481,25.0,3.58,-0.0,0.2,creep_hold
8102.0,316.3839048209995,26.81167813488885,4963.180609642741,25.0,3.58,-0.0,0.2,creep_hold
8103.0,315.8824426748854,26.77494945739892,4963.281204784376,25.0,3.58,-0.0,0.2,creep_hold
8104.0,317.6240546789349,26.90437442066185,4963.3529980878975,25.0,3.58,-0.0,0.2,creep_hold
8105.0,316.5213286702781,26.823107679279858,4963.34378354945,25.0,3.58,-0.0,0.2,creep_hold
8106.0,315.59963398679656,26.75525066568864,4963.333740524229,25.0,3.58,-0.0,0.2,creep_hold
8107.0,315.52851036269794,26.750398915755405,4963.3799453810525,25.0,3.58,-0.0,0.2,creep_hold
8108.0,316.2322238991146,26.80294251104553,4963.315148870339,25.0,3.58,-0.0,0.2,creep_hold
8109.0,317.5788616510073,26.903110122296837,4963.309231746004,25.0,3.58,-0.0,0.2,creep_hold
8110.0,317.65491671243893,26.909160497217695,4963.262198858356,25.0,3.58,-0.0,0.2,creep_hold
8111.0,317.13650456815685,26.871176264307916,4963.347952214784,25.0,3.58,-0.0,0.2,creep_hold
8112.0,315.236566317249,26.730856764240663,4963.255384081774,25.0,3.58,-0.0,0.2,creep_hold
8113.0,316.0629027509049,26.79248353710407,4963.305215531597,25.0,3.58,-0.0,0.2,creep_hold
8114.0,317.73718000210835,26.916920740896916,4963.344466505238,25.0,3.58,-0.0,0.2,creep_hold
8115.0,317.2567467974318,26.881749762772724,4963.323157817631,25.0,3.58,-0.0,0.2,creep_hold
8116.0,316.678075938791,26.839301921391925,4963.359214823547,25.0,3.58,-0.0,0.2,creep_hold
8117.0,317.2409903335225,26.8814159506313,4963.284480827482,25.0,3.58,-0.0,0.2,creep_hold
8118.0,316.1704908542375,26.80253635957315,4963.179063262392,25.0,3.58,-0.0,0.2,creep_hold
8119.0,316.79862207183254,26.849481264580188,4963.269403150212,25.0,3.58,-0.0,0.2,creep_hold
8120.0,316.92666331675287,26.85938246790762,4963.298819969481,25.0,3.58,-0.0,0.2,creep_hold
8121.0,315.6405753806528,26.76453336152984,4963.288677997174,25.0,3.58,-0.0,0.2,creep_hold
8122.0,317.44581686963966,26.898671619973307,4963.253011436513,25.0,3.58,-0.0,0.2,creep_hold
8123.0,316.07425985113105,26.797491470454155,4963.269685674915,25.0,3.58,-0.0,0.2,creep_hold
8124.0,317.10372640145204,26.87416491862608,4963.258041815436,25.0,3.58,-0.0,0.2,creep_hold
8125.0,315.4667232031005,26.75332208911856,4963.330406956978,25.0,3.58,-0.0,0.2,creep_hold
8126.0,317.8761959273311,26.93221821683934,4963.224638441034,25.0,3.58,-0.0,0.2,creep_hold
8127.0,318.632519780146,26.98865887260341,4963.242704610763,25.0,3.58,-0.0,0.2,creep_hold
8128.0,315.8954395999404,26.786328859254844,4963.209766538854,25.0,3.58,-0.0,0.2,creep_hold
8129.0,317.1334276697734,26.878448345909145,4963.256340788556,25.0,3.58,-0.0,0.2,creep_hold
8130.0,315.515728508045,26.75903544504037,4963.260788737237,25.0,3.58,-0.0,0.2,creep_hold
8131.0,318.3067693237525,26.96619587583352,4963.367688750421,25.0,3.58,-0.0,0.2,creep_hold
8132.0,315.12188508724984,26.73069519164813,4963.269079402593,25.0,3.58,-0.0,0.2,creep_hold
8133.0,316.1027560061967,26.80376896342198,4963.327124806276,25.0,3.58,-0.0,0.2,creep_hold
8134.0,315.922892347111,26.790862396082296,4963.350449265494,25.0,3.58,-0.0,0.2,creep_hold
8135.0,318.13103176090243,26.954844945252034,4963.188201448613,25.0,3.58,-0.0,0.2,creep_hold
8136.0,315.3924962603026,26.752407130392783,4963.223734388203,25.0,3.58,-0.0,0.2,creep_hold
8137.0,316.77930938986304,26.85555069554541,4963.209715026403,25.0,3.58,-0.0,0.2,creep_hold
8138.0,317.4991931451049,26.90929208482259,4963.295483446887,25.0,3.58,-0.0,0.2,creep_hold
8139.0,316.71758471584167,26.851811830803086,4963.288010805448,25.0,3.58,-0.0,0.2,creep_hold
8140.0,315.96510178339355,26.79648902099212,4963.190443339717,25.0,3.58,-0.0,0.2,creep_hold
8141.0,316.7126012537623,26.852276018797205,4963.176443412154,25.0,3.58,-0.0,0.2,creep_hold
8142.0,315.9092845306608,26.793187743011902,4963.297704643136,25.0,3.58,-0.0,0.2,creep_hold
8143.0,317.058240463549,26.878712256559183,4963.251979674793,25.0,3.58,-0.0,0.2,creep_hold
8144.0,316.9744861261181,26.87292489823097,4963.226539394058,25.0,3.58,-0.0,0.2,creep_hold
8145.0,316.6283039375058,26.847698439815247,4963.249220250604,25.0,3.58,-0.0,0.2,creep_hold
8146.0,317.32348965823707,26.8996103450546,4963.271259159884,25.0,3.58,-0.0,0.2,creep_hold
8147.0,315.970989118839,26.799841786580668,4963.295808158351,25.0,3.58,-0.0,0.2,creep_hold
8148.0,316.0997641044155,26.809797341067814,4963.402549156196,25.0,3.58,-0.0,0.2,creep_hold
8149.0,316.637278658866,26.850029900656743,4963.217231825953,25.0,3.58,-0.0,0.2,creep_hold
8150.0,316.9342022817517,26.872440909759387,4963.271272299477,25.0,3.58,-0.0,0.2,creep_hold
8151.0,315.94328573455886,26.799456350708063,4963.366987513088,25.0,3.58,-0.0,0.2,creep_hold
8152.0,316.95230722230417,26.874615349800308,4963.319561637046,25.0,3.58,-0.0,0.2,creep_hold
8153.0,316.9946742348517,26.87817031369272,4963.319450450904,25.0,3.58,-0.0,0.2,creep_hold
8154.0,316.4468432444657,26.838006906997464,4963.235891155577,25.0,3.58,-0.0,0.2,creep_hold
8155.0,316.2319026481973,26.82250204801462,4963.288137672872,25.0,3.58,-0.0,0.2,creep_hold
8156.0,315.90384262566613,26.798617972271565,4963.220058112612,25.0,3.58,-0.0,0.2,creep_hold
8157.0,317.6714288815392,26.929966954188085,4963.305964508849,25.0,3.58,-0.0,0.2,creep_hold
8158.0,315.63365406841694,26.77943733840125,4963.255423753934,25.0,3.58,-0.0,0.2,creep_hold
8159.0,317.9787212132524,26.95356268246314,4963.283779442582,25.0,3.58,-0.0,0.2,creep_hold
8160.0,389.6700112131806,32.26444527505042,4977.991038538192,25.0,3.58,-0.0,0.2,rest
8161.0,388.5235699922582,32.1799403697969,4978.006217139116,25.0,3.58,-0.0,0.2,rest
8162.0,390.6478019132514,32.33770754912973,4978.06413022145,25.0,3.58,-0.0,0.2,rest
8163.0,390.1400182770077,32.30051061311168,4978.022797876226,25.0,3.58,-0.0,0.2,rest
8164.0,389.5360177912504,32.25618650305558,4978.044345626767,25.0,3.58,-0.0,0.2,rest
8165.0,389.8491243276287,32.27979624649102,4978.126291299493,25.0,3.58,-0.0,0.2,rest
8166.0,389.76073932693646,32.27366587606937,4978.012242796704,25.0,3.58,-0.0,0.2,rest
8167.0,390.65350183307976,32.34021309874665,4978.0230109619615,25.0,3.58,-0.0,0.2,rest
8168.0,388.8289963851522,32.20548121371498,4977.9853802532525,25.0,3.58,-0.0,0.2,rest
8169.0,388.9759764636994,32.21678529360736,4977.975106842588,25.0,3.58,-0.0,0.2,rest
8170.0,391.1847280738347,32.38081319065442,4977.879865641979,25.0,3.58,-0.0,0.2,rest
8171.0,390.5122862000303,32.33141934815039,4978.030150107537,25.0,3.58,-0.0,0.2,rest
8172.0,389.788732678827,32.27823945769089,4978.03594462934,25.0,3.58,-0.0,0.2,rest
8173.0,391.473348917886,32.403442512435994,4978.008454230517,25.0,3.58,-0.0,0.2,rest
8174.0,389.48012870205366,32.25621323718916,4978.007354576704,25.0,3.58,-0.0,0.2,rest
8175.0,392.0514502780158,32.44709816874192,4978.005756006767,25.0,3.58,-0.0,0.2,rest
8176.0,389.2717839844488,32.241613628477694,4977.942411133736,25.0,3.58,-0.0,0.2,rest
8177.0,390.2793254346541,32.31666299515956,4978.112683274207,25.0,3.58,-0.0,0.2,rest
8178.0,390.2203666455302,32.31271234411335,4977.97784051613,25.0,3.58,-0.0,0.2,rest
8179.0,391.463381307674,32.405204170938816,4977.981922053146,25.0,3.58,-0.0,0.2,rest
8180.0,390.6148338377387,32.34276546946212,4977.959710751306,25.0,3.58,-0.0,0.2,rest
8181.0,390.4956802393517,32.33435594365568,4977.974922053778,25.0,3.58,-0.0,0.2,rest
8182.0,390.6430326436118,32.3456876032305,4978.066367001771,25.0,3.58,-0.0,0.2,rest
8183.0,390.9615859729472,32.3697008128109,4978.042721008064,25.0,3.58,-0.0,0.2,rest
8184.0,391.04357471940193,32.3761907199557,4977.936887809979,25.0,3.58,-0.0,0.2,rest
8185.0,389.4078629826778,32.25544355427243,4978.008986471914,25.0,3.58,-0.0,0.2,rest
8186.0,389.49939046651735,32.262640034556846,4978.011288006881,25.0,3.58,-0.0,0.2,rest
8187.0,390.2478519486218,32.31849829249051,4978.172631542109,25.0,3.58,-0.0,0.2,rest
8188.0,388.4345210676338,32.18459415315806,4977.92214169439,25.0,3.58,-0.0,0.2,rest
8189.0,388.32916740574666,32.17720684487012,4977.982045812734,25.0,3.58,-0.0,0.2,rest
8190.0,390.2979735513249,32.323461003801846,4978.014361812787,25.0,3.58,-0.0,0.2,rest
8191.0,390.395669379134,32.33111439845437,4977.952875097601,25.0,3.58,-0.0,0.2,rest
8192.0,389.62693398173184,32.27458770235051,4977.988366716229,25.0,3.58,-0.0,0.2,rest
8193.0,389.210827032672,32.244181632049774,4977.978811234919,25.0,3.58,-0.0,0.2,rest
8194.0,389.098493907356,32.23627732647081,4978.043288854777,25.0,3.58,-0.0,0.2,rest
8195.0,390.17347580715074,32.31632228201117,4978.001972978845,25.0,3.58,-0.0,0.2,rest
8196.0,391.6916849071468,32.42919888201087,4978.050434815227,25.0,3.58,-0.0,0.2,rest
8197.0,389.6224352424039,32.276337795733625,4978.009887764475,25.0,3.58,-0.0,0.2,rest
8198.0,390.3878037795963,32.333448428118245,4978.005215832614,25.0,3.58,-0.0,0.2,rest
8199.0,389.8861247602716,32.29670368594604,4978.072393720647,25.0,3.58,-0.0,0.2,rest
8200.0,389.71484090766427,32.28443265982698,4977.960206818978,25.0,3.58,-0.0,0.2,rest
8201.0,390.7552359483373,32.36191562580276,4978.033933887358,25.0,3.58,-0.0,0.2,rest
8202.0,388.43155372769473,32.19020768353294,4978.008474544567,25.0,3.58,-0.0,0.2,rest
8203.0,389.4235938863729,32.264108806397985,4977.922731584319,25.0,3.58,-0.0,0.2,rest
8204.0,390.2959685422249,32.32914581794259,4978.016892931348,25.0,3.58,-0.0,0.2,rest
8205.0,390.0796684054388,32.313540252254725,4978.035279650324,25.0,3.58,-0.0,0.2,rest
8206.0,388.4011484481144,32.18962210726774,4977.999229231382,25.0,3.58,-0.0,0.2,rest
8207.0,391.69047107426593,32.43369230179748,4978.061916141501,25.0,3.58,-0.0,0.2,rest
8208.0,392.3670764156769,32.484227882642735,4977.922598224011,25.0,3.58,-0.0,0.2,rest
8209.0,389.3723525164397,32.262813149365904,4978.019575017216,25.0,3.58,-0.0,0.2,rest
8210.0,390.90927324446216,32.377075795886086,4978.01708168544,25.0,3.58,-0.0,0.2,rest
8211.0,390.4493062492211,32.34342083327564,4978.057501107817,25.0,3.58,-0.0,0.2,rest
8212.0,390.0808559974704,32.31654488870151,4977.964776124459,25.0,3.58,-0.0,0.2,rest
8213.0,388.6607027652191,32.21176501964585,4977.950805904622,25.0,3.58,-0.0,0.2,rest
8214.0,390.6853656333533,32.362156713581726,4977.998074398645,25.0,3.58,-0.0,0.2,rest
8215.0,390.3348252412902,32.33660742528076,4977.927818725282,25.0,3.58,-0.0,0.2,rest
8216.0,389.0644686107167,32.24292360079383,4978.003313066259,25.0,3.58,-0.0,0.2,rest
8217.0,390.95955486409525,32.38371702697002,4978.052435481877,25.0,3.58,-0.0,0.2,rest
8218.0,389.3713803703251,32.2664911385426,4978.054866310018,25.0,3.58,-0.0,0.2,rest
8219.0,391.0885789992191,32.39410770364586,4978.009250275017,25.0,3.58,-0.0,0.2,rest
8220.0,390.12626291466665,32.32324169738271,4977.945306697341,25.0,3.58,-0.0,0.2,rest
8221.0,389.5632413886262,32.28195306582416,4977.948871044192,25.0,3.58,-0.0,0.2,rest
8222.0,392.0450933733112,32.46621062024528,4978.055204097017,25.0,3.58,-0.0,0.2,rest
8223.0,391.4054548054645,32.41924665225663,4978.034677147082,25.0,3.58,-0.0,0.2,rest
8224.0,390.6971664187503,32.36719751250002,4977.986820393036,25.0,3.58,-0.0,0.2,rest
8225.0,389.1009607688823,32.249376723620905,4977.987389294136,25.0,3.58,-0.0,0.2,rest
8226.0,389.61688845099775,32.288010255629466,4977.9399682870535,25.0,3.58,-0.0,0.2,rest
8227.0,390.55734308249,32.35809022833259,4977.969727114083,25.0,3.58,-0.0,0.2,rest
8228.0,389.4719063432868,32.2781041735768,4977.944174596901,25.0,3.58,-0.0,0.2,rest
8229.0,389.3520561548556,32.26964304850782,4978.1125221347165,25.0,3.58,-0.0,0.2,rest
8230.0,390.4359199861304,32.35034592489855,4977.974877901362,25.0,3.58,-0.0,0.2,rest
8231.0,390.29138792394673,32.34005651288494,4978.010221939806,25.0,3.58,-0.0,0.2,rest
8232.0,388.7149449661968,32.22369962712569,4977.893763723453,25.0,3.58,-0.0,0.2,rest
8233.0,390.8232496855746,32.38028701374627,4978.051924055554,25.0,3.58,-0.0,0.2,rest
8234.0,390.03320713236974,32.32218200980517,4977.9797299829015,25.0,3.58,-0.0,0.2,rest
8235.0,392.04415429335353,32.4715577254336,4977.938005880453,25.0,3.58,-0.0,0.2,rest
8236.0,389.958277691081,32.31746501415415,4977.967217519501,25.0,3.58,-0.0,0.2,rest
8237.0,389.87078360032734,32.31140063706128,4978.020250702786,25.0,3.58,-0.0,0.2,rest
8238.0,389.2852669511942,32.26844570008846,4978.026415617477,25.0,3.58,-0.0,0.2,rest
8239.0,390.6212616020163,32.36782493348269,4977.954589252889,25.0,3.58,-0.0,0.2,rest
8240.0,389.66357340207793,32.29730173348725,4977.960073970665,25.0,3.58,-0.0,0.2,rest
8241.0,390.10942336954673,32.33074432367013,4977.9867152404,25.0,3.58,-0.0,0.2,rest
8242.0,391.0573119826515,32.40137496167789,4977.969524911653,25.0,3.58,-0.0,0.2,rest
8243.0,391.38436041324536,32.42601743801818,4977.993256026877,25.0,3.58,-0.0,0.2,rest
8244.0,390.25676343536367,32.34290840261953,4978.001481199513,25.0,3.58,-0.0,0.2,rest
8245.0,389.7349083627572,32.30466913798202,4977.992808101773,25.0,3.58,-0.0,0.2,rest
8246.0,389.8665221387746,32.31483497324256,4977.850566185124,25.0,3.58,-0.0,0.2,rest
8247.0,388.9775778487335,32.249403914721,4977.990293576788,25.0,3.58,-0.0,0.2,rest
8248.0,391.34866454755615,32.42545663315231,4978.010837001837,25.0,3.58,-0.0,0.2,rest
8249.0,390.62697700298907,32.372414963184376,4977.922433840941,25.0,3.58,-0.0,0.2,rest
8250.0,388.7120795319475,32.23098737273685,4977.975990864607,25.0,3.58,-0.0,0.2,rest
8251.0,388.8160580196312,32.239106149602314,4977.915541533054,25.0,3.58,-0.0,0.2,rest
8252.0,389.3567470835459,32.27957385804044,4977.967966217653,25.0,3.58,-0.0,0.2,rest
8253.0,391.5750079111611,32.44430614156749,4977.966706602661,25.0,3.58,-0.0,0.2,rest
8254.0,388.6126472366099,32.22528868419333,4978.088200329687,25.0,3.58,-0.0,0.2,rest
8255.0,389.90347995132817,32.32132258898727,4978.064172967643,25.0,3.58,-0.0,0.2,rest
8256.0,390.1460835688575,32.33970989398944,4977.9799027884255,25.0,3.58,-0.0,0.2,rest
8257.0,388.93078521775885,32.250104460574725,4977.980908964484,25.0,3.58,-0.0,0.2,rest
8258.0,389.6918827037576,32.306898718796866,4977.986674418517,25.0,3.58,-0.0,0.2,rest
8259.0,391.4999788001097,32.44124842963776,4977.990848696779,25.0,3.58,-0.0,0.2,rest
8260.0,391.1461394327283,32.41545477279469,4978.108643577776,25.0,3.58,-0.0,0.2,rest
8261.0,388.5658389785656,32.22473807248634,4978.092369410046,25.0,3.58,-0.0,0.2,rest
8262.0,390.395342951884,32.360673551991404,4977.888403050246,25.0,3.58,-0.0,0.2,rest
8263.0,389.98627529876654,32.330788911019745,4977.991286737679,25.0,3.58,-0.0,0.2,rest
8264.0,391.0918874504334,32.41310277410617,4977.89901365743,25.0,3.58,-0.0,0.2,rest
8265.0,388.7846165188962,32.2426104828812,4978.060697181688,25.0,3.58,-0.0,0.2,rest
8266.0,390.0730261700384,32.33846490148432,4977.946863419288,25.0,3.58,-0.0,0.2,rest
8267.0,390.67664471658287,32.38359405308021,4977.99898127691,25.0,3.58,-0.0,0.2,rest
8268.0,388.8931965312699,32.251903446760736,4977.945468152551,25.0,3.58,-0.0,0.2,rest
8269.0,389.9434233746944,32.33011469442181,4977.996731172872,25.0,3.58,-0.0,0.2,rest
8270.0,389.93005868693314,32.32954138421727,4978.002824112976,25.0,3.58,-0.0,0.2,rest
8271.0,390.4019818930342,32.36491532540994,4978.007480980893,25.0,3.58,-0.0,0.2,rest
8272.0,389.39063267595145,32.29041723525566,4978.014797852214,25.0,3.58,-0.0,0.2,rest
8273.0,392.5769857710906,32.52686005711782,4977.965270656561,25.0,3.58,-0.0,0.2,rest
8274.0,390.6404191838419,32.38382734695125,4977.972824172153,25.0,3.58,-0.0,0.2,rest
8275.0,388.9367849686276,32.25804888656501,4978.0497341109285,25.0,3.58,-0.0,0.2,rest
8276.0,389.20229821583393,32.278133201172885,4977.985828548344,25.0,3.58,-0.0,0.2,rest
8277.0,388.9022418184724,32.256323468034985,4977.920875608554,25.0,3.58,-0.0,0.2,rest
8278.0,390.08984467739214,32.34471071684386,4978.013951115322,25.0,3.58,-0.0,0.2,rest
8279.0,390.0490310743155,32.342104153653004,4977.942237725039,25.0,3.58,-0.0,0.2,rest
8280.0,490.7163340414226,39.79935807714243,4997.9680111641865,35.0,3.58,-0.0,0.2,rest
8281.0,490.3023288929229,39.769107695772064,4998.093717559716,35.0,3.58,-0.0,0.2,rest
8282.0,489.32033210281526,39.6967838594678,4998.074450957674,35.0,3.58,-0.0,0.2,rest
8283.0,489.5466692366387,39.71396623975102,4997.995870348057,35.0,3.58,-0.0,0.2,rest
8284.0,490.5765758663131,39.79067228639356,4997.958448620097,35.0,3.58,-0.0,0.2,rest
8285.0,490.7346797434645,39.80280035136774,4998.088343795406,35.0,3.58,-0.0,0.2,rest
8286.0,488.7180002076491,39.65383334871475,4997.86504296135,35.0,3.58,-0.0,0.2,rest
8287.0,489.4955356573515,39.71184523387789,4997.929198300603,35.0,3.58,-0.0,0.2,rest
8288.0,490.81350533423074,39.809889284017096,4997.971744191182,35.0,3.58,-0.0,0.2,rest
8289.0,489.3730977142265,39.70360908994271,4998.0254384921645,35.0,3.58,-0.0,0.2,rest
8290.0,490.11288152767565,39.7588245576056,4997.881724173781,35.0,3.58,-0.0,0.2,rest
8291.0,489.1454134728509,39.68757692391488,4997.974914541671,35.0,3.58,-0.0,0.2,rest
8292.0,491.1231474068766,39.834492400509376,4997.974349304699,35.0,3.58,-0.0,0.2,rest
8293.0,489.6884800834908,39.72863741359191,4998.074270885287,35.0,3.58,-0.0,0.2,rest
8294.0,489.54294576433256,39.718273760320926,4997.937415605722,35.0,3.58,-0.0,0.2,rest
8295.0,490.4603219763581,39.78664422047096,4998.175763716429,35.0,3.58,-0.0,0.2,rest
8296.0,489.8666654197758,39.7430863273908,4998.086512807975,35.0,3.58,-0.0,0.2,rest
8297.0,490.2945405880809,39.77519745096896,4997.98685754728,35.0,3.58,-0.0,0.2,rest
8298.0,491.2476926880642,39.84621797689365,4998.018373768955,35.0,3.58,-0.0,0.2,rest
8299.0,490.0226879574544,39.75589355240403,4997.996887714293,35.0,3.58,-0.0,0.2,rest
8300.0,490.1223596772147,39.76369330942332,4998.016723853009,35.0,3.58,-0.0,0.2,rest
8301.0,491.5417555723601,39.86925041276742,4997.936041981521,35.0,3.58,-0.0,0.2,rest
8302.0,489.89940552056345,39.748011520041736,4998.050386826718,35.0,3.58,-0.0,0.2,rest
8303.0,489.8515041238444,39.74487993509959,4998.043537119704,35.0,3.58,-0.0,0.2,rest
8304.0,490.9552457329008,39.82705523947414,4998.013871329948,35.0,3.58,-0.0,0.2,rest
8305.0,488.8334576324859,39.67030241722118,4998.075986144329,35.0,3.58,-0.0,0.2,rest
8306.0,491.23414584968464,39.84854784071739,4997.942722576469,35.0,3.58,-0.0,0.2,rest
8307.0,489.9015394516264,39.750252922342696,4997.958109798948,35.0,3.58,-0.0,0.2,rest
8308.0,489.3974999704421,39.71333333114386,4998.066849667125,35.0,3.58,-0.0,0.2,rest
8309.0,489.6027740697344,39.72895548664699,4998.007419040852,35.0,3.58,-0.0,0.2,rest
8310.0,489.3246979759384,39.70877392414359,4997.94568562798,35.0,3.58,-0.0,0.2,rest
8311.0,490.7426323379835,39.81422276577656,4998.065352818947,35.0,3.58,-0.0,0.2,rest
8312.0,489.44690286655685,39.7186594715968,4997.950357675547,35.0,3.58,-0.0,0.2,rest
8313.0,487.9721574339821,39.60983573585053,4998.080010155478,35.0,3.58,-0.0,0.2,rest
8314.0,489.3690923654897,39.713729064110346,4998.044298986746,35.0,3.58,-0.0,0.2,rest
8315.0,490.6854568225164,39.811654209075286,4998.0037248234285,35.0,3.58,-0.0,0.2,rest
8316.0,489.77098246401926,39.744332034371794,4998.053736463495,35.0,3.58,-0.0,0.2,rest
8317.0,489.3662525814994,39.7147687097407,4997.957236091989,35.0,3.58,-0.0,0.2,rest
8318.0,488.9348960711548,39.68323304230777,4997.971047056832,35.0,3.58,-0.0,0.2,rest
8319.0,491.1314315477939,39.84635604057733,4998.043907929163,35.0,3.58,-0.0,0.2,rest
8320.0,489.4254272329231,39.72040201725356,4997.977312180873,35.0,3.58,-0.0,0.2,rest
8321.0,490.5820904297926,39.8064974392439,4998.043607368259,35.0,3.58,-0.0,0.2,rest
8322.0,487.9979442218856,39.61549586828783,4998.032305104601,35.0,3.58,-0.0,0.2,rest
8323.0,489.6992735267889,39.74193692791029,4997.9796140132985,35.0,3.58,-0.0,0.2,rest
8324.0,489.1054278212934,39.69836502379952,4997.887537418303,35.0,3.58,-0.0,0.2,rest
8325.0,489.709131607093,39.7435004894143,4997.994076235387,35.0,3.58,-0.0,0.2,rest
8326.0,490.1307217472158,39.77514605534932,4998.053370916471,35.0,3.58,-0.0,0.2,rest
8327.0,489.5571220654411,39.73307385669934,4997.939440116164,35.0,3.58,-0.0,0.2,rest
8328.0,490.364233208804,39.79327653398548,4998.042505862794,35.0,3.58,-0.0,0.2,rest
8329.0,491.09969157324286,39.84817159801799,4997.9837842853785,35.0,3.58,-0.0,0.2,rest
8330.0,490.0839993616866,39.77335180456937,4997.946954509096,35.0,3.58,-0.0,0.2,rest
8331.0,488.8322310925124,39.68104489574166,4997.992276535944,35.0,3.58,-0.0,0.2,rest
8332.0,490.9548812325336,39.8386949061136,4997.912775448656,35.0,3.58,-0.0,0.2,rest
8333.0,489.2944676532596,39.71611797431552,4998.032774245586,35.0,3.58,-0.0,0.2,rest
8334.0,489.9700176639152,39.76657538251224,4998.104963222325,35.0,3.58,-0.0,0.2,rest
8335.0,491.0489609643026,39.84691377513353,4998.031883652097,35.0,3.58,-0.0,0.2,rest
8336.0,490.102599785746,39.77722961375897,4998.000279905976,35.0,3.58,-0.0,0.2,rest
8337.0,489.83565554059055,39.75787263263634,4997.957562187181,35.0,3.58,-0.0,0.2,rest
8338.0,489.776326828336,39.75389457987674,4997.978974537477,35.0,3.58,-0.0,0.2,rest
8339.0,488.7715207587267,39.67988116731309,4998.042858969324,35.0,3.58,-0.0,0.2,rest
8340.0,489.5682385538073,39.739313966948686,4998.028573361536,35.0,3.58,-0.0,0.2,rest
8341.0,488.7624249085692,39.680040733968085,4997.997646447426,35.0,3.58,-0.0,0.2,rest
8342.0,490.4170508476029,39.80302228500762,4998.042284867514,35.0,3.58,-0.0,0.2,rest
8343.0,489.5260206345795,39.73743671367256,4998.056100060703,35.0,3.58,-0.0,0.2,rest
8344.0,489.97951328224354,39.77144542831434,4997.9376158327295,35.0,3.58,-0.0,0.2,rest
8345.0,491.0292582910962,39.84962098452564,4998.0207089450405,35.0,3.58,-0.0,0.2,rest
8346.0,490.795579658808,39.83272812287466,4997.926576332336,35.0,3.58,-0.0,0.2,rest
8347.0,490.2909281135645,39.795763193597374,4997.98693906158,35.0,3.58,-0.0,0.2,rest
8348.0,490.8193496077677,39.835322193167976,4998.02939148839,35.0,3.58,-0.0,0.2,rest
8349.0,490.7011372511541,39.82698238897438,4998.067733306818,35.0,3.58,-0.0,0.2,rest
8350.0,489.9887451571872,39.77462927090276,4997.989773948898,35.0,3.58,-0.0,0.2,rest
8351.0,490.6247399937078,39.82215666620058,4997.971298374047,35.0,3.58,-0.0,0.2,rest
8352.0,491.3703418000336,39.87780309629878,4997.977004181166,35.0,3.58,-0.0,0.2,rest
8353.0,489.7334403576906,39.75696780427337,4998.02915267408,35.0,3.58,-0.0,0.2,rest
8354.0,490.2491735415878,39.79558692900651,4997.991622933099,35.0,3.58,-0.0,0.2,rest
8355.0,488.4196665593087,39.66048455994879,4997.975147858249,35.0,3.58,-0.0,0.2,rest
8356.0,489.1601340936917,39.71575067360679,4998.043288591332,35.0,3.58,-0.0,0.2,rest
8357.0,490.1066043501238,39.78627624815732,4997.965087341712,35.0,3.58,-0.0,0.2,rest
8358.0,489.5781322859725,39.747546835997966,4998.082045816647,35.0,3.58,-0.0,0.2,rest
8359.0,490.2265963093141,39.79599787476401,4998.000955507659,35.0,3.58,-0.0,0.2,rest
8360.0,489.7132089904261,39.75838585114267,4997.9138131878535,35.0,3.58,-0.0,0.2,rest
8361.0,489.81502613130687,39.76634452824496,4998.049963275079,35.0,3.58,-0.0,0.2,rest
8362.0,489.9430900573886,39.77624741165842,4998.02920054913,35.0,3.58,-0.0,0.2,rest
8363.0,489.3807350760736,39.735008153783234,4998.0013793787175,35.0,3.58,-0.0,0.2,rest
8364.0,490.6641806442923,39.83049486254016,4998.00960042461,35.0,3.58,-0.0,0.2,rest
8365.0,489.2797889042921,39.72836399291052,4998.005526389993,35.0,3.58,-0.0,0.2,rest
8366.0,490.04255600059423,39.78528192596994,4997.926829662953,35.0,3.58,-0.0,0.2,rest
8367.0,491.251548023489,39.87525355729548,4997.915238266963,35.0,3.58,-0.0,0.2,rest
8368.0,490.1227400480226,39.79205481837204,4997.992559025061,35.0,3.58,-0.0,0.2,rest
8369.0,489.3889248717624,39.73811480531573,4998.021668611798,35.0,3.58,-0.0,0.2,rest
8370.0,489.4857362241907,39.74570268327338,4997.936553142666,35.0,3.58,-0.0,0.2,rest
8371.0,490.5605230829227,39.82573319132761,4998.013956297704,35.0,3.58,-0.0,0.2,rest
8372.0,490.6639893726922,39.833814027606834,4997.995023666916,35.0,3.58,-0.0,0.2,rest
8373.0,489.3056832423586,39.7336154253599,4997.937063116573,35.0,3.58,-0.0,0.2,rest
8374.0,489.376394578663,39.739269968789856,4997.948964159322,35.0,3.58,-0.0,0.2,rest
8375.0,491.9771822310216,39.932337572668274,4997.958864029807,35.0,3.58,-0.0,0.2,rest
8376.0,489.1631300309316,39.72430592821716,4997.928109230679,35.0,3.58,-0.0,0.2,rest
8377.0,491.50119850642176,39.897912852327536,4997.992770271513,35.0,3.58,-0.0,0.2,rest
8378.0,490.1888195051332,39.8011162596395,4997.932306346661,35.0,3.58,-0.0,0.2,rest
8379.0,489.3652721071668,39.74052941534568,4998.039275842814,35.0,3.58,-0.0,0.2,rest
8380.0,489.7559573249255,39.76988572777226,4997.985853407674,35.0,3.58,-0.0,0.2,rest
8381.0,489.6453104774944,39.76210633166625,4997.994584598411,35.0,3.58,-0.0,0.2,rest
8382.0,489.6443781952676,39.7624539403902,4998.094641168628,35.0,3.58,-0.0,0.2,rest
8383.0,490.3710788527591,39.816700285389565,4997.948112554655,35.0,3.58,-0.0,0.2,rest
8384.0,488.3090526378304,39.66437426946892,4998.027078237188,35.0,3.58,-0.0,0.2,rest
8385.0,491.0492448085361,39.86776813396564,4997.934970727014,35.0,3.58,-0.0,0.2,rest
8386.0,490.449224358542,39.82373884137348,4997.981874134828,35.0,3.58,-0.0,0.2,rest
8387.0,489.19911978030206,39.731555168911264,4997.94283730283,35.0,3.58,-0.0,0.2,rest
8388.0,488.4419586864065,39.675885828622704,4997.961677375773,35.0,3.58,-0.0,0.2,rest
8389.0,491.671367231594,39.91551794308103,4998.045424539287,35.0,3.58,-0.0,0.2,rest
8390.0,488.4102355652866,39.67436930113234,4997.964181064788,35.0,3.58,-0.0,0.2,rest
8391.0,490.2986777382489,39.814670573203614,4997.929160412718,35.0,3.58,-0.0,0.2,rest
8392.0,490.547852902222,39.83354465942385,4997.9733555120365,35.0,3.58,-0.0,0.2,rest
8393.0,488.7963385249592,39.70421952036735,4997.994563139955,35.0,3.58,-0.0,0.2,rest
8394.0,491.18507861676414,39.88157989753808,4998.0030268195,35.0,3.58,-0.0,0.2,rest
8395.0,488.4536345814248,39.67966737640184,4998.001394114404,35.0,3.58,-0.0,0.2,rest
8396.0,488.22651780452486,39.66326057811296,4997.875398218344,35.0,3.58,-0.0,0.2,rest
8397.0,488.7360138538715,39.70141769287937,4997.998310456162,35.0,3.58,-0.0,0.2,rest
8398.0,489.1573188920849,39.73304214015443,4998.1263352321,35.0,3.58,-0.0,0.2,rest
8399.0,491.37301131422106,39.89758417142378,4997.990435520332,35.0,3.58,-0.0,0.2,rest
8400.0,488.76949885576425,39.70514806338995,4997.9831146159,35.0,3.58,-0.0,0.2,rest
8401.0,491.87168244272704,39.93535610686867,4998.023944987249,35.0,3.58,-0.0,0.2,rest
8402.0,490.1690126340488,39.80964908400361,4997.890901610485,35.0,3.58,-0.0,0.2,rest
8403.0,490.9894757653245,39.87084079743145,4997.957204697344,35.0,3.58,-0.0,0.2,rest
8404.0,490.5040838577574,39.83530250798203,4998.051229468392,35.0,3.58,-0.0,0.2,rest
8405.0,489.2354413286949,39.7417456539774,4998.016103902847,35.0,3.58,-0.0,0.2,rest
8406.0,489.68865993587406,39.775734069324,4997.958856954603,35.0,3.58,-0.0,0.2,rest
8407.0,490.44415222723694,39.83211312794348,4997.976830987164,35.0,3.58,-0.0,0.2,rest
8408.0,490.4077265905253,39.82983159929817,4997.95265913474,35.0,3.58,-0.0,0.2,rest
8409.0,491.9767276476048,39.94647056648925,4998.0349560794375,35.0,3.58,-0.0,0.2,rest
8410.0,489.07432649002686,39.73189455481681,4998.053236898187,35.0,3.58,-0.0,0.2,rest
8411.0,488.6405171341086,39.70017719511916,4997.924775398679,35.0,3.58,-0.0,0.2,rest
8412.0,488.7566192299065,39.709194017030114,4998.047163423542,35.0,3.58,-0.0,0.2,rest
8413.0,488.6597673562817,39.702436470835686,4997.976121113421,35.0,3.58,-0.0,0.2,rest
8414.0,489.801329804647,39.78741331886275,4998.031387760975,35.0,3.58,-0.0,0.2,rest
8415.0,490.3088154444778,39.82542151440576,4998.055737806231,35.0,3.58,-0.0,0.2,rest
8416.0,491.9298190206502,39.94591252004816,4998.000814200265,35.0,3.58,-0.0,0.2,rest
8417.0,490.0915022257405,39.81015757227708,4998.054620857367,35.0,3.58,-0.0,0.2,rest
8418.0,489.3630086230128,39.7566117498528,4997.992799794015,35.0,3.58,-0.0,0.2,rest
8419.0,490.1211524553661,39.813187218916006,4998.036179502869,35.0,3.58,-0.0,0.2,rest
8420.0,491.98519389523096,39.951681029276365,4997.974622648122,35.0,3.58,-0.0,0.2,rest
8421.0,489.47196737536257,39.765932768545376,4998.018612346479,35.0,3.58,-0.0,0.2,rest
8422.0,489.1068690706875,39.73930511634722,4998.019954665436,35.0,3.58,-0.0,0.2,rest
8423.0,490.4686321017334,39.84059311864692,4997.970418413162,35.0,3.58,-0.0,0.2,rest
8424.0,490.7104009967372,39.858918592350896,4997.948284185689,35.0,3.58,-0.0,0.2,rest
8425.0,490.7195185837171,39.86001063583089,4997.95401210805,35.0,3.58,-0.0,0.2,rest
8426.0,490.6109518368801,39.85238532125037,4998.0503220649625,35.0,3.58,-0.0,0.2,rest
8427.0,490.9934635082941,39.88113618579956,4997.976097070076,35.0,3.58,-0.0,0.2,rest
8428.0,491.82492009565175,39.94314222930754,4998.003142767858,35.0,3.58,-0.0,0.2,rest
8429.0,491.8457519908801,39.94510199932445,4998.106117385582,35.0,3.58,-0.0,0.2,rest
8430.0,491.0282567243696,39.884963461064416,4997.922661586335,35.0,3.58,-0.0,0.2,rest
8431.0,490.3809273091082,39.83742980067469,4997.946462104153,35.0,3.58,-0.0,0.2,rest
8432.0,489.1822554042842,39.749055955872905,4997.979693789466,35.0,3.58,-0.0,0.2,rest
8433.0,489.3699218301865,39.76337383927307,4997.999855453558,35.0,3.58,-0.0,0.2,rest
8434.0,488.6216776086854,39.70836500805077,4997.981949213415,35.0,3.58,-0.0,0.2,rest
8435.0,489.4212859838283,39.76801192472802,4998.0882713892415,35.0,3.58,-0.0,0.2,rest
8436.0,490.1500548651475,39.82241147149241,4997.965947144961,35.0,3.58,-0.0,0.2,rest
8437.0,490.8320571459224,39.87334682562389,4997.952623185213,35.0,3.58,-0.0,0.2,rest
8438.0,488.7939943212333,39.72279587564692,4998.014910632921,35.0,3.58,-0.0,0.2,rest
8439.0,491.35875773481786,39.91319501739392,4997.987817168224,35.0,3.58,-0.0,0.2,rest
8440.0,489.80133372161737,39.798246942342026,4997.988359233451,35.0,3.58,-0.0,0.2,rest
8441.0,488.1230216181848,39.67434419393961,4997.992503091121,35.0,3.58,-0.0,0.2,rest
8442.0,490.322255083554,39.83766704322623,4997.983416820532,35.0,3.58,-0.0,0.2,rest
8443.0,489.0562076245197,39.74430241663109,4998.035559837718,35.0,3.58,-0.0,0.2,rest
8444.0,489.1107644215598,39.74876032752295,4997.921446344735,35.0,3.58,-0.0,0.2,rest
8445.0,489.9172976527142,39.80892019649735,4998.114558137319,35.0,3.58,-0.0,0.2,rest
8446.0,488.8708086549012,39.73181915962231,4998.05399341585,35.0,3.58,-0.0,0.2,rest
8447.0,490.0377098288184,39.818672950282846,4998.025029423236,35.0,3.58,-0.0,0.2,rest
8448.0,490.1556704205712,39.82782743856083,4998.066534708592,35.0,3.58,-0.0,0.2,rest
8449.0,491.1027689113373,39.89839954898795,4997.970240701572,35.0,3.58,-0.0,0.2,rest
8450.0,489.0418810310785,39.74615785415397,4998.000970627341,35.0,3.58,-0.0,0.2,rest
8451.0,488.7660664937816,39.72614381435419,4998.059150465268,35.0,3.58,-0.0,0.2,rest
8452.0,492.5560509476306,40.00730007019487,4998.01243845328,35.0,3.58,-0.0,0.2,rest
8453.0,489.3618454918362,39.7711089253212,4998.0053485046965,35.0,3.58,-0.0,0.2,rest
8454.0,491.3203108022142,39.91659709646032,4998.039128803112,35.0,3.58,-0.0,0.2,rest
8455.0,489.84813910976135,39.80796400813047,4997.984240720242,35.0,3.58,-0.0,0.2,rest
8456.0,489.61630860540095,39.79120804484452,4997.941212200399,35.0,3.58,-0.0,0.2,rest
8457.0,492.1376810455978,39.97839304041465,4997.930378453581,35.0,3.58,-0.0,0.2,rest
8458.0,490.85133551039104,39.88352485262156,4997.994570135279,35.0,3.58,-0.0,0.2,rest
8459.0,489.5561431774714,39.78800134647936,4998.019855773985,35.0,3.58,-0.0,0.2,rest
8460.0,489.7491586782257,39.80271545764635,4997.932109745488,35.0,3.58,-0.0,0.2,rest
8461.0,490.7299994826325,39.87578699871352,4998.024980005604,35.0,3.58,-0.0,0.2,rest
8462.0,489.844957556668,39.810645004197625,4998.048524034366,35.0,3.58,-0.0,0.2,rest
8463.0,490.5416536565502,39.86266878937408,4998.077927725413,35.0,3.58,-0.0,0.2,rest
8464.0,489.6738700483119,39.79880518876384,4997.988239004135,35.0,3.58,-0.0,0.2,rest
8465.0,489.8555895613367,39.812682560099006,4997.925282979638,35.0,3.58,-0.0,0.2,rest
8466.0,490.2708016016868,39.84385567419902,4997.969950010638,35.0,3.58,-0.0,0.2,rest
8467.0,489.82828705758095,39.811493485746745,4997.918838827245,35.0,3.58,-0.0,0.2,rest
8468.0,488.64315501445566,39.72412259366339,4997.947080885204,35.0,3.58,-0.0,0.2,rest
8469.0,490.1113556167613,39.83329486050084,4997.94611959362,35.0,3.58,-0.0,0.2,rest
8470.0,489.0191197779744,39.752805168738846,4998.076593697138,35.0,3.58,-0.0,0.2,rest
8471.0,489.6096767460708,39.79696679600524,4997.94866422274,35.0,3.58,-0.0,0.2,rest
8472.0,489.5465020742072,39.79270385734868,4998.003434248522,35.0,3.58,-0.0,0.2,rest
8473.0,488.9405968221797,39.7482386534948,4998.0269179990455,35.0,3.58,-0.0,0.2,rest
8474.0,491.9054207899927,39.96827191036983,4997.949869493108,35.0,3.58,-0.0,0.2,rest
8475.0,488.48684106122926,39.71546044897995,4998.135207016999,35.0,3.58,-0.0,0.2,rest
8476.0,491.19054720720806,39.91615164497838,4997.971160663938,35.0,3.58,-0.0,0.2,rest
8477.0,488.7481041312802,39.73564660231705,4997.904275829124,35.0,3.58,-0.0,0.2,rest
8478.0,489.5037424536718,39.79203647804976,4997.9850123324,35.0,3.58,-0.0,0.2,rest
8479.0,490.8777294092789,39.89422995624288,4997.944496662843,35.0,3.58,-0.0,0.2,rest
8480.0,490.01559163572006,39.830784565608894,4997.986295763494,35.0,3.58,-0.0,0.2,rest
8481.0,490.2009650908336,39.844932599321005,4997.98251225056,35.0,3.58,-0.0,0.2,rest
8482.0,491.9020226430724,39.97135352911647,4998.041410074631,35.0,3.58,-0.0,0.2,rest
8483.0,490.65743746372726,39.87957870101683,4998.013781185287,35.0,3.58,-0.0,0.2,rest
8484.0,491.24876249548447,39.92379722188774,4998.125481710027,35.0,3.58,-0.0,0.2,rest
8485.0,490.2039559825994,39.84682081352589,4997.94374626353,35.0,3.58,-0.0,0.2,rest
8486.0,490.0749464454288,39.83768121817991,4998.082037804261,35.0,3.58,-0.0,0.2,rest
8487.0,490.041354449758,39.835609588870966,4998.106128833219,35.0,3.58,-0.0,0.2,rest
8488.0,491.6394247926639,39.95440183649362,4997.990790727256,35.0,3.58,-0.0,0.2,rest
8489.0,486.854833968292,39.60040436802164,4998.118570019341,35.0,3.58,-0.0,0.2,rest
8490.0,490.4039570768622,39.86371904273054,4998.045082628395,35.0,3.58,-0.0,0.2,rest
8491.0,490.5137834108841,39.87227099339883,4998.023682554845,35.0,3.58,-0.0,0.2,rest
8492.0,488.3111943926236,39.70953291797212,4998.099079563091,35.0,3.58,-0.0,0.2,rest
8493.0,490.23142731034216,39.85218906002535,4998.027857331566,35.0,3.58,-0.0,0.2,rest
8494.0,489.7591443835488,39.8176218061888,4997.978268654022,35.0,3.58,-0.0,0.2,rest
8495.0,489.03370655815104,39.76430233764082,4998.056533998464,35.0,3.58,-0.0,0.2,rest
8496.0,490.1959520877065,39.85081126575604,4997.997706628019,35.0,3.58,-0.0,0.2,rest
8497.0,488.85979345836927,39.75225321913846,4998.039964689366,35.0,3.58,-0.0,0.2,rest
8498.0,491.465465647222,39.94568264053496,4998.0416034603695,35.0,3.58,-0.0,0.2,rest
8499.0,488.7041079055838,39.741554289302506,4997.9583376881465,35.0,3.58,-0.0,0.2,rest
8500.0,488.792271216198,39.748501571570216,4998.013206484854,35.0,3.58,-0.0,0.2,rest
8501.0,489.5442561079154,39.80462082280855,4998.032571007192,35.0,3.58,-0.0,0.2,rest
8502.0,489.9701551233425,39.83658556469204,4997.953265817299,35.0,3.58,-0.0,0.2,rest
8503.0,490.6353278688855,39.88627428658411,4997.9085300735815,35.0,3.58,-0.0,0.2,rest
8504.0,490.28956327687655,39.86107876125011,4997.965741282368,35.0,3.58,-0.0,0.2,rest
8505.0,490.0574345544918,39.84430070774014,4998.0217651948215,35.0,3.58,-0.0,0.2,rest
8506.0,487.3921784898862,39.64729099925084,4998.033072573531,35.0,3.58,-0.0,0.2,rest
8507.0,489.5381810186365,39.8066708161953,4997.9996950507975,35.0,3.58,-0.0,0.2,rest
8508.0,489.8964562107144,39.83362638597884,4998.029924422006,35.0,3.58,-0.0,0.2,rest
8509.0,490.92932981863976,39.91055220878813,4998.035405002782,35.0,3.58,-0.0,0.2,rest
8510.0,488.9452863268547,39.76400269087813,4997.966166623385,35.0,3.58,-0.0,0.2,rest
8511.0,490.3744548141184,39.870283689934695,4998.00273441959,35.0,3.58,-0.0,0.2,rest
8512.0,489.5856800395348,39.81227259552109,4997.980258986491,35.0,3.58,-0.0,0.2,rest
8513.0,489.1812578276101,39.78273206130446,4998.0321001235225,35.0,3.58,-0.0,0.2,rest
8514.0,489.9605138017637,39.84087139272324,4998.057597626164,35.0,3.58,-0.0,0.2,rest
8515.0,489.7628528280073,39.82664650577832,4998.038418237722,35.0,3.58,-0.0,0.2,rest
8516.0,490.1116395772776,39.852899227946494,4997.973959291509,35.0,3.58,-0.0,0.2,rest
8517.0,489.9109894694532,39.8384529236632,4998.035304238464,35.0,3.58,-0.0,0.2,rest
8518.0,490.8798836868194,39.910639532357,4998.039802878415,35.0,3.58,-0.0,0.2,rest
8519.0,490.79525849658296,39.90478766641355,4997.936873230786,35.0,3.58,-0.0,0.2,rest
8520.0,488.91923473865785,39.76623961027095,4998.003603498195,35.0,3.58,-0.0,0.2,rest
8521.0,491.5030265106304,39.958048260046695,4997.966014455522,35.0,3.58,-0.0,0.2,rest
8522.0,491.365036280842,39.94824342821052,4998.019363432986,35.0,3.58,-0.0,0.2,rest
8523.0,490.8539565674791,39.91080233833179,4998.069090541686,35.0,3.58,-0.0,0.2,rest
8524.0,490.1841059321207,39.86160043941635,4997.963252677695,35.0,3.58,-0.0,0.2,rest
8525.0,491.9300818744763,39.99134865736862,4997.950450767388,35.0,3.58,-0.0,0.2,rest
8526.0,489.6327629036173,39.8215935484161,4997.919320173312,35.0,3.58,-0.0,0.2,rest
8527.0,490.25031575255787,39.86775487055984,4997.983186221863,35.0,3.58,-0.0,0.2,rest
8528.0,489.056276988094,39.7797242213403,4998.002259511155,35.0,3.58,-0.0,0.2,rest
8529.0,490.2015605569776,39.86497670792427,4998.093770386269,35.0,3.58,-0.0,0.2,rest
8530.0,491.19095277705856,39.93868168718952,4997.934827601026,35.0,3.58,-0.0,0.2,rest
8531.0,489.5904019903904,39.820539036325215,4998.006596277009,35.0,3.58,-0.0,0.2,rest
8532.0,490.818039611489,39.91189182307326,4998.034620017688,35.0,3.58,-0.0,0.2,rest
8533.0,489.0643185663448,39.78240322713665,4998.056411728564,35.0,3.58,-0.0,0.2,rest
8534.0,490.53327887537233,39.8916317685461,4997.958016290246,35.0,3.58,-0.0,0.2,rest
8535.0,491.6710723566719,39.97632943382755,4998.026748323873,35.0,3.58,-0.0,0.2,rest
8536.0,489.7761689255762,39.83638288337601,4997.922787006044,35.0,3.58,-0.0,0.2,rest
8537.0,489.9293291472568,39.84814475164865,4997.974241969911,35.0,3.58,-0.0,0.2,rest
8538.0,491.1250215933908,39.93713122914006,4998.028306799838,35.0,3.58,-0.0,0.2,rest
8539.0,491.0422943989784,39.93141995547988,4997.9650039784165,35.0,3.58,-0.0,0.2,rest
8540.0,489.9683901433544,39.85228815876699,4997.988051618871,35.0,3.58,-0.0,0.2,rest
8541.0,490.2601004495098,39.87431299625999,4998.0512948107325,35.0,3.58,-0.0,0.2,rest
8542.0,490.0607611996059,39.859963792563406,4997.955785546945,35.0,3.58,-0.0,0.2,rest
8543.0,490.9760238463853,39.92817769232484,4997.951679625563,35.0,3.58,-0.0,0.2,rest
8544.0,490.6784640073174,39.90655288943092,4997.955455963287,35.0,3.58,-0.0,0.2,rest
8545.0,490.3123887422082,39.8798528697932,4998.036846100487,35.0,3.58,-0.0,0.2,rest
8546.0,489.298619116197,39.80517549008867,4998.028313976487,35.0,3.58,-0.0,0.2,rest
8547.0,488.5313035891994,39.74875396957032,4997.946528976762,35.0,3.58,-0.0,0.2,rest
8548.0,488.13751513834353,39.720001121358784,4997.971027408068,35.0,3.58,-0.0,0.2,rest
8549.0,490.4432403966103,39.89121225160076,4997.99977336847,35.0,3.58,-0.0,0.2,rest
8550.0,493.0745770086185,40.08654274137915,4998.027100151952,35.0,3.58,-0.0,0.2,rest
8551.0,490.6424226595146,39.9067998266307,4998.032510146267,35.0,3.58,-0.0,0.2,rest
8552.0,490.9394048400211,39.929215173334896,4997.997964077951,35.0,3.58,-0.0,0.2,rest
8553.0,489.9670392435818,39.85760475878384,4997.983130201827,35.0,3.58,-0.0,0.2,rest
8554.0,490.4321027192365,39.8924705717953,4997.948764347357,35.0,3.58,-0.0,0.2,rest
8555.0,488.98726513598064,39.78586223229486,4998.012851254263,35.0,3.58,-0.0,0.2,rest
8556.0,490.128764646081,39.87083441822822,4998.051775078829,35.0,3.58,-0.0,0.2,rest
8557.0,488.8433951707841,39.77603853116919,4998.007025098028,35.0,3.58,-0.0,0.2,rest
8558.0,490.6267508710583,39.90855562007839,4997.983280150446,35.0,3.58,-0.0,0.2,rest
8559.0,488.78624840517415,39.772638770753645,4998.059275525057,35.0,3.58,-0.0,0.2,rest
8560.0,491.04678272324617,39.94050242394416,4998.019749288723,35.0,3.58,-0.0,0.2,rest
8561.0,490.030018540762,39.86560322524164,4997.916118632942,35.0,3.58,-0.0,0.2,rest
8562.0,490.7215429258642,39.9172439204344,4997.82094762099,35.0,3.58,-0.0,0.2,rest
8563.0,490.4559401696385,39.89798630886211,4997.958713495076,35.0,3.58,-0.0,0.2,rest
8564.0,488.6343383318077,39.76346950605983,4997.98141370819,35.0,3.58,-0.0,0.2,rest
8565.0,488.7708249137111,39.77399628990453,4998.043012957151,35.0,3.58,-0.0,0.2,rest
8566.0,491.1047322952888,39.94729498483621,4998.02163458067,35.0,3.58,-0.0,0.2,rest
8567.0,490.46619432711816,39.90041254274949,4997.970756734047,35.0,3.58,-0.0,0.2,rest
8568.0,490.8766459540412,39.93123303363268,4997.9662974458015,35.0,3.58,-0.0,0.2,rest
8569.0,492.1402621026597,40.02525089649331,4998.017768709837,35.0,3.58,-0.0,0.2,rest
8570.0,490.7620342289445,39.923576609551446,4997.944483087911,35.0,3.58,-0.0,0.2,rest
8571.0,491.6859997656451,39.99243516782556,4997.992564638023,35.0,3.58,-0.0,0.2,rest
8572.0,489.9058400256935,39.86098815005138,4998.050087137143,35.0,3.58,-0.0,0.2,rest
8573.0,489.4203790343257,39.82544474328338,4997.9929618805,35.0,3.58,-0.0,0.2,rest
8574.0,490.2615108640444,39.888167471410696,4997.936915581733,35.0,3.58,-0.0,0.2,rest
8575.0,490.1881212083311,39.88314786728378,4997.946176355463,35.0,3.58,-0.0,0.2,rest
8576.0,490.3834486028462,39.89803322984046,4997.952375248583,35.0,3.58,-0.0,0.2,rest
8577.0,490.86803884145536,39.93434546973743,4997.981785873536,35.0,3.58,-0.0,0.2,rest
8578.0,490.9236481737896,39.93888134620664,4997.907061718689,35.0,3.58,-0.0,0.2,rest
8579.0,491.3592979327246,39.97156836538701,4997.991082181535,35.0,3.58,-0.0,0.2,rest
8580.0,489.6699732064122,39.84684986714165,4997.9874147345245,35.0,3.58,-0.0,0.2,rest
8581.0,489.4152865872848,39.828400858317394,4998.079138323239,35.0,3.58,-0.0,0.2,rest
8582.0,490.5354325437307,39.91179129953561,4998.019677909236,35.0,3.58,-0.0,0.2,rest
8583.0,490.89278610880194,39.938678600652,4997.9063977859,35.0,3.58,-0.0,0.2,rest
8584.0,490.3887066602015,39.90175604890381,4998.035079072918,35.0,3.58,-0.0,0.2,rest
8585.0,490.3568272964281,39.8998112812169,4998.025295893421,35.0,3.58,-0.0,0.2,rest
8586.0,491.9608435056911,40.01904396338453,4997.907057189887,35.0,3.58,-0.0,0.2,rest
8587.0,490.5780540395065,39.91703178070419,4998.029243572825,35.0,3.58,-0.0,0.2,rest
8588.0,489.0288021722682,39.80268904979764,4997.995616054837,35.0,3.58,-0.0,0.2,rest
8589.0,489.5656093562322,39.84286921157276,4998.002403266173,35.0,3.58,-0.0,0.2,rest
8590.0,491.7255762933775,40.00328342913907,4997.929282139273,35.0,3.58,-0.0,0.2,rest
8591.0,490.92234624226944,39.94420157350144,4997.95887972283,35.0,3.58,-0.0,0.2,rest
8592.0,488.66184426674494,39.77717364938851,4998.05831329646,35.0,3.58,-0.0,0.2,rest
8593.0,489.17239151453225,39.815408630706095,4998.047530640928,35.0,3.58,-0.0,0.2,rest
8594.0,490.4363625909367,39.90945278451383,4998.033249799902,35.0,3.58,-0.0,0.2,rest
8595.0,489.7131154814235,39.85629559121655,4997.96782131734,35.0,3.58,-0.0,0.2,rest
8596.0,490.536880477173,39.917731887198,4998.060376355435,35.0,3.58,-0.0,0.2,rest
8597.0,488.9760150761706,39.80252889453115,4997.936415037656,35.0,3.58,-0.0,0.2,rest
8598.0,490.02214789872863,39.88043688138731,4997.958443434533,35.0,3.58,-0.0,0.2,rest
8599.0,490.3493538004552,39.905091022255945,4998.0307970520935,35.0,3.58,-0.0,0.2,rest
8600.0,490.680406373628,39.93003010175022,4997.940277055146,35.0,3.58,-0.0,0.2,rest
8601.0,490.1514944801741,39.89126810964253,4998.002070786829,35.0,3.58,-0.0,0.2,rest
8602.0,490.0082183527752,39.8810717298352,4997.924551179147,35.0,3.58,-0.0,0.2,rest
8603.0,489.971169963256,39.87874407135229,4997.91461568483,35.0,3.58,-0.0,0.2,rest
8604.0,490.5944895279614,39.92533255762677,4998.030915364514,35.0,3.58,-0.0,0.2,rest
8605.0,490.7322067454685,39.93595049966433,4997.940950852166,35.0,3.58,-0.0,0.2,rest
8606.0,489.364536605348,39.83505826706281,4997.942006483013,35.0,3.58,-0.0,0.2,rest
8607.0,489.29160192332097,39.83007236469045,4998.0158128773,35.0,3.58,-0.0,0.2,rest
8608.0,490.1598517398301,39.89480383258001,4997.99289300856,35.0,3.58,-0.0,0.2,rest
8609.0,488.9619325871299,39.806485747194806,4998.037424411072,35.0,3.58,-0.0,0.2,rest
8610.0,489.7882684581107,39.86811247837857,4998.032479589748,35.0,3.58,-0.0,0.2,rest
8611.0,492.4106596186985,40.06278034212581,4997.99005582207,35.0,3.58,-0.0,0.2,rest
8612.0,490.5349433398195,39.92425506220885,4997.961508496516,35.0,3.58,-0.0,0.2,rest
8613.0,489.5679320385654,39.85304126211595,4997.97281687788,35.0,3.58,-0.0,0.2,rest
8614.0,489.5195334954808,39.8498728515171,4997.984984327897,35.0,3.58,-0.0,0.2,rest
8615.0,489.3525793079387,39.83792254132879,4998.023444445043,35.0,3.58,-0.0,0.2,rest
8616.0,488.97197771939386,39.81014649773287,4997.978956756078,35.0,3.58,-0.0,0.2,rest
8617.0,489.74822852619366,39.8680632241625,4997.984422191734,35.0,3.58,-0.0,0.2,rest
8618.0,490.75701368994095,39.943204717773405,4998.027609522349,35.0,3.58,-0.0,0.2,rest
8619.0,490.96853805912826,39.95928985623172,4997.993425012683,35.0,3.58,-0.0,0.2,rest
8620.0,490.8242580940069,39.94901911807458,4997.977237641107,35.0,3.58,-0.0,0.2,rest
8621.0,488.0517711038035,39.74406637805952,4997.967539323642,35.0,3.58,-0.0,0.2,rest
8622.0,490.2711396205319,39.908880712632,4998.106361831457,35.0,3.58,-0.0,0.2,rest
8623.0,489.24908175848975,39.83358938951776,4998.021235543597,35.0,3.58,-0.0,0.2,rest
8624.0,490.1588206048853,39.90139411888039,4997.92424934932,35.0,3.58,-0.0,0.2,rest
8625.0,489.9241165071398,39.88442529682517,4998.011326042597,35.0,3.58,-0.0,0.2,rest
8626.0,489.66005689050166,39.86528199188901,4998.008899283034,35.0,3.58,-0.0,0.2,rest
8627.0,488.7609827117626,39.79910057124168,4998.041999477321,35.0,3.58,-0.0,0.2,rest
8628.0,489.8989217156245,39.88380901597218,4997.993765565562,35.0,3.58,-0.0,0.2,rest
8629.0,489.97243219443294,39.88967090329133,4997.943987607652,35.0,3.58,-0.0,0.2,rest
8630.0,490.4776676683405,39.92751241987707,4997.934525468707,35.0,3.58,-0.0,0.2,rest
8631.0,490.0490000856565,39.89617593227085,4997.992025129566,35.0,3.58,-0.0,0.2,rest
8632.0,489.088575209802,39.82545001554089,4997.971067629129,35.0,3.58,-0.0,0.2,rest
8633.0,491.49181279246335,40.00388428092321,4997.970364377914,35.0,3.58,-0.0,0.2,rest
8634.0,491.6276314975312,40.01436159240971,4998.031764506866,35.0,3.58,-0.0,0.2,rest
8635.0,489.69307861668767,39.871478045680576,4997.980412083584,35.0,3.58,-0.0,0.2,rest
8636.0,488.68400795808384,39.79714873763584,4998.016219395849,35.0,3.58,-0.0,0.2,rest
8637.0,492.3180345116149,40.06675255641592,4998.01778841693,35.0,3.58,-0.0,0.2,rest
8638.0,491.6339554283937,40.016496698399536,4998.026410868117,35.0,3.58,-0.0,0.2,rest
8639.0,490.7641323237315,39.95248202398011,4998.0278344227545,35.0,3.58,-0.0,0.2,rest
8640.0,488.43508174233415,39.78037642535809,4998.067748626967,35.0,3.58,-0.0,0.2,rest
8641.0,491.7258560822487,40.02455415424065,4997.929086545848,35.0,3.58,-0.0,0.2,rest
8642.0,491.108544871725,39.97924406457223,4997.937418966502,35.0,3.58,-0.0,0.2,rest
8643.0,489.3778847100105,39.85146368222299,4998.014171261095,35.0,3.58,-0.0,0.2,rest
8644.0,487.60844447828185,39.72081070209496,4998.031010221183,35.0,3.58,-0.0,0.2,rest
8645.0,491.4615454513648,40.00664225565665,4998.057927623186,35.0,3.58,-0.0,0.2,rest
8646.0,489.3963691759314,39.85408290192085,4997.970100840628,35.0,3.58,-0.0,0.2,rest
8647.0,490.152464839894,39.91050665480696,4997.92094727727,35.0,3.58,-0.0,0.2,rest
8648.0,490.7037600212823,39.95176000157647,4997.982296881503,35.0,3.58,-0.0,0.2,rest
8649.0,491.1548707442376,39.985592277350925,4997.977624037847,35.0,3.58,-0.0,0.2,rest
8650.0,489.8104021956722,39.8864186811609,4997.972342508006,35.0,3.58,-0.0,0.2,rest
8651.0,490.6937094397405,39.95226551405485,4997.998815231064,35.0,3.58,-0.0,0.2,rest
8652.0,490.3492016095777,39.92716308219094,4997.977824571477,35.0,3.58,-0.0,0.2,rest
8653.0,489.882076687828,39.89297790280207,4998.000384049332,35.0,3.58,-0.0,0.2,rest
8654.0,490.5983397853465,39.94645109521085,4997.977745199996,35.0,3.58,-0.0,0.2,rest
8655.0,489.8294615134109,39.88991381580821,4998.043076728805,35.0,3.58,-0.0,0.2,rest
8656.0,489.8295726286556,39.89033871323375,4998.100991847657,35.0,3.58,-0.0,0.2,rest
8657.0,489.8844120577362,39.89481755983231,4997.9936290431615,35.0,3.58,-0.0,0.2,rest
8658.0,488.4805645835648,39.79124552470851,4997.989556289993,35.0,3.58,-0.0,0.2,rest
8659.0,489.37850309014544,39.85817615482559,4998.045128343888,35.0,3.58,-0.0,0.2,rest
8660.0,488.899106126836,39.823081935321184,4997.938275857317,35.0,3.58,-0.0,0.2,rest
8661.0,490.7134335863124,39.95789322861573,4997.930925780287,35.0,3.58,-0.0,0.2,rest
8662.0,488.4771777006213,39.79266131115714,4998.081554875559,35.0,3.58,-0.0,0.2,rest
8663.0,491.9408172401049,40.0496438696374,4997.910497461176,35.0,3.58,-0.0,0.2,rest
8664.0,490.1735936876616,39.919155087974936,4997.926434908955,35.0,3.58,-0.0,0.2,rest
8665.0,489.9763189739669,39.904958812886434,4998.048991695376,35.0,3.58,-0.0,0.2,rest
8666.0,488.72633328714727,39.812783947196095,4998.063208391163,35.0,3.58,-0.0,0.2,rest
8667.0,489.49986642644336,39.87049936492173,4997.924492971637,35.0,3.58,-0.0,0.2,rest
8668.0,491.64661175522855,40.029934204091006,4997.985467528278,35.0,3.58,-0.0,0.2,rest
8669.0,490.062032981914,39.91297466532696,4998.00489824035,35.0,3.58,-0.0,0.2,rest
8670.0,488.3997730798253,39.79026096887594,4997.915212122307,35.0,3.58,-0.0,0.2,rest
8671.0,490.8593202168011,39.972866312355634,4998.00656171842,35.0,3.58,-0.0,0.2,rest
8672.0,491.6521136942422,40.03200842179572,4997.978284731451,35.0,3.58,-0.0,0.2,rest
8673.0,489.5290947445371,39.87516442552127,4998.089096319452,35.0,3.58,-0.0,0.2,rest
8674.0,489.9457449082322,39.90644406727646,4997.9420964144965,35.0,3.58,-0.0,0.2,rest
8675.0,491.5508076517734,40.02575427050174,4997.984104444261,35.0,3.58,-0.0,0.2,rest
8676.0,487.57132084071634,39.73139413634936,4997.993156806918,35.0,3.58,-0.0,0.2,rest
8677.0,491.2340618530516,40.0031249520779,4997.970170040524,35.0,3.58,-0.0,0.2,rest
8678.0,489.3418067383946,39.863374573214415,4997.997395933993,35.0,3.58,-0.0,0.2,rest
8679.0,490.4161401879029,39.94337149540021,4998.000011735889,35.0,3.58,-0.0,0.2,rest
8680.0,491.2439949133653,40.00511073432335,4997.975771773058,35.0,3.58,-0.0,0.2,rest
8681.0,490.8304730641779,39.97489615290206,4998.033365821133,35.0,3.58,-0.0,0.2,rest
8682.0,490.5462124768072,39.95425647976349,4997.9797000400495,35.0,3.58,-0.0,0.2,rest
8683.0,491.3087953222374,40.01116076461018,4997.943584673883,35.0,3.58,-0.0,0.2,rest
8684.0,489.3559774857707,39.86692425820524,4997.944925711647,35.0,3.58,-0.0,0.2,rest
8685.0,490.1996755743446,39.92983707958109,4998.093299937369,35.0,3.58,-0.0,0.2,rest
8686.0,489.2571474923452,39.86043685128482,4998.063517317783,35.0,3.58,-0.0,0.2,rest
8687.0,490.3560169910588,39.94225125859694,4997.984040496012,35.0,3.58,-0.0,0.2,rest
8688.0,489.52495591278426,39.88110784539143,4997.999605882006,35.0,3.58,-0.0,0.2,rest
8689.0,489.0674757976992,39.84763709612586,4997.986801091726,35.0,3.58,-0.0,0.2,rest
8690.0,489.0707692568806,39.84829772273189,4998.014301476979,35.0,3.58,-0.0,0.2,rest
8691.0,490.9604128373605,39.98868798795263,4998.051622373131,35.0,3.58,-0.0,0.2,rest
8692.0,488.2314306284253,39.7869578243278,4997.95664252103,35.0,3.58,-0.0,0.2,rest
8693.0,488.6450384460933,39.81801210711802,4998.086723757994,35.0,3.58,-0.0,0.2,rest
8694.0,488.1110050776277,39.77887074649094,4997.980092458267,35.0,3.58,-0.0,0.2,rest
8695.0,488.72804948586594,39.82499440636044,4997.996302864383,35.0,3.58,-0.0,0.2,rest
8696.0,488.0873590928149,39.777952525393694,4997.971466543696,35.0,3.58,-0.0,0.2,rest
8697.0,488.6105758457613,39.81712598857492,4998.060772000306,35.0,3.58,-0.0,0.2,rest
8698.0,488.7338742294799,39.826675868850366,4997.964830505983,35.0,3.58,-0.0,0.2,rest
8699.0,491.47255848549946,40.02995803596292,4998.03579250384,35.0,3.58,-0.0,0.2,rest
8700.0,489.9921543187128,39.920715134719465,4998.065880625859,35.0,3.58,-0.0,0.2,rest
8701.0,489.1000726594488,39.855051678477686,4997.94996778121,35.0,3.58,-0.0,0.2,rest
8702.0,487.9905815945804,39.77328382182077,4997.953938159909,35.0,3.58,-0.0,0.2,rest
8703.0,489.15139959161456,39.85968700678626,4998.066275565281,35.0,3.58,-0.0,0.2,rest
8704.0,491.2780578211322,40.01763391267646,4998.002139773303,35.0,3.58,-0.0,0.2,rest
8705.0,489.4942710771805,39.88591822793929,4997.932474764937,35.0,3.58,-0.0,0.2,rest
8706.0,490.75808439121096,39.97995069564525,4998.061972007776,35.0,3.58,-0.0,0.2,rest
8707.0,490.2365920885475,39.94173830285537,4998.0786521393375,35.0,3.58,-0.0,0.2,rest
8708.0,489.9518509948485,39.92106303665544,4998.026273166702,35.0,3.58,-0.0,0.2,rest
8709.0,489.6227998291908,39.89710554290302,4998.036087493307,35.0,3.58,-0.0,0.2,rest
8710.0,489.7411060482673,39.90628563320499,4998.085920893147,35.0,3.58,-0.0,0.2,rest
8711.0,489.52380306656136,39.890605782708256,4998.026057609286,35.0,3.58,-0.0,0.2,rest
8712.0,489.1871275492672,39.86608352216794,4997.950916504791,35.0,3.58,-0.0,0.2,rest
8713.0,489.9385674856136,39.92216240634176,4997.979083859166,35.0,3.58,-0.0,0.2,rest
8714.0,490.9210755976916,39.99535745168086,4998.059123016801,35.0,3.58,-0.0,0.2,rest
8715.0,490.4572976698248,39.9614201977648,4997.971531731092,35.0,3.58,-0.0,0.2,rest
8716.0,488.3563627432799,39.80621205505777,4997.956889042652,35.0,3.58,-0.0,0.2,rest
8717.0,490.4954375357888,39.96507870635473,4997.99711216737,35.0,3.58,-0.0,0.2,rest
8718.0,490.2926644298223,39.9504751429498,4998.031044817648,35.0,3.58,-0.0,0.2,rest
8719.0,489.3425991101919,39.88051660075495,4997.997622726743,35.0,3.58,-0.0,0.2,rest
8720.0,490.7735305224264,39.9869281868464,4998.00537355745,35.0,3.58,-0.0,0.2,rest
8721.0,490.5319388858678,39.96944917673096,4998.059503119962,35.0,3.58,-0.0,0.2,rest
8722.0,491.7852901707897,40.06270667931776,4997.953222682645,35.0,3.58,-0.0,0.2,rest
8723.0,487.767814085186,39.76553252482859,4997.9883907538815,35.0,3.58,-0.0,0.2,rest
8724.0,490.6600832418868,39.98019135125087,4997.972212644784,35.0,3.58,-0.0,0.2,rest
8725.0,488.8201944081731,39.844319956160966,4997.942128238479,35.0,3.58,-0.0,0.2,rest
8726.0,490.0520905197122,39.93598818664535,4997.979027382614,35.0,3.58,-0.0,0.2,rest
8727.0,490.4416455570083,39.96526078200061,4998.015315947122,35.0,3.58,-0.0,0.2,rest
8728.0,491.4018473557829,40.03680350783577,4998.0331414018365,35.0,3.58,-0.0,0.2,rest
8729.0,490.1286181113782,39.94290689713913,4997.997904195132,35.0,3.58,-0.0,0.2,rest
8730.0,489.1159846406605,39.868313677085965,4997.994654481343,35.0,3.58,-0.0,0.2,rest
8731.0,490.7354339222939,39.98868954979955,4997.982088667935,35.0,3.58,-0.0,0.2,rest
8732.0,490.43932886086907,39.96717250821253,4998.038069249696,35.0,3.58,-0.0,0.2,rest
8733.0,491.0899278713313,40.015781694172695,4998.01407925318,35.0,3.58,-0.0,0.2,rest
8734.0,487.2291566260586,39.73021530563397,4998.036799190556,35.0,3.58,-0.0,0.2,rest
8735.0,489.98114879801057,39.93448324429708,4998.006267205518,35.0,3.58,-0.0,0.2,rest
8736.0,486.9286460939173,39.70878859954944,4998.017067621661,35.0,3.58,-0.0,0.2,rest
8737.0,490.1893862546618,39.9507415744194,4998.020721049657,35.0,3.58,-0.0,0.2,rest
8738.0,489.8876350979131,39.92880630354912,4997.96219539159,35.0,3.58,-0.0,0.2,rest
8739.0,489.0898741714684,39.870129568256914,4997.983620080965,35.0,3.58,-0.0,0.2,rest
8740.0,490.3442049372295,39.96345962497996,4998.056314369624,35.0,3.58,-0.0,0.2,rest
8741.0,490.1293910481653,39.94796415171594,4997.945585136084,35.0,3.58,-0.0,0.2,rest
8742.0,491.0039376172376,40.013162045721295,4997.941523843683,35.0,3.58,-0.0,0.2,rest
8743.0,491.3632011493648,40.04019082587888,4997.889325822962,35.0,3.58,-0.0,0.2,rest
8744.0,490.0417527037044,39.94272242249662,4997.904184575209,35.0,3.58,-0.0,0.2,rest
8745.0,489.7309547321329,39.92011701719503,4998.049881876549,35.0,3.58,-0.0,0.2,rest
8746.0,489.168799235288,39.87889253594726,4997.956073498664,35.0,3.58,-0.0,0.2,rest
8747.0,491.1869124601072,40.02879907111905,4997.950418839684,35.0,3.58,-0.0,0.2,rest
8748.0,489.8646587020688,39.93127101496806,4997.932786498909,35.0,3.58,-0.0,0.2,rest
8749.0,489.7209238615134,39.9210406564084,4998.028237066978,35.0,3.58,-0.0,0.2,rest
8750.0,490.5757521829658,39.98477793947895,4998.028247279018,35.0,3.58,-0.0,0.2,rest
8751.0,489.3507976601472,39.89445723408499,4998.024029912964,35.0,3.58,-0.0,0.2,rest
8752.0,489.71760757590783,39.922045005622806,4997.925990421628,35.0,3.58,-0.0,0.2,rest
8753.0,489.9534561261377,39.93993193526946,4998.044342066068,35.0,3.58,-0.0,0.2,rest
8754.0,490.9245708469685,40.01228302570137,4997.992388737555,35.0,3.58,-0.0,0.2,rest
8755.0,488.8936674108588,39.86226240080436,4997.922166058853,35.0,3.58,-0.0,0.2,rest
8756.0,488.7675296995281,39.85333553329838,4998.088593253302,35.0,3.58,-0.0,0.2,rest
8757.0,489.32708109275626,39.89520045131528,4998.033274242513,35.0,3.58,-0.0,0.2,rest
8758.0,489.24248482954766,39.88935072811464,4997.991325978675,35.0,3.58,-0.0,0.2,rest
8759.0,489.14823734142993,39.882786099365184,4997.870683233152,35.0,3.58,-0.0,0.2,rest
8760.0,490.6881421549389,39.99726978925474,4997.968774030281,35.0,3.58,-0.0,0.2,rest
8761.0,489.4379856634837,39.90508227136916,4997.945361255588,35.0,3.58,-0.0,0.2,rest
8762.0,491.7614214202582,40.0776052903895,4998.098753420476,35.0,3.58,-0.0,0.2,rest
8763.0,490.9163079522745,40.015420959427736,4998.014811448561,35.0,3.58,-0.0,0.2,rest
8764.0,489.9757532988273,39.94616691102424,4998.016364417079,35.0,3.58,-0.0,0.2,rest
8765.0,489.8299349488424,39.93578221843277,4998.055621276927,35.0,3.58,-0.0,0.2,rest
8766.0,490.638244399278,39.99607365920578,4998.035235903577,35.0,3.58,-0.0,0.2,rest
8767.0,492.3609994914527,40.12410181418168,4998.012061409883,35.0,3.58,-0.0,0.2,rest
8768.0,490.3954183596538,39.97891987849288,4998.012987563221,35.0,3.58,-0.0,0.2,rest
8769.0,488.9997486664406,39.87595360492153,4998.038105889522,35.0,3.58,-0.0,0.2,rest
8770.0,489.9990567750447,39.95039309444776,4998.013253873004,35.0,3.58,-0.0,0.2,rest
8771.0,493.3504206214057,40.19905893491894,4998.035897724356,35.0,3.58,-0.0,0.2,rest
8772.0,489.03205704436215,39.8795968181009,4998.017455424071,35.0,3.58,-0.0,0.2,rest
8773.0,489.6684022204997,39.92715016448146,4997.928450398391,35.0,3.58,-0.0,0.2,rest
8774.0,490.01410501113565,39.953174445269305,4998.060584157618,35.0,3.58,-0.0,0.2,rest
8775.0,489.412684927108,39.90904147608207,4998.004749806361,35.0,3.58,-0.0,0.2,rest
8776.0,491.31904734061015,40.050670173378535,4997.967859232198,35.0,3.58,-0.0,0.2,rest
8777.0,489.3115563964645,39.90238380714552,4998.035870914248,35.0,3.58,-0.0,0.2,rest
8778.0,489.86447378261227,39.94375731723054,4998.0139113875575,35.0,3.58,-0.0,0.2,rest
8779.0,490.4834153127457,39.99002150464783,4998.022836562075,35.0,3.58,-0.0,0.2,rest
8780.0,490.5418925761227,39.99476982045353,4997.987379453266,35.0,3.58,-0.0,0.2,rest
8781.0,489.7304021556803,39.93507608560595,4998.015302063704,35.0,3.58,-0.0,0.2,rest
8782.0,490.1179034511356,39.96419655193596,4998.003784513263,35.0,3.58,-0.0,0.2,rest
8783.0,489.8867154726815,39.94748818316159,4998.062324809904,35.0,3.58,-0.0,0.2,rest
8784.0,486.5308622727378,39.69932313131392,4998.007063604469,35.0,3.58,-0.0,0.2,rest
8785.0,490.711918839883,40.00944769184319,4998.027039960383,35.0,3.58,-0.0,0.2,rest
8786.0,490.1828967458874,39.97067753673241,4997.9871423442655,35.0,3.58,-0.0,0.2,rest
8787.0,489.8169197893314,39.94398479920974,4998.010664158855,35.0,3.58,-0.0,0.2,rest
8788.0,490.8823801603705,40.02332445632374,4997.928656444305,35.0,3.58,-0.0,0.2,rest
8789.0,488.1674752982631,39.82263705913061,4998.054072875627,35.0,3.58,-0.0,0.2,rest
8790.0,491.24027169558,40.05066827374667,4998.038720196429,35.0,3.58,-0.0,0.2,rest
8791.0,489.3837334066136,39.913563585675085,4997.9955193247415,35.0,3.58,-0.0,0.2,rest
8792.0,489.0047693262208,39.885908838979326,4997.968737160245,35.0,3.58,-0.0,0.2,rest
8793.0,488.93303027511047,39.88101150186004,4997.956421393221,35.0,3.58,-0.0,0.2,rest
8794.0,490.34790006921423,39.98623333846032,4998.024896460786,35.0,3.58,-0.0,0.2,rest
8795.0,489.3280186311794,39.911103231939215,4998.059568288442,35.0,3.58,-0.0,0.2,rest
8796.0,490.7065748518388,40.013635174210286,4997.91347631311,35.0,3.58,-0.0,0.2,rest
8797.0,488.54274357253104,39.853768042409705,4997.961146654658,35.0,3.58,-0.0,0.2,rest
8798.0,491.18624684464055,40.049999766269664,4997.999012204686,35.0,3.58,-0.0,0.2,rest
8799.0,489.7594446458599,39.94472738117481,4998.0665947443385,35.0,3.58,-0.0,0.2,rest
8800.0,491.8112421195485,40.09712904589248,4997.970873890426,35.0,3.58,-0.0,0.2,rest
8801.0,490.3930532565663,39.99249468567158,4997.932338019662,35.0,3.58,-0.0,0.2,rest
8802.0,489.54700401574144,39.93024103820307,4997.996683947394,35.0,3.58,-0.0,0.2,rest
8803.0,489.71423820620817,39.94304542268209,4998.037171328505,35.0,3.58,-0.0,0.2,rest
8804.0,488.0672265207592,39.82146122375995,4998.024390113884,35.0,3.58,-0.0,0.2,rest
8805.0,489.7256174715057,39.94472166455598,4997.976252777607,35.0,3.58,-0.0,0.2,rest
8806.0,488.70568744404505,39.86958795881815,4997.968967276764,35.0,3.58,-0.0,0.2,rest
8807.0,489.3033619410135,39.91427681044544,4998.094334728951,35.0,3.58,-0.0,0.2,rest
8808.0,492.1239111902626,40.123623051130565,4997.966781816067,35.0,3.58,-0.0,0.2,rest
8809.0,488.9034670421905,39.88548829942152,4998.033932105916,35.0,3.58,-0.0,0.2,rest
8810.0,490.5465923865793,40.00761795456143,4998.063102605006,35.0,3.58,-0.0,0.2,rest
8811.0,490.50671149909056,40.00508048141412,4997.96977070588,35.0,3.58,-0.0,0.2,rest
8812.0,489.6724830774832,39.943702450183935,4998.046056198546,35.0,3.58,-0.0,0.2,rest
8813.0,489.86042393780616,39.95804066205972,4998.071593356252,35.0,3.58,-0.0,0.2,rest
8814.0,489.2976912751933,39.91677342779209,4998.018011007145,35.0,3.58,-0.0,0.2,rest
8815.0,491.803870061937,40.10283296755089,4997.984378097111,35.0,3.58,-0.0,0.2,rest
8816.0,490.5422140731383,40.00979363504729,4998.062205425326,35.0,3.58,-0.0,0.2,rest
8817.0,491.0244692827045,40.045932909829965,4998.006718697437,35.0,3.58,-0.0,0.2,rest
8818.0,488.18269074788543,39.83584746280633,4997.921652048514,35.0,3.58,-0.0,0.2,rest
8819.0,489.810250939004,39.95682414362992,4998.008377492423,35.0,3.58,-0.0,0.2,rest
8820.0,488.8564360201861,39.88658785334711,4997.989416444391,35.0,3.58,-0.0,0.2,rest
8821.0,491.08509723507456,40.05209053593145,4998.091601275797,35.0,3.58,-0.0,0.2,rest
8822.0,489.6797136690912,39.94840471622898,4998.088798672774,35.0,3.58,-0.0,0.2,rest
8823.0,489.1853923227215,39.91220498686826,4998.030451667837,35.0,3.58,-0.0,0.2,rest
8824.0,490.0631701017967,39.97764222976272,4998.073230838365,35.0,3.58,-0.0,0.2,rest
8825.0,490.1361036593474,39.98346138217389,4997.918026721942,35.0,3.58,-0.0,0.2,rest
8826.0,489.8777846177805,39.964743305020775,4998.044249575062,35.0,3.58,-0.0,0.2,rest
8827.0,491.58280487910304,40.09145776882245,4997.992337687735,35.0,3.58,-0.0,0.2,rest
8828.0,490.9664908654019,40.046221545585325,4998.031221108996,35.0,3.58,-0.0,0.2,rest
8829.0,490.18161980954847,39.98849961552211,4998.11278196818,35.0,3.58,-0.0,0.2,rest
8830.0,490.5894943604535,40.01912921188544,4998.0184975667335,35.0,3.58,-0.0,0.2,rest
8831.0,489.6159816589819,39.94743382659126,4998.034639449968,35.0,3.58,-0.0,0.2,rest
8832.0,488.551076173287,39.86896860542866,4997.931753236232,35.0,3.58,-0.0,0.2,rest
8833.0,489.9494974938854,39.97297203658411,4997.959330538108,35.0,3.58,-0.0,0.2,rest
8834.0,487.5727260612092,39.79733156008957,4998.022915688583,35.0,3.58,-0.0,0.2,rest
8835.0,490.9091130562293,40.04488800416512,4997.964360873234,35.0,3.58,-0.0,0.2,rest
8836.0,489.53194907782427,39.94329252428328,4998.031292645127,35.0,3.58,-0.0,0.2,rest
8837.0,488.0404182831041,39.83322542837808,4997.923669770524,35.0,3.58,-0.0,0.2,rest
8838.0,490.0944126041575,39.98578982253019,4998.049407574135,35.0,3.58,-0.0,0.2,rest
8839.0,492.6747019719744,40.177339034961065,4998.006083722579,35.0,3.58,-0.0,0.2,rest
8840.0,489.2806121283878,39.92634163913984,4998.014928340703,35.0,3.58,-0.0,0.2,rest
8841.0,489.8353987841889,39.967853613643626,4998.056271780217,35.0,3.58,-0.0,0.2,rest
8842.0,490.4623363466237,40.01471009974991,4998.058029443636,35.0,3.58,-0.0,0.2,rest
8843.0,488.772131468911,39.889926405104525,4997.941181782842,35.0,3.58,-0.0,0.2,rest
8844.0,491.530246043181,40.09464785505045,4998.035740100334,35.0,3.58,-0.0,0.2,rest
8845.0,489.5944587625047,39.95167287129665,4997.991938006157,35.0,3.58,-0.0,0.2,rest
8846.0,490.3207123668773,40.00588610125017,4998.042063184219,35.0,3.58,-0.0,0.2,rest
8847.0,490.8523083367956,40.04568024717005,4998.008229689655,35.0,3.58,-0.0,0.2,rest
8848.0,489.86319660717857,39.97282937830953,4998.036446857378,35.0,3.58,-0.0,0.2,rest
8849.0,490.7177669694327,40.03654755329131,4998.031408467082,35.0,3.58,-0.0,0.2,rest
8850.0,488.39790967752606,39.865122939076,4998.080944987671,35.0,3.58,-0.0,0.2,rest
8851.0,488.5693338461018,39.87823769230384,4997.9923147297,35.0,3.58,-0.0,0.2,rest
8852.0,490.1901107600637,39.99871190815286,4997.9102475147465,35.0,3.58,-0.0,0.2,rest
8853.0,489.29600515897386,39.93289853029436,4997.987363156762,35.0,3.58,-0.0,0.2,rest
8854.0,489.3575531343057,39.93787430624487,4997.916415206436,35.0,3.58,-0.0,0.2,rest
8855.0,489.9967333203505,39.9856376533593,4997.985780701014,35.0,3.58,-0.0,0.2,rest
8856.0,490.6199251776007,40.03221667982227,4997.896696560554,35.0,3.58,-0.0,0.2,rest
8857.0,491.33048057780513,40.085267079837415,4997.988313446967,35.0,3.58,-0.0,0.2,rest
8858.0,491.9498833060179,40.1315654300754,4998.0202359430605,35.0,3.58,-0.0,0.2,rest
8859.0,491.4617760589738,40.09582600436843,4998.034077647568,35.0,3.58,-0.0,0.2,rest
8860.0,490.9827841971585,40.06076179238212,4997.972719701317,35.0,3.58,-0.0,0.2,rest
8861.0,489.1729662049436,39.92711786703286,4997.950778155354,35.0,3.58,-0.0,0.2,rest
8862.0,489.1290196935417,39.92427923655865,4997.987488463784,35.0,3.58,-0.0,0.2,rest
8863.0,488.7793066451988,39.89879123297769,4997.967021030166,35.0,3.58,-0.0,0.2,rest
8864.0,489.60930859736266,39.96068952573057,4997.901730859179,35.0,3.58,-0.0,0.2,rest
8865.0,490.28957917492727,40.01149660555017,4997.965490660568,35.0,3.58,-0.0,0.2,rest
8866.0,492.0911687720584,40.14536435348581,4998.006404310713,35.0,3.58,-0.0,0.2,rest
8867.0,489.3203680730512,39.94053652392972,4998.00602028596,35.0,3.58,-0.0,0.2,rest
8868.0,490.7090594241866,40.043819216606416,4998.036218593557,35.0,3.58,-0.0,0.2,rest
8869.0,489.5118092160002,39.95555068266668,4997.99789783419,35.0,3.58,-0.0,0.2,rest
8870.0,489.99838826715217,39.99201024201127,4997.9973554916,35.0,3.58,-0.0,0.2,rest
8871.0,488.2579888631187,39.86350843430509,4998.062255702382,35.0,3.58,-0.0,0.2,rest
8872.0,492.5270920233906,40.1801549646956,4997.967271819442,35.0,3.58,-0.0,0.2,rest
8873.0,490.309459718462,40.01630257173792,4997.967108496658,35.0,3.58,-0.0,0.2,rest
8874.0,490.0500502327228,39.99750372094243,4998.010295478229,35.0,3.58,-0.0,0.2,rest
8875.0,490.1335003871935,40.00410188053285,4997.983931021962,35.0,3.58,-0.0,0.2,rest
8876.0,488.6204679927938,39.89244207354027,4998.045227047658,35.0,3.58,-0.0,0.2,rest
8877.0,490.95722841860544,40.06595210508189,4998.025976593857,35.0,3.58,-0.0,0.2,rest
8878.0,490.4640031238955,40.02983356473301,4997.974935292486,35.0,3.58,-0.0,0.2,rest
8879.0,491.0146255699245,40.07103707925367,4997.935254486387,35.0,3.58,-0.0,0.2,rest
8880.0,391.741513774764,32.717889909241784,4977.921442180394,25.0,3.58,-0.0,0.2,rest
8881.0,390.9132444151186,32.656953290008786,4977.928285433105,25.0,3.58,-0.0,0.2,rest
8882.0,389.6154449809853,32.561236665258164,4978.02690095207,25.0,3.58,-0.0,0.2,rest
8883.0,389.808734860874,32.57597110080548,4977.989687009792,25.0,3.58,-0.0,0.2,rest
8884.0,388.6473401937909,32.4903585328734,4977.929774339057,25.0,3.58,-0.0,0.2,rest
8885.0,392.52419965342153,32.77794997432752,4978.050369435967,25.0,3.58,-0.0,0.2,rest
8886.0,388.7002106021723,32.495108192753506,4978.030808768833,25.0,3.58,-0.0,0.2,rest
8887.0,391.3737657994998,32.693565985148126,4977.979632768397,25.0,3.58,-0.0,0.2,rest
8888.0,389.2127866958298,32.53391012561703,4978.110642222644,25.0,3.58,-0.0,0.2,rest
8889.0,390.3971365759733,32.62205641303506,4977.873632647318,25.0,3.58,-0.0,0.2,rest
8890.0,390.1091872019287,32.601143496439164,4978.0409037156005,25.0,3.58,-0.0,0.2,rest
8891.0,389.1272281383928,32.52882245469576,4977.925584153822,25.0,3.58,-0.0,0.2,rest
8892.0,391.0724560424068,32.67333007721532,4978.040734902842,25.0,3.58,-0.0,0.2,rest
8893.0,390.8913201021613,32.660329266826764,4978.047218877116,25.0,3.58,-0.0,0.2,rest
8894.0,390.2684699333489,32.61460888395177,4977.995215876985,25.0,3.58,-0.0,0.2,rest
8895.0,391.026388079031,32.671167635483776,4977.939563341521,25.0,3.58,-0.0,0.2,rest
8896.0,391.93327714410384,32.73876126993362,4978.029571551385,25.0,3.58,-0.0,0.2,rest
8897.0,388.97279789088657,32.51988317710271,4977.962428907164,25.0,3.58,-0.0,0.2,rest
8898.0,389.62358846220855,32.56850655275619,4978.068429437936,25.0,3.58,-0.0,0.2,rest
8899.0,388.7456860785471,32.50389341322571,4978.002919539158,25.0,3.58,-0.0,0.2,rest
8900.0,389.344332995722,32.54865429597941,4978.024038181532,25.0,3.58,-0.0,0.2,rest
8901.0,389.81799669170346,32.584157162348404,4978.012048707411,25.0,3.58,-0.0,0.2,rest
8902.0,389.8330380570147,32.58568800422331,4978.099874239512,25.0,3.58,-0.0,0.2,rest
8903.0,390.1876909375499,32.61237525463333,4977.992143572932,25.0,3.58,-0.0,0.2,rest
8904.0,391.7835729354573,32.73100540262646,4977.966104099325,25.0,3.58,-0.0,0.2,rest
8905.0,391.00824202689455,32.67399015014034,4978.03949638854,25.0,3.58,-0.0,0.2,rest
8906.0,389.7128393549115,32.57845106332678,4977.870141133635,25.0,3.58,-0.0,0.2,rest
8907.0,390.6676994742514,32.64959810920381,4977.93698013503,25.0,3.58,-0.0,0.2,rest
8908.0,389.5235892984085,32.565265873956186,4978.10239464844,25.0,3.58,-0.0,0.2,rest
8909.0,391.1015712313915,32.68257009121419,4978.03257185839,25.0,3.58,-0.0,0.2,rest
8910.0,389.6617218017356,32.576331244573005,4977.987553681732,25.0,3.58,-0.0,0.2,rest
8911.0,389.95230867011134,32.598272864452696,4978.089506789523,25.0,3.58,-0.0,0.2,rest
8912.0,388.664869475565,32.503323664856666,4978.067710469507,25.0,3.58,-0.0,0.2,rest
8913.0,389.5629435928536,32.57026434021138,4977.994321053495,25.0,3.58,-0.0,0.2,rest
8914.0,392.1085981340447,32.75924800992924,4978.006247060842,25.0,3.58,-0.0,0.2,rest
8915.0,387.4802169514878,32.41682162603613,4978.100090037306,25.0,3.58,-0.0,0.2,rest
8916.0,389.9568279046137,32.60069095589731,4978.038296160266,25.0,3.58,-0.0,0.2,rest
8917.0,389.3949468049479,32.559486800366514,4977.999908685258,25.0,3.58,-0.0,0.2,rest
8918.0,389.4901345609608,32.56695441192303,4977.96020334639,25.0,3.58,-0.0,0.2,rest
8919.0,391.32032669882966,32.70294086657997,4978.01367993304,25.0,3.58,-0.0,0.2,rest
8920.0,389.2484972616405,32.549888686047446,4977.967977283135,25.0,3.58,-0.0,0.2,rest
8921.0,388.4432986251815,32.4906610092727,4978.044973166052,25.0,3.58,-0.0,0.2,rest
8922.0,389.7981919502393,32.59144014446217,4977.952533603641,25.0,3.58,-0.0,0.2,rest
8923.0,389.86930958359335,32.59712478396988,4977.964421701113,25.0,3.58,-0.0,0.2,rest
8924.0,390.6635316143333,32.65637271217283,4977.939813873319,25.0,3.58,-0.0,0.2,rest
8925.0,391.42937738660544,32.71351869530411,4978.024059662111,25.0,3.58,-0.0,0.2,rest
8926.0,390.73799714452673,32.662722010705686,4978.006267264379,25.0,3.58,-0.0,0.2,rest
8927.0,390.8674507463841,32.67272783306549,4978.02170252526,25.0,3.58,-0.0,0.2,rest
8928.0,389.3298490461933,32.5592480774958,4978.028702092648,25.0,3.58,-0.0,0.2,rest
8929.0,389.11131458223576,32.543477006091535,4978.0219428684,25.0,3.58,-0.0,0.2,rest
8930.0,390.2799366255537,32.630458268559536,4978.007814718451,25.0,3.58,-0.0,0.2,rest
8931.0,390.5431729188424,32.650373919914244,4977.930239038325,25.0,3.58,-0.0,0.2,rest
8932.0,390.83154137308776,32.67215121282132,4978.032631283879,25.0,3.58,-0.0,0.2,rest
8933.0,390.5181490305381,32.64935363189171,4978.015085177311,25.0,3.58,-0.0,0.2,rest
8934.0,389.4218359782394,32.56856192431403,4978.069832378617,25.0,3.58,-0.0,0.2,rest
8935.0,389.2718834125658,32.557870993523395,4977.977850360855,25.0,3.58,-0.0,0.2,rest
8936.0,391.21770701453073,32.70242274181709,4978.046117618765,25.0,3.58,-0.0,0.2,rest
8937.0,390.8863479269764,32.678294290887145,4977.937621937424,25.0,3.58,-0.0,0.2,rest
8938.0,388.0842065590113,32.47114493029713,4977.981788056615,25.0,3.58,-0.0,0.2,rest
8939.0,390.5122382466935,32.65141579605137,4978.020080436093,25.0,3.58,-0.0,0.2,rest
8940.0,390.4259160726816,32.64543822760604,4978.037311318318,25.0,3.58,-0.0,0.2,rest
8941.0,389.16022000226775,32.55209962979761,4978.095470178649,25.0,3.58,-0.0,0.2,rest
8942.0,388.7127724083578,32.519372030248725,4978.040593541993,25.0,3.58,-0.0,0.2,rest
8943.0,390.8485592035629,32.67799512618984,4977.961301340663,25.0,3.58,-0.0,0.2,rest
8944.0,390.4388503076104,32.64806298574892,4978.084477297813,25.0,3.58,-0.0,0.2,rest
8945.0,388.60041658715306,32.51229937682616,4978.014017204064,25.0,3.58,-0.0,0.2,rest
8946.0,389.9211081407146,32.61054504746034,4978.028743472477,25.0,3.58,-0.0,0.2,rest
8947.0,391.2064279223554,32.70617058684114,4978.01662348245,25.0,3.58,-0.0,0.2,rest
8948.0,389.54923227795774,32.58383202058946,4978.01415869803,25.0,3.58,-0.0,0.2,rest
8949.0,391.7022335639908,32.74373026399932,4977.944264568154,25.0,3.58,-0.0,0.2,rest
8950.0,388.59327790863966,32.51385391915849,4978.015581784834,25.0,3.58,-0.0,0.2,rest
8951.0,391.3218625134961,32.716387963962674,4978.02854131169,25.0,3.58,-0.0,0.2,rest
8952.0,389.7613191050492,32.60120882259624,4978.01400749086,25.0,3.58,-0.0,0.2,rest
8953.0,389.0155144593883,32.54638070069544,4977.989811558171,25.0,3.58,-0.0,0.2,rest
8954.0,389.6714199120764,32.5953829564501,4978.074537595596,25.0,3.58,-0.0,0.2,rest
8955.0,390.8714123013016,32.684687948244566,4977.938646863504,25.0,3.58,-0.0,0.2,rest
8956.0,388.671793695642,32.522169903380885,4978.047617787559,25.0,3.58,-0.0,0.2,rest
8957.0,391.1345723229168,32.70501461651235,4978.106043833746,25.0,3.58,-0.0,0.2,rest
8958.0,390.6930360039676,32.67272488918279,4978.004592895156,25.0,3.58,-0.0,0.2,rest
8959.0,387.5828680685989,32.44275874582215,4978.043710199024,25.0,3.58,-0.0,0.2,rest
8960.0,390.28171915662745,32.643090307898326,4978.015027134361,25.0,3.58,-0.0,0.2,rest
8961.0,391.2225879484533,32.713200959144686,4978.0503378375,25.0,3.58,-0.0,0.2,rest
8962.0,389.2429014182832,32.56697417913209,4977.995880174464,25.0,3.58,-0.0,0.2,rest
8963.0,387.2790930756068,32.42192356115606,4977.964582567809,25.0,3.58,-0.0,0.2,rest
8964.0,390.8239156500149,32.68491967777888,4977.913468042888,25.0,3.58,-0.0,0.2,rest
8965.0,391.0610520302741,32.70290200224253,4977.965407781012,25.0,3.58,-0.0,0.2,rest
8966.0,391.5573860935903,32.74008415508076,4978.01629718839,25.0,3.58,-0.0,0.2,rest
8967.0,388.9969430294715,32.55083837255344,4978.011291578328,25.0,3.58,-0.0,0.2,rest
8968.0,388.8893098714304,32.54328221269855,4977.951903476032,25.0,3.58,-0.0,0.2,rest
8969.0,389.397325487723,32.58132966575726,4977.989737831227,25.0,3.58,-0.0,0.2,rest
8970.0,391.2815168146645,32.72131606034552,4978.055354678518,25.0,3.58,-0.0,0.2,rest
8971.0,388.9912488593153,32.552083248838166,4978.100821684134,25.0,3.58,-0.0,0.2,rest
8972.0,390.0475590817845,32.630745117169226,4978.002421377516,25.0,3.58,-0.0,0.2,rest
8973.0,388.2682660411229,32.49936229934244,4977.888629804609,25.0,3.58,-0.0,0.2,rest
8974.0,391.50314169060414,32.7393993844892,4978.00234583974,25.0,3.58,-0.0,0.2,rest
8975.0,389.9639880998325,32.62580467406166,4978.051926419716,25.0,3.58,-0.0,0.2,rest
8976.0,390.1059028513922,32.636733544547575,4978.047429990327,25.0,3.58,-0.0,0.2,rest
8977.0,393.4797688410621,32.88706621044905,4978.001067489645,25.0,3.58,-0.0,0.2,rest
8978.0,391.0549053634962,32.707863360258976,4978.041134019868,25.0,3.58,-0.0,0.2,rest
8979.0,390.58679995723344,32.67360555238766,4978.001129949739,25.0,3.58,-0.0,0.2,rest
8980.0,390.0006741900764,32.63060549556121,4978.11146748563,25.0,3.58,-0.0,0.2,rest
8981.0,389.7952128477396,32.61580280353626,4977.919616100407,25.0,3.58,-0.0,0.2,rest
8982.0,388.4299726451295,32.51509056630589,4977.994513041355,25.0,3.58,-0.0,0.2,rest
8983.0,390.9103102817384,32.69923594679544,4977.962415759518,25.0,3.58,-0.0,0.2,rest
8984.0,389.76146546865215,32.61455299767794,4977.951913984436,25.0,3.58,-0.0,0.2,rest
8985.0,389.7893936528496,32.6170384187296,4977.958810196732,25.0,3.58,-0.0,0.2,rest
8986.0,388.3591306387816,32.51150967694678,4977.949453346262,25.0,3.58,-0.0,0.2,rest
8987.0,391.28991700657,32.7290216301163,4977.82813128259,25.0,3.58,-0.0,0.2,rest
8988.0,390.15601921761817,32.64544586797172,4978.122686963329,25.0,3.58,-0.0,0.2,rest
8989.0,390.180652846571,32.64768724789415,4977.909221298,25.0,3.58,-0.0,0.2,rest
8990.0,389.4963252508006,32.597412981540785,4977.966446001518,25.0,3.58,-0.0,0.2,rest
8991.0,390.58601870250806,32.67854768166727,4977.947776450343,25.0,3.58,-0.0,0.2,rest
8992.0,390.9235006876036,32.70396301389657,4977.93276132286,25.0,3.58,-0.0,0.2,rest
8993.0,390.6191028729416,32.681831694291965,4977.994647101907,25.0,3.58,-0.0,0.2,rest
8994.0,388.89761686448816,32.554730878850975,4977.980158092775,25.0,3.58,-0.0,0.2,rest
8995.0,388.1855896646584,32.50240478997469,4978.045717109743,25.0,3.58,-0.0,0.2,rest
8996.0,389.8775763441,32.62815380326666,4977.956475809096,25.0,3.58,-0.0,0.2,rest
8997.0,390.5079294151824,32.67526329001351,4978.002101209043,25.0,3.58,-0.0,0.2,rest
8998.0,387.40734082877526,32.44600672805743,4977.898627589812,25.0,3.58,-0.0,0.2,rest
8999.0,389.0263841140912,32.56635252696972,4978.01181371522,25.0,3.58,-0.0,0.2,rest
