t_s,I_A,voltage_V,V_pos_V,V_neg_V,sum_residual_mV,T_degC,soc,seg_id,seg_type
0.0,-5.0,3.622790652893973,3.735934175519127,0.1136626801589404,0.5191575337866183,25.0,0.2,1,anode_hold
1.0,-5.0,3.6241014494346753,3.736718836291865,0.1122958869871013,-0.3214998700884486,25.007436961534744,0.20027777777777778,1,anode_hold
2.0,-5.0,3.6255168242283,3.737639248797507,0.1117949641312308,-0.327460437976157,25.014937989346222,0.20055555555555557,1,anode_hold
3.0,-5.0,3.626207879098267,3.737818216732791,0.1110608398962574,-0.5494977382665134,25.02249711525809,0.20083333333333334,1,anode_hold
4.0,-5.0,3.6287243722866,3.738841528730125,0.1095264457471046,-0.5907106964206932,25.03011219560386,0.20111111111111113,1,anode_hold
5.0,-5.0,3.629730410764851,3.739375780311619,0.1097959341201693,0.150564573401013,25.03777977362202,0.2013888888888889,1,anode_hold
6.0,-5.0,3.630457853425067,3.739276673388314,0.1085767465992265,-0.2420733640202677,25.045504604718936,0.2016666666666667,1,anode_hold
7.0,-5.0,3.631936250047843,3.740738601816422,0.1079792316758485,-0.823120092730445,25.053269369352662,0.20194444444444445,1,anode_hold
8.0,-5.0,3.632919097696629,3.740170499126583,0.1079594957199429,0.7080942899890807,25.061093207895624,0.20222222222222222,1,anode_hold
9.0,-5.0,3.633793293757656,3.7410229787984006,0.1075924546349536,0.3627695942083342,25.06895915898921,0.20249999999999999,1,anode_hold
10.0,-5.0,3.635375753575296,3.7417765809296415,0.1061302608947386,-0.2705664596067691,25.076866296861844,0.20277777777777778,1,anode_hold
11.0,-5.0,3.6361147863079815,3.741352968918408,0.10556514582425,0.3269632138231948,25.084813720717182,0.20305555555555554,1,anode_hold
12.0,-5.0,3.6372452312398647,3.74284465822309,0.1048942778274764,-0.7051491557490408,25.09281318638069,0.20333333333333334,1,anode_hold
13.0,-5.0,3.638252470502736,3.7433557032594846,0.1043530862779483,-0.7501464788006729,25.100853552420524,0.2036111111111111,1,anode_hold
14.0,-5.0,3.6397813655588993,3.743449113673956,0.103714643333957,0.0468952189005555,25.108930704765573,0.2038888888888889,1,anode_hold
15.0,-5.0,3.6407770705815374,3.744033569775412,0.1028854782839072,-0.3710209099665462,25.11704390540428,0.20416666666666666,1,anode_hold
16.0,-5.0,3.642137709493346,3.744476840332368,0.1019378607934448,-0.4012700455771067,25.12519843681214,0.20444444444444446,1,anode_hold
17.0,-5.0,3.642958100517162,3.744800664935678,0.1022464004787687,0.4038360602525159,25.133395035490143,0.20472222222222222,1,anode_hold
18.0,-5.0,3.644330867109342,3.745633240556384,0.1008540240362271,-0.448349410814064,25.141637220310244,0.205,1,anode_hold
19.0,-5.0,3.645167931472782,3.745631714612972,0.1000696236553863,-0.3941594848035912,25.149908241301635,0.20527777777777778,1,anode_hold
20.0,-5.0,3.6468308481081233,3.746168952566675,0.0998636082029597,0.5255037444080735,25.158179262293025,0.20555555555555555,1,anode_hold
21.0,-5.0,3.6477068854549977,3.746710602558021,0.098827924577955,-0.1757925250682745,25.166533960151284,0.20583333333333334,1,anode_hold
22.0,-5.0,3.648820673202742,3.7472747825402353,0.0986098387626234,0.1557294251304242,25.174889887622232,0.2061111111111111,1,anode_hold
23.0,-5.0,3.64987648475559,3.747760345882791,0.0978966694893844,0.0128083621833141,25.183276151861392,0.2063888888888889,1,anode_hold
24.0,-5.0,3.6504212850832674,3.747371924296985,0.09738252330374,0.4318840900223719,25.191709360870508,0.20666666666666667,1,anode_hold
25.0,-5.0,3.651930645383772,3.7475997466149376,0.0963909688078689,0.7218675767033389,25.20014256987962,0.20694444444444446,1,anode_hold
26.0,-5.0,3.653206510880018,3.748557813997952,0.0961905602095762,0.8392570916417874,25.20862927479416,0.20722222222222222,1,anode_hold
27.0,-5.0,3.65297238290794,3.74896158072276,0.0950370738918097,-0.9521239230099175,25.2171293888614,0.2075,1,anode_hold
28.0,-5.0,3.65378409046456,3.749020803758746,0.0946234115162944,-0.6133017778915395,25.225656481540337,0.20777777777777778,1,anode_hold
29.0,-5.0,3.6546498619750456,3.749807184315662,0.0946230003004919,-0.5343220401243798,25.234214501180755,0.20805555555555555,1,anode_hold
30.0,-5.0,3.6561453147355656,3.750268623653205,0.0940821068687772,-0.0412020488624875,25.242779577129166,0.20833333333333334,1,anode_hold
31.0,-5.0,3.656678224824391,3.750546733329282,0.0941852349380305,0.3167264331396247,25.25139095880713,0.2086111111111111,1,anode_hold
32.0,-5.0,3.65770984591899,3.7512855944234498,0.0933060003180372,-0.2697481864224471,25.26000234048509,0.2088888888888889,1,anode_hold
33.0,-5.0,3.6583179741969833,3.750814233349963,0.0924869308728565,-0.0093282801238991,25.26865312603762,0.20916666666666667,1,anode_hold
34.0,-5.0,3.6588712887606927,3.751479883219808,0.0926742000345985,0.0656055754828521,25.27731385124053,0.20944444444444446,1,anode_hold
35.0,-5.0,3.659585653726583,3.7523992091657226,0.0922144171760597,-0.5991382630798903,25.28599569068217,0.20972222222222223,1,anode_hold
36.0,-5.0,3.660125094666395,3.752353696153984,0.0920194693211886,-0.2091321663999501,25.294701833611303,0.21,1,anode_hold
37.0,-5.0,3.66110856821259,3.75214069651508,0.0912738071413787,0.2416788388890367,25.303413453478083,0.21027777777777779,1,anode_hold
38.0,-5.0,3.661157464761644,3.752868070201234,0.0910685854957159,-0.6420199438745833,25.31216133581289,0.21055555555555555,1,anode_hold
39.0,-5.0,3.662018171303276,3.753491371960738,0.0909984408326797,-0.4747598247822893,25.32090921814769,0.21083333333333334,1,anode_hold
40.0,-5.0,3.6628440140859975,3.754084884953974,0.0908948310163105,-0.3460398516659246,25.32968748976126,0.2111111111111111,1,anode_hold
41.0,-5.0,3.6639323912451456,3.753969487741138,0.0904920020993452,0.4549056033535947,25.338473475622752,0.2113888888888889,1,anode_hold
42.0,-5.0,3.6637591775243914,3.754432527367955,0.0903077659296495,-0.3655839139149464,25.347282619304,0.21166666666666667,1,anode_hold
43.0,-5.0,3.664233287532357,3.754040351996528,0.0893777307965304,-0.4293336676410852,25.356118527961645,0.21194444444444446,1,anode_hold
44.0,-5.0,3.6649565084215374,3.7546037383904767,0.0894831695632258,-0.164060405712707,25.36495443661929,0.21222222222222223,1,anode_hold
45.0,-5.0,3.665984765152423,3.7553439891844898,0.0893462330454985,-0.0129909865687061,25.37379034527693,0.2125,1,anode_hold
46.0,-5.0,3.666191970751006,3.754989412967695,0.0893035364827092,0.5060942660199963,25.38262625393457,0.2127777777777778,1,anode_hold
47.0,-5.0,3.6671593427076328,3.755545938906261,0.0888774348187947,0.4908386201663006,25.39150360818456,0.21305555555555555,1,anode_hold
48.0,-5.0,3.666682239717442,3.7552750323585062,0.0885227216729649,-0.0700709680994116,25.400391549663656,0.21333333333333335,1,anode_hold
49.0,-5.0,3.668064515486156,3.756572562295686,0.0883563293843878,-0.1517174251417508,25.40927949114275,0.2136111111111111,1,anode_hold
50.0,-5.0,3.668518378386428,3.756361008351415,0.0881626455024946,0.3200155375080449,25.41816743262185,0.2138888888888889,1,anode_hold
51.0,-5.0,3.668243989317829,3.756844162720407,0.0875700000614882,-1.0301733410895686,25.427073035906915,0.21416666666666667,1,anode_hold
52.0,-5.0,3.669163576133282,3.75647987739435,0.0878258506068694,0.5095493458013856,25.43599061538804,0.21444444444444447,1,anode_hold
53.0,-5.0,3.669936775219159,3.75680050507644,0.0878678530397831,1.004123182501537,25.444916410343115,0.21472222222222223,1,anode_hold
54.0,-5.0,3.670059084772298,3.758013006818506,0.0876392799466954,-0.3146420995125965,25.45384977796991,0.215,1,anode_hold
55.0,-5.0,3.670809046932901,3.757615420114069,0.0866493629011803,-0.1570102799872685,25.462789206129067,0.2152777777777778,1,anode_hold
56.0,-5.0,3.671717709830216,3.757811994030857,0.0869705138749834,0.8762296743429765,25.471736199155465,0.21555555555555556,1,anode_hold
57.0,-5.0,3.67159650477602,3.7583894832244753,0.0862663597316161,-0.5266187168389003,25.48069041943168,0.21583333333333335,1,anode_hold
58.0,-5.0,3.671947431203777,3.75865764161171,0.0867844811983577,0.0742707904244355,25.48964917381072,0.21611111111111111,1,anode_hold
59.0,-5.0,3.672317470683911,3.758143506942703,0.0863526429470756,0.5266066882834153,25.498616306596094,0.2163888888888889,1,anode_hold
60.0,-5.0,3.673260451550077,3.7586944448997768,0.086137029926733,0.7030365770326341,25.50758574518191,0.21666666666666667,1,anode_hold
61.0,-5.0,3.673508733920468,3.759252271781432,0.0854679479943455,-0.2755898666180201,25.51656382196785,0.21694444444444447,1,anode_hold
62.0,-5.0,3.6740065606647754,3.7594816979621126,0.0848379190727959,-0.6372182245422131,25.52554455161398,0.21722222222222223,1,anode_hold
63.0,-5.0,3.6745017283075656,3.759825913662553,0.0848712284851189,-0.4529568698683484,25.53453033622346,0.21750000000000003,1,anode_hold
64.0,-5.0,3.675178395827543,3.759822485420154,0.0848628644449487,0.2187748523372334,25.54352008099364,0.2177777777777778,1,anode_hold
65.0,-5.0,3.67510154479441,3.7600996324972304,0.0843123231927075,-0.6857645101128185,25.55251192911664,0.21805555555555556,1,anode_hold
66.0,-5.0,3.675381095969911,3.760476462894384,0.0842678963003664,-0.8274706241060414,25.561508463079395,0.21833333333333335,1,anode_hold
67.0,-5.0,3.675528876560185,3.760426015490547,0.0849023582517661,0.0052193214044038,25.57050634848308,0.21861111111111112,1,anode_hold
68.0,-5.0,3.677038263033211,3.760603873666788,0.0837827557623149,0.2171451287376058,25.579506587238907,0.2188888888888889,1,anode_hold
69.0,-5.0,3.67713365772144,3.760911771593967,0.0841310946008651,0.3529807283388919,25.58850904619757,0.21916666666666668,1,anode_hold
70.0,-5.0,3.6780045888932142,3.7613006104003737,0.083187113261066,-0.108908246093442,25.59751255107417,0.21944444444444444,1,anode_hold
71.0,-5.0,3.6780149038033167,3.761472334019596,0.0835756031696955,0.1181729534165398,25.606518330209653,0.2197222222222222,1,anode_hold
72.0,-5.0,3.678272928524824,3.761591416238703,0.0834926020369089,0.174114323029606,25.61552497339756,0.22,1,anode_hold
73.0,-5.0,3.679133237546722,3.761879426204823,0.0831000739346865,0.3538852765858635,25.624532795415533,0.22027777777777777,1,anode_hold
74.0,-5.0,3.679472635901301,3.762158742159032,0.0830401986508711,0.3540923931404371,25.633541931948443,0.22055555555555556,1,anode_hold
75.0,-5.0,3.6796277260464905,3.7624886382150526,0.0829269518382372,0.0660396696749998,25.642551612715646,0.22083333333333333,1,anode_hold
76.0,-5.0,3.680242073235944,3.762716546057753,0.0816855997904173,-0.7888730313911907,25.651562407298872,0.22111111111111112,1,anode_hold
77.0,-5.0,3.6815313612627314,3.7624284723194377,0.0818993395664736,1.0022285097672778,25.6605735370089,0.22138888888888889,1,anode_hold
78.0,-5.0,3.681590715383346,3.7633270990295,0.0817049842604782,-0.0313993856759786,25.669585028128573,0.22166666666666668,1,anode_hold
79.0,-5.0,3.682065551874633,3.762752488208299,0.081428578137724,0.741641804058446,25.678596460230544,0.22194444444444444,1,anode_hold
80.0,-5.0,3.6823016240097455,3.7636108307203786,0.0815410950336972,0.2318883230643109,25.68760769505415,0.2222222222222222,1,anode_hold
81.0,-5.0,3.682591455043291,3.763431969540075,0.0809361126594387,0.0955981626544755,25.69661812110107,0.2225,1,anode_hold
82.0,-5.0,3.6834662658152726,3.764021913853416,0.0810138898412658,0.4582418031229274,25.70562745052964,0.22277777777777777,1,anode_hold
83.0,-5.0,3.6835563470059793,3.764364876033845,0.0808092062881038,0.0006772602381133,25.71463584319955,0.22305555555555556,1,anode_hold
84.0,-5.0,3.683749123270225,3.763666942808503,0.0803131777010081,0.3953581627307301,25.723641714601047,0.22333333333333333,1,anode_hold
85.0,-5.0,3.684326426479788,3.764614984778932,0.0802385398103923,-0.0500184887521903,25.73264642677268,0.22361111111111112,1,anode_hold
86.0,-5.0,3.6844868593982105,3.764708329679925,0.0796464570639161,-0.5750132177984035,25.74164850358004,0.2238888888888889,1,anode_hold
87.0,-5.0,3.685217594979404,3.7646770762656736,0.0797616571225413,0.3021758362717897,25.750648321956803,0.22416666666666668,1,anode_hold
88.0,-5.0,3.685908236761256,3.7651266514237776,0.0795084456603356,0.2900309978137727,25.75964661886679,0.22444444444444445,1,anode_hold
89.0,-5.0,3.685757617842133,3.765052922448844,0.0791613597231343,-0.1339448835766532,25.7686413716235,0.2247222222222222,1,anode_hold
90.0,-5.0,3.686885412311704,3.765432256978425,0.0788128608201143,0.2660161533931671,25.777634693378417,0.225,1,anode_hold
91.0,-5.0,3.6867230417213377,3.76527158840138,0.0789704393337643,0.4218926537218337,25.78662514967178,0.22527777777777777,1,anode_hold
92.0,-5.0,3.687437838775018,3.766021352428706,0.0783724739238952,-0.2110397297929722,25.795614606643223,0.22555555555555556,1,anode_hold
93.0,-5.0,3.687616454292789,3.766155336195273,0.0788070631801102,0.2681812776264003,25.804600547672116,0.22583333333333333,1,anode_hold
94.0,-5.0,3.688275398370768,3.766394577689259,0.0782349700429221,0.1157907244313527,25.81358583680373,0.22611111111111112,1,anode_hold
95.0,-5.0,3.688825714987968,3.766162679604416,0.0777929921488137,0.4560275323659546,25.822567111640453,0.2263888888888889,1,anode_hold
96.0,-5.0,3.689144556712594,3.767108504961164,0.0771185313028249,-0.8454169457445815,25.831547097500717,0.22666666666666668,1,anode_hold
97.0,-5.0,3.689511150126405,3.767338699608229,0.0773067861060368,-0.5207633757873253,25.840523531176583,0.22694444444444445,1,anode_hold
98.0,-5.0,3.68995480828237,3.766901308417663,0.0768290629849639,-0.1174371503287474,25.849497762775982,0.22722222222222221,1,anode_hold
99.0,-5.0,3.690331139530479,3.7669869989743487,0.076579629933991,-0.0762295098786225,25.85846859036093,0.2275,1,anode_hold
100.0,-5.0,3.6905109611143057,3.7671734373634793,0.0760044546593822,-0.6580215897913355,25.86743610115172,0.22777777777777777,1,anode_hold
101.0,-5.0,3.691293879943213,3.767687044309503,0.0762990542438939,-0.0941101223967955,25.87640054227651,0.22805555555555557,1,anode_hold
102.0,-5.0,3.6918678973224575,3.767970366999699,0.0760051489467847,-0.0973207304570955,25.88535959404814,0.22833333333333333,1,anode_hold
103.0,-5.0,3.692386073976477,3.767612073212864,0.07560493718648,0.378937950093583,25.89431569116392,0.22861111111111113,1,anode_hold
104.0,-5.0,3.692670190717491,3.767402653157719,0.0753584112598861,0.625948819658273,25.90326953578518,0.2288888888888889,1,anode_hold
105.0,-5.0,3.693562729956541,3.768329323913362,0.0753046790479859,0.5380850911644863,25.912214982825905,0.22916666666666669,1,anode_hold
106.0,-5.0,3.693270602591272,3.768354988918714,0.0748166137113089,-0.2677726161328664,25.92116042986663,0.22944444444444445,1,anode_hold
107.0,-5.0,3.693392526799597,3.7685932601052863,0.07486782207698,-0.332911228709154,25.93009720327412,0.22972222222222222,1,anode_hold
108.0,-5.0,3.6944467688165328,3.768871244312154,0.0752647951307106,0.8403196350896813,25.93903148885677,0.23,1,anode_hold
109.0,-5.0,3.69393157437405,3.768551501588061,0.0744694545241829,-0.1504726898282626,25.94796193641376,0.23027777777777778,1,anode_hold
110.0,-5.0,3.6949055858673705,3.769079396076184,0.0751601131639124,0.9863029550989388,25.956885022986413,0.23055555555555557,1,anode_hold
111.0,-5.0,3.69470063173685,3.769141716695784,0.0738658794218851,-0.5752055370487064,25.96580626792638,0.23083333333333333,1,anode_hold
112.0,-5.0,3.69547933250329,3.7695171765371702,0.0743801390838038,0.3422950499230026,25.974718537525952,0.23111111111111113,1,anode_hold
113.0,-5.0,3.695168503818581,3.7699439680249336,0.0741645832893481,-0.6108809170046747,25.983630807125525,0.2313888888888889,1,anode_hold
114.0,-5.0,3.696431646450199,3.769746615746135,0.0739566104516166,0.6416411556804391,25.992532311124325,0.2316666666666667,1,anode_hold
115.0,-5.0,3.696517268902274,3.7696582171390696,0.0735487197195401,0.4077714827444012,26.001433791351964,0.2319444444444444,1,anode_hold
116.0,-5.0,3.6966875310478993,3.770465300738367,0.0726539878436213,-1.1237818468461391,26.010325302040577,0.23222222222222222,1,anode_hold
117.0,-5.0,3.6978966148995247,3.770473845143123,0.0732349852163394,0.6577549727406762,26.019214702951068,0.2325,1,anode_hold
118.0,-5.0,3.698037713634725,3.7703685640152633,0.0729679033804375,0.6370529998993568,26.028102846295308,0.2327777777777778,1,anode_hold
119.0,-5.0,3.698234549742045,3.7700539891048654,0.0724166043646236,0.5971650018032904,26.03697862043204,0.23305555555555557,1,anode_hold
120.0,-5.0,3.6984098745363903,3.7705035527286,0.0714537375842902,-0.6399406079200531,26.04585439456877,0.23333333333333334,1,anode_hold
121.0,-5.0,3.699026952966893,3.770980010662625,0.0722448842144586,0.2918265187270563,26.054724492698025,0.23361111111111113,1,anode_hold
122.0,-5.0,3.699386096325203,3.771268604400974,0.0714167512083428,-0.465756867427558,26.063584466493964,0.2338888888888889,1,anode_hold
123.0,-5.0,3.700039564565168,3.771108377730423,0.0713901915554573,0.3213783902018541,26.07243800975772,0.2341666666666667,1,anode_hold
124.0,-5.0,3.70044439040852,3.771564173328763,0.0716265751356448,0.5067922154018412,26.081288495806984,0.23444444444444446,1,anode_hold
125.0,-5.0,3.7003752957539815,3.7714027059131943,0.0714445685303644,0.4171583711514159,26.090128980314255,0.23472222222222217,1,anode_hold
126.0,-5.0,3.700778704511627,3.771627999355061,0.070955305383129,0.1060105396955002,26.09896544249909,0.23499999999999996,1,anode_hold
127.0,-5.0,3.701145877247273,3.772076204631015,0.0704707958454278,-0.4595315383140175,26.10779323224371,0.23527777777777772,1,anode_hold
128.0,-5.0,3.7012626828374806,3.771992997786666,0.0709470480517347,0.2167331025493268,26.116621021988333,0.23555555555555552,1,anode_hold
129.0,-5.0,3.701851986712243,3.7722765854027465,0.0705792409639254,0.1546422734222119,26.12544881173295,0.23583333333333328,1,anode_hold
130.0,-5.0,3.702363963963161,3.772655595004247,0.069981714147711,-0.3099168933751173,26.1342583009444,0.23611111111111105,1,anode_hold
131.0,-5.0,3.702961211596437,3.7728891550097297,0.0695334214633156,-0.3945219499774666,26.14306686600065,0.23638888888888884,1,anode_hold
132.0,-5.0,3.703512853067658,3.7725265678336646,0.0697016415605208,0.6879267945150147,26.15187426170466,0.23666666666666664,1,anode_hold
133.0,-5.0,3.703245957074629,3.772783109803157,0.0689925109417356,-0.5446417867918107,26.160663495836623,0.2369444444444444,1,anode_hold
134.0,-5.0,3.704025475414509,3.772614359418963,0.0697128869354999,1.1240029310459754,26.169452729968587,0.23722222222222217,1,anode_hold
135.0,-5.0,3.7040990514498304,3.772775017501157,0.0691161406332205,0.4401745818936042,26.178238528835823,0.23749999999999996,1,anode_hold
136.0,-5.0,3.705229531958312,3.773411835370944,0.0686350742016224,0.452770788991419,26.187007442428808,0.23777777777777773,1,anode_hold
137.0,-5.0,3.704966945689905,3.7733176587147934,0.0686430835940037,0.292370569114464,26.19577635602179,0.23805555555555552,1,anode_hold
138.0,-5.0,3.705504974869205,3.7730678245484137,0.0677980773244748,0.2352276452657342,26.204539383310536,0.23833333333333329,1,anode_hold
139.0,-5.0,3.7054415442938273,3.773937780457508,0.0680619265735896,-0.4343095900911642,26.213287093887416,0.23861111111111105,1,anode_hold
140.0,-5.0,3.705847242262165,3.773675775241108,0.0676724704498566,-0.156062529085954,26.222034804464293,0.23888888888888885,1,anode_hold
141.0,-5.0,3.706512809742988,3.7739845787260338,0.0671771548619084,-0.2946141211372932,26.230773977252618,0.23916666666666664,1,anode_hold
142.0,-5.0,3.706689075600555,3.7743530370985865,0.0672579404207961,-0.4060210772354189,26.239499579453387,0.2394444444444444,1,anode_hold
143.0,-5.0,3.707262269296452,3.774495523891579,0.0673490065193081,0.1157519241812288,26.24822518165416,0.23972222222222217,1,anode_hold
144.0,-5.0,3.707034075935927,3.7745058462946783,0.0666151297000236,-0.8566406587275921,26.2569382135623,0.23999999999999996,1,anode_hold
145.0,-5.0,3.708041794672501,3.7740691717079233,0.0667915405232109,0.7641634877884051,26.26563840796159,0.24027777777777773,1,anode_hold
146.0,-5.0,3.707913919083865,3.7749864444558527,0.0662181145047194,-0.8544108672681183,26.27433860236088,0.24055555555555552,1,anode_hold
147.0,-5.0,3.7090411729965034,3.774783307732069,0.0665217451423945,0.7796104068287235,26.283036935899997,0.2408333333333333,1,anode_hold
148.0,-5.0,3.70878013077488,3.774682057599028,0.0657355324834955,-0.1663943406522428,26.291709822789542,0.24111111111111105,1,anode_hold
149.0,-5.0,3.7095380754284735,3.77459020227902,0.0662835677176962,1.2314408671509902,26.30038270967909,0.24138888888888885,1,anode_hold
150.0,-5.0,3.7091326258904576,3.7757991973375327,0.0660723624341065,-0.5942090129686939,26.309055596568648,0.24166666666666664,1,anode_hold
151.0,-5.0,3.710035301422977,3.775591977267241,0.0659147119997635,0.3580361554997857,26.317710655266424,0.2419444444444444,1,anode_hold
152.0,-5.0,3.7100031206131874,3.775731379441817,0.06599332203564,0.2650632070104741,26.326355752813505,0.24222222222222217,1,anode_hold
153.0,-5.0,3.7104903630508943,3.7760299799450814,0.0652829546456385,-0.2566622485487002,26.33499010240496,0.24249999999999997,1,anode_hold
154.0,-5.0,3.7110117606958952,3.77597192759482,0.0650474636435092,0.0872967445841865,26.343621617677435,0.24277777777777773,1,anode_hold
155.0,-5.0,3.711280034397997,3.7757000913381393,0.0649717868112535,0.5517298711108509,26.35224055798536,0.24305555555555552,1,anode_hold
156.0,-5.0,3.711825217472823,3.776498858041758,0.0644279584766169,-0.2456820923186775,26.360857493165614,0.2433333333333333,1,anode_hold
157.0,-5.0,3.712339341460412,3.776744854573652,0.0637766549080612,-0.6288582051792169,26.36946224214606,0.24361111111111106,1,anode_hold
158.0,-5.0,3.7126781414210352,3.776748082829497,0.0637604094968656,-0.3095319115962169,26.37806311485166,0.24388888888888885,1,anode_hold
159.0,-5.0,3.712817511554836,3.777203391219364,0.0635477184370839,-0.8381612274441785,26.38665175600589,0.24416666666666664,1,anode_hold
160.0,-5.0,3.712796176067104,3.77746232122268,0.0637599451470091,-0.906200008566227,26.39524039716011,0.2444444444444444,1,anode_hold
161.0,-5.0,3.713313867295037,3.7767957992170857,0.0633057629733233,-0.1761689487254081,26.40380719365466,0.24472222222222217,1,anode_hold
162.0,-5.0,3.71384590254756,3.777048841000377,0.0631760175755678,-0.0269208772496476,26.412372671752475,0.24499999999999997,1,anode_hold
163.0,-5.0,3.7136100370698433,3.777594682928063,0.0632677472586727,-0.7168985995464894,26.420927102904844,0.24527777777777776,1,anode_hold
164.0,-5.0,3.714810093788933,3.777526195815224,0.0629618340595151,0.2457320332247548,26.42947546770982,0.24555555555555555,1,anode_hold
165.0,-5.0,3.71485064988904,3.7776812806777578,0.0633136047807534,0.4829739920353404,26.438013460333643,0.24583333333333332,1,anode_hold
166.0,-5.0,3.715185567687791,3.778042856399692,0.0625019440709595,-0.3553446409414462,26.44653201615594,0.2461111111111111,1,anode_hold
167.0,-5.0,3.7158838984712,3.778128445831924,0.062038925423659,-0.2056219370651923,26.455050571978237,0.24638888888888888,1,anode_hold
168.0,-5.0,3.7161381808905176,3.777917059962581,0.0625094429135524,0.7305638414889515,26.46356912780053,0.24666666666666665,1,anode_hold
169.0,-5.0,3.7163456527085166,3.7782314729215822,0.0618056776042112,-0.0801426088545831,26.472083950825667,0.2469444444444444,1,anode_hold
170.0,-5.0,3.7163320798567456,3.778124463850212,0.0617002418170674,-0.0921421763986352,26.480584927353515,0.24722222222222223,1,anode_hold
171.0,-5.0,3.717078733920097,3.77842415967781,0.0618124059674626,0.4669802097496678,26.48908590388136,0.2475,1,anode_hold
172.0,-5.0,3.7174497748862394,3.7782932209323774,0.0613515847549584,0.5081387088186062,26.497569582974908,0.24777777777777776,1,anode_hold
173.0,-5.0,3.717440824451825,3.7781813557732193,0.06129177657957,0.5512452581761806,26.506053212366812,0.24805555555555556,1,anode_hold
174.0,-5.0,3.7183809394006775,3.778766346630147,0.0606778435929345,0.2924363634653204,26.514523192728223,0.24833333333333332,1,anode_hold
175.0,-5.0,3.71858237916989,3.778881954797306,0.0605580796303031,0.2585040028879604,26.522989366536606,0.24861111111111112,1,anode_hold
176.0,-5.0,3.7181978964092,3.779471456031654,0.0606248844403072,-0.6486751821470627,26.53144398638962,0.24888888888888888,1,anode_hold
177.0,-5.0,3.719181619016074,3.779818498041025,0.0600584723015781,-0.5784067233722823,26.53988977291064,0.24916666666666665,1,anode_hold
178.0,-5.0,3.719121875245,3.779496298970895,0.0598880134750976,-0.48641025079732,26.548335559431663,0.24944444444444444,1,anode_hold
179.0,-5.0,3.72018840421884,3.7797717838868112,0.0597907457057766,0.2073660378054675,26.55675523988989,0.24972222222222223,1,anode_hold
180.0,-5.0,3.72043442911513,3.779580332355242,0.0600792124102638,0.9333091701519968,26.56517123837271,0.25,1,anode_hold
181.0,-5.0,3.7202028431124337,3.779633820939413,0.0598435976204255,0.4126197934457565,26.573584448752857,0.25027777777777777,1,anode_hold
182.0,-5.0,3.720596009766621,3.779965636770575,0.059282202859582,-0.087424144372239,26.58198546265677,0.25055555555555553,1,anode_hold
183.0,-5.0,3.721219578801,3.78010460976328,0.05904572146318,0.1606905008997294,26.590386476560685,0.25083333333333335,1,anode_hold
184.0,-5.0,3.721442171373168,3.780417940393638,0.0586297951863273,-0.3459738341433649,26.59877331906095,0.2511111111111111,1,anode_hold
185.0,-5.0,3.722295318583326,3.7805017124259424,0.059052922212514,0.8465283698972925,26.6071558026436,0.2513888888888889,1,anode_hold
186.0,-5.0,3.722381656741783,3.781103811819104,0.0585968197801043,-0.1253352972163668,26.615525451112244,0.25166666666666665,1,anode_hold
187.0,-5.0,3.722394928639378,3.7806792581480058,0.0585754269040034,0.2910973953760276,26.62388787619033,0.2519444444444444,1,anode_hold
188.0,-5.0,3.7229729302899233,3.780386917554732,0.057687085845031,0.2730985802221752,26.632240704744078,0.25222222222222224,1,anode_hold
189.0,-5.0,3.722509858729087,3.781056375958837,0.0581710417139306,-0.375475515818735,26.64058449577312,0.2525,1,anode_hold
190.0,-5.0,3.723531882743529,3.7809600602028937,0.0577944528169906,0.3662753576261224,26.648914156293912,0.25277777777777777,1,anode_hold
191.0,-5.0,3.724017522460272,3.781357069436174,0.0577955686693503,0.4560216934477168,26.65722172592516,0.25305555555555553,1,anode_hold
192.0,-5.0,3.724022591594514,3.781771041432908,0.0576995519203994,-0.0488979179942283,26.665529295556407,0.25333333333333335,1,anode_hold
193.0,-5.0,3.724181890095711,3.781378475270379,0.0572109300817401,0.0143449070719725,26.673836865187653,0.2536111111111111,1,anode_hold
194.0,-5.0,3.724882227908174,3.7816860825962655,0.0569180933825525,0.1142386944610329,26.68213915864707,0.2538888888888889,1,anode_hold
195.0,-5.0,3.7256105204194863,3.7820011043739066,0.0570632943769051,0.6727104224850677,26.69040913424129,0.25416666666666665,1,anode_hold
196.0,-5.0,3.7253948548104967,3.7816993483104233,0.0563194736185546,0.0149801186282161,26.698679109835503,0.2544444444444445,1,anode_hold
197.0,-5.0,3.7253076489603303,3.78218503208626,0.0569389417653702,0.0615586394410172,26.70694908542972,0.25472222222222224,1,anode_hold
198.0,-5.0,3.7263880518246952,3.782421021433284,0.0564406500274093,0.4076804188208882,26.715219061023937,0.255,1,anode_hold
199.0,-5.0,3.725690243813659,3.782637384719478,0.0558396302259243,-1.1075106798941192,26.72345841611321,0.25527777777777777,1,anode_hold
200.0,-5.0,3.7267029204994295,3.782858812499223,0.056400176785858,0.2442847860644192,26.731694008937215,0.25555555555555554,1,anode_hold
201.0,-5.0,3.726675523633136,3.782832107626256,0.0561409755773781,-0.0156084157412195,26.739929601761222,0.25583333333333336,1,anode_hold
202.0,-5.0,3.7274271016834746,3.782919199404352,0.0561514407070515,0.6593429861743161,26.74816333652498,0.2561111111111111,1,anode_hold
203.0,-5.0,3.727186079821396,3.782519823760017,0.0558346228602089,0.5008789215872334,26.75637068489297,0.2563888888888889,1,anode_hold
204.0,-5.0,3.7281310764510938,3.782268751344136,0.0555250351274814,1.3873602344398606,26.76457803326097,0.25666666666666665,1,anode_hold
205.0,-5.0,3.728117004014059,3.78291828351183,0.0552077322388089,0.4064527410378993,26.772785381628967,0.2569444444444444,1,anode_hold
206.0,-5.0,3.727803716823981,3.783769233642566,0.0547417866580055,-1.223730160579528,26.780962191820137,0.25722222222222224,1,anode_hold
207.0,-5.0,3.7280246597863114,3.783512707862032,0.0551272318510185,-0.3608162247030755,26.78913589759853,0.2575,1,anode_hold
208.0,-5.0,3.728817009722331,3.782936871897821,0.0549192121550853,0.7993499795957426,26.797309603376927,0.2577777777777778,1,anode_hold
209.0,-5.0,3.7296006934955415,3.783621448668266,0.0544491277005957,0.4283725278706463,26.80546272162612,0.25805555555555554,1,anode_hold
210.0,-5.0,3.729552986300662,3.7839914662978895,0.0545873057212821,0.1488257240547241,26.81360896500748,0.2583333333333333,1,anode_hold
211.0,-5.0,3.7298374607839104,3.783463403670448,0.053973807154531,0.3478642679928256,26.82175520838885,0.25861111111111107,1,anode_hold
212.0,-5.0,3.730052753805433,3.784325645520776,0.0543897168194488,0.116825104105267,26.829884892624133,0.25888888888888884,1,anode_hold
213.0,-5.0,3.7306536862571815,3.7839456469067656,0.0539438507601275,0.6518901105434516,26.838003145622693,0.2591666666666666,1,anode_hold
214.0,-5.0,3.730854305495882,3.784737245056671,0.0537982861602707,-0.0846534005192189,26.84612139862125,0.25944444444444437,1,anode_hold
215.0,-5.0,3.7311329526361874,3.7845695564825927,0.0533330104343462,-0.103593412059233,26.85422152315145,0.25972222222222224,1,anode_hold
216.0,-5.0,3.731059801704923,3.785624022167124,0.0536650767222065,-0.8991437399941127,26.862297961169883,0.26,1,anode_hold
217.0,-5.0,3.732017944293073,3.784432018933597,0.0532578999950962,0.8438253545715035,26.87037439918832,0.2602777777777778,1,anode_hold
218.0,-5.0,3.732376882137619,3.785051285171933,0.0528648731961428,0.1904701618289372,26.87845083720676,0.26055555555555554,1,anode_hold
219.0,-5.0,3.731883921670969,3.784659678095449,0.0529820601902616,0.2063037657817901,26.8865272752252,0.26083333333333336,1,anode_hold
220.0,-5.0,3.733268696419712,3.785581393411742,0.0526337612688388,0.321064276808336,26.894597724902862,0.2611111111111111,1,anode_hold
221.0,-5.0,3.733091455015182,3.785408695142142,0.0528465569251772,0.5293167982172164,26.902649925212085,0.26138888888888884,1,anode_hold
222.0,-5.0,3.7330247563977386,3.785781663085385,0.0519139650721356,-0.8429416155104619,26.910702125521308,0.2616666666666666,1,anode_hold
223.0,-5.0,3.7328911473315567,3.785669827623285,0.0518667740675446,-0.9119062241831344,26.91873855486751,0.26194444444444437,1,anode_hold
224.0,-5.0,3.7339452603297367,3.785420666558631,0.0526661409923555,1.1907347634609875,26.92675803834476,0.2622222222222222,1,anode_hold
225.0,-5.0,3.734201212117276,3.7857091379933903,0.0517558215818671,0.2478957057525654,26.934777521822006,0.2625,1,anode_hold
226.0,-5.0,3.734130019901614,3.785664781652352,0.0519090551000687,0.3742933493313671,26.942778488995984,0.2627777777777778,1,anode_hold
227.0,-5.0,3.7340419523570096,3.785852476701185,0.0514987483841228,-0.311775960052163,26.950772148557917,0.2630555555555555,1,anode_hold
228.0,-5.0,3.7351868702526634,3.786339710073608,0.0515435169034725,0.3906770825272687,26.95876580811984,0.2633333333333333,1,anode_hold
229.0,-5.0,3.734928773009007,3.7867453664539226,0.0521389126118246,0.3223191669086134,26.9667446703408,0.2636111111111111,1,anode_hold
230.0,-5.0,3.735218747087892,3.7868100030729046,0.0506304311513213,-0.9608248336911984,26.97472278645676,0.26388888888888884,1,anode_hold
231.0,-5.0,3.736469490874201,3.786834966190675,0.0512603233641513,0.8948480476775877,26.982693121833464,0.2641666666666666,1,anode_hold
232.0,-5.0,3.7365119978428414,3.7866398348394585,0.0509831132661067,0.8552762694904459,26.99062962436605,0.26444444444444437,1,anode_hold
233.0,-5.0,3.736417536035115,3.787089461613737,0.0508460859765052,0.1741603978837602,26.998566126898645,0.2647222222222222,1,anode_hold
234.0,-5.0,3.736252597540417,3.786808404910603,0.0504685533255251,-0.0872540446610337,27.006502629431235,0.26499999999999996,1,anode_hold
235.0,-5.0,3.7368540153108234,3.787255313598655,0.0502785595648648,-0.1227387229674192,27.01441074093152,0.2652777777777777,1,anode_hold
236.0,-5.0,3.73624713723246,3.787573847636374,0.0508307242085133,-0.4959861954008104,27.022313129091124,0.2655555555555555,1,anode_hold
237.0,-5.0,3.737235939213137,3.787396473165341,0.0504302998485354,0.2697658963315419,27.03021551725073,0.26583333333333325,1,anode_hold
238.0,-5.0,3.737256767312302,3.787442402179044,0.0497672216238716,-0.4184132428703968,27.038107067613147,0.2661111111111111,1,anode_hold
239.0,-5.0,3.737388882558095,3.787585512152913,0.0499704433769827,-0.2261862178349893,27.04598675813428,0.26638888888888884,1,anode_hold
240.0,-5.0,3.73758957406628,3.7880306322239705,0.0494097027207637,-1.0313554369272282,27.05386644865541,0.2666666666666666,1,anode_hold
241.0,-5.0,3.738515287723128,3.787887345634409,0.0505140673773914,1.1420094661103164,27.06173041846379,0.26694444444444443,1,anode_hold
242.0,-5.0,3.738678943011561,3.787688106370198,0.0496029957727415,0.5938324141041562,27.069589517237016,0.26722222222222214,1,anode_hold
243.0,-5.0,3.738994341193758,3.7881234485579576,0.0487867872059172,-0.3423201582823942,27.07743893277231,0.26749999999999996,1,anode_hold
244.0,-5.0,3.7394931780880256,3.7880633529735546,0.0494471782193225,0.8770033337937022,27.085272026258785,0.2677777777777778,1,anode_hold
245.0,-5.0,3.73928068131774,3.78896504563548,0.0491970906865067,-0.4872736312337977,27.093105119745264,0.2680555555555556,1,anode_hold
246.0,-5.0,3.739452065032371,3.7886548008471177,0.0489490890656159,-0.2536467491305316,27.100919410063383,0.2683333333333333,1,anode_hold
247.0,-5.0,3.739577953802255,3.788345624177409,0.0487556683638623,-0.0120020112914787,27.108733341393965,0.26861111111111113,1,anode_hold
248.0,-5.0,3.740290583981999,3.7890002011918735,0.0483899902749857,-0.3196269348886282,27.116534912970334,0.2688888888888889,1,anode_hold
249.0,-5.0,3.7408940227208554,3.789270507573841,0.0483580066584213,-0.0184781945655743,27.124327901780205,0.26916666666666667,1,anode_hold
250.0,-5.0,3.7408909953913447,3.789303004624828,0.0476713662951398,-0.7406429383434165,27.13211779297665,0.2694444444444445,1,anode_hold
251.0,-5.0,3.741377947579829,3.789214640097024,0.0485547378997759,0.718045382581245,27.13989522248813,0.26972222222222225,1,anode_hold
252.0,-5.0,3.741080334545076,3.789499657309423,0.0486492037371444,0.2298809727974138,27.1476719119599,0.26999999999999996,1,anode_hold
253.0,-5.0,3.74152788153154,3.789669562114553,0.0480931824652444,-0.048498117768414,27.155433630293604,0.27027777777777773,1,anode_hold
254.0,-5.0,3.74166596627562,3.7900164263707463,0.0480306651150685,-0.3197949800579636,27.163188817712392,0.2705555555555555,1,anode_hold
255.0,-5.0,3.7417353271798537,3.789954061294064,0.047349562417348,-0.869171696862292,27.17093155431837,0.27083333333333337,1,anode_hold
256.0,-5.0,3.7428665313305047,3.790650402613805,0.0475594295692384,-0.2244417140611077,27.17866569634444,0.27111111111111114,1,anode_hold
257.0,-5.0,3.742753991103109,3.790034202608101,0.0471976034242487,-0.0826080807434515,27.186393493393748,0.2713888888888889,1,anode_hold
258.0,-5.0,3.742454098053132,3.7906806003981472,0.0471707916367285,-1.0557107082864725,27.194108675237093,0.27166666666666667,1,anode_hold
259.0,-5.0,3.742638012412303,3.790353812778719,0.0476660413334843,-0.0497590329322505,27.20181036914872,0.27194444444444443,1,anode_hold
260.0,-5.0,3.743040662546729,3.789963786706222,0.047865166365506,0.9420422060131272,27.209502680543824,0.27222222222222214,1,anode_hold
261.0,-5.0,3.742823577947204,3.7902481155257552,0.0473454549574386,-0.0790826211125583,27.217186864541905,0.2725,1,anode_hold
262.0,-5.0,3.743602221795007,3.7901820733358367,0.0480231496411747,1.4432981003449363,27.224856927966044,0.2727777777777778,1,anode_hold
263.0,-5.0,3.743312162073413,3.7903398960776897,0.0474235851446198,0.3958511403427955,27.23252089783596,0.2730555555555556,1,anode_hold
264.0,-5.0,3.743851889817227,3.79134366933536,0.0463641860268821,-1.1275934912511332,27.240176951226992,0.2733333333333333,1,anode_hold
265.0,-5.0,3.743945414223472,3.790921009309716,0.0467648204181062,-0.2107746681372369,27.24782544710316,0.27361111111111114,1,anode_hold
266.0,-5.0,3.7444205051811976,3.7914331951656144,0.0471026997744676,0.0900097900511376,27.25546577595875,0.2738888888888889,1,anode_hold
267.0,-5.0,3.7444921067349615,3.79112380597434,0.0465672693385092,-0.0644299008687454,27.2630983348754,0.27416666666666667,1,anode_hold
268.0,-5.0,3.744756083398444,3.791524397022666,0.0466338330697255,-0.1344805544962746,27.270722493458223,0.2744444444444445,1,anode_hold
269.0,-5.0,3.7452776203136784,3.791351706572796,0.0456125617207083,-0.4615245384087529,27.27834273394879,0.27472222222222226,1,anode_hold
270.0,-5.0,3.745696521330789,3.792063046119369,0.0463086859087028,-0.0578388798770923,27.2859524831814,0.27499999999999997,1,anode_hold
271.0,-5.0,3.746137123723948,3.791866018828263,0.045379980620739,-0.3489144835766566,27.29354926933053,0.27527777777777773,1,anode_hold
272.0,-5.0,3.746562121926422,3.791943483643385,0.0456599806554559,0.2786189384926807,27.30114302554798,0.2755555555555555,1,anode_hold
273.0,-5.0,3.747290097169319,3.7921641458399296,0.0460390425944073,1.1649939237967644,27.30872845837736,0.27583333333333326,1,anode_hold
274.0,-5.0,3.747339353293909,3.792994813939172,0.0452910853358968,-0.3643753093665047,27.316304805729576,0.2761111111111111,1,anode_hold
275.0,-5.0,3.747255383507346,3.792607852992597,0.0450921395485779,-0.2603299366725764,27.323871271924,0.27638888888888885,1,anode_hold
276.0,-5.0,3.747764868744654,3.792851125272271,0.045303433983914,0.217177456297346,27.331427150803737,0.2766666666666666,1,anode_hold
277.0,-5.0,3.74753944504734,3.792356225708715,0.0447495874094416,-0.067193251933606,27.338972693651613,0.27694444444444444,1,anode_hold
278.0,-5.0,3.74836746296256,3.7926580793134304,0.0446513763186531,0.360759967782176,27.346506534659955,0.27722222222222215,1,anode_hold
279.0,-5.0,3.74828250159528,3.793064915915604,0.0451720029225855,0.3895886022617922,27.354038261095653,0.27749999999999997,1,anode_hold
280.0,-5.0,3.747899917039263,3.792547209253816,0.044364262009382,-0.2830302051703981,27.36155601272456,0.27777777777777773,1,anode_hold
281.0,-5.0,3.748723845282173,3.7936266770303058,0.0443740873163628,-0.5287444317696455,27.369068686927303,0.2780555555555555,1,anode_hold
282.0,-5.0,3.748955511850201,3.793436560372699,0.0451926505144149,0.7116019919166661,27.376559859722157,0.2783333333333333,1,anode_hold
283.0,-5.0,3.7481226356947617,3.7934788946184663,0.044196598919856,-1.159660003849261,27.384047110847185,0.27861111111111114,1,anode_hold
284.0,-5.0,3.7489595632071775,3.793557762843308,0.0445839075927747,-0.0142920433550131,27.391520662700216,0.27888888888888885,1,anode_hold
285.0,-5.0,3.7493082473785737,3.7936809713187576,0.0446513138469247,0.2785899067410113,27.398989340142503,0.2791666666666666,1,anode_hold
286.0,-5.0,3.7491528161331256,3.793736006801686,0.0441548175839676,-0.4283730845928701,27.406450312272447,0.2794444444444444,1,anode_hold
287.0,-5.0,3.7497012538435976,3.79443969427562,0.0436992186462545,-1.0392217857679853,27.41390404216392,0.2797222222222222,1,anode_hold
288.0,-5.0,3.7500316408731074,3.7943670030954415,0.044110066759022,-0.2252954633119586,27.42134897846481,0.28,1,anode_hold
289.0,-5.0,3.750760575994182,3.794671008836339,0.0434260127708119,-0.484420071345415,27.428778922092835,0.28027777777777774,1,anode_hold
290.0,-5.0,3.7509903617167737,3.7943469481012544,0.0441908932986392,0.8343069141587556,27.436205652643967,0.28055555555555556,1,anode_hold
291.0,-5.0,3.75197132005677,3.794312048877452,0.0440751883822407,1.734459561559376,27.443624340665743,0.2808333333333333,1,anode_hold
292.0,-5.0,3.75133655880768,3.795116236066235,0.042962267799028,-0.8174094595276848,27.45103183145533,0.2811111111111111,1,anode_hold
293.0,-5.0,3.752071921804901,3.7944831755401967,0.0433115595326648,0.9003057973693274,27.458439110552128,0.28138888888888886,1,anode_hold
294.0,-5.0,3.75200077856085,3.7947981800357655,0.0428063520993072,0.008950624391435,27.465829691694868,0.2816666666666666,1,anode_hold
295.0,-5.0,3.752309316215225,3.7953261552087967,0.0430151929985234,-0.0016459950482605,27.473219889652427,0.28194444444444444,1,anode_hold
296.0,-5.0,3.752120671077332,3.7955695579694657,0.0427158127504179,-0.7330741417161946,27.480594667622324,0.28222222222222215,1,anode_hold
297.0,-5.0,3.752135167251621,3.79498455117054,0.0423883576546711,-0.4610262642472662,27.487964963931567,0.2825,1,anode_hold
298.0,-5.0,3.7527160699195226,3.79542664935155,0.0427322894591422,0.0217100271151515,27.49532065499069,0.28277777777777774,1,anode_hold
299.0,-5.0,3.753415697574902,3.795647782625512,0.0419694589672665,-0.2626260833435978,27.502663542025804,0.28305555555555556,1,anode_hold
300.0,-5.0,3.7539065264638674,3.79573082702396,0.0424468128767689,0.6225123166760937,27.509990483145923,0.2833333333333333,1,anode_hold
301.0,-5.0,3.7538575198723914,3.7956450472611407,0.0421923858673898,0.4048584786393583,27.517317424266047,0.2836111111111111,1,anode_hold
302.0,-5.0,3.754070444606955,3.796234573956583,0.0418896528555523,-0.2744764940758593,27.52464436538617,0.28388888888888886,1,anode_hold
303.0,-5.0,3.75393002444014,3.796008399877408,0.0422690981012228,0.1907226639552561,27.531946631095277,0.2841666666666667,1,anode_hold
304.0,-5.0,3.754905111246588,3.79622605891358,0.0418785131889373,0.5575655219454134,27.539245094100195,0.28444444444444444,1,anode_hold
305.0,-5.0,3.755111133585773,3.7957586399274743,0.0416306784530325,0.983172111330699,27.54654355710512,0.2847222222222222,1,anode_hold
306.0,-5.0,3.754814410903317,3.796530738314864,0.0415525234599551,-0.1638039515916567,27.55382796485364,0.28500000000000003,1,anode_hold
307.0,-5.0,3.75522679176011,3.796117232759206,0.0414008225305812,0.5103815314853044,27.561104652600115,0.28527777777777774,1,anode_hold
308.0,-5.0,3.7552074503284887,3.7970409409003247,0.0416168567206677,-0.2166338511684351,27.568378189862063,0.2855555555555555,1,anode_hold
309.0,-5.0,3.756204442337421,3.7971101661719615,0.0411231389532382,0.2174151186968842,27.575635651543354,0.2858333333333333,1,anode_hold
310.0,-5.0,3.756144200888792,3.796944099852721,0.0402120110197199,-0.5878879442096085,27.58289311322464,0.2861111111111111,1,anode_hold
311.0,-5.0,3.756235964924805,3.797276342463932,0.0400387032003255,-1.0016743388012728,27.590132385415988,0.28638888888888886,1,anode_hold
312.0,-5.0,3.7566274720646815,3.797392495114246,0.0405480049046788,-0.2170181448848396,27.59737019558121,0.2866666666666666,1,anode_hold
313.0,-5.0,3.7568658909985535,3.7974473752918696,0.0403894331255499,-0.1920511677662162,27.60459562844872,0.2869444444444444,1,anode_hold
314.0,-5.0,3.756832818947102,3.7977304680700055,0.0405941745203136,-0.3034746025898371,27.611815431067136,0.2872222222222222,1,anode_hold
315.0,-5.0,3.756795875881606,3.797716145886432,0.0401861990857837,-0.7340709190426509,27.61902424987194,0.2875,1,anode_hold
316.0,-5.0,3.756990201994524,3.7977411909519514,0.0402752955372111,-0.4756934202152507,27.626227729460258,0.2877777777777778,1,anode_hold
317.0,-5.0,3.757053315212832,3.797776594636537,0.0408468679856123,0.1235885619066401,27.63341540942089,0.28805555555555556,1,anode_hold
318.0,-5.0,3.7579113915001705,3.7986436685386,0.0399782933326802,-0.753983705749306,27.64059976644124,0.28833333333333333,1,anode_hold
319.0,-5.0,3.758634931149752,3.798332124333898,0.040570781130814,0.8735879466681418,27.64776890842779,0.2886111111111111,1,anode_hold
320.0,-5.0,3.757658529280688,3.798399024081625,0.0402104520664597,-0.5300427344767655,27.6549339327618,0.28888888888888886,1,anode_hold
321.0,-5.0,3.758416898239645,3.7987523453538015,0.0405645230497872,0.2290759356293747,27.662085472225783,0.2891666666666667,1,anode_hold
322.0,-5.0,3.758706279538145,3.798552662078736,0.0403672669904099,0.5208844498190146,27.66923659212133,0.28944444444444445,1,anode_hold
323.0,-5.0,3.7585128401785584,3.798687774093363,0.0400241404834406,-0.1507934313638159,27.676369647005323,0.2897222222222222,1,anode_hold
324.0,-5.0,3.759094799148731,3.799133643872082,0.0402403315862141,0.2014868628630317,27.68350270188932,0.29000000000000004,1,anode_hold
325.0,-5.0,3.75894590739058,3.799376097535228,0.0398760889896247,-0.55410115502319,27.690622827174327,0.2902777777777778,1,anode_hold
326.0,-5.0,3.759880406936003,3.799404141737564,0.0393600974195413,-0.1636373820192993,27.69773994855765,0.29055555555555557,1,anode_hold
327.0,-5.0,3.759603459528967,3.798897403464435,0.0397230525119097,0.429108576441628,27.704845525821984,0.29083333333333333,1,anode_hold
328.0,-5.0,3.760077122885536,3.7994922589618487,0.0395965865115765,0.1814504352637413,27.711948211053027,0.2911111111111111,1,anode_hold
329.0,-5.0,3.760525783944547,3.7996041091632327,0.0392734907042205,0.1951654855347762,27.719038679526843,0.2913888888888889,1,anode_hold
330.0,-5.0,3.760464419329912,3.799882263397803,0.0392502583388264,-0.1675857290650562,27.72612267838188,0.2916666666666667,1,anode_hold
331.0,-5.0,3.760327871888178,3.799618793554139,0.0389062478340738,-0.3846738318875609,27.73319768014335,0.29194444444444445,1,anode_hold
332.0,-5.0,3.7609681871167937,3.799704660990336,0.0390082657432929,0.2717918697503485,27.740261169772182,0.2922222222222222,1,anode_hold
333.0,-5.0,3.761616490191336,3.800117188158414,0.0387026849464948,0.2019869794165352,27.74732189397391,0.2925,1,anode_hold
334.0,-5.0,3.761608572889069,3.800020875816926,0.038208550795606,-0.2037521322515445,27.75436806050411,0.2927777777777778,1,anode_hold
335.0,-5.0,3.761945953253366,3.800101822525343,0.0384833462567557,0.3274769847791958,27.761410762496094,0.29305555555555557,1,anode_hold
336.0,-5.0,3.7617743341990937,3.800530621062789,0.0389547437913036,0.198456927608337,27.76844161066377,0.29333333333333333,1,anode_hold
337.0,-5.0,3.762357505982407,3.800958784662672,0.0386399375276603,0.0386588473952898,27.775469520241085,0.2936111111111111,1,anode_hold
338.0,-5.0,3.7627255090162737,3.80085404874032,0.0387817832088352,0.6532434847885682,27.782483901497088,0.29388888888888887,1,anode_hold
339.0,-5.0,3.7627014318815935,3.801275905529391,0.0382764835471522,-0.2979901006452401,27.789492402989293,0.2941666666666667,1,anode_hold
340.0,-5.0,3.763435200587205,3.8007767470819247,0.0381108105774277,0.7692640827081654,27.796492877215464,0.29444444444444445,1,anode_hold
341.0,-5.0,3.762963421197553,3.8014123895262832,0.0378786590932436,-0.5703092354862882,27.803477809459768,0.2947222222222222,1,anode_hold
342.0,-5.0,3.762870713059366,3.801327241651747,0.0382162161820982,-0.2403124102827725,27.81045446117153,0.29500000000000004,1,anode_hold
343.0,-5.0,3.762853947605808,3.801198249613428,0.0384507783263718,0.1064763187521578,27.817423346319217,0.2952777777777778,1,anode_hold
344.0,-5.0,3.7638439400454646,3.801464051549531,0.0383594146131423,0.7393031090758839,27.824382853582712,0.29555555555555557,1,anode_hold
345.0,-5.0,3.763639725704563,3.8014625370647854,0.038306648498074,0.4838371378510508,27.83134236084621,0.29583333333333334,1,anode_hold
346.0,-5.0,3.764130913239982,3.80178339757453,0.0378902864078022,0.2378020732543007,27.8382898588749,0.2961111111111111,1,anode_hold
347.0,-5.0,3.764144605686652,3.801756157770469,0.0380266104533729,0.4150583695561316,27.845226471034817,0.2963888888888889,1,anode_hold
348.0,-5.0,3.764695958051676,3.802484177657339,0.0376919174511337,-0.0963021545294928,27.85214771789637,0.2966666666666667,1,anode_hold
349.0,-5.0,3.764804370863628,3.802136692349495,0.0380907898657309,0.7584683798640413,27.85906490469701,0.29694444444444446,1,anode_hold
350.0,-5.0,3.7645521428303166,3.801955702311615,0.0379160118158881,0.5124523345898524,27.865976501566884,0.2972222222222222,1,anode_hold
351.0,-5.0,3.765009614900577,3.8024558073394905,0.037417549106612,-0.0286433323011259,27.87287940355257,0.2975,1,anode_hold
352.0,-5.0,3.765526993509639,3.80276506078252,0.037510017634821,0.2719503619399432,27.87977486632786,0.2977777777777778,1,anode_hold
353.0,-5.0,3.765114066882692,3.8026934937092216,0.0366435624167491,-0.9358644097798852,27.886663004866488,0.2980555555555556,1,anode_hold
354.0,-5.0,3.766210534121049,3.803180655109313,0.0373843537365779,0.4142327483140917,27.89354313958611,0.2983333333333334,1,anode_hold
355.0,-5.0,3.766432477333285,3.802792908328109,0.0367697337837968,0.4093027889724432,27.90041789520269,0.2986111111111111,1,anode_hold
356.0,-5.0,3.766655996518872,3.802947004446927,0.0367502759771209,0.4592680490662637,27.907288604259875,0.29888888888888887,1,anode_hold
357.0,-5.0,3.766585979915932,3.803818967191112,0.0368943783363816,-0.3386089387986679,27.91413841590944,0.2991666666666667,1,anode_hold
358.0,-5.0,3.767022042680457,3.803475344160316,0.0367674257861286,0.3141243062700916,27.92098822755901,0.29944444444444446,1,anode_hold
359.0,-5.0,3.76686090630052,3.803769497743442,0.0362315800232794,-0.6770114196421595,27.92782181031343,0.2997222222222222,1,anode_hold
360.0,-5.0,3.76747469414116,3.8038903070700782,0.0367860542429651,0.3704413140463991,27.93465265861348,0.30000000000000004,1,anode_hold
361.0,-5.0,3.767529370895255,3.804047831029654,0.036800054647525,0.2815945131260378,27.941474890678204,0.3002777777777778,1,anode_hold
362.0,-5.0,3.767969206372673,3.804022174344778,0.036522975686577,0.4700077144721426,27.94829005542813,0.3005555555555556,1,anode_hold
363.0,-5.0,3.768021945826817,3.804084530858289,0.0363859430452097,0.3233580137376179,27.95509484065303,0.30083333333333334,1,anode_hold
364.0,-5.0,3.768477902767189,3.804592974524307,0.0359171699282999,-0.197901828817848,27.96189434431174,0.3011111111111111,1,anode_hold
365.0,-5.0,3.768962251731944,3.804257341584957,0.0362336439316645,0.9385540786519542,27.968677137637883,0.30138888888888893,1,anode_hold
366.0,-5.0,3.768429614304268,3.8045672588355934,0.0354668151582629,-0.6708293730635084,27.97545397718214,0.3016666666666667,1,anode_hold
367.0,-5.0,3.7693118166532935,3.804866095836777,0.0353151048958385,-0.2391742876453051,27.982222362188203,0.30194444444444446,1,anode_hold
368.0,-5.0,3.768651639632467,3.804677041496897,0.0356139015350893,-0.4115003293403418,27.98897074623545,0.3022222222222222,1,anode_hold
369.0,-5.0,3.768816880090587,3.8044714050121966,0.0355569844674245,-0.0975404541851965,27.99571289390638,0.3025,1,anode_hold
370.0,-5.0,3.769645386185248,3.805191741964539,0.0351348544939841,-0.4115012853063149,28.002455041577303,0.3027777777777778,1,anode_hold
371.0,-5.0,3.769904939070648,3.8055069679657327,0.0358404564847871,0.2384275897018284,28.00918629093852,0.3030555555555556,1,anode_hold
372.0,-5.0,3.770264181737511,3.8053959867493488,0.0347687821205264,-0.3630228913116262,28.015904771872453,0.30333333333333334,1,anode_hold
373.0,-5.0,3.769865547125628,3.804958387471468,0.0344907078939133,-0.6021324519269733,28.022623252806383,0.3036111111111111,1,anode_hold
374.0,-5.0,3.770570122561181,3.80577589056642,0.0348961574411168,-0.3096105641220426,28.02933716215856,0.3038888888888889,1,anode_hold
375.0,-5.0,3.77085398000355,3.8063013974674247,0.0354160898440252,-0.0313276198493639,28.036026831589467,0.3041666666666667,1,anode_hold
376.0,-5.0,3.77142050252971,3.805397753483682,0.0350535398441611,1.076288890188959,28.04271650102037,0.30444444444444446,1,anode_hold
377.0,-5.0,3.7712401204156207,3.8051881811371984,0.0348393136075376,0.8912528859599256,28.04939746595571,0.3047222222222222,1,anode_hold
378.0,-5.0,3.77165474883084,3.806051804482373,0.0346869827379452,0.2899270864129555,28.056040596107604,0.30500000000000005,1,anode_hold
379.0,-5.0,3.771427602656318,3.806282537926565,0.0347255069079666,-0.1294283622801373,28.062683726259497,0.3052777777777778,1,anode_hold
380.0,-5.0,3.771889342946349,3.806626314746673,0.0345634258672875,-0.1735459330372002,28.06932685641139,0.3055555555555556,1,anode_hold
381.0,-5.0,3.772036727755219,3.806773047131836,0.0344077141443162,-0.3286052323003829,28.075969986563283,0.30583333333333335,1,anode_hold
382.0,-5.0,3.7726061586802304,3.8066952215347145,0.0342511684901086,0.1621056356246875,28.08261311671518,0.3061111111111111,1,anode_hold
383.0,-5.0,3.772322985072933,3.8069634085493793,0.03371668620803,-0.9237372684167688,28.089248081682207,0.30638888888888893,1,anode_hold
384.0,-5.0,3.7725928187348887,3.807039904111245,0.0344044717254958,-0.0426136508604457,28.0958577153139,0.3066666666666667,1,anode_hold
385.0,-5.0,3.773239396538484,3.8071147063526793,0.0338967560677019,0.0214462535077508,28.1024673489456,0.30694444444444446,1,anode_hold
386.0,-5.0,3.7738269157024593,3.8071985590624062,0.0340527879852736,0.6811446253265352,28.10907698257729,0.30722222222222223,1,anode_hold
387.0,-5.0,3.773628380318864,3.807307346994541,0.0340006672649492,0.3217005892719449,28.11568661620899,0.3075,1,anode_hold
388.0,-5.0,3.773836804685218,3.8076966796278775,0.0340694196928851,0.2095447502257208,28.122268655006348,0.3077777777777778,1,anode_hold
389.0,-5.0,3.773877742271183,3.807746640138879,0.0334215698165971,-0.4473280510990385,28.128838994655236,0.30805555555555564,1,anode_hold
390.0,-5.0,3.7745439609499982,3.8076393862672,0.0338086058872551,0.7131805700537619,28.135409334304114,0.3083333333333334,1,anode_hold
391.0,-5.0,3.774615256860396,3.80822400064088,0.0337184406354308,0.1096968549476606,28.141979673953,0.30861111111111117,1,anode_hold
392.0,-5.0,3.775210109112431,3.807826418669016,0.033329975529435,0.7136659728499417,28.148546402448183,0.30888888888888894,1,anode_hold
393.0,-5.0,3.7750315646396273,3.8081086478335577,0.0332415796279847,0.1644964340541399,28.155094280501583,0.3091666666666667,1,anode_hold
394.0,-5.0,3.7748899480010927,3.808352710701749,0.0331959547327984,-0.2668079678582735,28.16164215855499,0.3094444444444445,1,anode_hold
395.0,-5.0,3.7752457685160814,3.8078913554143816,0.032737378517192,0.0917916188920564,28.16819003660839,0.3097222222222223,1,anode_hold
396.0,-5.0,3.7753513195114703,3.808474202074167,0.0328124898439908,-0.3103927187053656,28.17472638707792,0.31000000000000005,1,anode_hold
397.0,-5.0,3.77549852280525,3.808970768124599,0.0325161861744121,-0.9560591449369048,28.181258128813557,0.3102777777777778,1,anode_hold
398.0,-5.0,3.776469723226448,3.8090925807293,0.033131968697229,0.5091111943764659,28.18777493839049,0.3105555555555556,1,anode_hold
399.0,-5.0,3.776544228931724,3.808636876233359,0.0324613289101782,0.3686816085437527,28.19428312979701,0.3108333333333334,1,anode_hold
400.0,-5.0,3.776130717449692,3.8088762654551473,0.03230582919671,-0.4397188087450487,28.200781886463584,0.31111111111111117,1,anode_hold
401.0,-5.0,3.777228013801972,3.808935643393881,0.0326148494684008,0.9072198764918936,28.20727303900034,0.31138888888888894,1,anode_hold
402.0,-5.0,3.77694578673877,3.8093130955698538,0.0326820809619132,0.3147721308298656,28.213759375173424,0.3116666666666667,1,anode_hold
403.0,-5.0,3.776750239660656,3.809493701035175,0.0323744646764894,-0.3689966980293668,28.22024035338776,0.31194444444444447,1,anode_hold
404.0,-5.0,3.777315081055373,3.809175537117505,0.0321673556797392,0.3068996176072147,28.2267150774272,0.3122222222222223,1,anode_hold
405.0,-5.0,3.777335759327218,3.80986590210594,0.0325521907735731,0.022047994851615,28.233180143726376,0.31250000000000006,1,anode_hold
406.0,-5.0,3.7772802206539136,3.809923720684015,0.0326561497911085,0.0126497610075659,28.239637203797997,0.3127777777777778,1,anode_hold
407.0,-5.0,3.777080672203567,3.8100111350320858,0.0318860859648016,-1.044376863717389,28.24607666781272,0.31305555555555564,1,anode_hold
408.0,-5.0,3.777827253089926,3.809965590953403,0.0326279865553841,0.4896486919072629,28.252512518684615,0.3133333333333334,1,anode_hold
409.0,-5.0,3.778060316682085,3.81023930948516,0.0317959673024547,-0.3830255006200822,28.2589364343372,0.3136111111111112,1,anode_hold
410.0,-5.0,3.777357936646958,3.80990297525956,0.0324991288522592,-0.0459097603426883,28.265357719088254,0.3138888888888889,1,anode_hold
411.0,-5.0,3.778470799524576,3.810623493591231,0.0321277625116223,-0.0249315550329143,28.271764331471324,0.3141666666666667,1,anode_hold
412.0,-5.0,3.7786641399649614,3.8107495434211422,0.0321413792558439,0.0559757996629883,28.27816972831035,0.3144444444444445,1,anode_hold
413.0,-5.0,3.778536448594884,3.810790727674983,0.0323687671335981,0.1144880534993397,28.2845593903516,0.31472222222222224,1,anode_hold
414.0,-5.0,3.778909561500303,3.810610246234773,0.0325218189504995,0.8211342160295843,28.29094905239285,0.315,1,anode_hold
415.0,-5.0,3.779017759105982,3.811464320265448,0.0326254357787197,0.1788746192543655,28.29732539926265,0.31527777777777777,1,anode_hold
416.0,-5.0,3.7790770968865943,3.811558286382333,0.0323193813056926,-0.1618081900458534,28.303701630325683,0.31555555555555553,1,anode_hold
417.0,-5.0,3.7794748693920246,3.810816965559628,0.0319972967119183,0.6552005443150044,28.31005699202398,0.3158333333333333,1,anode_hold
418.0,-5.0,3.78024579706456,3.811623928458612,0.0312691613139373,-0.1089700801149007,28.31641031597944,0.3161111111111111,1,anode_hold
419.0,-5.0,3.779662560815914,3.8116852300011272,0.0314295197048613,-0.5931494803514958,28.32276363993489,0.3163888888888889,1,anode_hold
420.0,-5.0,3.7804263336543578,3.811027141349224,0.0314713302612895,0.870522566423837,28.329116963890343,0.31666666666666665,1,anode_hold
421.0,-5.0,3.780657290054871,3.812066225218356,0.0311410928897006,-0.2678422737840691,28.335447840678324,0.3169444444444445,1,anode_hold
422.0,-5.0,3.7806331343234527,3.812241097401928,0.0313891274817595,-0.2188355967152055,28.34177125000835,0.31722222222222224,1,anode_hold
423.0,-5.0,3.780932966917959,3.812395319592001,0.0310544221718626,-0.4079305021797985,28.34807892996087,0.31750000000000006,1,anode_hold
424.0,-5.0,3.780856481434958,3.8123646023813778,0.0315869218920286,0.078800945609192,28.35438123372949,0.3177777777777778,1,anode_hold
425.0,-5.0,3.7811941437042367,3.812256343240354,0.0309499749402502,-0.1122245958673495,28.360675325747017,0.31805555555555554,1,anode_hold
426.0,-5.0,3.7816111547698,3.8124253455781134,0.0305954046828149,-0.2187861254983047,28.36696405966723,0.31833333333333336,1,anode_hold
427.0,-5.0,3.7818516428858846,3.8128521461053433,0.0308024587296741,-0.1980444897844435,28.373243178361136,0.3186111111111111,1,anode_hold
428.0,-5.0,3.7816222410433022,3.813171655740452,0.0307289122078175,-0.8205024893324087,28.379511033248622,0.3188888888888889,1,anode_hold
429.0,-5.0,3.782940992258113,3.812812797209587,0.0311516847456606,1.2798797941862006,28.38576904818202,0.31916666666666665,1,anode_hold
430.0,-5.0,3.781993271778543,3.813002472835798,0.0313470804953627,0.337879438107258,28.39200990820305,0.3194444444444444,1,anode_hold
431.0,-5.0,3.7823433481679167,3.813415835024637,0.0312205036349463,0.1480167782261787,28.398249714346655,0.31972222222222224,1,anode_hold
432.0,-5.0,3.782398709376043,3.812714074687077,0.031190051421773,0.8746861107389314,28.40448093812676,0.32,1,anode_hold
433.0,-5.0,3.782531187743322,3.813607704212274,0.0306271595338401,-0.4493569351118331,28.41070439101195,0.3202777777777778,1,anode_hold
434.0,-5.0,3.783244874573668,3.8135459561193423,0.030434535579179,0.1334540335045098,28.416920795250395,0.32055555555555554,1,anode_hold
435.0,-5.0,3.782938029154645,3.813112093721501,0.0304381408538349,0.2640762869789981,28.423130937208263,0.3208333333333333,1,anode_hold
436.0,-5.0,3.7837224056511234,3.81412002026057,0.0305910236437498,0.1934090343032046,28.429332467742963,0.3211111111111112,1,anode_hold
437.0,-5.0,3.783913017150713,3.8137714178222506,0.0303731924199396,0.5147917484018549,28.43552808868367,0.32138888888888895,1,anode_hold
438.0,-5.0,3.783506098503906,3.814414992682846,0.0304586859497247,-0.4502082292150433,28.44171747908143,0.3216666666666667,1,anode_hold
439.0,-5.0,3.784379392868272,3.814731416042695,0.0305775657091418,0.2255425347192918,28.44790428323111,0.3219444444444445,1,anode_hold
440.0,-5.0,3.784116858429365,3.81411146945036,0.0301976251685259,0.203014147531988,28.45408499209027,0.3222222222222223,1,anode_hold
441.0,-5.0,3.785364418563107,3.814271080884372,0.03059965283979,1.692990518524784,28.460253213604087,0.32250000000000006,1,anode_hold
442.0,-5.0,3.784659240925584,3.8147636665075,0.029770316310829,-0.3341092710873461,28.466421435117905,0.3227777777777778,1,anode_hold
443.0,-5.0,3.784696756704816,3.81440031805599,0.0301339854112924,0.4304240601178399,28.472576422568704,0.32305555555555554,1,anode_hold
444.0,-5.0,3.784609469897109,3.815268817349788,0.0298664779285413,-0.7928695241377071,28.478731202011254,0.3233333333333334,1,anode_hold
445.0,-5.0,3.784984800180464,3.815253560265039,0.0301401999492691,-0.1285601353058219,28.484874885072127,0.3236111111111112,1,anode_hold
446.0,-5.0,3.785386619216039,3.8156285375863455,0.029782432727048,-0.4594856432587058,28.49101472716906,0.32388888888888895,1,anode_hold
447.0,-5.0,3.7854462020656174,3.814949541300915,0.0295903279621338,0.0869887268368785,28.497147600216294,0.3241666666666667,1,anode_hold
448.0,-5.0,3.785562371540056,3.815685635640699,0.0296689214112489,-0.4543426893937052,28.503272465055726,0.32444444444444454,1,anode_hold
449.0,-5.0,3.785908447193567,3.815904182553366,0.0293979217305299,-0.5978136292692504,28.50939298428507,0.3247222222222223,1,anode_hold
450.0,-5.0,3.786253742098089,3.815385790386805,0.0292753551222625,0.1433068335465748,28.51549042788103,0.32500000000000007,1,anode_hold
451.0,-5.0,3.7869491679422542,3.8163136188133104,0.0297885575245818,0.4241066535257687,28.521587871476992,0.3252777777777778,1,anode_hold
452.0,-5.0,3.786202032571852,3.815792515506701,0.0293096960232701,-0.2807869115786232,28.527685315072954,0.3255555555555556,1,anode_hold
453.0,-5.0,3.786759489278763,3.816390136404903,0.0297848899691622,0.1542428430223452,28.53377035767849,0.3258333333333333,1,anode_hold
454.0,-5.0,3.786856094762801,3.816094886517504,0.0300997461946599,0.8609544399567071,28.539850440415684,0.32611111111111113,1,anode_hold
455.0,-5.0,3.786905932029681,3.816851598808099,0.0291554862224504,-0.7901805559673569,28.54592726334788,0.32638888888888895,1,anode_hold
456.0,-5.0,3.78720249862827,3.817261270286496,0.0294495113405105,-0.6092603177156874,28.55199132433501,0.32666666666666666,1,anode_hold
457.0,-5.0,3.787532482430424,3.816922888446921,0.0290828115751882,-0.3075944413093445,28.55805538532213,0.3269444444444445,1,anode_hold
458.0,-5.0,3.788235720978129,3.8170552681937,0.0284617667672689,-0.3577804483021474,28.564099809586445,0.3272222222222222,1,anode_hold
459.0,-5.0,3.788178517208065,3.8175668350347913,0.0289258059169166,-0.4625119098093933,28.570143062339977,0.3275,1,anode_hold
460.0,-5.0,3.788280754865484,3.817195787268712,0.0293313111357271,0.4162787324988315,28.57617459024409,0.3277777777777778,1,anode_hold
461.0,-5.0,3.7888260948612,3.817480174368004,0.0284599162173461,-0.1941632894575384,28.582200699852827,0.32805555555555554,1,anode_hold
462.0,-5.0,3.78891973638366,3.817843421705315,0.0287196248091018,-0.2040605125532835,28.588218920055112,0.32833333333333337,1,anode_hold
463.0,-5.0,3.788950772463129,3.817865064397013,0.0286701984007557,-0.2440935331282645,28.594226430315302,0.3286111111111112,1,anode_hold
464.0,-5.0,3.789313020786272,3.818339044787811,0.0282440331372107,-0.7819908643287299,28.600232245384277,0.32888888888888895,1,anode_hold
465.0,-5.0,3.789117496201383,3.818366501435073,0.0287415311096681,-0.5074741240220781,28.606229445197727,0.3291666666666667,1,anode_hold
466.0,-5.0,3.7897224823632634,3.818716192621874,0.0285699202361388,-0.4237900224723923,28.612226645011184,0.32944444444444454,1,anode_hold
467.0,-5.0,3.789846530342149,3.818287362425765,0.0287525605177827,0.3117284341667137,28.618209886179027,0.3297222222222223,1,anode_hold
468.0,-5.0,3.789755359458561,3.818758988647098,0.0285583330481775,-0.4452961403589306,28.624191656164204,0.33000000000000007,1,anode_hold
469.0,-5.0,3.7896936538556663,3.81833203030926,0.0280749288268545,-0.5634476267384336,28.630158081949943,0.33027777777777784,1,anode_hold
470.0,-5.0,3.7907002835077863,3.8189764211434336,0.0284938207597931,0.2176831241462729,28.6361160584856,0.3305555555555556,1,anode_hold
471.0,-5.0,3.79046492983712,3.819366330684493,0.0285893165751232,-0.312084272249713,28.642068748222933,0.3308333333333334,1,anode_hold
472.0,-5.0,3.7915566483628336,3.819683428907332,0.0282623628587333,0.1355823142348278,28.648012997456377,0.33111111111111124,1,anode_hold
473.0,-5.0,3.790649467504157,3.8187720120211006,0.0284430915499983,0.320547033055174,28.653955080412825,0.331388888888889,1,anode_hold
474.0,-5.0,3.791302927568521,3.819230251219047,0.0283777994375834,0.4504757870580356,28.65988205038298,0.3316666666666668,1,anode_hold
475.0,-5.0,3.791117399111628,3.819631297949336,0.0275067861226431,-1.0071127150643733,28.665806284466736,0.3319444444444446,1,anode_hold
476.0,-5.0,3.7915144935438847,3.8193068624870974,0.028290725419118,0.4983564759055703,28.67170338119452,0.33222222222222236,1,anode_hold
477.0,-5.0,3.791879138759454,3.819865773942056,0.0274431559755995,-0.54347920700204,28.677600477922308,0.33250000000000013,1,anode_hold
478.0,-5.0,3.7915800573202714,3.820004328668818,0.0276125435739991,-0.8117277745482987,28.683497574650097,0.33277777777777795,1,anode_hold
479.0,-5.0,3.791979860393017,3.819844871457898,0.0279092158669223,0.0442048020410368,28.689394337319783,0.33305555555555566,1,anode_hold
480.0,-5.0,3.79222014642278,3.819967963619268,0.0276297509810704,-0.1180662154181,28.695277522108864,0.3333333333333335,1,anode_hold
481.0,-5.0,3.792364599986481,3.8199924903779343,0.0276588424526037,0.0309520611505575,28.70115704567801,0.33361111111111125,1,anode_hold
482.0,-5.0,3.792658490609431,3.8204884331716142,0.0282212175227959,0.391274960612975,28.707025764545627,0.333888888888889,1,anode_hold
483.0,-5.0,3.792932796869726,3.82090607101076,0.0275546531119958,-0.418621029037336,28.71288735741176,0.3341666666666667,1,anode_hold
484.0,-5.0,3.79301710892636,3.820755213755776,0.0282256114815622,0.4875066521465854,28.718741297353883,0.33444444444444454,1,anode_hold
485.0,-5.0,3.792986588565759,3.8216181539361593,0.0284125808495338,-0.2189845208664387,28.72458470209874,0.33472222222222225,1,anode_hold
486.0,-5.0,3.79294363870646,3.820506139162145,0.028279771086922,0.7172706312368327,28.73042382988775,0.335,1,anode_hold
487.0,-5.0,3.7928580133894174,3.820906758186687,0.0275127908633953,-0.5359539338742891,28.73623604693444,0.33527777777777784,1,anode_hold
488.0,-5.0,3.793125901653793,3.821410548137308,0.0273695666820514,-0.9150798014636584,28.7420465564436,0.3355555555555556,1,anode_hold
489.0,-5.0,3.7933376192827337,3.821014880510934,0.0278357294156351,0.1584681874349236,28.74785706595275,0.33583333333333343,1,anode_hold
490.0,-5.0,3.7938562970654415,3.821589676528612,0.028436510017912,0.7031305547418043,28.753657979037207,0.33611111111111125,1,anode_hold
491.0,-5.0,3.793706251524206,3.821866053505914,0.0277102505395159,-0.4495514421920532,28.759444406869655,0.33638888888888896,1,anode_hold
492.0,-5.0,3.793606484679109,3.82181900061935,0.0275806634644764,-0.6318524757640276,28.765230834702116,0.3366666666666668,1,anode_hold
493.0,-5.0,3.794332220520808,3.821840547432842,0.02768746649756,0.1791395855259558,28.771012952224957,0.3369444444444445,1,anode_hold
494.0,-5.0,3.794073255962196,3.822324337157582,0.0279223706880659,-0.3287105073201957,28.7767789365122,0.3372222222222223,1,anode_hold
495.0,-5.0,3.794254397386632,3.82231269419101,0.0280265336192279,-0.0317631851500799,28.782544920799445,0.3375000000000001,1,anode_hold
496.0,-5.0,3.7945870556178383,3.822545236358227,0.0276384908031152,-0.319689937273715,28.788303383875892,0.3377777777777778,1,anode_hold
497.0,-5.0,3.794969367780325,3.8226364385424847,0.0275709131024053,-0.0961576597546809,28.79404737309797,0.33805555555555555,1,anode_hold
498.0,-5.0,3.794275936761096,3.822422297957052,0.0277343860093408,-0.4119751866151766,28.799791362320047,0.3383333333333334,1,anode_hold
499.0,-5.0,3.794838168964648,3.822440395643568,0.0275612211782398,-0.0410055006803133,28.8055264760582,0.33861111111111114,1,anode_hold
500.0,-5.0,3.795404485885242,3.822797242756321,0.0273952338411398,0.0024769700606164,28.8112517034318,0.3388888888888889,1,anode_hold
501.0,-5.0,3.795419764820378,3.8231060512969504,0.0269555107132626,-0.730775763309488,28.8169769308054,0.33916666666666667,1,anode_hold
502.0,-5.0,3.7954535588296494,3.823143361280891,0.0274845089880184,-0.2052934632224001,28.82269534756852,0.33944444444444444,1,anode_hold
503.0,-5.0,3.795738788298997,3.8236233960208073,0.0272247329726734,-0.6598747491373125,28.828409302278928,0.33972222222222226,1,anode_hold
504.0,-5.0,3.796505102348648,3.8235662371734063,0.0272934356822172,0.2323008574585117,28.834123256989336,0.34,1,anode_hold
505.0,-5.0,3.796152623859777,3.82392283835964,0.0272221728729344,-0.5480416269292299,28.839825437560386,0.3402777777777778,1,anode_hold
506.0,-5.0,3.796707103428649,3.823818924920385,0.0269879212168859,-0.1239002748500972,28.84552337915076,0.3405555555555556,1,anode_hold
507.0,-5.0,3.796934826262961,3.8237194721031695,0.0273636339432106,0.5789881030016097,28.851221320741136,0.3408333333333333,1,anode_hold
508.0,-5.0,3.79677743491043,3.824325587202799,0.0274494709256453,-0.0986813667234187,28.85690382746444,0.34111111111111114,1,anode_hold
509.0,-5.0,3.7972625072242128,3.824370478574137,0.0272170073761815,0.1090360262572254,28.862583953927547,0.3413888888888889,1,anode_hold
510.0,-5.0,3.797211378507847,3.824122649791949,0.0267917253545524,-0.1195459295497691,28.868264080390663,0.3416666666666667,1,anode_hold
511.0,-5.0,3.797381346908249,3.824394366807938,0.026966515998396,-0.0465039012933488,28.87392512914773,0.3419444444444445,1,anode_hold
512.0,-5.0,3.7974446988463377,3.825481590209236,0.0270521999931351,-0.984691369763091,28.8795861301169,0.3422222222222222,1,anode_hold
513.0,-5.0,3.798260457172667,3.823807927310021,0.0267405469142828,1.1930767769285922,28.88524417531219,0.3425,1,anode_hold
514.0,-5.0,3.798076705963767,3.825278101987796,0.0269253453547047,-0.2760506693246789,28.89088219411616,0.34277777777777785,1,anode_hold
515.0,-5.0,3.798222243287425,3.825103491673778,0.0262405072067453,-0.6407411796081064,28.89651546130084,0.3430555555555556,1,anode_hold
516.0,-5.0,3.798227949955781,3.82520538359705,0.0265617894212295,-0.4156442200402566,28.902138833131147,0.3433333333333334,1,anode_hold
517.0,-5.0,3.799277838488604,3.8252761814276006,0.027028907358997,1.0305644200006014,28.907754589551697,0.3436111111111112,1,anode_hold
518.0,-5.0,3.7991181545979646,3.8253506482541058,0.0268749012638131,0.6424076076720908,28.913363322208223,0.3438888888888889,1,anode_hold
519.0,-5.0,3.799010905016954,3.826337076680539,0.0265208818032806,-0.8052898603043701,28.918955537406656,0.34416666666666673,1,anode_hold
520.0,-5.0,3.7989953595093193,3.825646220724845,0.0265814920205352,-0.0693691949908981,28.92454120116848,0.3444444444444445,1,anode_hold
521.0,-5.0,3.7988978732841767,3.825824831820702,0.02717743810575,0.2504795692246375,28.930126864930298,0.34472222222222226,1,anode_hold
522.0,-5.0,3.799607524110204,3.8262916074985776,0.0268372479837882,0.1531645954142568,28.93569950404755,0.3450000000000001,1,anode_hold
523.0,-5.0,3.799775948498633,3.826310038770494,0.0262715919636584,-0.2624983082024634,28.94126407740045,0.3452777777777778,1,anode_hold
524.0,-5.0,3.799436343695855,3.8262858242448727,0.0265492254583048,-0.3002550907127421,28.94682865075335,0.3455555555555556,1,anode_hold
525.0,-5.0,3.8003915304747737,3.8264002466018248,0.026281682505868,0.2729663788172409,28.95237919600096,0.3458333333333334,1,anode_hold
526.0,-5.0,3.800463099008372,3.82623784622165,0.0262019055168389,0.4271583035611037,28.95792684689153,0.34611111111111115,1,anode_hold
527.0,-5.0,3.8001274965680327,3.827098779375584,0.0259788481995825,-0.9924346079692724,28.96346996904094,0.34638888888888897,1,anode_hold
528.0,-5.0,3.8004321450975698,3.826614993058788,0.0265233941044484,0.3405461432297585,28.969003433240857,0.34666666666666673,1,anode_hold
529.0,-5.0,3.8006523683600384,3.826359125270733,0.0269442530749481,1.2374961642533933,28.974536117415568,0.3469444444444445,1,anode_hold
530.0,-5.0,3.800994552111008,3.8275358372636914,0.026519710201295,-0.0215749513881036,28.9800566800149,0.34722222222222227,1,anode_hold
531.0,-5.0,3.801068461470067,3.827596802115244,0.0258534071244939,-0.6749335206830409,28.98557724261424,0.34750000000000003,1,anode_hold
532.0,-5.0,3.800773991937394,3.827623635435412,0.0264003459299428,-0.4492975680756572,28.99108640946857,0.34777777777777785,1,anode_hold
533.0,-5.0,3.8018584159934767,3.827516301129218,0.0258010437322996,0.1431585965581128,28.99659275749493,0.3480555555555556,1,anode_hold
534.0,-5.0,3.801659205028772,3.828170779746131,0.0263070458895372,-0.2045288278220702,29.00208908342547,0.34833333333333344,1,anode_hold
535.0,-5.0,3.802089950971516,3.827644356678416,0.026556701946835,1.0022962399349744,29.007582395527837,0.3486111111111112,1,anode_hold
536.0,-5.0,3.802242373058514,3.827463423522532,0.0266788552136177,1.4578047496001112,29.013064174091458,0.348888888888889,1,anode_hold
537.0,-5.0,3.801960203793144,3.8283082867424274,0.0262633514917847,-0.0847314574987656,29.01854181386559,0.3491666666666668,1,anode_hold
538.0,-5.0,3.802290068561986,3.8286476287052897,0.0263075014242566,-0.0500587190468415,29.024013182254212,0.34944444444444456,1,anode_hold
539.0,-5.0,3.802584614430663,3.828741783645271,0.0261878770993119,0.0307078847039399,29.029476023007977,0.3497222222222224,1,anode_hold
540.0,-5.0,3.8027736938204177,3.829323498714433,0.0261033767799819,-0.4464281140337256,29.034937469084475,0.3500000000000001,1,anode_hold
541.0,-5.0,3.802697179521173,3.829105033215626,0.0265713503698306,0.1634966753769617,29.040387815332775,0.3502777777777779,1,anode_hold
542.0,-5.0,3.802765242054425,3.8289410639224815,0.0257636593850323,-0.4121624830237813,29.04583773248484,0.3505555555555557,1,anode_hold
543.0,-5.0,3.8031831447167073,3.829103490046604,0.0255020301694735,-0.4183151604233437,29.051278220104123,0.35083333333333355,1,anode_hold
544.0,-5.0,3.803155512301766,3.8295778367824505,0.0264346782387999,0.0123537581155908,29.056714663430256,0.35111111111111126,1,anode_hold
545.0,-5.0,3.803455653230652,3.829446575134404,0.0265147306540792,0.5238087503278699,29.062143196981104,0.3513888888888891,1,anode_hold
546.0,-5.0,3.8032372190136656,3.829576435221729,0.0252840120675968,-1.0552041404667811,29.067565140455084,0.35166666666666685,1,anode_hold
547.0,-5.0,3.804093687370488,3.829242742724933,0.0259727854553949,0.8237301009490494,29.07298326501399,0.3519444444444446,1,anode_hold
548.0,-5.0,3.803967914200981,3.829823891383924,0.0258753839719324,0.0194067889895954,29.07839249963389,0.35222222222222244,1,anode_hold
549.0,-5.0,3.804311026599056,3.829678509169458,0.0254538025266104,0.0863199562077809,29.083797664862985,0.35250000000000015,1,anode_hold
550.0,-5.0,3.8046495388364354,3.830280604409314,0.0252522809516087,-0.3787846212697232,29.089191979277555,0.35277777777777797,1,anode_hold
551.0,-5.0,3.8049344935243226,3.83039553606652,0.0255563047393928,0.0952621971959111,29.09457936236511,0.35305555555555573,1,anode_hold
552.0,-5.0,3.805571672509355,3.8307111150649136,0.025387838673957,0.2483961183985528,29.099961004755865,0.3533333333333336,1,anode_hold
553.0,-5.0,3.805216554856437,3.831173260271111,0.0257248281635802,-0.2318772510938593,29.10533599799421,0.3536111111111113,1,anode_hold
554.0,-5.0,3.804879467171132,3.830728063654934,0.0252823600820666,-0.5662364017351429,29.110707944704806,0.35388888888888914,1,anode_hold
555.0,-5.0,3.8054923132492857,3.831352309177616,0.0258171778469101,-0.0428180814200374,29.116070185091832,0.3541666666666669,1,anode_hold
556.0,-5.0,3.805426760515348,3.8307255961369577,0.0252620224123065,-0.0368132093031547,29.121423582235018,0.3544444444444447,1,anode_hold
557.0,-5.0,3.805880711188079,3.831249701968793,0.0259253640480119,0.5563732672979604,29.12676722813956,0.3547222222222225,1,anode_hold
558.0,-5.0,3.805727614999303,3.831628762350477,0.0256719759888255,-0.2291713623492342,29.132102088446462,0.3550000000000003,1,anode_hold
559.0,-5.0,3.805898605378592,3.832069292267998,0.0257107661731998,-0.4599207162065966,29.13743321603036,0.355277777777778,1,anode_hold
560.0,-5.0,3.8061435826472194,3.831299432096541,0.0252100925309904,0.0542430816685701,29.14275163995019,0.35555555555555585,1,anode_hold
561.0,-5.0,3.806305797779229,3.8316953700283287,0.0252036456922887,-0.1859265568113777,29.14806444058417,0.3558333333333336,1,anode_hold
562.0,-5.0,3.806152332058288,3.8319586952520894,0.0251838002845275,-0.6225629092750928,29.15337249652116,0.3561111111111114,1,anode_hold
563.0,-5.0,3.806708723753897,3.832031775327307,0.0255028079289239,0.179756355513927,29.158670337121837,0.3563888888888892,1,anode_hold
564.0,-5.0,3.807118934489927,3.8319233261514247,0.0248815669484719,0.0771752869743735,29.16395597830261,0.3566666666666669,1,anode_hold
565.0,-5.0,3.807701195539836,3.831867708657551,0.0247743750472785,0.6078619295628584,29.16923081847737,0.35694444444444473,1,anode_hold
566.0,-5.0,3.807471006603577,3.832136889769932,0.0248714709847396,0.205587818385311,29.174505658652127,0.3572222222222225,1,anode_hold
567.0,-5.0,3.8076630016808606,3.832627235279795,0.0249788611818872,0.0146275829524533,29.17977048714613,0.3575000000000004,1,anode_hold
568.0,-5.0,3.8081615738511374,3.832399680503241,0.024784231803439,0.5461251513358967,29.1850247931977,0.3577777777777781,1,anode_hold
569.0,-5.0,3.808362541021961,3.8334804868775807,0.0247251716630153,-0.3927741926039729,29.19027909924928,0.3580555555555559,1,anode_hold
570.0,-5.0,3.80888607047995,3.8334668547450175,0.0242941921234279,-0.286592141640174,29.195528102639216,0.35833333333333367,1,anode_hold
571.0,-5.0,3.80877774320388,3.83267939818836,0.0244564679628587,0.5548129783781164,29.200770485267988,0.3586111111111114,1,anode_hold
572.0,-5.0,3.808782744079887,3.83325125433552,0.0242835160770438,-0.1849941785891928,29.20600336306449,0.35888888888888915,1,anode_hold
573.0,-5.0,3.809369278454623,3.833944619037633,0.0248897478258046,0.3144072427945232,29.211229163304317,0.35916666666666697,1,anode_hold
574.0,-5.0,3.809582575884581,3.834130805320294,0.0245560101295073,0.0077806937945901,29.216448490850127,0.35944444444444473,1,anode_hold
575.0,-5.0,3.80912718357382,3.8341801338461936,0.0247746574963688,-0.2782927760045517,29.221665066132086,0.3597222222222225,1,anode_hold
576.0,-5.0,3.809444234485735,3.833565998546349,0.0241977839772207,0.0760199166069952,29.226874046032336,0.3600000000000003,1,anode_hold
577.0,-5.0,3.80901569288985,3.8340320869787816,0.0246056939162642,-0.410700172667422,29.232081471488293,0.36027777777777803,1,anode_hold
578.0,-5.0,3.809523594177023,3.8346725388689618,0.0247641350758035,-0.3848096161349623,29.237277576095757,0.36055555555555585,1,anode_hold
579.0,-5.0,3.809480353903315,3.834468904990348,0.0243707355647923,-0.6178155222404946,29.24247210389077,0.36083333333333356,1,anode_hold
580.0,-5.0,3.809795352584956,3.8344505697029594,0.0245285079847205,-0.1267091332821657,29.247655223633423,0.3611111111111114,1,anode_hold
581.0,-5.0,3.809832053042701,3.834887453993128,0.0245997440072732,-0.4556569431533042,29.252834334457592,0.3613888888888892,1,anode_hold
582.0,-5.0,3.8100541605579674,3.835182366711437,0.0248225289576556,-0.3056771958145354,29.257998851143245,0.3616666666666669,1,anode_hold
583.0,-5.0,3.8102077438688937,3.835081075795241,0.0248800262784766,0.0066943521295215,29.263159481281924,0.36194444444444474,1,anode_hold
584.0,-5.0,3.810535799361356,3.835266781086899,0.0243742568655108,-0.3567248600320205,29.26831237437456,0.3622222222222225,1,anode_hold
585.0,-5.0,3.810613831490836,3.8356695816286472,0.0248974221260932,-0.1583280117181118,29.273460763294025,0.36250000000000027,1,anode_hold
586.0,-5.0,3.810542072098153,3.8353355686670088,0.0248508478042464,0.0573512353909677,29.278603718584467,0.362777777777778,1,anode_hold
587.0,-5.0,3.8104961561564634,3.835387703274945,0.0248603727147644,-0.0311744037180261,29.283738894983248,0.3630555555555558,1,anode_hold
588.0,-5.0,3.8114276925248673,3.836047801773022,0.0244946950024129,-0.1254142457418616,29.28887096910292,0.36333333333333356,1,anode_hold
589.0,-5.0,3.811657811950188,3.8356177298641296,0.024717081545986,0.7571636320444775,29.29399403836017,0.36361111111111133,1,anode_hold
590.0,-5.0,3.811266458894318,3.836282940362993,0.0251095280288006,0.0930465601260976,29.299109728686663,0.36388888888888915,1,anode_hold
591.0,-5.0,3.811732669070698,3.836072559739903,0.0250659180817235,0.7260274125187038,29.304213077849536,0.36416666666666686,1,anode_hold
592.0,-5.0,3.8112678656881407,3.83669964252997,0.0245330386323022,-0.8987382095271279,29.30931642701241,0.3644444444444447,1,anode_hold
593.0,-5.0,3.811418485058111,3.8362488309225,0.0251930310201881,0.3626851557996247,29.31441977617528,0.36472222222222245,1,anode_hold
594.0,-5.0,3.811951531331706,3.837100015125819,0.0245958393006833,-0.5526444934300656,29.31950714346569,0.3650000000000002,1,anode_hold
595.0,-5.0,3.812619155170978,3.837000059621324,0.0244626442174853,0.0817397671397657,29.324594319067064,0.36527777777777803,1,anode_hold
596.0,-5.0,3.812008715496495,3.836978006579766,0.0250778350483173,0.108543965045893,29.329673218654754,0.36555555555555574,1,anode_hold
597.0,-5.0,3.812217302430075,3.8369646351715976,0.0248477487232968,0.1004159817745709,29.33474064247847,0.36583333333333357,1,anode_hold
598.0,-5.0,3.813094676917527,3.8373299932870175,0.0254461738054587,1.21085743596705,29.339808066302183,0.36611111111111133,1,anode_hold
599.0,-5.0,3.812198338085396,3.837252853465592,0.0246890238747663,-0.3654915054296381,29.344861259538245,0.3663888888888892,1,anode_hold
600.0,-5.0,3.813115823508225,3.837324024028814,0.0247966493832896,0.5884488627003748,29.349911938616145,0.366666666666667,1,anode_hold
601.0,-5.0,3.813229302132629,3.83815894110972,0.0249697188670713,0.0400798899802268,29.354957893468622,0.36694444444444474,1,anode_hold
602.0,-5.0,3.813195957914516,3.838169575090215,0.0248078155665191,-0.1658016091798941,29.359991742799583,0.36722222222222256,1,anode_hold
603.0,-5.0,3.813489307828679,3.838514108172208,0.0245874241415582,-0.4373762019702631,29.365025592130547,0.36750000000000027,1,anode_hold
604.0,-5.0,3.814407812078795,3.8378941575444223,0.0246749147785406,1.1885693129132235,29.37005247753376,0.3677777777777781,1,anode_hold
605.0,-5.0,3.8134773545066616,3.837870542796716,0.0246284666392281,0.2352783491739174,29.3750765400167,0.36805555555555586,1,anode_hold
606.0,-5.0,3.8139149580652902,3.838133862205572,0.0245900767557899,0.3711726155088968,29.380095622460715,0.3683333333333336,1,anode_hold
607.0,-5.0,3.814129115994572,3.838957409654293,0.0245492819071433,-0.2790117525779401,29.38508471589512,0.3686111111111114,1,anode_hold
608.0,-5.0,3.814185061583728,3.83915761000963,0.0240591686415731,-0.9133797843294822,29.39007380932953,0.36888888888888915,1,anode_hold
609.0,-5.0,3.81418081394077,3.838513495162257,0.0247503920256481,0.4177108041609756,29.39506290276393,0.369166666666667,1,anode_hold
610.0,-5.0,3.81525278178034,3.839529543561883,0.0242591930460571,-0.0175687354859732,29.40005199619834,0.3694444444444447,1,anode_hold
611.0,-5.0,3.81502926853644,3.8392448557642345,0.0243361442153349,0.1205569875404322,29.405026798320375,0.3697222222222225,1,anode_hold
612.0,-5.0,3.814621531565957,3.839169436820044,0.024139869851082,-0.4080354030047139,29.409988299583137,0.3700000000000003,1,anode_hold
613.0,-5.0,3.815123777127202,3.839657017271344,0.0242817841213335,-0.2514560228088491,29.414949800845893,0.37027777777777804,1,anode_hold
614.0,-5.0,3.8156419278022966,3.840003729397738,0.024604054078967,0.2422524835257178,29.41991130210865,0.37055555555555586,1,anode_hold
615.0,-5.0,3.815827022824904,3.839921333928904,0.0246578717838781,0.5635606798786164,29.42487280337141,0.3708333333333336,1,anode_hold
616.0,-5.0,3.815473641884632,3.8400884089384233,0.0243312172805536,-0.2835497732376346,29.429807818919112,0.37111111111111145,1,anode_hold
617.0,-5.0,3.8160797306474783,3.8400442723631953,0.0242375505885833,0.2730088728664093,29.43473967697289,0.3713888888888892,1,anode_hold
618.0,-5.0,3.816386841914904,3.8400264450718975,0.0239870239417925,0.3474207847977695,29.439671535026665,0.371666666666667,1,anode_hold
619.0,-5.0,3.8166277676368128,3.8404955104227176,0.0240138850004708,0.1461422145658808,29.44460339308044,0.37194444444444474,1,anode_hold
620.0,-5.0,3.816831607032776,3.840277108834081,0.0241215604288078,0.6760586275027514,29.44952826977457,0.37222222222222257,1,anode_hold
621.0,-5.0,3.816374478599987,3.8411035379015503,0.0239550530528938,-0.7740062486694121,29.45443417662377,0.3725000000000003,1,anode_hold
622.0,-5.0,3.8176836334220816,3.840825569725451,0.0236558580278818,0.5139217245124783,29.45934008347297,0.3727777777777781,1,anode_hold
623.0,-5.0,3.817401034373173,3.841633601132936,0.0239215394532409,-0.3110273065223268,29.46424599032217,0.37305555555555586,1,anode_hold
624.0,-5.0,3.8180883007923727,3.8409245689495215,0.0235414706307438,0.7052024735942908,29.469135442216203,0.37333333333333363,1,anode_hold
625.0,-5.0,3.8186143759045854,3.84198489697966,0.0244291918205095,1.0586707454360855,29.474021553477773,0.37361111111111145,1,anode_hold
626.0,-5.0,3.817916221329332,3.841459421172902,0.0238526151722387,0.3094153286684609,29.478907664739346,0.37388888888888916,1,anode_hold
627.0,-5.0,3.817795598811382,3.841618787058725,0.0235514154963528,-0.2717727509904399,29.483785989763124,0.374166666666667,1,anode_hold
628.0,-5.0,3.8186145854508857,3.8421370680269775,0.0238338822126374,0.3113996365446958,29.48865231230271,0.3744444444444447,1,anode_hold
629.0,-5.0,3.8184907148929015,3.8424817343097337,0.0234428669023319,-0.5481525145003552,29.493518634842296,0.3747222222222225,1,anode_hold
630.0,-5.0,3.818599160688144,3.842361370557391,0.0235639498476001,-0.1982600216470231,29.498384957381884,0.37500000000000033,1,anode_hold
631.0,-5.0,3.8185806304743553,3.8424268534962502,0.0241097970946245,0.2635740727292557,29.50323746512174,0.37527777777777804,1,anode_hold
632.0,-5.0,3.819551427454085,3.843294084237846,0.0240371422348323,0.29448545107158,29.508089332396832,0.37555555555555586,1,anode_hold
633.0,-5.0,3.819047782464099,3.843006678144033,0.0233190015002314,-0.6398941797023383,29.51293511297654,0.37583333333333363,1,anode_hold
634.0,-5.0,3.818878177786544,3.842650473830285,0.0233792129936079,-0.3930830501328586,29.51777511424954,0.3761111111111114,1,anode_hold
635.0,-5.0,3.819262547727944,3.843088238349376,0.0236173590303654,-0.2083315910668126,29.52260749264613,0.3763888888888892,1,anode_hold
636.0,-5.0,3.819138837993892,3.843830478407951,0.0245129896907849,-0.1786507232739431,29.527433917358223,0.3766666666666669,1,anode_hold
637.0,-5.0,3.8196142692711423,3.843574802327564,0.0239282328551129,-0.0323002013087325,29.53225245108066,0.37694444444444475,1,anode_hold
638.0,-5.0,3.819519772601839,3.843876755087336,0.0240613719762892,-0.2956105092075667,29.53706195672991,0.37722222222222246,1,anode_hold
639.0,-5.0,3.819413092165958,3.844392767111633,0.0238995591533477,-1.080115792327252,29.541865786017524,0.3775000000000003,1,anode_hold
640.0,-5.0,3.820004738766963,3.843756889821607,0.0245103247499263,0.7581736952828599,29.54666356104689,0.37777777777777805,1,anode_hold
641.0,-5.0,3.8197500453578894,3.844203264072127,0.024437786210732,-0.0154325035044422,29.55145160857935,0.37805555555555587,1,anode_hold
642.0,-5.0,3.820295889705561,3.844046962539184,0.0236505715078705,-0.1005013257517895,29.55623550658952,0.37833333333333363,1,anode_hold
643.0,-5.0,3.820622991950581,3.844404619195696,0.0239081515054444,0.1265242603301075,29.56101344544323,0.37861111111111145,1,anode_hold
644.0,-5.0,3.820328845500217,3.844729080156128,0.0235812158249119,-0.8190188309997737,29.5657853506454,0.37888888888888916,1,anode_hold
645.0,-5.0,3.820455601466705,3.844329626720073,0.0237330555349447,-0.140969718422923,29.570550173883564,0.3791666666666669,1,anode_hold
646.0,-5.0,3.820940568818914,3.844938658076111,0.0237700613044385,-0.2280279527582251,29.575309213865133,0.3794444444444447,1,anode_hold
647.0,-5.0,3.8213996395137695,3.845103671669916,0.0235282069079538,-0.175825248192929,29.58006282210931,0.37972222222222246,1,anode_hold
648.0,-5.0,3.821395658597303,3.845544760108381,0.0236406725332977,-0.508428977780806,29.5848129491731,0.3800000000000003,1,anode_hold
649.0,-5.0,3.8217047872099754,3.8452168708917367,0.0239404294930626,0.4283458113003568,29.589560889983886,0.38027777777777805,1,anode_hold
650.0,-5.0,3.82192957551188,3.845180321546311,0.0239640248251427,0.7132787907111471,29.594299553304023,0.38055555555555587,1,anode_hold
651.0,-5.0,3.822305849431213,3.845849367178572,0.0235527893660211,0.0092716186617103,29.59903821662416,0.3808333333333336,1,anode_hold
652.0,-5.0,3.8226673512628073,3.845560120925256,0.0236383636609933,0.7455939985447912,29.60376096753513,0.3811111111111113,1,anode_hold
653.0,-5.0,3.822532320480579,3.846120239736805,0.0229151199443965,-0.6727993118298414,29.60848217824695,0.3813888888888891,1,anode_hold
654.0,-5.0,3.822856440913192,3.8464028799901526,0.0236742166643433,0.1277775873833597,29.613196240002207,0.38166666666666693,1,anode_hold
655.0,-5.0,3.82326649430834,3.846135041572713,0.0238348269288445,0.9662796644711592,29.617906153178737,0.3819444444444447,1,anode_hold
656.0,-5.0,3.823300514320658,3.8465283044248615,0.0230225600117824,-0.2052300924204608,29.622611517211585,0.38222222222222246,1,anode_hold
657.0,-5.0,3.823778025867759,3.846418918367703,0.0231667834510222,0.525890951077912,29.627308573469584,0.3825000000000003,1,anode_hold
658.0,-5.0,3.8241328445857623,3.846042941465853,0.0230332097559437,1.12311287585376,29.632004319159773,0.38277777777777805,1,anode_hold
659.0,-5.0,3.8241738184455567,3.846623138174852,0.0222314935274712,-0.2178262018239785,29.63668387034224,0.38305555555555587,1,anode_hold
660.0,-5.0,3.824207605253337,3.846597129065117,0.0231447230964977,0.7551992847179001,29.64136342152471,0.38333333333333364,1,anode_hold
661.0,-5.0,3.824363844609106,3.847394490142448,0.0229389443852922,-0.0917011480496832,29.64604297270717,0.38361111111111146,1,anode_hold
662.0,-5.0,3.825330708089613,3.84723233372164,0.0222654575823956,0.3638319503682652,29.650722523889645,0.3838888888888892,1,anode_hold
663.0,-5.0,3.8252646386482696,3.84767483848584,0.0225943978705677,0.1841980329970738,29.655388919915858,0.38416666666666704,1,anode_hold
664.0,-5.0,3.824849093545124,3.84786728894097,0.0230483413346919,0.0301459388447611,29.660043023298574,0.3844444444444448,1,anode_hold
665.0,-5.0,3.825116745060324,3.8483656739260623,0.0228532191539051,-0.3957097118334474,29.66469712668129,0.3847222222222225,1,anode_hold
666.0,-5.0,3.826115189602915,3.8481055618715896,0.0222473856901665,0.2570134214918695,29.669351230064,0.38500000000000034,1,anode_hold
667.0,-5.0,3.82619274757193,3.848253712458841,0.0224671095226374,0.4061446357268572,29.673991036812108,0.38527777777777805,1,anode_hold
668.0,-5.0,3.8259674328098887,3.848691803690304,0.0224078388994537,-0.3165319809612654,29.678610675329395,0.3855555555555559,1,anode_hold
669.0,-5.0,3.826465956237857,3.849190927787358,0.0226361964063299,-0.0887751431708494,29.68323031384668,0.38583333333333364,1,anode_hold
670.0,-5.0,3.825862128832337,3.8488475230460746,0.0223541019907737,-0.6312922229638751,29.68784995236397,0.3861111111111114,1,anode_hold
671.0,-5.0,3.8265102490769074,3.849140132889771,0.0225455384068931,-0.084345405970243,29.692460106372973,0.3863888888888891,1,anode_hold
672.0,-5.0,3.826938334354369,3.849146995049952,0.0224398807827569,0.2312200871741332,29.69706662483421,0.38666666666666694,1,anode_hold
673.0,-5.0,3.826370422337232,3.8491622643523375,0.0220027710846257,-0.7890709304807508,29.70166552527563,0.3869444444444447,1,anode_hold
674.0,-5.0,3.8269117542127375,3.849077948273962,0.022520713909744,0.35451984851953,29.706257015321004,0.38722222222222247,1,anode_hold
675.0,-5.0,3.827601989823581,3.849687323348758,0.0224246896250599,0.3393560998832257,29.710845017372154,0.3875000000000003,1,anode_hold
676.0,-5.0,3.82793256540529,3.849801440855896,0.0220859386194874,0.2170631688813706,29.71542451763589,0.38777777777777805,1,anode_hold
677.0,-5.0,3.827640388924413,3.849978123418126,0.0224597816975533,0.1220472038401254,29.72000307999437,0.3880555555555559,1,anode_hold
678.0,-5.0,3.8281227467427024,3.850820858043973,0.0228789314727519,0.1808201714816881,29.72457006151932,0.38833333333333364,1,anode_hold
679.0,-5.0,3.8287334404209017,3.850294450976212,0.0216687208906401,0.1077103353299691,29.72913704304427,0.38861111111111146,1,anode_hold
680.0,-5.0,3.828333145724791,3.850665735080906,0.0221866327245129,-0.1459566316022176,29.733692939232583,0.38888888888888923,1,anode_hold
681.0,-5.0,3.828238450337168,3.850632051132766,0.0223521201127086,-0.0414806828894498,29.738247014718286,0.389166666666667,1,anode_hold
682.0,-5.0,3.828780635467135,3.8512610656198167,0.0221187575062563,-0.3616726464255038,29.742795430563586,0.3894444444444447,1,anode_hold
683.0,-5.0,3.828824972088157,3.850987318684432,0.0219590160468224,-0.2033305494526516,29.747340703196212,0.3897222222222225,1,anode_hold
684.0,-5.0,3.8294563546927542,3.851801241816643,0.0228379862802023,0.4930991563139031,29.751879021199716,0.3900000000000003,1,anode_hold
685.0,-5.0,3.8292240008924394,3.851329107328739,0.0220826268798586,-0.0224795564420787,29.756410258831327,0.39027777777777806,1,anode_hold
686.0,-5.0,3.8290333964595566,3.8518076046576506,0.0222620165283189,-0.5121916697747864,29.76093495168281,0.3905555555555559,1,anode_hold
687.0,-5.0,3.830082635819215,3.8520460261763754,0.0221818387263064,0.2184483691465288,29.76545355352343,0.39083333333333364,1,anode_hold
688.0,-5.0,3.829296617642687,3.851834491851749,0.0228255313135418,0.28765710448031,29.76996488797153,0.3911111111111114,1,anode_hold
689.0,-5.0,3.829672566777593,3.8523288894750647,0.0218986389304488,-0.7576837670226766,29.77447622241963,0.39138888888888923,1,anode_hold
690.0,-5.0,3.8298297876833223,3.852258465927359,0.022343996955648,-0.084681288388122,29.778973282342264,0.39166666666666694,1,anode_hold
691.0,-5.0,3.829964044828537,3.852179217510496,0.0225421010701005,0.3269283881408569,29.78346345397713,0.39194444444444476,1,anode_hold
692.0,-5.0,3.829888257917793,3.8523742130093535,0.0228352541222447,0.3492990306845911,29.78795114881707,0.3922222222222226,1,anode_hold
693.0,-5.0,3.8301461381468247,3.852847811795564,0.022882122881553,0.1804492328139062,29.79242769997325,0.3925000000000003,1,anode_hold
694.0,-5.0,3.830083518203067,3.853456244076544,0.0231139778757754,-0.258747997701203,29.796904251129423,0.39277777777777806,1,anode_hold
695.0,-5.0,3.8298376667716414,3.852945423373853,0.0227933206306359,-0.3144359715752109,29.801371771514383,0.3930555555555559,1,anode_hold
696.0,-5.0,3.8303633495249225,3.853431444663317,0.0226180375737391,-0.45005756465466,29.805836665947343,0.39333333333333365,1,anode_hold
697.0,-5.0,3.830549566409241,3.853200807801204,0.0228159544157886,0.1647130238260352,29.810295467285343,0.39361111111111147,1,anode_hold
698.0,-5.0,3.830746014393813,3.8536972082272833,0.0225598971428752,-0.3912966905952331,29.814748072442743,0.3938888888888892,1,anode_hold
699.0,-5.0,3.8310367258004057,3.853405144480214,0.0226414182859128,0.2729996061043849,29.81919676190967,0.394166666666667,1,anode_hold
700.0,-5.0,3.831014308535692,3.853738713581521,0.0226309597673347,-0.0934452784937533,29.823639358918136,0.3944444444444447,1,anode_hold
701.0,-5.0,3.831809019510175,3.854152434320567,0.0228353213568531,0.4919065464616956,29.828075929031957,0.39472222222222253,1,anode_hold
702.0,-5.0,3.832094382559775,3.854108467942996,0.0229603460336233,0.946260650402042,29.83250981759549,0.3950000000000003,1,anode_hold
703.0,-5.0,3.831176585430803,3.854431270886893,0.022345961830304,-0.9087236257858676,29.836943706159023,0.39527777777777806,1,anode_hold
704.0,-5.0,3.832046392587394,3.854995023670985,0.0224699542323387,-0.4786768512525796,29.84136317686966,0.3955555555555559,1,anode_hold
705.0,-5.0,3.8320344383191833,3.8548326643317226,0.02261616163952,-0.1820643730190418,29.84577499618597,0.3958333333333336,1,anode_hold
706.0,-5.0,3.8316697654170135,3.854833188566773,0.02260247009671,-0.5609530530494844,29.85018681550228,0.3961111111111114,1,anode_hold
707.0,-5.0,3.8327665117629497,3.8548556537665815,0.0225077539518474,0.4186119482159078,29.854592677406853,0.3963888888888891,1,anode_hold
708.0,-5.0,3.832642017438788,3.855243959246725,0.0227503914962866,0.1484496883503716,29.858994802411186,0.39666666666666694,1,anode_hold
709.0,-5.0,3.832888859484566,3.855926539726406,0.0225140996978771,-0.5235805439629537,29.86338657551608,0.39694444444444477,1,anode_hold
710.0,-5.0,3.832976503565726,3.855732015110492,0.0220611822964041,-0.6943292483616581,29.867774792902587,0.3972222222222225,1,anode_hold
711.0,-5.0,3.833657814577492,3.8558877028874408,0.0229952708866302,0.7653825766817945,29.872154162196853,0.3975000000000003,1,anode_hold
712.0,-5.0,3.833861708949872,3.85632370688669,0.0222420529202732,-0.2199450165445426,29.876532189133226,0.39777777777777806,1,anode_hold
713.0,-5.0,3.833732584617724,3.856534504273855,0.0231242154944554,0.3222958383246599,29.880892953090164,0.3980555555555559,1,anode_hold
714.0,-5.0,3.834017105146761,3.8567605220242256,0.0227286690427634,-0.0147478347010121,29.885253717047107,0.39833333333333365,1,anode_hold
715.0,-5.0,3.833935070473676,3.8565268475724266,0.022763792598947,0.1720155001967427,29.88961448100405,0.39861111111111147,1,anode_hold
716.0,-5.0,3.834182105766669,3.856537052992538,0.0222327628545197,-0.1221843713485881,29.89396399710705,0.3988888888888892,1,anode_hold
717.0,-5.0,3.834095400023774,3.8564895127498753,0.0227551972833463,0.3610845572450394,29.89830712007886,0.399166666666667,1,anode_hold
718.0,-5.0,3.8345061624689274,3.856963684914655,0.0226129922948245,0.1554698490964234,29.90265024305067,0.3994444444444447,1,anode_hold
719.0,-5.0,3.8344581403688593,3.857236817218253,0.0224254304926684,-0.3532463567252897,29.906989082358013,0.39972222222222253,1,anode_hold
720.0,-5.0,3.834956752260488,3.857746787042892,0.022848252946461,0.0582181640567114,29.911316412994065,0.4000000000000003,1,anode_hold
721.0,-5.0,3.835265646621492,3.857802764512588,0.0229147747111791,0.3776568200826169,29.915643743630117,0.40027777777777807,1,anode_hold
722.0,-5.0,3.835274668769583,3.857714953380146,0.0230609722849185,0.6206876743553025,29.91996185182761,0.4005555555555559,1,anode_hold
723.0,-5.0,3.8356937721203614,3.858328898005683,0.0223595879147845,-0.2755379705359218,29.92427281980993,0.40083333333333365,1,anode_hold
724.0,-5.0,3.83630278442105,3.857863438138095,0.0225115609773478,0.9509072603028912,29.928583787792256,0.4011111111111114,1,anode_hold
725.0,-5.0,3.835009024823076,3.858102529733744,0.0231946983388506,0.1011934281818227,29.932883459635068,0.40138888888888924,1,anode_hold
726.0,-5.0,3.83578837976153,3.858242048707869,0.02297044819637,0.5167792500322399,29.937181231270504,0.40166666666666695,1,anode_hold
727.0,-5.0,3.835762125694348,3.858444937578813,0.02308514723162,0.4023353471551694,29.9414724119486,0.40194444444444477,1,anode_hold
728.0,-5.0,3.835951346584955,3.8588746974014985,0.0227092884848291,-0.214062331714171,29.94575445881747,0.4022222222222225,1,anode_hold
729.0,-5.0,3.8358365280716407,3.8588750939235386,0.0229944478274542,-0.0441180244434846,29.950036505686334,0.4025000000000003,1,anode_hold
730.0,-5.0,3.83644443545832,3.859081928352147,0.0231295459229428,0.492053029115258,29.954311970657532,0.4027777777777781,1,anode_hold
731.0,-5.0,3.836549213484887,3.8598948499860586,0.022505965822829,-0.8396706783426744,29.958583536534405,0.4030555555555559,1,anode_hold
732.0,-5.0,3.836648501764314,3.85923666266888,0.0226406985212576,0.0525376166922164,29.96285108123732,0.40333333333333365,1,anode_hold
733.0,-5.0,3.836997724254056,3.859553156230808,0.022869187812784,0.3137558360322146,29.967112063379545,0.4036111111111115,1,anode_hold
734.0,-5.0,3.837141171257084,3.859979119255069,0.0231482959530828,0.3103479550978782,29.971368622492903,0.4038888888888892,1,anode_hold
735.0,-5.0,3.836868115176428,3.860372477422078,0.0225481485006991,-0.9562137449501408,29.97562090054629,0.404166666666667,1,anode_hold
736.0,-5.0,3.838150981597883,3.860574644307289,0.0228068117306131,0.3831490212071742,29.979868717417023,0.4044444444444447,1,anode_hold
737.0,-5.0,3.8379910327620976,3.8605383487878817,0.0222943198858729,-0.2529961399111435,29.984110568622096,0.4047222222222225,1,anode_hold
738.0,-5.0,3.838039781911498,3.8606964299935576,0.0221362529657096,-0.5203951163501586,29.98834441866033,0.4050000000000003,1,anode_hold
739.0,-5.0,3.838651322983876,3.8609148074516986,0.0226305146060434,0.3670301382210361,29.99257306945681,0.40527777777777807,1,anode_hold
740.0,-5.0,3.838595394088094,3.8614062595816576,0.0220936534031559,-0.7172120904077595,29.9968017202533,0.4055555555555559,1,anode_hold
741.0,-5.0,3.838354576802232,3.861092445006862,0.02238312117752,-0.3547470271105801,30.00102137926422,0.40583333333333366,1,anode_hold
742.0,-5.0,3.839483022055908,3.860849017235619,0.0221813222857273,0.8153271060158396,30.005240030105213,0.4061111111111115,1,anode_hold
743.0,-5.0,3.838915038711419,3.861795146782555,0.0224838499650479,-0.3962581060878989,30.00944993219727,0.40638888888888924,1,anode_hold
744.0,-5.0,3.839553104211829,3.861572957644368,0.0219400041563507,-0.0798492761879821,30.01365720790066,0.40666666666666706,1,anode_hold
745.0,-5.0,3.839855921788596,3.862090318330575,0.0218813944402433,-0.3530021017357221,30.01785421774149,0.4069444444444448,1,anode_hold
746.0,-5.0,3.8404306917764575,3.862709411878432,0.0218548785440937,-0.4238415578803334,30.022047589566565,0.4072222222222225,1,anode_hold
747.0,-5.0,3.840595944591491,3.8625063000896978,0.0221867981286975,0.2764426304904255,30.026235335213777,0.4075000000000003,1,anode_hold
748.0,-5.0,3.8405065050702807,3.8632129581649566,0.022592321076611,-0.1141320180648719,30.03041940322958,0.4077777777777781,1,anode_hold
749.0,-5.0,3.840457339506572,3.862370065035588,0.022412794539846,0.5000690108301065,30.03459433624867,0.4080555555555559,1,anode_hold
750.0,-5.0,3.8407942261428527,3.863105342312093,0.0221794789968043,-0.1316371724358056,30.03876731325956,0.40833333333333366,1,anode_hold
751.0,-5.0,3.841491764913128,3.863338278423889,0.022021178860783,0.1746653500220851,30.042931461478315,0.4086111111111115,1,anode_hold
752.0,-5.0,3.841948670444669,3.863657992904094,0.0223626704161167,0.6533479566916967,30.04709449409512,0.4088888888888892,1,anode_hold
753.0,-5.0,3.841833191266543,3.863379570500805,0.0219047668735088,0.3583876392463381,30.0512439056484,0.409166666666667,1,anode_hold
754.0,-5.0,3.841733920349214,3.863836229470118,0.0221750613555152,0.0727522346108955,30.055393317201684,0.4094444444444447,1,anode_hold
755.0,-5.0,3.842493504366221,3.864014234786151,0.0222000010837227,0.6792706637934742,30.05954272875497,0.40972222222222254,1,anode_hold
756.0,-5.0,3.842325189026131,3.864195715201885,0.0219369204788348,0.0663943030807523,30.063678873080278,0.4100000000000003,1,anode_hold
757.0,-5.0,3.8425681853514058,3.8639478048899143,0.0217913581607632,0.4117386222541874,30.06781411473713,0.4102777777777781,1,anode_hold
758.0,-5.0,3.842856912300136,3.8640332664217634,0.0217297944339464,0.5534403123190756,30.071947816107897,0.4105555555555559,1,anode_hold
759.0,-5.0,3.843345917825122,3.8649049239882554,0.0215532691700559,-0.0057369930765993,30.07606916022981,0.41083333333333366,1,anode_hold
760.0,-5.0,3.843479725823977,3.865038376344567,0.0216235719427435,0.064921422154196,30.080190504351727,0.4111111111111115,1,anode_hold
761.0,-5.0,3.843913920625047,3.865136851080492,0.0212523913870339,0.0294609315885097,30.084308852885165,0.41138888888888925,1,anode_hold
762.0,-5.0,3.844200561714901,3.865507892271716,0.0212579800368792,-0.0493505199354871,30.088419699667995,0.41166666666666707,1,anode_hold
763.0,-5.0,3.844153043048298,3.865831529958636,0.0219729818730819,0.2944949627443627,30.092528281898904,0.4119444444444448,1,anode_hold
764.0,-5.0,3.843464698923891,3.865348344548756,0.0214979429374233,-0.3857026874412028,30.09663070955908,0.4122222222222226,1,anode_hold
765.0,-5.0,3.8438061368353207,3.866121412594012,0.0210719290382368,-1.2433467204542303,30.10072776507588,0.4125000000000004,1,anode_hold
766.0,-5.0,3.8445038670714977,3.86652372796864,0.0220204407591673,0.0005798620246189,30.10482042618735,0.41277777777777813,1,anode_hold
767.0,-5.0,3.8445725700775055,3.866573172449885,0.0220742612572562,0.0736588848782027,30.108906325415443,0.41305555555555595,1,anode_hold
768.0,-5.0,3.8453775417662577,3.86663458281958,0.0218587743698731,0.6017333165506678,30.11298687478188,0.41333333333333366,1,anode_hold
769.0,-5.0,3.844862788421473,3.866860534377556,0.0214102409583731,-0.5875049977097646,30.11706325467603,0.4136111111111115,1,anode_hold
770.0,-5.0,3.844980876089294,3.8664095225218222,0.0223857294151662,0.957082982638191,30.121133225087423,0.41388888888888925,1,anode_hold
771.0,-5.0,3.845483031884689,3.8668891899310194,0.0221545374217078,0.7483793753779722,30.12519834137767,0.41416666666666707,1,anode_hold
772.0,-5.0,3.845704746080608,3.867542294117591,0.0222092767614924,0.3717287245095235,30.12926024266261,0.41444444444444484,1,anode_hold
773.0,-5.0,3.845524863805124,3.8678789371894857,0.021761008014915,-0.5930653694470323,30.13331619244624,0.41472222222222266,1,anode_hold
774.0,-5.0,3.845957215079552,3.867773262995306,0.0219375485227057,0.1215006069519297,30.137367783634115,0.41500000000000037,1,anode_hold
775.0,-5.0,3.845701294528377,3.867699910272374,0.0217077764032222,-0.2908393407747844,30.141415614708645,0.4152777777777782,1,anode_hold
776.0,-5.0,3.845988757922945,3.867997155582168,0.0216901636919988,-0.3182339672238576,30.1454589053418,0.415555555555556,1,anode_hold
777.0,-5.0,3.846861022678421,3.8684956572776152,0.0213961395130244,-0.2384950861693546,30.149491652750584,0.4158333333333337,1,anode_hold
778.0,-5.0,3.846286403701838,3.8690466356627833,0.0214922835655948,-1.2679483953506043,30.15352251869973,0.41611111111111154,1,anode_hold
779.0,-5.0,3.847201694525423,3.868878783816856,0.0215568512019646,-0.1202380894684829,30.157553157574945,0.41638888888888936,1,anode_hold
780.0,-5.0,3.847314356059576,3.868682732945706,0.0217291991711797,0.3608222850495224,30.16157678905215,0.4166666666666671,1,anode_hold
781.0,-5.0,3.847517933955578,3.869222918459607,0.0220285570366903,0.3235725326615757,30.165596105312297,0.41694444444444484,1,anode_hold
782.0,-5.0,3.8477285111350574,3.869361033506241,0.0219281469126157,0.2956245414336145,30.169611325283565,0.4172222222222226,1,anode_hold
783.0,-5.0,3.847784978408287,3.870144764129705,0.0212643450866603,-1.0954406347578605,30.173619526657347,0.4175000000000004,1,anode_hold
784.0,-5.0,3.847136916703509,3.8697976147770943,0.0221321965661595,-0.5285015074254495,30.1776227414605,0.41777777777777814,1,anode_hold
785.0,-5.0,3.847645728555364,3.869823723089807,0.0214069476329779,-0.7710469014647892,30.181621758826,0.41805555555555596,1,anode_hold
786.0,-5.0,3.847947792091396,3.869985402927546,0.0220090224886696,-0.0285883474804293,30.185614258753397,0.41833333333333367,1,anode_hold
787.0,-5.0,3.848603741248296,3.869836308454517,0.0218031175078959,0.5705503016755209,30.189601763902925,0.4186111111111115,1,anode_hold
788.0,-5.0,3.848206747536129,3.870087596559978,0.0218629871816937,-0.0178618421551313,30.19358574439843,0.41888888888888925,1,anode_hold
789.0,-5.0,3.848573928316393,3.870461688264317,0.0216625997320113,-0.2251602159129007,30.19756437097023,0.419166666666667,1,anode_hold
790.0,-5.0,3.848929512582092,3.870564618981653,0.021441649996871,-0.1934564026901952,30.201537775648585,0.41944444444444484,1,anode_hold
791.0,-5.0,3.849691780289416,3.871069456127121,0.0221783131611766,0.8006373234716868,30.20550722638069,0.41972222222222255,1,anode_hold
792.0,-5.0,3.849124702786516,3.8712471726469206,0.0209208294162626,-1.2016404441421713,30.20947228721526,0.4200000000000004,1,anode_hold
793.0,-5.0,3.8493980852088776,3.871705348028779,0.0213390030831448,-0.9682597367568492,30.213426828473285,0.4202777777777782,1,anode_hold
794.0,-5.0,3.8502396578879705,3.872083705854677,0.0219498134716409,0.1057655049341299,30.21738136973131,0.4205555555555559,1,anode_hold
795.0,-5.0,3.849649070247969,3.871880608460063,0.0215252494681393,-0.7062887439546195,30.221332174455373,0.4208333333333337,1,anode_hold
796.0,-5.0,3.8506022659154846,3.87198031825784,0.0215223492321838,0.1442968898284213,30.22527699048337,0.4211111111111115,1,anode_hold
797.0,-5.0,3.850577579078093,3.871685880755649,0.0212575643930431,0.1492627154870973,30.22922014942221,0.42138888888888926,1,anode_hold
798.0,-5.0,3.850434426539551,3.872561210289604,0.0211856377873126,-0.9411459627406416,30.233157333280435,0.4216666666666671,1,anode_hold
799.0,-5.0,3.850969142834041,3.8728485559271175,0.0217109694243179,-0.1684436687585666,30.23708893478445,0.42194444444444484,1,anode_hold
800.0,-5.0,3.850976907882539,3.872622018731506,0.021505343967003,-0.1397668819635988,30.24101553067764,0.4222222222222226,1,anode_hold
801.0,-5.0,3.8515034409899567,3.87293774621257,0.0216823698563747,0.2480646337619241,30.2449355429401,0.4225000000000003,1,anode_hold
802.0,-5.0,3.8517367216843854,3.873047338261996,0.0218366544796685,0.526037902057741,30.248852914649213,0.42277777777777814,1,anode_hold
803.0,-5.0,3.8522500485121514,3.873776314771753,0.0211261160296053,-0.4001502299968429,30.25276241399601,0.4230555555555559,1,anode_hold
804.0,-5.0,3.85197530944087,3.8738460147279703,0.0213528038599442,-0.5179014271563531,30.25667191334281,0.4233333333333337,1,anode_hold
805.0,-5.0,3.8521850960373674,3.874226326463532,0.0214870016128389,-0.5542288133266737,30.26058141268961,0.4236111111111115,1,anode_hold
806.0,-5.0,3.8521713287731,3.873701095044147,0.021764257046978,0.2344907759312953,30.264472759240512,0.42388888888888926,1,anode_hold
807.0,-5.0,3.852531201334173,3.8750626719977608,0.0219119058119777,-0.6195648516102992,30.26835861298866,0.4241666666666671,1,anode_hold
808.0,-5.0,3.853046942469037,3.87420962173882,0.0214060159891392,0.2433367193561686,30.272244466736804,0.42444444444444485,1,anode_hold
809.0,-5.0,3.85235987746526,3.8743613394401217,0.0216457284844372,-0.3557334904242815,30.27612721554141,0.42472222222222267,1,anode_hold
810.0,-5.0,3.853359416455679,3.87492936785352,0.0216577493365017,0.0877979386610938,30.280005065548465,0.4250000000000004,1,anode_hold
811.0,-5.0,3.853245873706336,3.874911934342796,0.0216186942259874,-0.0473664104720938,30.283876782554614,0.4252777777777781,1,anode_hold
812.0,-5.0,3.8536835891988894,3.87583046821184,0.0220670816538746,-0.079797359075151,30.287745515294347,0.4255555555555559,1,anode_hold
813.0,-5.0,3.854029949142728,3.875370151399984,0.0213215117465819,-0.0186905106738244,30.29160964463027,0.4258333333333337,1,anode_hold
814.0,-5.0,3.854468273478954,3.875498436185637,0.0215194725567137,0.4893098500313719,30.295468106132898,0.4261111111111115,1,anode_hold
815.0,-5.0,3.854568793509669,3.8762079243162657,0.0207102215686308,-0.928909237965847,30.29932291136225,0.42638888888888926,1,anode_hold
816.0,-5.0,3.854665362239192,3.8764936466641537,0.0212908479118486,-0.5374365131132208,30.303173730580134,0.4266666666666671,1,anode_hold
817.0,-5.0,3.8551531299875936,3.8760880350453615,0.021296088371137,0.3611833133692066,30.30701373569661,0.4269444444444448,1,anode_hold
818.0,-5.0,3.855339690022464,3.87640889516451,0.0214069840117617,0.3377788697154216,30.310853740813087,0.4272222222222226,1,anode_hold
819.0,-5.0,3.85554441426178,3.87665683508716,0.0209885365179327,-0.1238843074471418,30.314691939622183,0.42750000000000044,1,anode_hold
820.0,-5.0,3.855918097875065,3.8769287244956026,0.0209364170301917,-0.074209590345653,30.31852518329245,0.42777777777777826,1,anode_hold
821.0,-5.0,3.8563535642569367,3.877702379475283,0.0207207397379076,-0.628075480438639,30.32235350277372,0.428055555555556,1,anode_hold
822.0,-5.0,3.856358230326952,3.8777782199327824,0.0209174661264215,-0.502523479409156,30.32617872406504,0.4283333333333338,1,anode_hold
823.0,-5.0,3.8565711474073288,3.8779324283233993,0.0217781252821389,0.4168443660685916,30.32999806886867,0.4286111111111115,1,anode_hold
824.0,-5.0,3.856331120498061,3.878206458298125,0.0205802955399507,-1.2950422601134548,30.333812349485918,0.4288888888888893,1,anode_hold
825.0,-5.0,3.8568625012631688,3.878040933688209,0.0206114143154556,-0.567018109585149,30.337623357007352,0.4291666666666671,1,anode_hold
826.0,-5.0,3.856526430395221,3.878509175736344,0.02117595459528,-0.806790745842445,30.34143436452879,0.42944444444444485,1,anode_hold
827.0,-5.0,3.85747416959098,3.8784374347595794,0.0209042419054673,-0.0590232631316745,30.34523884242559,0.42972222222222267,1,anode_hold
828.0,-5.0,3.8571418536524913,3.8784461014412432,0.0216026640504578,0.2984162617059027,30.349036814825883,0.43000000000000044,1,anode_hold
829.0,-5.0,3.857977707605368,3.8793839992967127,0.0208315695772296,-0.5747221141150227,30.35283478722617,0.4302777777777782,1,anode_hold
830.0,-5.0,3.858648939319577,3.878569774811778,0.0218223958429864,1.901560350785925,30.3566272940838,0.430555555555556,1,anode_hold
831.0,-5.0,3.85778790233157,3.879311479542105,0.0212570673280146,-0.266509882520527,30.360411409898727,0.43083333333333373,1,anode_hold
832.0,-5.0,3.858462225071164,3.879350876331488,0.020953212978837,0.0645617185131008,30.36419552571366,0.43111111111111156,1,anode_hold
833.0,-5.0,3.858343611695565,3.879238729627706,0.0208405404336044,-0.0545774985374336,30.367975646655037,0.43138888888888927,1,anode_hold
834.0,-5.0,3.858222006036181,3.879838429985995,0.0212820400030634,-0.3343839467513376,30.37174588884944,0.4316666666666671,1,anode_hold
835.0,-5.0,3.85830327905078,3.880188425545104,0.0214067292934134,-0.4784172009104637,30.37551613104384,0.43194444444444485,1,anode_hold
836.0,-5.0,3.858893896230778,3.880521672534144,0.021754328783575,0.1265524802098738,30.379282694399265,0.4322222222222227,1,anode_hold
837.0,-5.0,3.859327254861243,3.880352667377208,0.0212955987922657,0.2701862763005991,30.38303266286305,0.43250000000000044,1,anode_hold
838.0,-5.0,3.8591984145310096,3.8810433695391446,0.0226238392019444,0.7788841938092261,30.38678263132685,0.43277777777777826,1,anode_hold
839.0,-5.0,3.858824255819184,3.881126627767277,0.0219969598226788,-0.3054121254137953,30.39053176251305,0.43305555555555597,1,anode_hold
840.0,-5.0,3.8591756899178535,3.881496419617507,0.0216998737198741,-0.6208559797791224,30.39427056271633,0.4333333333333337,1,anode_hold
841.0,-5.0,3.8596305180353343,3.8808939686853967,0.0215981371047461,0.3346864546838191,30.39800936291961,0.4336111111111115,1,anode_hold
842.0,-5.0,3.8603251952177513,3.881555199106909,0.0225696961782588,1.339692289100913,30.401744949202648,0.43388888888888927,1,anode_hold
843.0,-5.0,3.860235008518329,3.881725933559375,0.0215251351561532,0.0342101151078466,30.405475746446022,0.4341666666666671,1,anode_hold
844.0,-5.0,3.86048639107436,3.8823038025898433,0.0219624544394861,0.1450429240033024,30.40920246644621,0.43444444444444485,1,anode_hold
845.0,-5.0,3.860999326070391,3.882130231989549,0.0221523190028017,1.021413083643452,30.412922876812207,0.4347222222222227,1,anode_hold
846.0,-5.0,3.860829220722231,3.8824198593103776,0.0213998121128176,-0.1908264753289756,30.416640351411512,0.4350000000000004,1,anode_hold
847.0,-5.0,3.8611286776473706,3.8824523788203615,0.021810111644497,0.4864104715052164,30.420353106272323,0.4352777777777782,1,anode_hold
848.0,-5.0,3.8613697103113096,3.882659077404553,0.0214411878408597,0.1518207476158828,30.42406174406067,0.43555555555555603,1,anode_hold
849.0,-5.0,3.861166497067124,3.8829595985300376,0.0219533728371352,0.1602713742214767,30.427763503373367,0.43583333333333374,1,anode_hold
850.0,-5.0,3.8621155039876394,3.88375179721891,0.0219206429750438,0.2843497437723385,30.431465262686068,0.43611111111111156,1,anode_hold
851.0,-5.0,3.862372065741091,3.883366210298493,0.0215988564534341,0.6047118960315068,30.435163195389705,0.43638888888888927,1,anode_hold
852.0,-5.0,3.8628102595368254,3.88317664665022,0.0214384484190902,1.0720613056967032,30.43885364384525,0.4366666666666671,1,anode_hold
853.0,-5.0,3.86242976856656,3.884216422918249,0.0209793529568725,-0.8073013948162178,30.4425440923008,0.43694444444444486,1,anode_hold
854.0,-5.0,3.862803054672835,3.884215236206967,0.0220386605586244,0.6264790244925322,30.446226972945063,0.4372222222222227,1,anode_hold
855.0,-5.0,3.8635846883844014,3.884738704075728,0.0217248703135301,0.5708546222038535,30.44990492927997,0.43750000000000044,1,anode_hold
856.0,-5.0,3.8636577999081383,3.8849552449907834,0.0214536254239858,0.1561803413419049,30.453582885614875,0.43777777777777815,1,anode_hold
857.0,-5.0,3.864214634516586,3.8849223151940655,0.0216674530494299,0.9597723719494412,30.45725039434569,0.438055555555556,1,anode_hold
858.0,-5.0,3.863782244453631,3.885111566822237,0.0212070947280415,-0.1222276405647981,30.46091638732712,0.4383333333333338,1,anode_hold
859.0,-5.0,3.8643383843189834,3.88529329254546,0.0208510791623719,-0.103829064105998,30.464581308144368,0.4386111111111116,1,anode_hold
860.0,-5.0,3.864299896348229,3.8856780586156345,0.0214659568874253,0.0877946200201762,30.46823968602496,0.43888888888888933,1,anode_hold
861.0,-5.0,3.8648201737243446,3.885669002869367,0.0208916466017429,0.042817456720634,30.471898063905552,0.43916666666666715,1,anode_hold
862.0,-5.0,3.864804408114658,3.886182607681429,0.02102096567553,-0.3572338912407602,30.475552087700727,0.43944444444444486,1,anode_hold
863.0,-5.0,3.8653306633500617,3.886760743420012,0.0214080337182647,-0.0220463516855673,30.4791998013399,0.4397222222222227,1,anode_hold
864.0,-5.0,3.865714234008379,3.886368500109016,0.0207134630427597,0.0591969421228633,30.48284751497907,0.44000000000000045,1,anode_hold
865.0,-5.0,3.8658148508639054,3.886602893841034,0.0211935877653978,0.4055447882702623,30.486487362122205,0.44027777777777827,1,anode_hold
866.0,-5.0,3.865293428761548,3.886823520147463,0.0210959323818324,-0.4341590040826126,30.49012343518236,0.44055555555555603,1,anode_hold
867.0,-5.0,3.866341672753676,3.887421125447514,0.0208352915458919,-0.2441611479460093,30.493759508242512,0.44083333333333385,1,anode_hold
868.0,-5.0,3.866428116296259,3.887658525987324,0.0208099977465541,-0.4204119445105903,30.49737944472164,0.4411111111111116,1,anode_hold
869.0,-5.0,3.866215890525658,3.8881162034138783,0.0210973519502634,-0.8029609379569536,30.500998410826725,0.4413888888888894,1,anode_hold
870.0,-5.0,3.8665022252559633,3.888124994333969,0.0210597528853717,-0.5630161926344357,30.504614866870977,0.4416666666666671,1,anode_hold
871.0,-5.0,3.86702538963856,3.8881760449183287,0.0211675044504977,0.0168491707288609,30.508221923966545,0.4419444444444449,1,anode_hold
872.0,-5.0,3.867449898958164,3.8885007760685526,0.0206416484049749,-0.4092287054140442,30.51182898106211,0.4422222222222227,1,anode_hold
873.0,-5.0,3.867410867942042,3.888200141749694,0.0210750278593492,0.2857540516965073,30.515431342977795,0.44250000000000045,1,anode_hold
874.0,-5.0,3.867342066851658,3.888989848036906,0.0206166377848649,-1.0311434003833495,30.519028582938446,0.44277777777777827,1,anode_hold
875.0,-5.0,3.8682007947818895,3.889102490548836,0.0206942531624011,-0.2074426045441946,30.52262457627258,0.44305555555555604,1,anode_hold
876.0,-5.0,3.8684783256935735,3.889904486340205,0.0211479803283079,-0.2781803183236064,30.5262143971216,0.4433333333333338,1,anode_hold
877.0,-5.0,3.8694770895324537,3.889926482454501,0.020567684790978,0.1182918689304202,30.529802380722117,0.4436111111111116,1,anode_hold
878.0,-5.0,3.8686907374549233,3.889500643252629,0.0205240739189487,-0.2858318787564151,30.53338593799023,0.44388888888888933,1,anode_hold
879.0,-5.0,3.8701717501702575,3.889812044856416,0.0203247021174484,0.6844074312906123,30.5369656106808,0.4441666666666671,1,anode_hold
880.0,-5.0,3.87027845181452,3.890479409552044,0.0204601180042861,0.2591602667618708,30.54054275866834,0.44444444444444486,1,anode_hold
881.0,-5.0,3.870181421578849,3.889830992658002,0.0206124381716815,0.9628670925283522,30.544114133461065,0.4447222222222227,1,anode_hold
882.0,-5.0,3.870918587245808,3.89040925552469,0.0201602510922157,0.6695828133338466,30.547683464694806,0.4450000000000004,1,anode_hold
883.0,-5.0,3.8707650161110023,3.8910282086584336,0.0203824605704199,0.1192680229893383,30.551247707875785,0.4452777777777782,1,anode_hold
884.0,-5.0,3.871326045885051,3.8913421103650494,0.0197263250805347,-0.289739399464306,30.55480805247798,0.44555555555555604,1,anode_hold
885.0,-5.0,3.871093720238886,3.891435289470629,0.0202057805591504,-0.1357886725927848,30.55836513413382,0.44583333333333386,1,anode_hold
886.0,-5.0,3.8715861845959343,3.8919571487443,0.0200142737840137,-0.3566903643519303,30.561917896698635,0.4461111111111116,1,anode_hold
887.0,-5.0,3.871496245782411,3.8917550659488978,0.0200586268938874,-0.2001932725992361,30.56546870661824,0.4463888888888894,1,anode_hold
888.0,-5.0,3.8715437557518864,3.892091741537085,0.0197698960626405,-0.7780897225573291,30.56901349360437,0.4466666666666672,1,anode_hold
889.0,-5.0,3.872147269958497,3.8922321220477407,0.0198769998928718,-0.2078521963717605,30.572554794107827,0.4469444444444449,1,anode_hold
890.0,-5.0,3.872239825210129,3.89218971155598,0.0201729056611799,0.2230193153294202,30.576092357771287,0.4472222222222227,1,anode_hold
891.0,-5.0,3.8728335284038575,3.89276038244105,0.019731134167869,-0.1957198693225414,30.57962103925968,0.44750000000000045,1,anode_hold
892.0,-5.0,3.8732736058402506,3.8928119859035055,0.0203165463673285,0.7781663040726805,30.58314666468474,0.4477777777777783,1,anode_hold
893.0,-5.0,3.8730929960502687,3.893234730792917,0.0199357096348336,-0.2060251078139785,30.586665928787053,0.448055555555556,1,anode_hold
894.0,-5.0,3.873425819553261,3.89266275093691,0.0201742294627037,0.937298079054294,30.590182622431687,0.4483333333333338,1,anode_hold
895.0,-5.0,3.873746823690688,3.893716608505612,0.019655010272904,-0.3147745420202241,30.59369578038463,0.4486111111111115,1,anode_hold
896.0,-5.0,3.873481243292055,3.893761446987608,0.0194524822796361,-0.8277214159164714,30.59720614621586,0.4488888888888893,1,anode_hold
897.0,-5.0,3.874363967763305,3.893980740045877,0.0200740827514067,0.4573104688345708,30.60071526446024,0.4491666666666671,1,anode_hold
898.0,-5.0,3.874587580797477,3.894421050823551,0.0200294209936873,0.1959509676132675,30.60421957705506,0.44944444444444487,1,anode_hold
899.0,-5.0,3.874862136718135,3.89450850494812,0.0197610705065892,0.1147022766043726,30.607721103222307,0.4497222222222227,1,anode_hold
900.0,-5.0,3.87482159473842,3.895169142515263,0.0199363334092643,-0.4112143675785162,30.61121765966936,0.4500000000000004,1,anode_hold
901.0,-5.0,3.874813909733404,3.89550603722162,0.0197202113468724,-0.9719161413435096,30.614710567603964,0.45027777777777817,1,anode_hold
902.0,-5.0,3.875576048499823,3.895637137563097,0.0199196513365639,-0.1414377267101585,30.61820088832739,0.45055555555555593,1,anode_hold
903.0,-5.0,3.875961683321695,3.895900148485577,0.019788316568564,-0.1501485953179226,30.621686761476425,0.4508333333333337,1,anode_hold
904.0,-5.0,3.876468088105838,3.895957776889671,0.0194928213537674,0.0031325699345607,30.625168755145864,0.4511111111111115,1,anode_hold
905.0,-5.0,3.876593494072457,3.896095425437235,0.0201632752815504,0.6613439167719726,30.62864614470421,0.4513888888888893,1,anode_hold
906.0,-5.0,3.876871511423049,3.895938738895924,0.0195989083040452,0.5316808311701671,30.632119095536662,0.45166666666666705,1,anode_hold
907.0,-5.0,3.876721875949976,3.896448968367674,0.0206261032880276,0.8990108703299526,30.635588214536707,0.4519444444444448,1,anode_hold
908.0,-5.0,3.877140482989728,3.8971600258635375,0.0199595164922694,-0.0600263815400126,30.63905254164664,0.45222222222222264,1,anode_hold
909.0,-5.0,3.8769145716039577,3.897264718539741,0.0197807146806183,-0.5694322551650366,30.642516868756577,0.45250000000000035,1,anode_hold
910.0,-5.0,3.877366241490616,3.897128780664724,0.0200335066277687,0.2709674536602868,30.64597543250487,0.4527777777777781,1,anode_hold
911.0,-5.0,3.877674610506121,3.897549348685282,0.0201413876168149,0.2666494376537542,30.6494294967802,0.45305555555555593,1,anode_hold
912.0,-5.0,3.878438907982385,3.8980769332688254,0.0201699808475336,0.5319555610934223,30.652879149973323,0.4533333333333337,1,anode_hold
913.0,-5.0,3.8779649995309984,3.897957738945693,0.0202825111462098,0.2897717315146764,30.656325359026624,0.4536111111111114,1,anode_hold
914.0,-5.0,3.8777915027810006,3.898739193175301,0.0199026512257735,-1.045039168527051,30.659769109608003,0.45388888888888923,1,anode_hold
915.0,-5.0,3.878892829615676,3.8982769305872425,0.0194081852635301,0.0240842919638772,30.66321022919719,0.45416666666666705,1,anode_hold
916.0,-5.0,3.8785483560682494,3.89899006617618,0.0197138764981712,-0.727833609758477,30.66665134878638,0.4544444444444449,1,anode_hold
917.0,-5.0,3.879099031297228,3.899214168169704,0.0200216126093299,-0.0935242631463495,30.670089086915223,0.4547222222222226,1,anode_hold
918.0,-5.0,3.8793827503786287,3.8993122205116895,0.0201274757701438,0.1980056370820548,30.67352384007324,0.4550000000000004,1,anode_hold
919.0,-5.0,3.879552468160013,3.899605208499442,0.0190957002810098,-0.957040058419345,30.67695859323126,0.45527777777777817,1,anode_hold
920.0,-5.0,3.880600609072395,3.8999327605757297,0.0196052302185183,0.2730787151836722,30.68038935540265,0.4555555555555559,1,anode_hold
921.0,-5.0,3.880764135372783,3.899349468886036,0.0197820006529651,1.1966671397121154,30.683818314841133,0.45583333333333365,1,anode_hold
922.0,-5.0,3.880786849158568,3.900427162941464,0.0188977674503944,-0.7425463325017034,30.68724727427962,0.45611111111111147,1,anode_hold
923.0,-5.0,3.88137635441356,3.9008869924333065,0.0197052197402858,0.1945817205393218,30.6906715581594,0.4563888888888892,1,anode_hold
924.0,-5.0,3.881610670205612,3.900922072181349,0.0188345879725836,-0.4768140031528034,30.694094994556245,0.456666666666667,1,anode_hold
925.0,-5.0,3.882310198824808,3.9014014836772617,0.0189040038281744,-0.1872810242788958,30.697518404063764,0.45694444444444476,1,anode_hold
926.0,-5.0,3.8823763218886502,3.900964079533777,0.0186834828936589,0.0957252485327408,30.70093553287947,0.45722222222222253,1,anode_hold
927.0,-5.0,3.882616070691999,3.901554307816546,0.0192687520604916,0.3305149359444925,30.70435143113669,0.45750000000000024,1,anode_hold
928.0,-5.0,3.882988836630544,3.901929103944663,0.0189222600988683,-0.0180072152504706,30.707764361384903,0.45777777777777806,1,anode_hold
929.0,-5.0,3.883372491809679,3.902006156720872,0.0186263714611246,-0.0072934500687793,30.71117507322096,0.4580555555555558,1,anode_hold
930.0,-5.0,3.883900776249568,3.902694359526743,0.0184219559802073,-0.3716272969676026,30.714583923555896,0.4583333333333336,1,anode_hold
931.0,-5.0,3.883842917628279,3.902737887832692,0.0179716205183904,-0.9233496860225898,30.71798862840416,0.4586111111111114,1,anode_hold
932.0,-5.0,3.884397254460039,3.9026933408129545,0.0183384968162722,0.0424104633567345,30.721391284944428,0.45888888888888923,1,anode_hold
933.0,-5.0,3.8848636573873137,3.903344947993411,0.018191890347118,-0.2894002589792777,30.724792131093647,0.459166666666667,1,anode_hold
934.0,-5.0,3.885753920745714,3.903601947689356,0.0182706642131557,0.4226372695144142,30.728189659996872,0.45944444444444477,1,anode_hold
935.0,-5.0,3.885642216359316,3.9034839126920495,0.0176572820720326,-0.1844142607021481,30.73158617082472,0.4597222222222226,1,anode_hold
936.0,-5.0,3.884841203402088,3.904061513127637,0.0185222915219199,-0.6980182036286919,30.73498089035332,0.46000000000000035,1,anode_hold
937.0,-5.0,3.8859580874681376,3.904248889785925,0.018302288968115,0.0114866503273525,30.738374500499194,0.4602777777777781,1,anode_hold
938.0,-5.0,3.886382792168684,3.9045053984518177,0.018383049520335,0.2604432372010912,30.74176748677568,0.4605555555555559,1,anode_hold
939.0,-5.0,3.887007926477223,3.9042902346373047,0.017580689084679,0.2983809245971081,30.745159881918365,0.4608333333333337,1,anode_hold
940.0,-5.0,3.8878029107692953,3.905313832419657,0.0175931453275878,0.0822236772259898,30.74855194544329,0.4611111111111114,1,anode_hold
941.0,-5.0,3.887977802915223,3.9053936381175007,0.0170798470068384,-0.3359881954398958,30.75194382691916,0.4613888888888891,1,anode_hold
942.0,-5.0,3.887485469701927,3.905459964818148,0.0175624086123299,-0.4120865038914623,30.755335367352323,0.4616666666666669,1,anode_hold
943.0,-5.0,3.8886767188790015,3.905839360051247,0.0170881188589352,-0.0745223133091776,30.75872597362101,0.4619444444444447,1,anode_hold
944.0,-5.0,3.8890253275637847,3.906102788567777,0.0175182740559178,0.4408130519255593,30.7621165798897,0.46222222222222253,1,anode_hold
945.0,-5.0,3.88950760384298,3.906177345794727,0.0171106136543588,0.4408717026120889,30.7655064007238,0.46250000000000024,1,anode_hold
946.0,-5.0,3.890159983970375,3.9063579685096905,0.0170176813866977,0.8196968473823674,30.768894962843454,0.462777777777778,1,anode_hold
947.0,-5.0,3.889770404300009,3.9068246307990058,0.0168684460711044,-0.1857804278921904,30.772281358544262,0.4630555555555559,1,anode_hold
948.0,-5.0,3.890741910750474,3.9068768348406366,0.016205385807356,0.0704617171933819,30.775664744221064,0.4633333333333336,1,anode_hold
949.0,-5.0,3.890204156195356,3.907167725688383,0.0168376662617558,-0.1259032312717067,30.779046272012422,0.4636111111111114,1,anode_hold
950.0,-5.0,3.8909839425822033,3.9072205998586247,0.0161221015272149,-0.1145557492066018,30.782425516800807,0.46388888888888924,1,anode_hold
951.0,-5.0,3.891333806293619,3.9077412899292616,0.0167013379474076,0.293854311764985,30.78580090791928,0.464166666666667,1,anode_hold
952.0,-5.0,3.892147513435946,3.908379782858592,0.0168007440565551,0.5684746339094104,30.789173547882186,0.4644444444444447,1,anode_hold
953.0,-5.0,3.891482060141809,3.908396192530757,0.0162974346246133,-0.616697764334706,30.7925422856538,0.4647222222222226,1,anode_hold
954.0,-5.0,3.891410273675218,3.908600197446986,0.0164837623133933,-0.7061614583747655,30.795907124692096,0.46500000000000036,1,anode_hold
955.0,-5.0,3.8923470327024496,3.908745195434304,0.0166527268274587,0.2545640956044259,30.79926938038871,0.4652777777777781,1,anode_hold
956.0,-5.0,3.89217147693052,3.9089677153908977,0.0168126913985995,0.0164529382220557,30.802626982905107,0.4655555555555559,1,anode_hold
957.0,-5.0,3.8930696816014736,3.9089027087717056,0.0168451939955659,1.0121668253337823,30.805983344232803,0.4658333333333337,1,anode_hold
958.0,-5.0,3.8926426148610074,3.91010582091271,0.0167715935893797,-0.691612462323743,30.809334735329976,0.46611111111111153,1,anode_hold
959.0,-5.0,3.892850363475423,3.9096522158974025,0.0164990540761811,-0.3027983457983829,30.81268537418579,0.4663888888888893,1,anode_hold
960.0,-5.0,3.8937628916222353,3.909683167519205,0.0168331065107282,0.9128306137591302,30.81603279636348,0.466666666666667,1,anode_hold
961.0,-5.0,3.893691168980384,3.910515005353121,0.0174848679346606,0.661031561924208,30.81938021854117,0.46694444444444483,1,anode_hold
962.0,-5.0,3.894251037445021,3.910734736803744,0.0165401060063835,0.0564066476602675,30.82272636296099,0.4672222222222226,1,anode_hold
963.0,-5.0,3.8938230745456734,3.9107689635609897,0.017157682783399,0.2117937680838899,30.82607029054612,0.46750000000000036,1,anode_hold
964.0,-5.0,3.895048802484129,3.910748193780909,0.0162822379211928,0.5828466244128805,30.829414218131244,0.4677777777777781,1,anode_hold
965.0,-5.0,3.894692537050692,3.911042905799536,0.0163991551735205,0.048786424676539,30.83275641953284,0.4680555555555559,1,anode_hold
966.0,-5.0,3.895441816223249,3.912193629477139,0.016932461744588,0.1806484906974326,30.83609729689553,0.4683333333333337,1,anode_hold
967.0,-5.0,3.8952212767445222,3.9119556580570047,0.016728471908731,-0.0059094037512252,30.83943817425822,0.4686111111111114,1,anode_hold
968.0,-5.0,3.895398640115909,3.9120621851451753,0.0168835337064208,0.219988677155225,30.842776040786053,0.4688888888888892,1,anode_hold
969.0,-5.0,3.896132255485589,3.913082990836663,0.016501491990452,-0.4492433606224644,30.846112988593735,0.469166666666667,1,anode_hold
970.0,-5.0,3.89660709698376,3.91262951668772,0.016058053026685,0.0356333227249372,30.849449936401424,0.4694444444444448,1,anode_hold
971.0,-5.0,3.8973741520722975,3.912782242177721,0.0161843386363427,0.7762485309203981,30.852781947893007,0.46972222222222254,1,anode_hold
972.0,-5.0,3.897352604034733,3.91348919123644,0.01594751893526,-0.1890682664469345,30.856113788204045,0.47000000000000036,1,anode_hold
973.0,-5.0,3.897806436883791,3.9137023832900417,0.0163187975880109,0.4228511817596647,30.859444191540828,0.4702777777777781,1,anode_hold
974.0,-5.0,3.898122460087656,3.914326448516399,0.0161209547465683,-0.0830336821748822,30.86276741516307,0.47055555555555584,1,anode_hold
975.0,-5.0,3.899190833933421,3.913656023801192,0.0162441128119438,1.7789229441724783,30.866090638785312,0.4708333333333336,1,anode_hold
976.0,-5.0,3.898336928494417,3.914474302290236,0.0156008187672297,-0.5365550285900689,30.869411540459204,0.47111111111111137,1,anode_hold
977.0,-5.0,3.899268984939539,3.914143184119558,0.0156859469249788,0.8117477449602895,30.8727284380804,0.47138888888888913,1,anode_hold
978.0,-5.0,3.899157727361549,3.91505382476562,0.0155864713261908,-0.3096260778803206,30.8760453357016,0.4716666666666669,1,anode_hold
979.0,-5.0,3.899583603824625,3.914982958886724,0.0155659339921747,0.166578930075989,30.879359709515303,0.4719444444444447,1,anode_hold
980.0,-5.0,3.899638718444221,3.915304212281701,0.0155946020522346,-0.0708917852452195,30.882672158568557,0.47222222222222254,1,anode_hold
981.0,-5.0,3.9004495112851743,3.915485612986038,0.0159929376049639,0.9568359041005614,30.885983022900547,0.47250000000000025,1,anode_hold
982.0,-5.0,3.900023301767959,3.916221780878892,0.0156162510081692,-0.5822281027629828,30.88929169800391,0.4727777777777781,1,anode_hold
983.0,-5.0,3.900304498768345,3.916720957749845,0.0158905771768571,-0.5258818046427471,30.89259901734785,0.4730555555555559,1,anode_hold
984.0,-5.0,3.900946799190033,3.916472545697199,0.0155540589500284,0.0283124428630543,30.895902717017808,0.4733333333333336,1,anode_hold
985.0,-5.0,3.9009697004937545,3.916685461550715,0.01491099186588,-0.8047691910806343,30.899206416687765,0.4736111111111114,1,anode_hold
986.0,-5.0,3.9018495076149207,3.916876607169257,0.0149733918771578,-0.0537076771784938,30.902505953045367,0.4738888888888892,1,anode_hold
987.0,-5.0,3.902241590064235,3.917449559770689,0.0152761364078732,0.068166701418626,30.90580391483782,0.474166666666667,1,anode_hold
988.0,-5.0,3.902066206179202,3.9172486048855264,0.0156173679558167,0.4349692494924895,30.909100719614493,0.4744444444444447,1,anode_hold
989.0,-5.0,3.902857035002726,3.9188863449033664,0.0152058699513673,-0.8234399492730304,30.91239220596016,0.47472222222222255,1,anode_hold
990.0,-5.0,3.902753050005326,3.918018294935553,0.0146942861417052,-0.5709587885220913,30.915683692305823,0.4750000000000003,1,anode_hold
991.0,-5.0,3.9032534758055615,3.9188658290531504,0.0151246328775721,-0.487720370015765,30.91896752145062,0.475277777777778,1,anode_hold
992.0,-5.0,3.903581973305026,3.918660098681893,0.0149624096453798,-0.1157157314866097,30.92225036985534,0.4755555555555558,1,anode_hold
993.0,-5.0,3.90444089774917,3.918466243125085,0.015178386270005,1.153040894090296,30.92552761173797,0.4758333333333336,1,anode_hold
994.0,-5.0,3.9041654834741446,3.918670754326785,0.0152263411739768,0.7210703213362812,30.9288010254503,0.4761111111111114,1,anode_hold
995.0,-5.0,3.9041723524939953,3.919274356780064,0.0150430294106027,-0.0589748754662444,30.93207251607404,0.4763888888888891,1,anode_hold
996.0,-5.0,3.904434088110204,3.919445942903789,0.0147608074561573,-0.2510473374277566,30.935339562561992,0.47666666666666685,1,anode_hold
997.0,-5.0,3.9053327171306647,3.919847552344219,0.014640101884654,0.1252666710995775,30.938606440698504,0.47694444444444467,1,anode_hold
998.0,-5.0,3.904730795345999,3.919837317766546,0.0148475188603059,-0.2590035602421103,30.94185633181253,0.47722222222222244,1,anode_hold
999.0,-5.0,3.905349207132849,3.921148995938012,0.0149352471675981,-0.8645416375649972,30.94510622292656,0.4775000000000002,1,anode_hold
1000.0,-5.0,3.9056349974011617,3.9213446261217793,0.0150692090895977,-0.6404196310199062,30.948356114040596,0.477777777777778,1,anode_hold
1001.0,-5.0,3.905272688495729,3.920423422661477,0.0148254482235737,-0.3252859421740695,30.95160600515462,0.4780555555555558,1,anode_hold
1002.0,-5.0,3.906143979444616,3.9213760586140167,0.0147596617694154,-0.4724173999854919,30.95485013795785,0.47833333333333355,1,anode_hold
1003.0,-5.0,3.906864703243627,3.9218565566514223,0.0150849958131027,0.0931424053076668,30.958093513852333,0.47861111111111143,1,anode_hold
1004.0,-5.0,3.906924863819445,3.921662756143113,0.0151588279706421,0.4209356469750958,30.961334538547334,0.47888888888888914,1,anode_hold
1005.0,-5.0,3.9068835330023535,3.9219635326200737,0.0149671719260872,-0.1128276916322335,30.964574372795344,0.4791666666666669,1,anode_hold
1006.0,-5.0,3.9076639460187454,3.922628387395095,0.0145402133995095,-0.4242279768389423,30.967813513870063,0.4794444444444447,1,anode_hold
1007.0,-5.0,3.9079213312179792,3.92273316560885,0.0147170159482941,-0.0948184425766385,30.97105178663292,0.4797222222222224,1,anode_hold
1008.0,-5.0,3.908685936610664,3.922476542244005,0.0154193967548645,1.6287911215231432,30.974289465445903,0.48000000000000015,1,anode_hold
1009.0,-5.0,3.9081714793731694,3.923480984698705,0.0144021701107865,-0.907335214749061,30.977526406368654,0.4802777777777779,1,anode_hold
1010.0,-5.0,3.90859561435176,3.9232372392392505,0.0145690830280339,-0.0725418594562654,30.98076274987736,0.4805555555555556,1,anode_hold
1011.0,-5.0,3.909045630160608,3.924214519826685,0.0149039885428784,-0.2649011231983245,30.98399835729989,0.4808333333333334,1,anode_hold
1012.0,-5.0,3.909317552828348,3.92363879855096,0.0142859627908998,-0.0352829317114,30.98723254150296,0.48111111111111116,1,anode_hold
1013.0,-5.0,3.909716763142306,3.923508927986653,0.0144205324111941,0.6283675668479205,30.990464986546407,0.48138888888888903,1,anode_hold
1014.0,-5.0,3.909990309779793,3.924499869609538,0.014840712524105,0.3311526943599041,30.99369743158985,0.48166666666666674,1,anode_hold
1015.0,-5.0,3.910145767016092,3.925106399148801,0.0146882042596591,-0.2724278730501517,30.996929876633303,0.4819444444444445,1,anode_hold
1016.0,-5.0,3.9102066122274737,3.925166937245781,0.0137917953587205,-1.1685296595862482,31.000158763800403,0.4822222222222223,1,anode_hold
1017.0,-5.0,3.9108557709664,3.925328308946843,0.0144468340362104,-0.0257039442335127,31.003383374395007,0.4825000000000001,1,anode_hold
1018.0,-5.0,3.9109424076442583,3.9252731637521054,0.0141032695932042,-0.2274865146425497,31.006607984989607,0.48277777777777786,1,anode_hold
1019.0,-5.0,3.911380694766177,3.926096665640233,0.0137163917322468,-0.9995791418089262,31.00983259558421,0.48305555555555574,1,anode_hold
1020.0,-5.0,3.911862830862293,3.9255305218708503,0.0143907831000337,0.7230920914764738,31.013052113319425,0.4833333333333335,1,anode_hold
1021.0,-5.0,3.912503045894581,3.9265950234328986,0.0138571014370661,-0.2348761012513911,31.016265609412923,0.4836111111111112,1,anode_hold
1022.0,-5.0,3.912931462472231,3.92625882550108,0.0139445857002219,0.6172226713734297,31.019479105506417,0.483888888888889,1,anode_hold
1023.0,-5.0,3.9126887296723902,3.926709580608859,0.0136431567722103,-0.3776941642588127,31.022692601599918,0.48416666666666675,1,anode_hold
1024.0,-5.0,3.913408105393229,3.926759093604718,0.0140889330561084,0.7379448446189762,31.025900624137424,0.4844444444444446,1,anode_hold
1025.0,-5.0,3.9138638816638815,3.927146462278343,0.014081999650735,0.7994190362743403,31.029102280466446,0.48472222222222233,1,anode_hold
1026.0,-5.0,3.913916400665821,3.928136525439956,0.0140082032824769,-0.2119214916582734,31.03230393679547,0.4850000000000001,1,anode_hold
1027.0,-5.0,3.913744548482721,3.927597845820952,0.0144501615902282,0.5968642519973422,31.035505593124487,0.485277777777778,1,anode_hold
1028.0,-5.0,3.9138902706632464,3.928276323891661,0.0138838452663185,-0.5022079620955466,31.03869791851465,0.4855555555555557,1,anode_hold
1029.0,-5.0,3.9150743466815614,3.928242383360324,0.0135720544946212,0.4040178158590812,31.041888799832243,0.48583333333333345,1,anode_hold
1030.0,-5.0,3.915410117691856,3.929060434690837,0.0137978741443236,0.1475571453433133,31.04507968114984,0.4861111111111113,1,anode_hold
1031.0,-5.0,3.915515238676156,3.9286050237562273,0.0137123854918576,0.6226004117864115,31.048267812541088,0.4863888888888891,1,anode_hold
1032.0,-5.0,3.915406424291784,3.9292826603677593,0.0138063060529221,-0.0699300230526667,31.05144849596084,0.4866666666666668,1,anode_hold
1033.0,-5.0,3.9164488136774183,3.929821016612439,0.0128567751491662,-0.5154277858534506,31.054629179380587,0.48694444444444457,1,anode_hold
1034.0,-5.0,3.916667574576401,3.9304978092570457,0.0138032564014182,-0.0269782792265971,31.057809862800337,0.48722222222222233,1,anode_hold
1035.0,-5.0,3.9165715133337793,3.9297208849620895,0.0141387666828571,0.989395054546094,31.06098342005297,0.48750000000000004,1,anode_hold
1036.0,-5.0,3.916796107979621,3.930079067012901,0.0137878632818406,0.5049042485603117,31.06415352004949,0.4877777777777779,1,anode_hold
1037.0,-5.0,3.9165534682960206,3.930594268459534,0.0133303395074174,-0.7104606560957016,31.06732362004602,0.4880555555555557,1,anode_hold
1038.0,-5.0,3.917642877081458,3.93132323437737,0.0141550484528519,0.4746911569402101,31.070492802545655,0.48833333333333345,1,anode_hold
1039.0,-5.0,3.917196573834552,3.9308294946288593,0.0137473444413269,0.1144236470191906,31.07365098848608,0.4886111111111113,1,anode_hold
1040.0,-5.0,3.918148226112586,3.931651755730923,0.0141393333809524,0.6358037626150725,31.076809174426504,0.48888888888888904,1,anode_hold
1041.0,-5.0,3.918426165779342,3.931477158689672,0.0138248366026209,0.7738436922912761,31.07996736036693,0.4891666666666668,1,anode_hold
1042.0,-5.0,3.9184944920623503,3.931616270419893,0.0134469991813169,0.3252208237740639,31.08311885496823,0.4894444444444447,1,anode_hold
1043.0,-5.0,3.9191945311621423,3.9317110093629513,0.0130588559709152,0.5423777701061283,31.086263120522837,0.4897222222222224,1,anode_hold
1044.0,-5.0,3.918878246218084,3.9324963807753104,0.0135940206913186,-0.0241138659080597,31.08940738607744,0.49000000000000016,1,anode_hold
1045.0,-5.0,3.919406230484953,3.933016865794819,0.0137346539574175,0.12401864755196,31.092551651632043,0.4902777777777779,1,anode_hold
1046.0,-5.0,3.919732806400185,3.932951377976486,0.013457811343267,0.2392397669659374,31.09568320448946,0.49055555555555563,1,anode_hold
1047.0,-5.0,3.919834073763664,3.9326029682085752,0.0131799698497892,0.4110754048780585,31.09881309506833,0.4908333333333334,1,anode_hold
1048.0,-5.0,3.919899583581663,3.933339995228605,0.0138256955030062,0.385283856064067,31.1019429856472,0.4911111111111113,1,anode_hold
1049.0,-5.0,3.9206710198666426,3.934068736294464,0.0133399528054875,-0.057763622333784,31.10506919892197,0.49138888888888904,1,anode_hold
1050.0,-5.0,3.9207327098388713,3.934307155119602,0.0139496682407384,0.3752229600078038,31.10818632284575,0.49166666666666675,1,anode_hold
1051.0,-5.0,3.920852049203426,3.934393363604823,0.0133268550547529,-0.2144593466444355,31.11130344676953,0.4919444444444445,1,anode_hold
1052.0,-5.0,3.921164015830086,3.9350256468228606,0.0135693877432544,-0.2922432495204852,31.1144205706933,0.4922222222222223,1,anode_hold
1053.0,-5.0,3.921589374335239,3.934462208643345,0.0132942313792694,0.4213970711632875,31.117531480523805,0.4925,1,anode_hold
1054.0,-5.0,3.922585593081193,3.934744929871747,0.0134328220971098,1.2734853065556884,31.120639620863034,0.49277777777777787,1,anode_hold
1055.0,-5.0,3.922284183501826,3.936116969783906,0.0133959054680536,-0.4368808140267077,31.12374776120226,0.49305555555555564,1,anode_hold
1056.0,-5.0,3.922532135236288,3.93586805611164,0.0125191023600321,-0.8168185153190066,31.126855239997116,0.49333333333333335,1,anode_hold
1057.0,-5.0,3.922641503618677,3.935876740767528,0.0128640803452024,-0.3711568036486312,31.12995644541217,0.4936111111111111,1,anode_hold
1058.0,-5.0,3.9229520670193208,3.936064139217175,0.0128151841933881,-0.2968880044660338,31.13305765082721,0.493888888888889,1,anode_hold
1059.0,-5.0,3.923105301272826,3.935702894643377,0.0127235999458821,0.1260065753307948,31.136158765927878,0.49416666666666675,1,anode_hold
1060.0,-5.0,3.924086387823811,3.937015622647421,0.0128102276381594,-0.119007185450215,31.139256612096467,0.49444444444444446,1,anode_hold
1061.0,-5.0,3.9243659986076183,3.936404826587173,0.0131050466172318,1.0662186376770857,31.14235445826506,0.49472222222222234,1,anode_hold
1062.0,-5.0,3.9243832909899807,3.93670858351168,0.0123975762792938,0.0722837575950485,31.14545164297458,0.4950000000000001,1,anode_hold
1063.0,-5.0,3.9245607037877703,3.937564353951119,0.0128217288528415,-0.1819213105069828,31.14854699521924,0.4952777777777779,1,anode_hold
1064.0,-5.0,3.9252078838860966,3.938309322367557,0.0125100026616562,-0.5914358198038094,31.15163897174299,0.4955555555555556,1,anode_hold
1065.0,-5.0,3.925434133061969,3.937999484641028,0.0124022682090599,-0.1630833699990397,31.154728980508786,0.49583333333333335,1,anode_hold
1066.0,-5.0,3.92544470829878,3.938501064762646,0.0121761509010074,-0.8802055628582828,31.157816002283656,0.4961111111111111,1,anode_hold
1067.0,-5.0,3.926173333558244,3.938519834854269,0.0124177591587781,0.0712578627526383,31.16090023334577,0.4963888888888888,1,anode_hold
1068.0,-5.0,3.926351699612797,3.9390374787325366,0.012357681994121,-0.3280971256192089,31.16398225618511,0.4966666666666667,1,anode_hold
1069.0,-5.0,3.92650253126372,3.938670936357457,0.0128737177202394,0.7053126265033072,31.167058797186318,0.49694444444444447,1,anode_hold
1070.0,-5.0,3.926948458070025,3.940081641388999,0.0132559671114436,0.1227837924697716,31.170130991525976,0.4972222222222222,1,anode_hold
1071.0,-5.0,3.9267129339804474,3.939406140992131,0.0130291476748317,0.3359406631475714,31.173199468775195,0.49749999999999994,1,anode_hold
1072.0,-5.0,3.927496821528199,3.940129354327339,0.0131649795455666,0.532446746426718,31.17625551335268,0.4977777777777777,1,anode_hold
1073.0,-5.0,3.926964531841005,3.939592321798168,0.0127774709999598,0.1496810427967787,31.179311557930163,0.4980555555555556,1,anode_hold
1074.0,-5.0,3.927603382313457,3.941016756329369,0.0133076665784882,-0.1057074374242184,31.18236760250765,0.4983333333333333,1,anode_hold
1075.0,-5.0,3.9278231193832136,3.940864915323278,0.0129203941348824,-0.1214018051820531,31.18540746091988,0.49861111111111117,1,anode_hold
1076.0,-5.0,3.92773795103565,3.941601507782356,0.0129692090248922,-0.8943477218141815,31.1884468891368,0.49888888888888894,1,anode_hold
1077.0,-5.0,3.9281095190616457,3.941046534832063,0.0133916508773586,0.4546351069416587,31.191483255310573,0.4991666666666667,1,anode_hold
1078.0,-5.0,3.927823863238842,3.941823226754469,0.0131744532928451,-0.8249102227821936,31.194508005111977,0.4994444444444444,1,anode_hold
1079.0,-5.0,3.927963139428055,3.941711378142933,0.0136069042282239,-0.1413344866540988,31.197532754913382,0.4997222222222222,1,anode_hold
1080.0,-5.0,3.928574411275069,3.9420119912027576,0.0135025612008382,0.0649812731490229,31.200552051954816,0.49999999999999994,1,anode_hold
1081.0,-5.0,3.9286561117297247,3.942684984719369,0.0133997510751153,-0.6291219145282412,31.203564496014867,0.5002777777777776,1,anode_hold
1082.0,-5.0,3.929292998621276,3.9422741043340257,0.0133282843001711,0.3471785874209487,31.20657694007492,0.5005555555555554,1,anode_hold
1083.0,-5.0,3.9293862525292496,3.9430409241257127,0.0135619016949145,-0.0927699015487171,31.209582769739768,0.5008333333333332,1,anode_hold
1084.0,-5.0,3.9298341849944616,3.943675678996772,0.0135761840731082,-0.26530992920204,31.21258545237366,0.5011111111111108,1,anode_hold
1085.0,-5.0,3.930016659033832,3.943882160174498,0.0135160578353601,-0.34944330530573,31.21558813500755,0.5013888888888888,1,anode_hold
1086.0,-5.0,3.930277883110424,3.9439415385690384,0.0138009283736901,0.1372729150754814,31.21858409742049,0.5016666666666665,1,anode_hold
1087.0,-5.0,3.9305426931714496,3.943986941895144,0.0132644922886032,-0.1797564350898284,31.22157941222993,0.5019444444444443,1,anode_hold
1088.0,-5.0,3.930704232976796,3.943860017268951,0.0129924305219806,-0.1633537701741794,31.22457387213634,0.502222222222222,1,anode_hold
1089.0,-5.0,3.9309971785072686,3.944867291363925,0.0129617942472795,-0.9083186093770124,31.227563355500827,0.5024999999999997,1,anode_hold
1090.0,-5.0,3.932067670063402,3.944492554695312,0.0130154213095135,0.5905366776040033,31.230552838865314,0.5027777777777777,1,anode_hold
1091.0,-5.0,3.931253910442533,3.945341471235576,0.0129802895454449,-1.1072712475987956,31.233540730856475,0.5030555555555554,1,anode_hold
1092.0,-5.0,3.9320588873349904,3.9451463750604394,0.0131529064459646,0.0654187205166856,31.23652603849163,0.5033333333333332,1,anode_hold
1093.0,-5.0,3.932748739066879,3.945525071883091,0.0136256686954105,0.8493358791978878,31.23951134612678,0.5036111111111109,1,anode_hold
1094.0,-5.0,3.932901667845054,3.9457947381620553,0.012778545661282,-0.1145246557192614,31.242494546541,0.5038888888888886,1,anode_hold
1095.0,-5.0,3.9335241017643385,3.946254990720597,0.0127766394625052,0.0457505062465557,31.245476431135263,0.5041666666666664,1,anode_hold
1096.0,-5.0,3.9335917543048287,3.946208949764071,0.0128176330892221,0.2004376299797883,31.248458315729533,0.5044444444444443,1,anode_hold
1097.0,-5.0,3.9333534646814337,3.946670441180348,0.0126486053142258,-0.6683711846879881,31.251437243218387,0.5047222222222221,1,anode_hold
1098.0,-5.0,3.9339354450628634,3.946728277191634,0.0126846119518159,-0.1082201769553314,31.25441564926428,0.5049999999999997,1,anode_hold
1099.0,-5.0,3.933912973630653,3.947321331712329,0.0130935154806875,-0.314842600988463,31.257393699529267,0.5052777777777775,1,anode_hold
1100.0,-5.0,3.9349100009592366,3.9475165401266494,0.0132545534988742,0.6480143314613329,31.260367899926536,0.5055555555555553,1,anode_hold
1101.0,-5.0,3.935327483810664,3.9478310493678777,0.0126530922261371,0.1495266689235386,31.263342100323804,0.5058333333333331,1,anode_hold
1102.0,-5.0,3.9350366660884486,3.9477113680801184,0.012837535676748,0.1628336850783007,31.266314356947724,0.5061111111111108,1,anode_hold
1103.0,-5.0,3.935595213534064,3.948337694572482,0.0131361688627299,0.3936878243107067,31.269282465814072,0.5063888888888886,1,anode_hold
1104.0,-5.0,3.935572212792455,3.9485198496012273,0.012963728066518,0.0160912577458205,31.27225057468042,0.5066666666666664,1,anode_hold
1105.0,-5.0,3.935524168678347,3.94895306505014,0.0128206103600536,-0.6082860117393452,31.27521427840573,0.5069444444444442,1,anode_hold
1106.0,-5.0,3.936079747406876,3.949057790861371,0.0129905780298238,0.012534575328793,31.278174429905395,0.507222222222222,1,anode_hold
1107.0,-5.0,3.93599700444728,3.9490125609850657,0.0128628617130666,-0.152694824719024,31.28113458140506,0.5074999999999997,1,anode_hold
1108.0,-5.0,3.9365637075079314,3.949798254853205,0.012697583942376,-0.5369634028977721,31.284087468682426,0.5077777777777774,1,anode_hold
1109.0,-5.0,3.937061450082981,3.9496380160127695,0.0130518572000174,0.4752912702290501,31.287038402693163,0.5080555555555553,1,anode_hold
1110.0,-5.0,3.93747950261676,3.950197152846756,0.0127160061762822,-0.0016440537131678,31.289989111716423,0.508333333333333,1,anode_hold
1111.0,-5.0,3.937907554832009,3.9497434665344495,0.0127645877155473,0.928676013106422,31.292930085975403,0.5086111111111107,1,anode_hold
1112.0,-5.0,3.937676175055142,3.950795726529885,0.0130093311639842,-0.1102203107588017,31.295871060234383,0.5088888888888885,1,anode_hold
1113.0,-5.0,3.938099620564901,3.951109758906559,0.0125909285113525,-0.4192098303055225,31.298808204336456,0.5091666666666662,1,anode_hold
1114.0,-5.0,3.9383950720176393,3.9508908967904857,0.0131652891738143,0.6694644009681561,31.301734280367874,0.5094444444444439,1,anode_hold
1115.0,-5.0,3.938675218550738,3.951613989723379,0.0127655540028908,-0.1732171697503837,31.30466035639929,0.5097222222222217,1,anode_hold
1116.0,-5.0,3.937885895447224,3.951585351924017,0.012720913442508,-0.9785430342850177,31.307582019842627,0.5099999999999996,1,anode_hold
1117.0,-5.0,3.938733240023725,3.952383014597769,0.0132070875785151,-0.4426869955289625,31.310499119655372,0.5102777777777774,1,anode_hold
1118.0,-5.0,3.939431061447728,3.952426529164325,0.0132768488620562,0.2813811454585035,31.31341620055665,0.510555555555555,1,anode_hold
1119.0,-5.0,3.939088290915275,3.952104956752264,0.013393353933371,0.3766880963818053,31.31632612361536,0.5108333333333329,1,anode_hold
1120.0,-5.0,3.939730446581564,3.9526853082634,0.013534785916503,0.5799242346662403,31.319236046674067,0.5111111111111106,1,anode_hold
1121.0,-5.0,3.94015029930269,3.9524705537819775,0.0128653505992731,0.545096119984656,31.32214234543614,0.5113888888888884,1,anode_hold
1122.0,-5.0,3.939586368404536,3.9531735741052554,0.0130886961454086,-0.4985095553102781,31.32504521299211,0.5116666666666662,1,anode_hold
1123.0,-5.0,3.94035399440708,3.953699840651521,0.0128521253376173,-0.493720906823647,31.32794793381409,0.5119444444444441,1,anode_hold
1124.0,-5.0,3.940761899226233,3.9540496640384575,0.0129318694368386,-0.3558953753857174,31.33084486847307,0.5122222222222218,1,anode_hold
1125.0,-5.0,3.94097375840068,3.95402676754407,0.0133868758156602,0.3338666722698669,31.33374177795884,0.5124999999999997,1,anode_hold
1126.0,-5.0,3.9408258941848993,3.954251053603696,0.0131730758236156,-0.2520835951815847,31.336634538147766,0.5127777777777773,1,anode_hold
1127.0,-5.0,3.941708480879668,3.9546380317711054,0.0131039816044406,0.1744307130033817,31.33952672516889,0.5130555555555552,1,anode_hold
1128.0,-5.0,3.941777276308122,3.9546707655435815,0.0130716779979526,0.178188762492315,31.34241645590548,0.513333333333333,1,anode_hold
1129.0,-5.0,3.942546865533268,3.955221116107454,0.0127391753109435,0.0649247367574545,31.345303749476788,0.5136111111111108,1,anode_hold
1130.0,-5.0,3.9427933699684106,3.955730561433355,0.0131338208626445,0.1966293977000432,31.34818946344965,0.5138888888888885,1,anode_hold
1131.0,-5.0,3.942876931375901,3.9557167712349863,0.0123601545253789,-0.4796853337065698,31.35107330499641,0.5141666666666662,1,anode_hold
1132.0,-5.0,3.943485103116407,3.95618961589714,0.0127262588703367,0.0217460896037025,31.35395513141353,0.514444444444444,1,anode_hold
1133.0,-5.0,3.9436189865411633,3.9559591771556137,0.012231864451683,-0.1083261627674581,31.356836418893288,0.5147222222222217,1,anode_hold
1134.0,-5.0,3.9440098626105615,3.956317018866296,0.0120109932429917,-0.2961630127424897,31.35971770637304,0.5149999999999997,1,anode_hold
1135.0,-5.0,3.944142342715176,3.956840431854175,0.0127420559639913,0.043966824991859,31.362595511247388,0.5152777777777774,1,anode_hold
1136.0,-5.0,3.944941530650404,3.9576242940979154,0.011914142747328,-0.7686207001835754,31.365472727957695,0.5155555555555551,1,anode_hold
1137.0,-5.0,3.9456486755621096,3.9575870191297273,0.0120998339661713,0.1614903985536209,31.368348610235813,0.5158333333333329,1,anode_hold
1138.0,-5.0,3.9458261738709446,3.9580696759582703,0.01155063920193,-0.6928628853954955,31.371219631503,0.5161111111111107,1,anode_hold
1139.0,-5.0,3.9461698561643743,3.957834902153428,0.0114489817514132,-0.21606423764009,31.374090652770185,0.5163888888888886,1,anode_hold
1140.0,-5.0,3.9463591927215513,3.9584674498118986,0.0119113770325846,-0.1968800577625273,31.37695984441603,0.5166666666666662,1,anode_hold
1141.0,-5.0,3.946753224114346,3.957845545924556,0.011586352011242,0.494030201032114,31.379827685189703,0.516944444444444,1,anode_hold
1142.0,-5.0,3.947476589658371,3.958785360867126,0.0114090327635912,0.1002615548362229,31.382691722201173,0.5172222222222218,1,anode_hold
1143.0,-5.0,3.947137350764767,3.9582576587385097,0.0114583102294586,0.3380022557162299,31.38555418679042,0.5174999999999994,1,anode_hold
1144.0,-5.0,3.948515053342856,3.959533613214877,0.0114561737644232,0.4376138924020445,31.38841357351265,0.5177777777777772,1,anode_hold
1145.0,-5.0,3.948164925058832,3.959568710372511,0.0114985270958855,0.0947417822074747,31.39127084435137,0.518055555555555,1,anode_hold
1146.0,-5.0,3.949111766342583,3.960039713590489,0.0113764686696275,0.4485214217213595,31.394126892285517,0.518333333333333,1,anode_hold
1147.0,-5.0,3.949067404088434,3.960067648617373,0.0114394352276887,0.4391906987497584,31.396977262945967,0.5186111111111106,1,anode_hold
1148.0,-5.0,3.948844487814657,3.96005368726718,0.0113335160296209,0.1243165770978826,31.39982763360642,0.5188888888888883,1,anode_hold
1149.0,-5.0,3.9494340097365193,3.9602372696689465,0.0112958522589568,0.4925923265295395,31.40267036550349,0.5191666666666662,1,anode_hold
1150.0,-5.0,3.949533969904806,3.9607795378744246,0.011595177657071,0.3496096874524568,31.4055128092053,0.5194444444444442,1,anode_hold
1151.0,-5.0,3.949853855036377,3.96143524127155,0.0106266717999989,-0.9547144351742533,31.40834818576424,0.5197222222222218,1,anode_hold
1152.0,-5.0,3.950213154517915,3.961428136447637,0.0115047419343716,0.2897600046498638,31.411182797919636,0.5199999999999996,1,anode_hold
1153.0,-5.0,3.950094384210888,3.9613309073307614,0.0112435905458401,0.0070674259671221,31.414011004978587,0.5202777777777774,1,anode_hold
1154.0,-5.0,3.9503612337767984,3.9615809895091902,0.0112585697150761,0.0388139826843492,31.416838002398386,0.5205555555555552,1,anode_hold
1155.0,-5.0,3.95074679175989,3.9617988792391583,0.0110631246467024,0.0110371674342246,31.41965995493493,0.5208333333333329,1,anode_hold
1156.0,-5.0,3.9507983805546014,3.962209604880128,0.0108546594683591,-0.5565648571668191,31.42248048368995,0.5211111111111106,1,anode_hold
1157.0,-5.0,3.95151132119902,3.962509891479776,0.0111183822804304,0.1198119996743685,31.42529720785012,0.5213888888888886,1,anode_hold
1158.0,-5.0,3.952058258861535,3.962655450603243,0.0104554741207239,-0.1417176209845827,31.428112442491678,0.5216666666666665,1,anode_hold
1159.0,-5.0,3.952485430462341,3.963070847536684,0.0103580542451659,-0.2273628291771245,31.43092555347289,0.5219444444444441,1,anode_hold
1160.0,-5.0,3.952900461086404,3.962856290415025,0.0101889939442828,0.2331646156616962,31.43373755770629,0.5222222222222219,1,anode_hold
1161.0,-5.0,3.953162006286431,3.964078540912509,0.010787693911313,-0.1288407147654879,31.4365489580479,0.5224999999999997,1,anode_hold
1162.0,-5.0,3.953959124030767,3.9639474577393528,0.0101306507374545,0.142317028868355,31.439359949290843,0.5227777777777776,1,anode_hold
1163.0,-5.0,3.953538165803818,3.964605281992701,0.0099605423710612,-1.1065738178217543,31.442170774589453,0.5230555555555553,1,anode_hold
1164.0,-5.0,3.9544613714860977,3.96449852892645,0.0093942584265462,-0.6428990138060975,31.444981541892925,0.523333333333333,1,anode_hold
1165.0,-5.0,3.954880002852165,3.964619205988321,0.0096965149151054,-0.0426882210509127,31.44779235204948,0.5236111111111108,1,anode_hold
1166.0,-5.0,3.955640601989191,3.9649729128809774,0.0097941676206922,0.4618567289056408,31.45060315813336,0.5238888888888885,1,anode_hold
1167.0,-5.0,3.955920130807191,3.965279831949749,0.0091424324742555,-0.217268668301962,31.45341366211992,0.5241666666666662,1,anode_hold
1168.0,-5.0,3.9563008507040216,3.965277051835167,0.0094037583619942,0.4275572308491959,31.456223949995017,0.524444444444444,1,anode_hold
1169.0,-5.0,3.95636131915478,3.965625332838811,0.0094079517976293,0.1439381135979189,31.45903322362818,0.5247222222222218,1,anode_hold
1170.0,-5.0,3.9569227889052647,3.966582107462337,0.0095059924332114,-0.1533261238608751,31.461841602791395,0.5249999999999995,1,anode_hold
1171.0,-5.0,3.9565854960606464,3.966545982657893,0.009620979910933,-0.3395066863132179,31.46464808578871,0.5252777777777773,1,anode_hold
1172.0,-5.0,3.957143016850495,3.96636132979325,0.0099331632741059,0.7148503313509913,31.46745252493955,0.525555555555555,1,anode_hold
1173.0,-5.0,3.9567076222932966,3.9669335158285297,0.009389622072396,-0.836271462837157,31.470254616356044,0.5258333333333329,1,anode_hold
1174.0,-5.0,3.958070025315616,3.966775930609915,0.00943726749317,0.7313621988709329,31.473053156682667,0.5261111111111106,1,anode_hold
1175.0,-5.0,3.958244974742956,3.9677096360837223,0.0092838707003599,-0.1807906404072135,31.475849429279524,0.5263888888888886,1,anode_hold
1176.0,-5.0,3.957805918353851,3.9672304936161793,0.0097850099284793,0.3604346661512103,31.478639224034502,0.5266666666666662,1,anode_hold
1177.0,-5.0,3.9579511437645007,3.9680605040717376,0.0095248145655065,-0.5845457417303912,31.481426918438267,0.526944444444444,1,anode_hold
1178.0,-5.0,3.957797516357184,3.968049850901711,0.0097021853294286,-0.5501492150985499,31.48421423412327,0.5272222222222218,1,anode_hold
1179.0,-5.0,3.958216057448674,3.968304495787221,0.0097719690659239,-0.3164692726222995,31.48699111094098,0.5274999999999994,1,anode_hold
1180.0,-5.0,3.958960905099228,3.968300018854975,0.0095278987497922,0.188784994045843,31.48976798775869,0.5277777777777773,1,anode_hold
1181.0,-5.0,3.9591373628535127,3.968720122052297,0.0095103029228071,-0.072456275977295,31.492541612192717,0.5280555555555551,1,anode_hold
1182.0,-5.0,3.959026931016447,3.9688206702285234,0.009577874620899,-0.2158645911771728,31.49530815961605,0.528333333333333,1,anode_hold
1183.0,-5.0,3.9596047428551935,3.96904358135034,0.0095410273496795,0.1021888545338356,31.49807470703939,0.5286111111111107,1,anode_hold
1184.0,-5.0,3.95985441131891,3.96969910814588,0.009471041161808,-0.3736556651618983,31.500836017220724,0.5288888888888885,1,anode_hold
1185.0,-5.0,3.960503638572473,3.970575918261359,0.0093561632037424,-0.7161164851430257,31.503593758473546,0.5291666666666663,1,anode_hold
1186.0,-5.0,3.960884731468443,3.9699650118184255,0.0093329673298896,0.2526869799064357,31.506351499726364,0.5294444444444442,1,anode_hold
1187.0,-5.0,3.960916645581687,3.9706270332719305,0.0096448526697522,-0.0655350204912252,31.50910312596878,0.5297222222222218,1,anode_hold
1188.0,-5.0,3.961327997330192,3.970575415739924,0.0090593463920916,-0.1880720176408168,31.5118538752934,0.5299999999999996,1,anode_hold
1189.0,-5.0,3.961601837834324,3.970618297036967,0.0092076198389686,0.1911606363256268,31.514603818334013,0.5302777777777774,1,anode_hold
1190.0,-5.0,3.961281335718048,3.971496610362365,0.0091360567833448,-1.0792178609726475,31.51734934692037,0.5305555555555552,1,anode_hold
1191.0,-5.0,3.9622666303729024,3.9715383378076368,0.0093954973884196,0.1237899536854492,31.52009487550672,0.530833333333333,1,anode_hold
1192.0,-5.0,3.9624968314851743,3.971947055890673,0.0088864305621978,-0.5637938433009637,31.52283891321443,0.5311111111111109,1,anode_hold
1193.0,-5.0,3.963043077470048,3.971893074352221,0.0089236953813236,0.0736984991505096,31.52558100893768,0.5313888888888886,1,anode_hold
1194.0,-5.0,3.9625688720901806,3.9721586748149456,0.0087999914275281,-0.7898112972375415,31.528323104660934,0.5316666666666663,1,anode_hold
1195.0,-5.0,3.963643588115185,3.972123339772748,0.0091433374435865,0.6635857860239902,31.53106343434489,0.5319444444444441,1,anode_hold
1196.0,-5.0,3.963514168144125,3.972546539388964,0.009060695299446,0.0283240546061769,31.5338030571546,0.5322222222222219,1,anode_hold
1197.0,-5.0,3.964077482869087,3.9733929536581103,0.008966335188778,-0.3491356002451873,31.5365426799643,0.5324999999999998,1,anode_hold
1198.0,-5.0,3.9646467787586768,3.972450243652309,0.0088525256745347,1.049060780903055,31.53928048575793,0.5327777777777774,1,anode_hold
1199.0,-5.0,3.964126523180132,3.973514107577497,0.0094345615106091,0.0469771132443064,31.54201828060308,0.5330555555555553,1,anode_hold
1200.0,-5.0,3.964462255201924,3.9740975425720975,0.0088407030894724,-0.7945842807020043,31.54475561424427,0.533333333333333,1,anode_hold
1201.0,-5.0,3.9654421309703447,3.974150628547283,0.0081606386879543,-0.5478588889840097,31.54749172505103,0.5336111111111109,1,anode_hold
1202.0,-5.0,3.96508939602687,3.974431017082775,0.0082631315193821,-1.0784895365230085,31.5502278358578,0.5338888888888886,1,anode_hold
1203.0,-5.0,3.965435942193333,3.974339624230471,0.0082446474671015,-0.6590345700363542,31.55296187932228,0.5341666666666665,1,anode_hold
1204.0,-5.0,3.966199971242868,3.975016564606245,0.0084819298257332,-0.3346635376439977,31.55569425661188,0.5344444444444442,1,anode_hold
1205.0,-5.0,3.9662537279055807,3.975279615867591,0.0081254892380949,-0.900398723914897,31.55842663390148,0.5347222222222221,1,anode_hold
1206.0,-5.0,3.966845999386448,3.9751724395664825,0.0085236177863195,0.1971776062856811,31.56115721805092,0.5349999999999997,1,anode_hold
1207.0,-5.0,3.967004690588584,3.975943663885333,0.0080550230405815,-0.8839502561674983,31.563884295624007,0.5352777777777775,1,anode_hold
1208.0,-5.0,3.967209142961248,3.975542782553455,0.0084051582771611,0.0715186849542526,31.566611373197095,0.5355555555555553,1,anode_hold
1209.0,-5.0,3.967813904073601,3.975192238799025,0.0081876349767637,0.8093002513387404,31.569337445717768,0.5358333333333332,1,anode_hold
1210.0,-5.0,3.968471840881064,3.976188748338841,0.008471269692537,0.7543622347596646,31.572056349988465,0.5361111111111109,1,anode_hold
1211.0,-5.0,3.968082126539101,3.976407765059423,0.0083143658425981,-0.0112726777241611,31.57477525425916,0.5363888888888886,1,anode_hold
1212.0,-5.0,3.968852790498423,3.976434772212015,0.0079499871547718,0.368005441179875,31.577494158529863,0.5366666666666664,1,anode_hold
1213.0,-5.0,3.9690330393478894,3.976800602537524,0.0087173411892467,0.9497779996121558,31.58020398758455,0.5369444444444441,1,anode_hold
1214.0,-5.0,3.969008794588016,3.977023964444249,0.0078306103851197,-0.1845594711133991,31.582912892598145,0.537222222222222,1,anode_hold
1215.0,-5.0,3.9693957229872607,3.976881456783599,0.007968290667002,0.4825568706636751,31.585621797611736,0.5374999999999998,1,anode_hold
1216.0,-5.0,3.969248281625135,3.9780526245164656,0.0076912389788251,-1.1131039125054087,31.588324122819305,0.5377777777777775,1,anode_hold
1217.0,-5.0,3.9696103897603434,3.9779274601748127,0.0083616924445849,0.0446220301149047,31.591023522331746,0.5380555555555553,1,anode_hold
1218.0,-5.0,3.970144424238645,3.9789829179206193,0.0083318313819893,-0.5066622999847503,31.59372292184418,0.538333333333333,1,anode_hold
1219.0,-5.0,3.970303779734336,3.9784118419089327,0.0080179582728121,-0.090103901784655,31.59641588095429,0.5386111111111109,1,anode_hold
1220.0,-5.0,3.970962824821063,3.978780903730721,0.0073206370870792,-0.4974418225791588,31.59910721352228,0.5388888888888885,1,anode_hold
1221.0,-5.0,3.970436604798499,3.978449683558933,0.0082523390990617,0.239260338628533,31.60179699262672,0.5391666666666663,1,anode_hold
1222.0,-5.0,3.970991519999608,3.979457793026376,0.0085382769028321,0.0720038760637642,31.604480314047358,0.5394444444444442,1,anode_hold
1223.0,-5.0,3.9711411035295705,3.9790661828893454,0.0077536560800577,-0.1714232797174197,31.60716363546799,0.5397222222222218,1,anode_hold
1224.0,-5.0,3.97154021601776,3.979802717714954,0.0081385200345578,-0.1239816626363854,31.60984335677376,0.5399999999999997,1,anode_hold
1225.0,-5.0,3.972188830365394,3.980163991175131,0.0082543070984841,0.2791462887468121,31.612520570673382,0.5402777777777774,1,anode_hold
1226.0,-5.0,3.9717311759364944,3.980359979169181,0.0079954932326896,-0.6333099999968894,31.615197784573013,0.5405555555555552,1,anode_hold
1227.0,-5.0,3.972605730205633,3.9801222483016048,0.0076278794526926,0.1113613567209625,31.617869563860307,0.5408333333333329,1,anode_hold
1228.0,-5.0,3.972431034765663,3.980375807209259,0.0078990479060333,-0.0457245375624637,31.620541260382783,0.5411111111111109,1,anode_hold
1229.0,-5.0,3.972771069496501,3.981090960260535,0.0077530313457575,-0.5668594182761666,31.62321109137239,0.5413888888888886,1,anode_hold
1230.0,-5.0,3.97343283987118,3.981463878175121,0.0080814436617251,0.0504053577841112,31.625877885596484,0.5416666666666663,1,anode_hold
1231.0,-5.0,3.973313009648457,3.981787248193446,0.0073876666129528,-1.0865719320358735,31.62854467982058,0.5419444444444441,1,anode_hold
1232.0,-5.0,3.973873031759374,3.981585732408314,0.0080213941090048,0.3086934600649016,31.631209418050467,0.5422222222222219,1,anode_hold
1233.0,-5.0,3.973984609967632,3.9818061200040646,0.0078562403093766,0.0347302729437615,31.63387356309023,0.5424999999999998,1,anode_hold
1234.0,-5.0,3.9741775247074176,3.982622926414401,0.0073427728819933,-1.1026288249902372,31.636537087880917,0.5427777777777774,1,anode_hold
1235.0,-5.0,3.97440767541067,3.9821460937962487,0.0074621343551844,-0.2762840303942582,31.639197619026305,0.5430555555555552,1,anode_hold
1236.0,-5.0,3.9742826384536816,3.982797749975488,0.0078729685292881,-0.642142992518302,31.6418581501717,0.543333333333333,1,anode_hold
1237.0,-5.0,3.9748669280969504,3.98271688288708,0.008043772133369,0.1938173432396439,31.644516505681192,0.5436111111111108,1,anode_hold
1238.0,-5.0,3.975431586353121,3.982624229824711,0.0078731310303263,0.6804875587365089,31.647173200891565,0.5438888888888885,1,anode_hold
1239.0,-5.0,3.97573284710182,3.98295954991854,0.0084266342740818,1.19993145736208,31.649829896101934,0.5441666666666662,1,anode_hold
1240.0,-5.0,3.9755152195492673,3.983675231155653,0.0075803505247475,-0.5796610816379832,31.65248281480258,0.5444444444444442,1,anode_hold
1241.0,-5.0,3.9765543071130938,3.983847367905261,0.007126061670251,-0.1669991219155342,31.65513558724478,0.5447222222222219,1,anode_hold
1242.0,-5.0,3.9767129587055656,3.9841713990393135,0.0074402265746727,-0.0182137590751807,31.657786188922277,0.5449999999999997,1,anode_hold
1243.0,-5.0,3.976431873786478,3.9841582129207302,0.0071784895828465,-0.5478495514061876,31.66043290215537,0.5452777777777775,1,anode_hold
1244.0,-5.0,3.9767912194228434,3.984354177166972,0.0066462626372824,-0.9166951068455552,31.663079615388465,0.5455555555555553,1,anode_hold
1245.0,-5.0,3.977538213453825,3.98483275980719,0.0076207838723496,0.3262375189851951,31.66572632862156,0.5458333333333332,1,anode_hold
1246.0,-5.0,3.977139537915511,3.984933076980412,0.0069822740205176,-0.8112650443830027,31.668373041854657,0.5461111111111109,1,anode_hold
1247.0,-5.0,3.9777231358382448,3.984745352897771,0.0069616176087919,-0.0605994507343332,31.671018457019848,0.5463888888888886,1,anode_hold
1248.0,-5.0,3.9781899460610215,3.9853387599286094,0.0077466336217759,0.5978197541880448,31.673656478527967,0.5466666666666664,1,anode_hold
1249.0,-5.0,3.97842784562239,3.98622147160039,0.0070060869469529,-0.7875390310472241,31.67629450003608,0.5469444444444442,1,anode_hold
1250.0,-5.0,3.9787087864886432,3.9857201917319527,0.0069266337511698,-0.0847714921397013,31.6789325215442,0.547222222222222,1,anode_hold
1251.0,-5.0,3.979103203341087,3.9863566152369647,0.0074059950228843,0.1525831270066113,31.68157054305232,0.5474999999999998,1,anode_hold
1252.0,-5.0,3.979006179486962,3.986406437474556,0.0076815668229167,0.2813088353228465,31.68420856456044,0.5477777777777775,1,anode_hold
1253.0,-5.0,3.979338133242386,3.986890421558637,0.0065867065839429,-0.9655817323084293,31.68683731196348,0.5480555555555553,1,anode_hold
1254.0,-5.0,3.980337819738471,3.986646204698731,0.0068189430252259,0.5105580649655828,31.68946547193196,0.5483333333333331,1,anode_hold
1255.0,-5.0,3.979537663801565,3.986762324241493,0.0069587244694133,-0.2659359705154962,31.692093631900445,0.5486111111111109,1,anode_hold
1256.0,-5.0,3.980060870020843,3.9875208631933594,0.0073768014835725,-0.0831916889429962,31.694721791868925,0.5488888888888885,1,anode_hold
1257.0,-5.0,3.980466211427917,3.9874133238213534,0.0072216147676825,0.2745023742463104,31.69734995183741,0.5491666666666665,1,anode_hold
1258.0,-5.0,3.9804745239274735,3.987850997336474,0.0074848078133103,0.1083344043100176,31.699969972051804,0.5494444444444442,1,anode_hold
1259.0,-5.0,3.981270724265193,3.988003673830137,0.006720002954044,-0.0129466108997888,31.702587004814724,0.549722222222222,1,anode_hold
1260.0,-5.0,3.981161039227441,3.988625237593735,0.0071181436551146,-0.3460547111791001,31.705204037577644,0.5499999999999997,1,anode_hold
1261.0,-5.0,3.981601991415741,3.98864886937544,0.0075866432483276,0.5397652886292015,31.70782107034056,0.5502777777777774,1,anode_hold
1262.0,-5.0,3.980824610389292,3.988850658488556,0.0066143976758878,-1.4116504233760985,31.71043810310348,0.5505555555555554,1,anode_hold
1263.0,-5.0,3.982209476978356,3.988750612668767,0.0074681382157129,0.9270025253016456,31.713049424381563,0.5508333333333331,1,anode_hold
1264.0,-5.0,3.982448173978875,3.9888061961794232,0.0068870273533158,0.5290051527677697,31.71565552826436,0.5511111111111109,1,anode_hold
1265.0,-5.0,3.9821266867976375,3.9892609997057296,0.0072010602690798,0.0667473609867741,31.71826163214716,0.5513888888888887,1,anode_hold
1266.0,-5.0,3.98299634781292,3.989998928529773,0.0067905854139863,-0.2119953028669741,31.72086773602996,0.5516666666666665,1,anode_hold
1267.0,-5.0,3.9829385789221137,3.9901901976154046,0.0072692833130812,0.0176646197904695,31.723470281934336,0.5519444444444441,1,anode_hold
1268.0,-5.0,3.983400028734182,3.9903904869303592,0.0072847891333921,0.2943309372152036,31.72606609876348,0.552222222222222,1,anode_hold
1269.0,-5.0,3.98392822499182,3.990327035340428,0.0069795444460673,0.5807340974595121,31.72866191559262,0.5524999999999998,1,anode_hold
1270.0,-5.0,3.9836769748859098,3.990372515962704,0.0074839165977764,0.7883755209823207,31.731257732421764,0.5527777777777776,1,anode_hold
1271.0,-5.0,3.983604693224501,3.991259069111624,0.0066702179318443,-0.9841579552780644,31.73385167264227,0.5530555555555553,1,anode_hold
1272.0,-5.0,3.984164772553058,3.991199725402571,0.007230111525175,0.1951586756625545,31.736436394095207,0.553333333333333,1,anode_hold
1273.0,-5.0,3.984044338183976,3.991536708729496,0.006573275658952,-0.9190948865680504,31.739021115548145,0.5536111111111108,1,anode_hold
1274.0,-5.0,3.9844459086570017,3.991324006527804,0.0071689533608695,0.2908554900669102,31.741605837001085,0.5538888888888885,1,anode_hold
1275.0,-5.0,3.984716609454563,3.9916325201358793,0.0071059724215926,0.1900617402763593,31.744190558454022,0.5541666666666663,1,anode_hold
1276.0,-5.0,3.984975460037388,3.992262040577352,0.0066309699405799,-0.6556105993849037,31.746763281789573,0.5544444444444442,1,anode_hold
1277.0,-5.0,3.985782070948548,3.992519838764584,0.0073000476512399,0.5622798352042935,31.74933591322966,0.5547222222222219,1,anode_hold
1278.0,-5.0,3.985920940405747,3.992227560015621,0.0068117152063852,0.5050955965111292,31.751903974648364,0.5549999999999997,1,anode_hold
1279.0,-5.0,3.985632447154287,3.992842870576488,0.0064154031449637,-0.7950202772377679,31.754466487834257,0.5552777777777775,1,anode_hold
1280.0,-5.0,3.986473275509232,3.9926337714102456,0.0067247719143758,0.5642760133617308,31.757029001020157,0.5555555555555554,1,anode_hold
1281.0,-5.0,3.985851455193295,3.9935795659875617,0.0070964275781609,-0.6316832161057384,31.759585714542048,0.555833333333333,1,anode_hold
1282.0,-5.0,3.986379738708556,3.9936408369141567,0.0068488314118302,-0.4122667937704882,31.76214186092893,0.5561111111111109,1,anode_hold
1283.0,-5.0,3.9867576773480073,3.9943523720289456,0.0071144870047656,-0.4802076761736273,31.76469423704567,0.5563888888888886,1,anode_hold
1284.0,-5.0,3.987381321390364,3.994351049465235,0.0072676037974072,0.2978757225364781,31.767240198607062,0.5566666666666665,1,anode_hold
1285.0,-5.0,3.987467712302048,3.993927970319335,0.007096081543796,0.6358235265091494,31.76978616016845,0.5569444444444442,1,anode_hold
1286.0,-5.0,3.987610879717044,3.994413187071207,0.0070159131165721,0.2136057624095855,31.77233212172985,0.5572222222222221,1,anode_hold
1287.0,-5.0,3.988090461142748,3.994439312101939,0.0069218636895534,0.5730127303622545,31.77487808329124,0.5574999999999999,1,anode_hold
1288.0,-5.0,3.988156513951652,3.994853014420409,0.0069870048008534,0.2905043320962086,31.77742060573473,0.5577777777777775,1,anode_hold
1289.0,-5.0,3.9885980650282296,3.995274013474744,0.0072605606133189,0.584612166804277,31.779962251440924,0.5580555555555553,1,anode_hold
1290.0,-5.0,3.9882137306854384,3.9952664919608414,0.0066208135052916,-0.4319477701115737,31.78250093805961,0.5583333333333331,1,anode_hold
1291.0,-5.0,3.988208465466128,3.995515745207714,0.0067044801488518,-0.6027995927340157,31.78503884766452,0.558611111111111,1,anode_hold
1292.0,-5.0,3.9888732876665376,3.9953260285053647,0.0069451910630854,0.4924502242582562,31.787574272028845,0.5588888888888885,1,anode_hold
1293.0,-5.0,3.989535177842866,3.996130826744477,0.0063604278217272,-0.2352210798832743,31.790109024547423,0.5591666666666665,1,anode_hold
1294.0,-5.0,3.989659837169633,3.996182956997184,0.0068835153735345,0.3603955459845487,31.79264091131969,0.5594444444444442,1,anode_hold
1295.0,-5.0,3.9901470464390263,3.9966048108164154,0.0065277287696357,0.0699643922481563,31.795172000902443,0.559722222222222,1,anode_hold
1296.0,-5.0,3.990391465532064,3.9969595996021487,0.006598483253724,0.0303491836386449,31.797702907753568,0.5599999999999998,1,anode_hold
1297.0,-5.0,3.990628387677927,3.996886943156419,0.0062060990071147,-0.0524564713773045,31.80023073461259,0.5602777777777777,1,anode_hold
1298.0,-5.0,3.9910146325249687,3.997316425773928,0.0062591807477533,-0.042612501205852,31.80275856147161,0.5605555555555554,1,anode_hold
1299.0,-5.0,3.990838012921004,3.997154976301843,0.006624106817364,0.307143436524715,31.805284597135586,0.5608333333333331,1,anode_hold
1300.0,-5.0,3.991657739966047,3.997847870667596,0.0058968422201399,-0.2932884814090819,31.807809449991623,0.5611111111111109,1,anode_hold
1301.0,-5.0,3.991300501528154,3.99778636369596,0.0064763982127206,-0.0094639550849429,31.8103337699246,0.5613888888888887,1,anode_hold
1302.0,-5.0,3.991820967740353,3.997843155504373,0.0064821267658916,0.4599390018715787,31.81285503558465,0.5616666666666665,1,anode_hold
1303.0,-5.0,3.9916831143046543,3.998178967208852,0.0061525823119181,-0.3432705922792323,31.8153763012447,0.5619444444444441,1,anode_hold
1304.0,-5.0,3.992486909292472,3.998049245180317,0.0055462591586053,-0.0160767292389785,31.81789441518009,0.562222222222222,1,anode_hold
1305.0,-5.0,3.992094465219124,3.998505836827496,0.0057965767588084,-0.6147948495640598,31.820412328701487,0.5624999999999998,1,anode_hold
1306.0,-5.0,3.993189552286552,3.9987967379055815,0.0062589338903227,0.6517482712928846,31.82292687120544,0.5627777777777776,1,anode_hold
1307.0,-5.0,3.99256750238986,3.999157709703864,0.0064783182502504,-0.1118890637537006,31.82544046458385,0.5630555555555553,1,anode_hold
1308.0,-5.0,3.993242527720821,3.999347753097045,0.0057800970528304,-0.3251283233933755,31.827950395903343,0.563333333333333,1,anode_hold
1309.0,-5.0,3.993313277153967,3.999404632349363,0.0063362793420785,0.2449241466826457,31.830458409527782,0.5636111111111108,1,anode_hold
1310.0,-5.0,3.993278265931659,3.9997649323709066,0.0063350242774019,-0.1516421618457109,31.832963536291764,0.5638888888888886,1,anode_hold
1311.0,-5.0,3.994103951050203,3.999403291900001,0.0058522861455629,0.5529452957655501,31.835465294031152,0.5641666666666665,1,anode_hold
1312.0,-5.0,3.993787657789456,4.000292066565415,0.0063869733725057,-0.1174354034532143,31.837965007509176,0.5644444444444442,1,anode_hold
1313.0,-5.0,3.994551854562789,4.000652801178443,0.0061359807362834,0.0350341206294402,31.840454557459065,0.5647222222222221,1,anode_hold
1314.0,-5.0,3.993999957554632,4.000942842923905,0.0059391944672671,-1.003690902006138,31.84294225139189,0.5649999999999997,1,anode_hold
1315.0,-5.0,3.994263677609623,4.001250208189334,0.0069407159662525,-0.045814613458095,31.845429945324703,0.5652777777777775,1,anode_hold
1316.0,-5.0,3.9941011857168816,4.001087202125407,0.0062081029557505,-0.7779134527750031,31.847914307534865,0.5655555555555554,1,anode_hold
1317.0,-5.0,3.995066461502148,4.001343246062642,0.0060291781960375,-0.2476063644563098,31.850390592468408,0.5658333333333332,1,anode_hold
1318.0,-5.0,3.995374364500368,4.001444976818503,0.0060539030773412,-0.0167092407932223,31.85286687740195,0.5661111111111109,1,anode_hold
1319.0,-5.0,3.9953643946389374,4.001663005213404,0.0070709177918363,0.772307217370205,31.855341371872424,0.5663888888888886,1,anode_hold
1320.0,-5.0,3.995442190032356,4.002062322377392,0.0068143353505396,0.1942030055035459,31.857805896492824,0.5666666666666664,1,anode_hold
1321.0,-5.0,3.995407999464781,4.002644754092184,0.0067090916569727,-0.527662970430498,31.860270421113224,0.5669444444444443,1,anode_hold
1322.0,-5.0,3.996584363136917,4.001956729881854,0.0063229302484145,0.9505635034767757,31.86273482771221,0.5672222222222221,1,anode_hold
1323.0,-5.0,3.996293784998345,4.002530409128528,0.0067093542052547,0.472730075072203,31.86518988530006,0.5674999999999998,1,anode_hold
1324.0,-5.0,3.9957089238883463,4.0029780276230165,0.0066424913529459,-0.6266123817240121,31.867644942887917,0.5677777777777777,1,anode_hold
1325.0,-5.0,3.996361842658557,4.002814663380704,0.0068643843244952,0.4115636023476199,31.87010000047577,0.5680555555555553,1,anode_hold
1326.0,-5.0,3.9958688671487375,4.003452372653741,0.0062314588792438,-1.3520466257586072,31.87254793509345,0.5683333333333331,1,anode_hold
1327.0,-5.0,3.99732515150684,4.003135586523208,0.0068987527511968,1.0883177348293138,31.874994830567363,0.568611111111111,1,anode_hold
1328.0,-5.0,3.9976431826739383,4.003657514783452,0.0069937184486639,0.979386339150956,31.87744172604128,0.5688888888888888,1,anode_hold
1329.0,-5.0,3.997704117982307,4.003484273906668,0.0064353037779662,0.6551478536049871,31.87988344719452,0.5691666666666665,1,anode_hold
1330.0,-5.0,3.99747075686332,4.004275098423219,0.006417020953332,-0.3873206065669876,31.882323282675,0.5694444444444442,1,anode_hold
1331.0,-5.0,3.997530971089581,4.004175014211411,0.006655046834217,0.0110037123874917,31.884763118155483,0.569722222222222,1,anode_hold
1332.0,-5.0,3.9975267943630826,4.004818377671209,0.0062673789562941,-1.0242043518324806,31.887200621726,0.5699999999999998,1,anode_hold
1333.0,-5.0,3.9983601486139873,4.004754422997342,0.0065464000384846,0.1521256551297867,31.88963652565829,0.5702777777777777,1,anode_hold
1334.0,-5.0,3.99823707896712,4.004772634285906,0.0065008050729408,-0.0347502458453163,31.892071338930787,0.5705555555555555,1,anode_hold
1335.0,-5.0,3.998628471605964,4.005150822648484,0.006934702179957,0.4123511374367616,31.89450384567389,0.5708333333333333,1,anode_hold
1336.0,-5.0,3.998836647644541,4.005530953620084,0.0061571756112197,-0.537130364322902,31.89693524197745,0.5711111111111109,1,anode_hold
1337.0,-5.0,3.999233112176436,4.005707787088686,0.0062819975499284,-0.1926773623215361,31.89936511870986,0.5713888888888888,1,anode_hold
1338.0,-5.0,3.999900703827012,4.005853270875566,0.0066841231589254,0.7315561103711232,31.901793158017792,0.5716666666666665,1,anode_hold
1339.0,-5.0,4.000446797618054,4.006043827373227,0.0056900315217275,0.0930017665554672,31.904220448283134,0.5719444444444444,1,anode_hold
1340.0,-5.0,4.000298732608314,4.006369968386523,0.0064142137397578,0.3429779615489181,31.906645477706714,0.5722222222222221,1,anode_hold
1341.0,-5.0,4.000573210288637,4.006837232563963,0.0058738786225923,-0.3901436527327107,31.909069859612977,0.5725,1,anode_hold
1342.0,-5.0,4.000545887827811,4.00663459468108,0.0060915773132852,0.0028704600154583,31.911492710624223,0.5727777777777777,1,anode_hold
1343.0,-5.0,4.0008174017425375,4.007154294523112,0.0058270563673659,-0.5098364132090083,31.913913076878977,0.5730555555555554,1,anode_hold
1344.0,-5.0,4.001168911130202,4.006848156723288,0.005937665746423,0.2584201533366581,31.916331708697246,0.5733333333333333,1,anode_hold
1345.0,-5.0,4.002056569952129,4.007736320653893,0.0046687345861657,-1.0110161155987285,31.91875034051552,0.5736111111111111,1,anode_hold
1346.0,-5.0,4.002163657347062,4.007788377552857,0.0053719246959054,-0.2527955098896584,31.92116824343981,0.5738888888888889,1,anode_hold
1347.0,-5.0,4.00266497031147,4.007794024329712,0.0048670871367461,-0.2619668814967113,31.923582644068052,0.5741666666666665,1,anode_hold
1348.0,-5.0,4.002785659899449,4.008018592093047,0.0053632500118693,0.1303178182707753,31.9259970446963,0.5744444444444444,1,anode_hold
1349.0,-5.0,4.002816942378338,4.007829710804826,0.0051935256034411,0.1807571769534277,31.928410152266338,0.5747222222222221,1,anode_hold
1350.0,-5.0,4.002831663136425,4.008578189412078,0.005358568963931,-0.3879573117213652,31.93081993052704,0.575,1,anode_hold
1351.0,-5.0,4.003362708595793,4.0086946353303325,0.0057891283111067,0.4572015765669235,31.933229708787746,0.5752777777777778,1,anode_hold
1352.0,-5.0,4.003302013671233,4.008568407704217,0.005404633153779,0.1382391207940259,31.935635006942817,0.5755555555555556,1,anode_hold
1353.0,-5.0,4.004588874327084,4.009067348942194,0.0053295552496765,0.8510806345656263,31.938038162380096,0.5758333333333333,1,anode_hold
1354.0,-5.0,4.004320648301428,4.009585203649952,0.0053621234485293,0.0975681000063843,31.940440810073078,0.576111111111111,1,anode_hold
1355.0,-5.0,4.004371652969213,4.00968009415687,0.0050707608304984,-0.23768035715932,31.942837028149484,0.5763888888888888,1,anode_hold
1356.0,-5.0,4.005325803185506,4.009922604842032,0.0055667049448423,0.9699032883156988,31.94523324622589,0.5766666666666665,1,anode_hold
1357.0,-5.0,4.004847189660931,4.00989002239333,0.0052899445862415,0.2471118538425187,31.947627344601766,0.5769444444444443,1,anode_hold
1358.0,-5.0,4.005362887211061,4.010519293932217,0.005084951584621,-0.071455136534837,31.95001905186189,0.5772222222222221,1,anode_hold
1359.0,-5.0,4.005377909188069,4.010472912966735,0.0054187314228276,0.3237276441616643,31.95241075912201,0.5774999999999999,1,anode_hold
1360.0,-5.0,4.005765360869949,4.010944200527238,0.0049244989689171,-0.2543406883717125,31.95478884816561,0.5777777777777777,1,anode_hold
1361.0,-5.0,4.005776499964034,4.011561899505943,0.00486338726305,-0.922012278858908,31.95716484162083,0.5780555555555555,1,anode_hold
1362.0,-5.0,4.006266329701072,4.010520956454424,0.0047356808010188,0.4810540476674063,31.95954083507605,0.5783333333333333,1,anode_hold
1363.0,-5.0,4.006777861762248,4.011178091156672,0.0045564389182249,0.1562095238014649,31.96191682853128,0.5786111111111112,1,anode_hold
1364.0,-5.0,4.006199026583353,4.011541196971424,0.0045950885736411,-0.7470818144303948,31.964291486107125,0.5788888888888889,1,anode_hold
1365.0,-5.0,4.006152919667544,4.011532251541556,0.0052761589603401,-0.1031729136720116,31.966660088629677,0.5791666666666668,1,anode_hold
1366.0,-5.0,4.007475576881058,4.012269084472002,0.0047628153118371,-0.030692279106681,31.96902869115222,0.5794444444444444,1,anode_hold
1367.0,-5.0,4.007371982921985,4.01207053688233,0.0048376089164794,0.139054956133755,31.97139339583937,0.5797222222222222,1,anode_hold
1368.0,-5.0,4.007847847221725,4.012882863530539,0.0050144123250855,-0.0206039837289395,31.97375470827163,0.5800000000000001,1,anode_hold
1369.0,-5.0,4.007758958461307,4.012823064758315,0.0046998666802165,-0.3642396167915507,31.97611602070389,0.5802777777777779,1,anode_hold
1370.0,-5.0,4.008601519601234,4.012936070437918,0.0043758109211778,0.0412600844938992,31.97847388763579,0.5805555555555556,1,anode_hold
1371.0,-5.0,4.008976963800932,4.013016618131254,0.0043362923116164,0.29663798129409,31.980831322646324,0.5808333333333333,1,anode_hold
1372.0,-5.0,4.008371216225815,4.013485701061817,0.0043662353046338,-0.7482495313677617,31.983186874842357,0.5811111111111111,1,anode_hold
1373.0,-5.0,4.009234183819343,4.013592990370699,0.0047121099584575,0.3533034071017127,31.985540755147227,0.5813888888888888,1,anode_hold
1374.0,-5.0,4.009154846200032,4.014095643655002,0.0041504410381461,-0.7903564168234567,31.98789257596816,0.5816666666666668,1,anode_hold
1375.0,-5.0,4.009161878619391,4.013996040188475,0.0040380659210709,-0.7960956480133063,31.990243404008982,0.5819444444444445,1,anode_hold
1376.0,-5.0,4.009864276939159,4.014389666954706,0.0042700856439387,-0.2553043716080339,31.99259008344165,0.5822222222222222,1,anode_hold
1377.0,-5.0,4.010433135598347,4.014416209334745,0.0040259275422712,0.0428538058727667,31.99493585104001,0.5825,1,anode_hold
1378.0,-5.0,4.01015188907398,4.014606120065996,0.0039418696437917,-0.5123613482238554,31.99728161863837,0.5827777777777778,1,anode_hold
1379.0,-5.0,4.010480683839499,4.014256005742756,0.0038986105811687,0.1232886779121145,31.999627133083,0.5830555555555557,1,anode_hold
1380.0,-5.0,4.011532767818706,4.014932468520643,0.0042603914411158,0.8606907391790486,32.001970598331475,0.5833333333333333,1,anode_hold
1381.0,-5.0,4.011458207507574,4.015257464870649,0.003571970268933,-0.2272870941419924,32.00431406357996,0.5836111111111111,1,anode_hold
1382.0,-5.0,4.011845249459493,4.015006137074443,0.0034692520545431,0.3083644395935891,32.00665502997435,0.5838888888888889,1,anode_hold
1383.0,-5.0,4.01164989304611,4.0151512703782775,0.0040835854401465,0.5822081079793762,32.00899562539321,0.5841666666666667,1,anode_hold
1384.0,-5.0,4.012056009188114,4.015682962805778,0.0032261734440274,-0.4007801736367611,32.01133492460098,0.5844444444444444,1,anode_hold
1385.0,-5.0,4.012540465635927,4.016071041336905,0.0029390632940249,-0.5915124069533206,32.013673467463555,0.5847222222222221,1,anode_hold
1386.0,-5.0,4.012799189926685,4.015688809930468,0.0036842920175871,0.7946720138036767,32.016011447015565,0.585,1,anode_hold
1387.0,-5.0,4.0130084031662125,4.016495787645016,0.0032694739922668,-0.217910486536077,32.01834855391888,0.5852777777777777,1,anode_hold
1388.0,-5.0,4.013668235948649,4.016897004883965,0.003394207397875,0.1654384625586757,32.020685282642816,0.5855555555555554,1,anode_hold
1389.0,-5.0,4.013456286559912,4.016747450165797,0.0034139288090327,0.1227652031481341,32.02301991886321,0.5858333333333332,1,anode_hold
1390.0,-5.0,4.013161594693229,4.017101765283174,0.0030311734313827,-0.9089971585618528,32.02535455508362,0.586111111111111,1,anode_hold
1391.0,-5.0,4.01357850667609,4.017376348674925,0.0035148487347822,-0.2829932640526778,32.027680539095535,0.5863888888888888,1,anode_hold
1392.0,-5.0,4.014043505718339,4.017249682388799,0.0029926317857596,-0.2135448847004895,32.030005707396924,0.5866666666666666,1,anode_hold
1393.0,-5.0,4.014665818164748,4.017837968138026,0.003594230423036,0.422080449758333,32.03233087569832,0.5869444444444445,1,anode_hold
1394.0,-5.0,4.01428787477781,4.017995200472833,0.0036729655860747,-0.0343601089483058,32.03465604399972,0.5872222222222221,1,anode_hold
1395.0,-5.0,4.014597901475509,4.017700360743697,0.0031104707981754,0.0080115299869731,32.03697616984739,0.5874999999999999,1,anode_hold
1396.0,-5.0,4.014932380630018,4.01842731243743,0.0036252233991658,0.1302915917538172,32.03928975697469,0.5877777777777777,1,anode_hold
1397.0,-5.0,4.014950043108039,4.0187389680924985,0.0033326593817137,-0.4562656027458089,32.04160334410198,0.5880555555555556,1,anode_hold
1398.0,-5.0,4.015138396426804,4.018364461074147,0.0038099909649055,0.5839263175619891,32.04391693122928,0.5883333333333333,1,anode_hold
1399.0,-5.0,4.015540792887551,4.019147894445671,0.0032485253727225,-0.3585761853974745,32.046230518356566,0.588611111111111,1,anode_hold
1400.0,-5.0,4.016136731762418,4.019014709886104,0.0026822754119548,-0.1957027117311938,32.04853260078571,0.5888888888888888,1,anode_hold
1401.0,-5.0,4.016205383656873,4.018898583683259,0.0026544049738861,-0.0387950525002622,32.05083416574495,0.5891666666666666,1,anode_hold
1402.0,-5.0,4.016194988193191,4.019192242312853,0.0034453753632681,0.4481212436058257,32.0531357307042,0.5894444444444444,1,anode_hold
1403.0,-5.0,4.016627705836372,4.019440943653072,0.0030203570672677,0.2071192505681551,32.055437295663445,0.5897222222222223,1,anode_hold
1404.0,-5.0,4.016331233657023,4.02006613265833,0.0032606778293816,-0.4742211719248601,32.05772739551156,0.5900000000000001,1,anode_hold
1405.0,-5.0,4.017237039241835,4.019964789884486,0.0027989834994302,0.0712328567802345,32.06001658391985,0.5902777777777777,1,anode_hold
1406.0,-5.0,4.017373091745196,4.0201931302754,0.0029466995356687,0.1266610054653227,32.062305772328145,0.5905555555555556,1,anode_hold
1407.0,-5.0,4.01745325588322,4.02013598692696,0.0024411703620795,-0.2415606816601467,32.06459496073644,0.5908333333333333,1,anode_hold
1408.0,-5.0,4.01707389110615,4.0207194980047305,0.0032178606274977,-0.4277462710833291,32.066875172712464,0.5911111111111111,1,anode_hold
1409.0,-5.0,4.018389970145127,4.020544371413593,0.0033341041089198,1.1797028404529897,32.069154340074945,0.5913888888888889,1,anode_hold
1410.0,-5.0,4.017091081567002,4.020916031135015,0.0028625405184432,-0.9624090495705672,32.07143350743742,0.5916666666666668,1,anode_hold
1411.0,-5.0,4.017880158976126,4.021498804072889,0.003239891673708,-0.3787534230550449,32.07371267479989,0.5919444444444445,1,anode_hold
1412.0,-5.0,4.01811748153346,4.021716393591402,0.0028598211973955,-0.7390908605460211,32.07598765723084,0.5922222222222222,1,anode_hold
1413.0,-5.0,4.018822156950504,4.021563094201857,0.0031730077041182,0.4320704527653873,32.07826198740872,0.5925,1,anode_hold
1414.0,-5.0,4.018371692013356,4.02190787207721,0.0029138304500582,-0.622349613795592,32.080536317586606,0.5927777777777778,1,anode_hold
1415.0,-5.0,4.019112522343199,4.022283319957615,0.0027736652492477,-0.3971323651681402,32.08281064776448,0.5930555555555557,1,anode_hold
1416.0,-5.0,4.019229352160353,4.022325406123319,0.0031436059755285,0.0475520125631234,32.08508145671404,0.5933333333333333,1,anode_hold
1417.0,-5.0,4.019425822959866,4.022890123497269,0.0024079369997177,-1.0563635376854563,32.08735156762383,0.5936111111111111,1,anode_hold
1418.0,-5.0,4.020012143191437,4.023134019707127,0.0034797396886333,0.3578631729430626,32.08962167853362,0.5938888888888889,1,anode_hold
1419.0,-5.0,4.02042689783778,4.022913314932016,0.0024188632038464,-0.0675538903900374,32.09189104015243,0.5941666666666667,1,anode_hold
1420.0,-5.0,4.020372070647907,4.022777392183306,0.0022465707367061,-0.1587507986924308,32.09415753163987,0.5944444444444444,1,anode_hold
1421.0,-5.0,4.02042492437446,4.023302012180183,0.0028698535410033,-0.0072342647197132,32.09642402312732,0.5947222222222222,1,anode_hold
1422.0,-5.0,4.020073590775288,4.023952642219796,0.0024227931537446,-1.456258290763124,32.098690514614766,0.5950000000000001,1,anode_hold
1423.0,-5.0,4.021472365063581,4.024091101454702,0.0028598614128545,0.2411250217342342,32.100954645070566,0.5952777777777778,1,anode_hold
1424.0,-5.0,4.021199562565539,4.024311837306654,0.0021968494926891,-0.9154252484258052,32.1032170621605,0.5955555555555556,1,anode_hold
1425.0,-5.0,4.020993338005367,4.024495832505868,0.003000881039211,-0.5016134612905176,32.105479479250434,0.5958333333333333,1,anode_hold
1426.0,-5.0,4.021868426706706,4.024214383056966,0.0028772021137099,0.5312457634492063,32.10774189634037,0.5961111111111113,1,anode_hold
1427.0,-5.0,4.022515217576228,4.024651744261286,0.0021264158640814,-0.010110820976017,32.109999066059444,0.5963888888888889,1,anode_hold
1428.0,-5.0,4.022287899295067,4.025095133421819,0.0029852418235994,0.1780076968476152,32.11225597086009,0.5966666666666667,1,anode_hold
1429.0,-5.0,4.022231231740991,4.025053669408573,0.0022066458558264,-0.6157918117546402,32.11451287566073,0.5969444444444445,1,anode_hold
1430.0,-5.0,4.023518519449057,4.0254384321821615,0.0022929576759318,0.3730449428278604,32.11676753373323,0.5972222222222223,1,anode_hold
1431.0,-5.0,4.023253890178993,4.0250773292211885,0.0020632543727408,0.239815330545845,32.119017512756265,0.5975,1,anode_hold
1432.0,-5.0,4.023405816102385,4.0252151123155375,0.0023092822155274,0.49998600237533,32.1212674917793,0.5977777777777777,1,anode_hold
1433.0,-5.0,4.023843042226321,4.026378240833167,0.0023116164231619,-0.2235821836835683,32.12351747080233,0.5980555555555556,1,anode_hold
1434.0,-5.0,4.0230929397218445,4.026207845827044,0.0021400960383972,-0.974810066802334,32.125761708186275,0.5983333333333334,1,anode_hold
1435.0,-5.0,4.023940317560993,4.026360569755032,0.0022586972206027,-0.1615549734363952,32.128003447924016,0.5986111111111112,1,anode_hold
1436.0,-5.0,4.024121379970323,4.026815064264376,0.0021975217664457,-0.4961625276074244,32.13024518766175,0.5988888888888889,1,anode_hold
1437.0,-5.0,4.025068371263688,4.027241939663325,0.0022930497397213,0.1194813400848815,32.13248632766763,0.5991666666666666,1,anode_hold
1438.0,-5.0,4.024403066086974,4.02763666688096,0.0017616166311238,-1.4719841628618724,32.13471941598201,0.5994444444444444,1,anode_hold
1439.0,-5.0,4.024600456811284,4.026259996851807,0.0020320937674953,0.3725537269723133,32.1369525042964,0.5997222222222224,1,anode_hold
1440.0,-5.0,4.024539925533295,4.027292691622215,0.0018180968347303,-0.9346692541889468,32.13918559261077,0.6000000000000003,1,anode_hold
1441.0,-5.0,4.024903103643517,4.027685382154762,0.0021595602470095,-0.6227182642355444,32.14141502798216,0.6002777777777779,1,anode_hold
1442.0,-5.0,4.025276756665193,4.027004523821159,0.0021693573465276,0.4415901905616692,32.14363984764536,0.6005555555555557,1,anode_hold
1443.0,-5.0,4.0256053400289495,4.027242750596843,0.0021447710606087,0.5073604927154918,32.14586466730856,0.6008333333333336,1,anode_hold
1444.0,-5.0,4.025651632219199,4.027923832205563,0.0020116787462085,-0.260521240154965,32.14808948697176,0.6011111111111113,1,anode_hold
1445.0,-5.0,4.02650671073024,4.028742229763034,0.0027794759984385,0.5439569656440213,32.1503083058735,0.601388888888889,1,anode_hold
1446.0,-5.0,4.026232590802724,4.028659553849928,0.0019572452350656,-0.46971781213756,32.1525257557909,0.6016666666666668,1,anode_hold
1447.0,-5.0,4.02646245934395,4.02922388368916,0.002418938824854,-0.342485520356206,32.154743205708286,0.6019444444444446,1,anode_hold
1448.0,-5.0,4.02687123380684,4.0288653934711816,0.0021411947320483,0.1470350677070797,32.15695948773605,0.6022222222222224,1,anode_hold
1449.0,-5.0,4.026842494916468,4.029301889878104,0.0027250949401923,0.2656999785566327,32.159170682323314,0.6025000000000003,1,anode_hold
1450.0,-5.0,4.0266856835444464,4.029637629042505,0.0026517162197409,-0.300229278318298,32.16138187691057,0.602777777777778,1,anode_hold
1451.0,-5.0,4.026568865106618,4.029520108790173,0.0024252973132834,-0.5259463702724787,32.16359307149782,0.6030555555555559,1,anode_hold
1452.0,-5.0,4.027352938737915,4.029577861634192,0.0024966604016962,0.2717375054182014,32.165801459222564,0.6033333333333336,1,anode_hold
1453.0,-5.0,4.027205775738512,4.029821574292957,0.0020268742464467,-0.5889243079986173,32.16800763405769,0.6036111111111113,1,anode_hold
1454.0,-5.0,4.028072618048493,4.028879451457514,0.0019605499789139,1.1537165698936036,32.17021380889281,0.6038888888888891,1,anode_hold
1455.0,-5.0,4.027652765934537,4.0302831796399365,0.0024874861908225,-0.1429275145774511,32.172419983727934,0.604166666666667,1,anode_hold
1456.0,-5.0,4.027452983174858,4.029829347813599,0.0022186668781146,-0.1576977606259078,32.17462229590214,0.6044444444444448,1,anode_hold
1457.0,-5.0,4.028389417770711,4.030343727193446,0.0017047074945366,-0.2496019281981176,32.1768243245787,0.6047222222222224,1,anode_hold
1458.0,-5.0,4.028949388265548,4.031002559782277,0.0020730493281692,0.0198778114395281,32.17902635325527,0.6050000000000002,1,anode_hold
1459.0,-5.0,4.028806577110413,4.031111653961901,0.0016882653250705,-0.6168115264166829,32.18122838193183,0.605277777777778,1,anode_hold
1460.0,-5.0,4.029172207523836,4.0305935478815,0.001602938404716,0.1815980470523115,32.18343030999713,0.6055555555555558,1,anode_hold
1461.0,-5.0,4.029434263494799,4.0315525845292495,0.0019460872991445,-0.172233735306726,32.18562898555038,0.6058333333333336,1,anode_hold
1462.0,-5.0,4.030181927116371,4.031821191676174,0.0019129126518751,0.2736480920715323,32.187827661103626,0.6061111111111113,1,anode_hold
1463.0,-5.0,4.030020179107956,4.0318562735058405,0.0017294395990004,-0.1066547988841648,32.19002633665688,0.6063888888888892,1,anode_hold
1464.0,-5.0,4.030186435445524,4.032204069680335,0.001605579457246,-0.4120547775654515,32.19222501221012,0.6066666666666669,1,anode_hold
1465.0,-5.0,4.030281737824443,4.032369203971324,0.0013710295111863,-0.7164366356944285,32.19442322407286,0.6069444444444447,1,anode_hold
1466.0,-5.0,4.030238191499416,4.031886254480374,0.0015550037604788,-0.0930592204788638,32.19661828794829,0.6072222222222224,1,anode_hold
1467.0,-5.0,4.03143529374357,4.032534344530053,0.0015084929132113,0.409442126727555,32.19881335182372,0.6075000000000004,1,anode_hold
1468.0,-5.0,4.031625173988158,4.032707516615325,0.0013354992332554,0.2531566060888224,32.20100841569916,0.607777777777778,1,anode_hold
1469.0,-5.0,4.031254048475985,4.032630869557316,0.0021141822026596,0.7373611213283837,32.20320347957459,0.6080555555555558,1,anode_hold
1470.0,-5.0,4.031983569031146,4.0331798885207375,0.0012671940589068,0.0708745693156487,32.20539504152709,0.6083333333333336,1,anode_hold
1471.0,-5.0,4.032145614182993,4.033147434322517,0.0013384002975156,0.3365801579917615,32.207585220790165,0.6086111111111114,1,anode_hold
1472.0,-5.0,4.032170919164366,4.0335650728584485,0.0010281034459981,-0.3660502480844485,32.20977364252492,0.6088888888888891,1,anode_hold
1473.0,-5.0,4.03242351595846,4.033527521201217,0.0011732511473393,0.0692459045819049,32.21195991682327,0.6091666666666669,1,anode_hold
1474.0,-5.0,4.032977716810139,4.03429888569319,0.0012099179114203,-0.1112509716305609,32.21414537744234,0.6094444444444447,1,anode_hold
1475.0,-5.0,4.032598519512709,4.034846514716801,0.0013429189410112,-0.9050762630797848,32.21632721077209,0.6097222222222225,1,anode_hold
1476.0,-5.0,4.033024394922561,4.034205433418335,0.0002491788969977,-0.9318595987766188,32.21850904410184,0.6100000000000003,1,anode_hold
1477.0,-5.0,4.033365525418109,4.0345859115376665,0.0014592288288041,0.2388427092467893,32.22068589469093,0.610277777777778,1,anode_hold
1478.0,-5.0,4.033591801006796,4.034786145593773,0.0012978432412934,0.1034986543162475,32.22286229052555,0.6105555555555557,1,anode_hold
1479.0,-5.0,4.033734880841908,4.035100256271602,0.0012011752478765,-0.1642001818176197,32.22503868636016,0.6108333333333336,1,anode_hold
1480.0,-5.0,4.03407037587955,4.035111092024488,0.0008105315273532,-0.2301846175845057,32.227215082194775,0.6111111111111114,1,anode_hold
1481.0,-5.0,4.034371178889314,4.034689786405007,0.0005793571516451,0.2607496359523509,32.22938842864781,0.6113888888888892,1,anode_hold
1482.0,-5.0,4.034143645451043,4.035661769335684,0.000762298402621,-0.7558254820203558,32.23155685554507,0.6116666666666668,1,anode_hold
1483.0,-5.0,4.034648008702038,4.035713306323093,0.0012975935110977,0.2322958900426996,32.23372528244234,0.6119444444444447,1,anode_hold
1484.0,-5.0,4.0346677101514405,4.035625841289702,0.0012773435633382,0.3192124250768202,32.23589370933961,0.6122222222222224,1,anode_hold
1485.0,-5.0,4.035498301321628,4.036084700603252,0.0010674404304988,0.4810411488751498,32.238059172036465,0.6125000000000003,1,anode_hold
1486.0,-5.0,4.0348310725990775,4.036188833952695,0.0012612656696876,-0.0964956839295538,32.240217997573275,0.612777777777778,1,anode_hold
1487.0,-5.0,4.035408072789472,4.036608732097374,0.0007452931035422,-0.4553662043598194,32.24237682311008,0.6130555555555557,1,anode_hold
1488.0,-5.0,4.035914891570932,4.036638257217446,0.0006704416787277,-0.0529239677868886,32.24453411088349,0.6133333333333336,1,anode_hold
1489.0,-5.0,4.035843916665659,4.036845701476018,0.001341357257019,0.3395724466592753,32.24668687772488,0.6136111111111112,1,anode_hold
1490.0,-5.0,4.036057963540251,4.037158018842644,0.0012655369962817,0.165481693888303,32.24883964456627,0.6138888888888892,1,anode_hold
1491.0,-5.0,4.036225036926189,4.037395595283066,0.0011349032953571,-0.0356550615192574,32.25099116750201,0.614166666666667,1,anode_hold
1492.0,-5.0,4.036717730243444,4.037522020814096,0.0011933186030186,0.3890280323659567,32.25313768025593,0.6144444444444448,1,anode_hold
1493.0,-5.0,4.036501323766768,4.038064901937756,0.0008165771690633,-0.7470010019243745,32.25528419300985,0.6147222222222224,1,anode_hold
1494.0,-5.0,4.037063824090503,4.037981230415004,0.0001041970052778,-0.8132093192223522,32.25742986307206,0.6150000000000002,1,anode_hold
1495.0,-5.0,4.037288080711407,4.037872432097825,0.0006777252508022,0.0933738643835724,32.25957052293362,0.615277777777778,1,anode_hold
1496.0,-5.0,4.037103712568237,4.038818533371813,0.0010516894401703,-0.6631313634057889,32.261711182795175,0.6155555555555559,1,anode_hold
1497.0,-5.0,4.037862125613213,4.038530640056408,0.0006148461999513,-0.0536682432432655,32.263851435222286,0.6158333333333335,1,anode_hold
1498.0,-5.0,4.03785679968724,4.039161478369417,0.0008750136457888,-0.4296650363881937,32.26598752038285,0.6161111111111113,1,anode_hold
1499.0,-5.0,4.038312396119163,4.038567419654576,0.0008284916607035,0.5734681252906881,32.268123605543416,0.6163888888888892,1,anode_hold
1500.0,-5.0,4.038698889082192,4.039252958045816,0.0003528357476899,-0.2012332159342378,32.27025922107707,0.6166666666666669,1,anode_hold
1501.0,-5.0,4.038753350149012,4.039798943643735,0.0007633042516054,-0.2822892431177948,32.2723921305178,0.6169444444444447,1,anode_hold
1502.0,-5.0,4.038501078044446,4.039861517177578,0.0006217084332639,-0.7387306998687393,32.274525039958526,0.6172222222222224,1,anode_hold
1503.0,-5.0,4.039169052323183,4.039704984694711,0.0001523001496826,-0.3836322218448984,32.27665749012932,0.6175000000000002,1,anode_hold
1504.0,-5.0,4.038789919823211,4.039700362921432,0.000897100749384,-0.0133423488373196,32.27878817763718,0.617777777777778,1,anode_hold
1505.0,-5.0,4.03924922220398,4.039893913421869,0.0002522977682382,-0.3923934496512515,32.28091886514505,0.6180555555555557,1,anode_hold
1506.0,-5.0,4.040194716848857,4.040218910246419,0.0007058485347527,0.681655137190873,32.283048673858694,0.6183333333333336,1,anode_hold
1507.0,-5.0,4.039889195151581,4.040181850455978,0.0007166019243475,0.4239466199500441,32.28517605161059,0.6186111111111112,1,anode_hold
1508.0,-5.0,4.040562461350301,4.040448637871903,0.0003375029669708,0.451326445368494,32.28730342936249,0.6188888888888892,1,anode_hold
1509.0,-5.0,4.040234439576124,4.04057313613501,0.0002881957575372,-0.0505008013487184,32.28943080711438,0.6191666666666669,1,anode_hold
1510.0,-5.0,4.040493329774404,4.04077089316323,0.0006940071677712,0.4164437789455633,32.291558184866275,0.6194444444444447,1,anode_hold
1511.0,-5.0,4.040351923676064,4.041342251372073,0.0006318421438533,-0.3584855521552299,32.29368556261817,0.6197222222222224,1,anode_hold
1512.0,-5.0,4.041183178435573,4.040938147337468,0.0009173143698695,1.1623454679750012,32.29581018988461,0.6200000000000003,1,anode_hold
1513.0,-5.0,4.041048282158966,4.041716092001162,0.0005941409108025,-0.073668931393378,32.297930389064604,0.6202777777777779,1,anode_hold
1514.0,-5.0,4.041511174122502,4.042071192051674,0.0006810246825805,0.1210067534085368,32.30005058824459,0.6205555555555556,1,anode_hold
1515.0,-5.0,4.041665919075706,4.041778364212296,0.0005657331219737,0.4532879853842431,32.30217078742457,0.6208333333333336,1,anode_hold
1516.0,-5.0,4.041908421448057,4.041985379934579,0.0007810028970375,0.7040444105150812,32.30429098660456,0.6211111111111113,1,anode_hold
1517.0,-5.0,4.042061430421432,4.042462996503225,0.0001837531990474,-0.2178128827452496,32.30640868463532,0.6213888888888889,1,anode_hold
1518.0,-5.0,4.042175433950471,4.042639112689719,-0.0001083083085824,-0.5719870478309019,32.308520641528744,0.6216666666666668,1,anode_hold
1519.0,-5.0,4.042411603710423,4.043133296484273,0.0005718711511758,-0.1498216226734072,32.31063259842217,0.6219444444444446,1,anode_hold
1520.0,-5.0,4.042426240103401,4.042444530332203,0.0003358051938846,0.3175149650829212,32.31274455531559,0.6222222222222225,1,anode_hold
1521.0,-5.0,4.04221546429356,4.043218254244707,0.0001777781545871,-0.8250117965600268,32.31485627784938,0.6225,1,anode_hold
1522.0,-5.0,4.043241123352363,4.043855465849491,0.0008299948078416,0.2156523107137431,32.31696008239828,0.6227777777777779,1,anode_hold
1523.0,-5.0,4.0439561644235615,4.043653808395346,-0.0001268495780037,0.1755064502120262,32.319063886947184,0.6230555555555557,1,anode_hold
1524.0,-5.0,4.043882938765973,4.044354914655532,0.0001751760739407,-0.2967998156178097,32.32116769149608,0.6233333333333335,1,anode_hold
1525.0,-5.0,4.044495742110504,4.044673811917532,0.0004948026158417,0.3167328088142795,32.32327149604498,0.6236111111111111,1,anode_hold
1526.0,-5.0,4.04416703385342,4.044047663658068,0.0001268861267114,0.2462563220637648,32.325369726001576,0.6238888888888889,1,anode_hold
1527.0,-5.0,4.043961837506896,4.044857233473349,2.039813001717864e-05,-0.8749978364352984,32.327466137600915,0.6241666666666668,1,anode_hold
1528.0,-5.0,4.044188683840857,4.044757005047628,0.0002016416049036,-0.3666796018668705,32.32956254920025,0.6244444444444446,1,anode_hold
1529.0,-5.0,4.044949094782995,4.044791287788405,-4.370296047787121e-05,0.1141040341119392,32.33165896079959,0.6247222222222224,1,anode_hold
1530.0,-5.0,4.04506071923679,4.044905348516475,-0.0004802689151927,-0.3248981948784646,32.33375213122324,0.6250000000000001,1,anode_hold
1531.0,-5.0,4.04514110575315,4.0451175669032535,-0.0004046617575068,-0.3811229076102762,32.33584178101801,0.6252777777777778,1,anode_hold
1532.0,-5.0,4.045650979882467,4.045104179061417,0.0001515390004007,0.6983398214508441,32.33793143081279,0.6255555555555556,1,anode_hold
1533.0,-5.0,4.04539403596647,4.045521371274701,0.0001079731068717,-0.0193622013595629,32.34002108060756,0.6258333333333334,1,anode_hold
1533.7953699059758,-5.0,4.04600516382611,4.04600912814892,-0.0004733552986448,-0.4773196214546971,32.341683125168345,0.6260542694183266,1,anode_hold
