t_s,I_A,voltage_V,V_pos_V,V_neg_V,sum_residual_mV,T_degC,soc,seg_id,seg_type
0.0,-2.5,3.5710413766994678,3.7218738801473576,0.1517072839201757,0.8747804722855079,24.999999999999943,0.2,1,anode_hold
1.0,-2.5,3.571946738210413,3.722468262712428,0.1502312761952474,-0.2902483067677153,25.00221260558661,0.2001388888888889,1,anode_hold
2.0,-2.5,3.572500889307745,3.722257152933426,0.1500846006205093,0.328336994828593,25.004440967845447,0.20027777777777778,1,anode_hold
3.0,-2.5,3.572673251978532,3.7226717273821697,0.1503658280175657,0.3673526139280625,25.00668409345565,0.2004166666666667,1,anode_hold
4.0,-2.5,3.57396969939868,3.723094442001874,0.1496202603348227,0.4955177316285919,25.00894049557889,0.20055555555555557,1,anode_hold
5.0,-2.5,3.5744377062709507,3.723211682257296,0.1493065314100648,0.5325554237201047,25.01121250274512,0.20069444444444445,1,anode_hold
6.0,-2.5,3.5747331230340884,3.723700383022191,0.1493190645869264,0.3518045988237794,25.013493798683708,0.20083333333333334,1,anode_hold
7.0,-2.5,3.575635865333791,3.7245594571276506,0.1480950076780696,-0.8285841157902318,25.0157910469582,0.20097222222222225,1,anode_hold
8.0,-2.5,3.5761237432534454,3.724323722004161,0.1486279072922741,0.4279285415589307,25.01809905915262,0.20111111111111113,1,anode_hold
9.0,-2.5,3.576642221214764,3.7247378712242,0.1476070760801409,-0.4885739292945779,25.020417516345056,0.20125,1,anode_hold
10.0,-2.5,3.5770897639970824,3.725396453642534,0.1477417115687638,-0.564978076687872,25.022746151449496,0.2013888888888889,1,anode_hold
11.0,-2.5,3.577757076380834,3.7251906635851024,0.1480313481460368,0.5977609417686658,25.025087171539443,0.20152777777777778,1,anode_hold
12.0,-2.5,3.577868594174232,3.7253891030745994,0.1474741913178782,-0.0463175824885198,25.02744389789396,0.2016666666666667,1,anode_hold
13.0,-2.5,3.578533663389645,3.725535877793249,0.1472111435656772,0.2089291620737121,25.02980416486885,0.20180555555555554,1,anode_hold
14.0,-2.5,3.578926240365339,3.7262640737520174,0.1465003588110226,-0.8374745756567492,25.0321694053591,0.20194444444444445,1,anode_hold
15.0,-2.5,3.579722579461733,3.726439938964975,0.1466960711298734,-0.0212883733681223,25.03455200911825,0.20208333333333334,1,anode_hold
16.0,-2.5,3.5800251717105027,3.7270201309399504,0.146183443299516,-0.8115159299317831,25.03693679964988,0.20222222222222222,1,anode_hold
17.0,-2.5,3.580383094030614,3.727254730442339,0.1459680499719751,-0.9035864397497484,25.039337805112744,0.2023611111111111,1,anode_hold
18.0,-2.5,3.5806936733217616,3.72641375604486,0.1462860998108678,0.5660170877694881,25.04173906984829,0.20249999999999999,1,anode_hold
19.0,-2.5,3.581297926696257,3.727314646070819,0.1456829014818869,-0.3338178926748369,25.04415734824877,0.2026388888888889,1,anode_hold
20.0,-2.5,3.581824365530573,3.727941786873637,0.1456139031137064,-0.503518229357347,25.046575626649258,0.20277777777777778,1,anode_hold
21.0,-2.5,3.582179275584666,3.727617891308594,0.1451326052192617,-0.3060105046657213,25.04900855975585,0.20291666666666666,1,anode_hold
22.0,-2.5,3.583089545893552,3.727786112711328,0.145323974669185,0.6274078514096892,25.0514429212793,0.20305555555555554,1,anode_hold
23.0,-2.5,3.5834381576077994,3.727596854258645,0.1443147114407459,0.1560147899004604,25.05389522714624,0.20319444444444446,1,anode_hold
24.0,-2.5,3.582756517878501,3.728489459102284,0.1441993341601252,-1.5336070636573496,25.05635181461015,0.20333333333333334,1,anode_hold
25.0,-2.5,3.5834368889573835,3.728045563774764,0.1442695545429182,-0.3391202744618127,25.058808402074053,0.20347222222222222,1,anode_hold
26.0,-2.5,3.5843848876125413,3.728605141175681,0.1436257280450073,-0.5945255181325493,25.06126498953796,0.2036111111111111,1,anode_hold
27.0,-2.5,3.5847424430844663,3.728647674852523,0.1439358585914436,0.0306268233871698,25.063737201608703,0.20375,1,anode_hold
28.0,-2.5,3.585363675615149,3.7290776485443087,0.1437672367047999,0.0532637756402998,25.066219842659297,0.2038888888888889,1,anode_hold
29.0,-2.5,3.5857952618031668,3.728998705686532,0.1433320597286303,0.1286158452655783,25.06870248370989,0.20402777777777778,1,anode_hold
30.0,-2.5,3.586795899358336,3.729192252758896,0.1432465124145346,0.8501590139751158,25.07118512476049,0.20416666666666666,1,anode_hold
31.0,-2.5,3.586256597026473,3.7298156893747696,0.1429277158357679,-0.6313765125289805,25.07367600767792,0.20430555555555555,1,anode_hold
32.0,-2.5,3.586905294931915,3.729672496407839,0.1433745186761228,0.6073172001990201,25.07617967065852,0.20444444444444446,1,anode_hold
33.0,-2.5,3.5880597810950743,3.730136841669116,0.1425891405658801,0.5120799918385543,25.07868333363912,0.20458333333333334,1,anode_hold
34.0,-2.5,3.58806933369046,3.729841282856447,0.1416841644995595,-0.0877846664271153,25.08118699661972,0.20472222222222222,1,anode_hold
35.0,-2.5,3.5884958644985567,3.730660277233592,0.1421336584053809,-0.0307543296549361,25.083700925239167,0.2048611111111111,1,anode_hold
36.0,-2.5,3.588559962164962,3.7305409944034142,0.1412081448255875,-0.7728874128649643,25.08622155129852,0.205,1,anode_hold
37.0,-2.5,3.588636960114836,3.730920347215069,0.1418124559428593,-0.4709311573733998,25.08874217735788,0.2051388888888889,1,anode_hold
38.0,-2.5,3.5895988406789847,3.730954047419931,0.1416485613134367,0.2933545724901343,25.091262803417237,0.20527777777777778,1,anode_hold
39.0,-2.5,3.589985398376372,3.730408644297044,0.1404549380693662,0.0316921486942511,25.093794679828967,0.20541666666666666,1,anode_hold
40.0,-2.5,3.5899856667371357,3.7302669544238607,0.1406507915375276,0.3695038508020332,25.096329054493115,0.20555555555555555,1,anode_hold
41.0,-2.5,3.590550082558257,3.731519062307492,0.1402499983640587,-0.7189813851757876,25.09886342915726,0.20569444444444446,1,anode_hold
42.0,-2.5,3.5911242194394912,3.731210953416133,0.1400588934814294,-0.0278404952123167,25.10140232864953,0.20583333333333334,1,anode_hold
43.0,-2.5,3.5912382344457905,3.731384685958644,0.1397438833741653,-0.4025681386874424,25.10394773695016,0.20597222222222222,1,anode_hold
44.0,-2.5,3.5918680063316524,3.73140572086308,0.1399292170623259,0.3915025308987019,25.106493145250784,0.2061111111111111,1,anode_hold
45.0,-2.5,3.5923018995449314,3.731640572444409,0.1396092733792175,0.2706004797401462,25.10903857092065,0.20625,1,anode_hold
46.0,-2.5,3.5926280984137824,3.732041184351585,0.1391022317062308,-0.3108542315719553,25.11159313285522,0.2063888888888889,1,anode_hold
47.0,-2.5,3.592809702951147,3.732359912469813,0.138396326229066,-1.1538832895992002,25.114147694789786,0.20652777777777778,1,anode_hold
48.0,-2.5,3.593483882776152,3.732148465698851,0.1388827522937072,0.2181693710081589,25.11670225672436,0.20666666666666667,1,anode_hold
49.0,-2.5,3.593895963060634,3.7317176138779873,0.1385155499036367,0.6938990862837002,25.119261240507484,0.20680555555555555,1,anode_hold
50.0,-2.5,3.5940331363508613,3.732688735721725,0.1391811408259627,0.5255414550995319,25.121823250380004,0.20694444444444446,1,anode_hold
51.0,-2.5,3.593999681676416,3.7327344817849735,0.1383588195118705,-0.3759805966869756,25.124385260252527,0.20708333333333334,1,anode_hold
52.0,-2.5,3.594766144330324,3.7325941599544223,0.1383718347143104,0.5438190902116169,25.126948358284523,0.20722222222222222,1,anode_hold
53.0,-2.5,3.5946679851593366,3.732518146907004,0.1378548240341221,0.004662286455126,25.129516234101335,0.2073611111111111,1,anode_hold
54.0,-2.5,3.595353933870052,3.732633649040196,0.1372293239298856,-0.0503912402587403,25.132084109918157,0.2075,1,anode_hold
55.0,-2.5,3.595040417979192,3.7335409127848314,0.1377356817867094,-0.7648130189292779,25.13465198573497,0.2076388888888889,1,anode_hold
56.0,-2.5,3.595880960623341,3.733103362039764,0.1371390790259612,-0.0833223904614932,25.137223318662866,0.20777777777777778,1,anode_hold
57.0,-2.5,3.595837503125467,3.7337728521066857,0.1379160242822326,-0.0193246989859119,25.13979564202256,0.20791666666666667,1,anode_hold
58.0,-2.5,3.5957057991942007,3.7334584655276175,0.1375779097422699,-0.174756591147851,25.142367965382256,0.20805555555555555,1,anode_hold
59.0,-2.5,3.596211765308419,3.7339175751697375,0.1378764698191325,0.1706599578130685,25.144941452298387,0.20819444444444446,1,anode_hold
60.0,-2.5,3.5965282085455827,3.73349253248759,0.1371187143412962,0.154390399289106,25.14751692797403,0.20833333333333334,1,anode_hold
61.0,-2.5,3.596799857975643,3.733507851025669,0.1371086470120984,0.4006539620724503,25.150092403649676,0.20847222222222223,1,anode_hold
62.0,-2.5,3.596629406848353,3.733944282898008,0.137609901556079,0.2950255064244622,25.15266787932532,0.2086111111111111,1,anode_hold
63.0,-2.5,3.5967645358083,3.733593419393554,0.1371658340340729,0.3369504488190955,25.155245724462773,0.20875,1,anode_hold
64.0,-2.5,3.59732795068364,3.733822790886783,0.1370017333171707,0.5068931140272959,25.157823665977197,0.2088888888888889,1,anode_hold
65.0,-2.5,3.597299378040058,3.734477030154088,0.1369564024233352,-0.2212496906945915,25.16040160749161,0.20902777777777778,1,anode_hold
66.0,-2.5,3.597681382209977,3.734917206880049,0.1366842279464111,-0.5515967236604524,25.162979549006035,0.20916666666666667,1,anode_hold
67.0,-2.5,3.598009913984537,3.7346116908534057,0.1364864302722668,-0.1153465966017286,25.16555749052046,0.20930555555555555,1,anode_hold
68.0,-2.5,3.5974587495192245,3.734171296755837,0.1366912034534305,-0.0213437831821927,25.16813543203488,0.20944444444444446,1,anode_hold
69.0,-2.5,3.598197073466485,3.734468926814357,0.1364812117885502,0.2093584406783755,25.170713405653235,0.20958333333333334,1,anode_hold
70.0,-2.5,3.598632103694598,3.73493523731564,0.1362604439015556,-0.0426897194865105,25.173291569306105,0.20972222222222223,1,anode_hold
71.0,-2.5,3.5983194041238336,3.7349435306940455,0.1363748329360538,-0.2492936341580431,25.175869732958976,0.2098611111111111,1,anode_hold
72.0,-2.5,3.598309370374981,3.735811908516316,0.1363558257783119,-1.1467123630231058,25.178447896611846,0.21,1,anode_hold
73.0,-2.5,3.598922240470914,3.7357636090449273,0.1360606606363272,-0.7807079376864756,25.18102606026472,0.2101388888888889,1,anode_hold
74.0,-2.5,3.598916553850429,3.735209827524578,0.1364218697325423,0.1285960583934375,25.183604223917587,0.21027777777777779,1,anode_hold
75.0,-2.5,3.599247547014765,3.736033378602924,0.1366511510708495,-0.134680517308805,25.186181454449347,0.21041666666666667,1,anode_hold
76.0,-2.5,3.599006548058967,3.735215746432939,0.1360989543690212,-0.1102440049511876,25.18875754833416,0.21055555555555555,1,anode_hold
77.0,-2.5,3.598796897968316,3.735316403985942,0.1364331600710682,-0.0863459465580973,25.19133364221897,0.21069444444444446,1,anode_hold
78.0,-2.5,3.599339770899469,3.736133587049932,0.1361722046439375,-0.621611506525177,25.193909736103787,0.21083333333333334,1,anode_hold
79.0,-2.5,3.599370356361429,3.73548699451734,0.1360494548702299,-0.0671832856813381,25.1964858299886,0.21097222222222223,1,anode_hold
80.0,-2.5,3.599866082686217,3.735732330464435,0.1362841585893077,0.417910811088884,25.199060756717348,0.2111111111111111,1,anode_hold
81.0,-2.5,3.599816934058368,3.7364803009018286,0.1357478129936523,-0.9155538498082372,25.201633276004724,0.21125,1,anode_hold
82.0,-2.5,3.599394948098378,3.735969646508139,0.1363080659284767,-0.2666324812841125,25.204205795292104,0.2113888888888889,1,anode_hold
83.0,-2.5,3.59965101260833,3.736601993957474,0.1360150494286845,-0.9359319204591544,25.206778314579484,0.2115277777777778,1,anode_hold
84.0,-2.5,3.6004000569075902,3.736502044046934,0.1359907271772562,-0.1112599620873844,25.20935083386686,0.21166666666666667,1,anode_hold
85.0,-2.5,3.6004636675250743,3.736256692201752,0.136124446630359,0.3314219536818541,25.211922371985253,0.21180555555555555,1,anode_hold
86.0,-2.5,3.600190348816679,3.736672058482203,0.1365826799409958,0.1009702754717345,25.214490038668472,0.21194444444444446,1,anode_hold
87.0,-2.5,3.6005047909940844,3.736911820883489,0.1359922231662712,-0.4148067231333208,25.21705770535169,0.21208333333333335,1,anode_hold
88.0,-2.5,3.60076146150579,3.736914849048095,0.1361895807524789,0.0361932101737849,25.219625372034912,0.21222222222222223,1,anode_hold
89.0,-2.5,3.600890994547014,3.736504150440934,0.1358201224060487,0.2069665121284813,25.22219303871813,0.2123611111111111,1,anode_hold
90.0,-2.5,3.601135867978572,3.73713667883994,0.1356396663017824,-0.361144559585913,25.224760243293563,0.2125,1,anode_hold
91.0,-2.5,3.601070547975227,3.736234433289528,0.1358606330397171,0.6967477254162802,25.22732197598148,0.2126388888888889,1,anode_hold
92.0,-2.5,3.601085760752693,3.7369366465777967,0.1361289139285821,0.2780281034784337,25.22988370866939,0.2127777777777778,1,anode_hold
93.0,-2.5,3.6011571618022704,3.7371343894633258,0.1359917543843847,0.0145267233295776,25.232445441357303,0.21291666666666667,1,anode_hold
94.0,-2.5,3.60167214602919,3.737494707978677,0.1357787271300213,-0.0438348194662374,25.23500717404521,0.21305555555555555,1,anode_hold
95.0,-2.5,3.600800773873829,3.7377155446740096,0.1362368463401938,-0.6779244599863787,25.237568906733127,0.21319444444444446,1,anode_hold
96.0,-2.5,3.601551624993092,3.736979735369828,0.1357942532259912,0.366142849255624,25.240124083775783,0.21333333333333335,1,anode_hold
97.0,-2.5,3.6017201466949147,3.737305293777542,0.136233811432409,0.6486643497818356,25.242678941511095,0.21347222222222223,1,anode_hold
98.0,-2.5,3.601399667048558,3.737522405109825,0.1355034736672243,-0.6192643940425846,25.24523379924641,0.2136111111111111,1,anode_hold
99.0,-2.5,3.6020441408938604,3.737503751857808,0.1356895088175823,0.2298978536354745,25.24778865698172,0.21375,1,anode_hold
100.0,-2.5,3.601865937579286,3.737847450442816,0.1355762563308351,-0.4052565326952972,25.250343514717034,0.2138888888888889,1,anode_hold
101.0,-2.5,3.602432132608969,3.738014629951509,0.1356408644039853,0.0583670614462406,25.25289194846341,0.2140277777777778,1,anode_hold
102.0,-2.5,3.6022467799327265,3.738110881081595,0.1357337484668202,-0.130352682048418,25.255439059315652,0.21416666666666667,1,anode_hold
103.0,-2.5,3.602596261918036,3.7378853421411393,0.1356980429863295,0.4089627632262171,25.257986170167896,0.21430555555555555,1,anode_hold
104.0,-2.5,3.602872227415212,3.7390397826197312,0.1353308630383076,-0.8366921662115168,25.260533281020138,0.21444444444444447,1,anode_hold
105.0,-2.5,3.6027325115963373,3.737807528085914,0.135120776552457,0.0457600628798182,25.26308039187238,0.21458333333333335,1,anode_hold
106.0,-2.5,3.602460282089812,3.7381802748926094,0.1353148179336194,-0.4051748691793477,25.26562147941543,0.21472222222222223,1,anode_hold
107.0,-2.5,3.602371685546257,3.738795599836729,0.1353257127382529,-1.0982015522196242,25.26816004554414,0.2148611111111111,1,anode_hold
108.0,-2.5,3.6034549790739536,3.738656389716818,0.1354302278397377,0.2288171968731767,25.270698611672845,0.215,1,anode_hold
109.0,-2.5,3.602998558883672,3.738730666791837,0.1355131871633754,-0.2189207447895746,25.273237177801555,0.2151388888888889,1,anode_hold
110.0,-2.5,3.602928359760268,3.7389571074175065,0.1353297086303378,-0.6990390269003832,25.27577574393026,0.21527777777777773,1,anode_hold
111.0,-2.5,3.603277964153933,3.738599786339736,0.1356707665254368,0.3489443396338387,25.27830893314941,0.21541666666666662,1,anode_hold
112.0,-2.5,3.6032746918317975,3.738769065000211,0.135262906279745,-0.2314668886684856,25.280838238260262,0.21555555555555556,1,anode_hold
113.0,-2.5,3.603685186113633,3.7391590734487714,0.1349001139501356,-0.5737733850028626,25.283367543371117,0.21569444444444447,1,anode_hold
114.0,-2.5,3.603537150092527,3.73938833602278,0.1357468972936986,-0.1042886365540951,25.285896848481965,0.21583333333333335,1,anode_hold
115.0,-2.5,3.6036285247163087,3.7385907615873504,0.1356137939718175,0.6515571007756904,25.288426153592816,0.21597222222222223,1,anode_hold
116.0,-2.5,3.6035088159465065,3.738900511671981,0.1352183189024922,-0.1733768229823518,25.29095094203128,0.21611111111111111,1,anode_hold
117.0,-2.5,3.603964473130836,3.739138771473404,0.1355699474918628,0.3956491492944636,25.29347034815657,0.21625,1,anode_hold
118.0,-2.5,3.6036138555228994,3.7394883871187967,0.1344304693887696,-1.444062207127672,25.29598975428188,0.2163888888888889,1,anode_hold
119.0,-2.5,3.6042241952099294,3.738919515425057,0.1351122043883157,0.4168841731884143,25.29850916040718,0.2165277777777778,1,anode_hold
120.0,-2.5,3.604582022470292,3.739655337585348,0.134680613420246,-0.3927016948099826,25.30102856653248,0.21666666666666667,1,anode_hold
121.0,-2.5,3.603769672269739,3.73924140701502,0.1352113529633895,-0.2603817818913612,25.303544521712237,0.21680555555555556,1,anode_hold
122.0,-2.5,3.603593116923525,3.739751807501397,0.1350935045358494,-1.0651860420223258,25.30605353206482,0.21694444444444447,1,anode_hold
123.0,-2.5,3.604623956931239,3.739678530434873,0.1351041104208534,0.0495369172197612,25.3085625424174,0.21708333333333335,1,anode_hold
124.0,-2.5,3.605309170261099,3.7401260021725697,0.1350803050521672,0.2634731406967461,25.311071552769988,0.21722222222222223,1,anode_hold
125.0,-2.5,3.6043504310735535,3.739443538899801,0.1349158994640179,-0.1772083622291198,25.31358056312257,0.21736111111111112,1,anode_hold
126.0,-2.5,3.6043836468205095,3.7400031115190666,0.1349718110993777,-0.6476535991795096,25.316087462067905,0.21750000000000003,1,anode_hold
127.0,-2.5,3.605052239050566,3.739819237194399,0.1347120707772806,-0.0549273665519933,25.31858630367502,0.2176388888888889,1,anode_hold
128.0,-2.5,3.604740024715696,3.739769958447895,0.1349880470182204,-0.0418867139786449,25.32108514528213,0.2177777777777778,1,anode_hold
129.0,-2.5,3.604957126369815,3.7403434450689086,0.1349259437708875,-0.4603749282061642,25.323583986889243,0.21791666666666668,1,anode_hold
130.0,-2.5,3.6051211915972727,3.7398406283379866,0.1345241742178057,-0.195262522908024,25.32608282849636,0.21805555555555556,1,anode_hold
131.0,-2.5,3.605506652482628,3.7404307374412737,0.1353641614421,0.4400764834544546,25.32857584826997,0.21819444444444447,1,anode_hold
132.0,-2.5,3.6053500972407786,3.73997050630263,0.1343959410518723,-0.2244680099789953,25.33106491758852,0.21833333333333335,1,anode_hold
133.0,-2.5,3.605679688893676,3.74000016596008,0.1345658394604492,0.2453623940454896,25.33355398690706,0.21847222222222223,1,anode_hold
134.0,-2.5,3.60566800015644,3.740641616594577,0.1342890575931652,-0.6845588449726492,25.33604305622561,0.21861111111111112,1,anode_hold
135.0,-2.5,3.605592194895468,3.7411571303486,0.1339522690315371,-1.6126664215940778,25.338532125544152,0.21875,1,anode_hold
136.0,-2.5,3.605875338231228,3.74072243158611,0.1345001127991928,-0.346980555689047,25.341011477825116,0.2188888888888889,1,anode_hold
137.0,-2.5,3.605811873376493,3.740369941437212,0.134885319444477,0.3272513837586643,25.34349067071571,0.2190277777777778,1,anode_hold
138.0,-2.5,3.606224654939296,3.74083041758005,0.1348288538568872,0.2230912161329534,25.345969863606303,0.21916666666666668,1,anode_hold
139.0,-2.5,3.6060112477427575,3.7407117258494074,0.1343213648777078,-0.3791132289410193,25.3484490564969,0.21930555555555556,1,anode_hold
140.0,-2.5,3.6061446800088026,3.74067593600482,0.1347562813835624,0.2250253875453189,25.35092453553079,0.21944444444444444,1,anode_hold
141.0,-2.5,3.6070311328243503,3.741014967262631,0.1344393592628271,0.4555248245465826,25.353393744233312,0.21958333333333332,1,anode_hold
142.0,-2.5,3.606699584973836,3.741186193372634,0.1342005811489596,-0.2860272498392824,25.35586295293584,0.2197222222222222,1,anode_hold
143.0,-2.5,3.606820865592453,3.7413431913101793,0.1338025646182116,-0.7197610995146597,25.35833216163836,0.21986111111111112,1,anode_hold
144.0,-2.5,3.6071119930862383,3.7408619145892223,0.1345766793054136,0.8267578024296895,25.360801370340884,0.22,1,anode_hold
145.0,-2.5,3.6069507773711895,3.741737096088769,0.1346364639633361,-0.1498547542433392,25.36326287379416,0.22013888888888888,1,anode_hold
146.0,-2.5,3.607126031257069,3.7412279394680463,0.1342948749474725,0.1929667364954923,25.365721945159663,0.22027777777777777,1,anode_hold
147.0,-2.5,3.607439693883272,3.74090609479004,0.1339153959591995,0.4489950524311226,25.36818101652517,0.22041666666666668,1,anode_hold
148.0,-2.5,3.607514431410704,3.7412075590299176,0.1341923117843342,0.4991841651205142,25.370640087890678,0.22055555555555556,1,anode_hold
149.0,-2.5,3.607199124831391,3.741572273031183,0.1340635413690308,-0.3096068307608668,25.37309603620826,0.22069444444444444,1,anode_hold
150.0,-2.5,3.607912110949316,3.7413491357426665,0.1338387240432597,0.4016992499096261,25.37553403415181,0.22083333333333333,1,anode_hold
151.0,-2.5,3.607600172008173,3.741739293182907,0.1338480052217837,-0.2911159529501717,25.37797203209536,0.22097222222222224,1,anode_hold
152.0,-2.5,3.60757567312691,3.741477377880568,0.133692409835402,-0.2092949182563863,25.380410030038902,0.22111111111111112,1,anode_hold
153.0,-2.5,3.607737548611849,3.7421311255689056,0.1340620832519397,-0.3314937051168698,25.382848027982455,0.22125,1,anode_hold
154.0,-2.5,3.608005721850387,3.7419456494740175,0.133502364998004,-0.437562625626775,25.385286025926007,0.22138888888888889,1,anode_hold
155.0,-2.5,3.608726269850925,3.741886110633236,0.1331195064347612,-0.0403343475494644,25.38772402386956,0.22152777777777777,1,anode_hold
156.0,-2.5,3.608000738746866,3.742332214011182,0.1338281852613888,-0.5032900029271481,25.39016128611531,0.22166666666666668,1,anode_hold
157.0,-2.5,3.608518923825219,3.7418239948495113,0.1336708148764492,0.3657438521571521,25.39258575052878,0.22180555555555556,1,anode_hold
158.0,-2.5,3.6079470552891495,3.742131999300581,0.1338526262378253,-0.3323177736063165,25.39501021494225,0.22194444444444444,1,anode_hold
159.0,-2.5,3.60870543405575,3.7424285578139114,0.1334040797051068,-0.3190440530533855,25.39743467935572,0.22208333333333333,1,anode_hold
160.0,-2.5,3.609093275600053,3.742436029698865,0.1335759705531047,0.2332164542928616,25.399859143769188,0.2222222222222222,1,anode_hold
161.0,-2.5,3.6088699082173097,3.742412476008037,0.1338034728132816,0.2609050225541587,25.40228360818266,0.22236111111111112,1,anode_hold
162.0,-2.5,3.6088703396844646,3.7427310752088254,0.1332620771226584,-0.598658401703478,25.404707329930915,0.2225,1,anode_hold
163.0,-2.5,3.609252582051466,3.742382336176292,0.1330373233216877,-0.0924308031384768,25.40712526711274,0.2226388888888889,1,anode_hold
164.0,-2.5,3.6095171568282103,3.742606376689628,0.1331065843343434,0.0173644729262179,25.409543204294565,0.22277777777777777,1,anode_hold
165.0,-2.5,3.609631302377454,3.742420475785373,0.1336025469557583,0.8133735478397242,25.411959880574035,0.22291666666666668,1,anode_hold
166.0,-2.5,3.610153617782837,3.742737182606978,0.1329486562071789,0.3650913830375302,25.41437136370747,0.22305555555555556,1,anode_hold
167.0,-2.5,3.609754296388868,3.7424789597755033,0.133140431323746,0.4157679371106226,25.416782846840903,0.22319444444444445,1,anode_hold
168.0,-2.5,3.609644398516296,3.74254975854644,0.1330610926856512,0.1557326555063909,25.419192742153527,0.22333333333333333,1,anode_hold
169.0,-2.5,3.6099172655769847,3.742971317216656,0.1332028935451127,0.1488419054411771,25.42159849210324,0.22347222222222224,1,anode_hold
170.0,-2.5,3.6100662475580543,3.7427400020670336,0.1329862764182978,0.3125219093185194,25.424004242052952,0.22361111111111112,1,anode_hold
171.0,-2.5,3.610254340632123,3.743350752566729,0.1331059984247968,0.0095864901901165,25.42640608236564,0.22375,1,anode_hold
172.0,-2.5,3.6103468550892006,3.74348704484118,0.1325735031984645,-0.5666865535145504,25.428805821009583,0.2238888888888889,1,anode_hold
173.0,-2.5,3.610542188640705,3.7434429699183935,0.133299407781277,0.3986265035873515,25.43120529889596,0.22402777777777777,1,anode_hold
174.0,-2.5,3.6101225270536537,3.7435687194872775,0.1339068771941222,0.460684760498431,25.433594085300093,0.22416666666666668,1,anode_hold
175.0,-2.5,3.6110064539714535,3.7435704404749504,0.1327374264649684,0.1734399614714554,25.435982871704223,0.22430555555555556,1,anode_hold
176.0,-2.5,3.610718926716768,3.743034533109282,0.132548895247627,0.2332888551124234,25.438371658108355,0.22444444444444445,1,anode_hold
177.0,-2.5,3.6106731841013127,3.7432300638384897,0.1321059397866969,-0.450939950479956,25.440760444512488,0.22458333333333333,1,anode_hold
178.0,-2.5,3.6113502402709416,3.743735025807382,0.1328141161289313,0.4293305924907287,25.44314923091662,0.2247222222222222,1,anode_hold
179.0,-2.5,3.611686070506056,3.743383869005556,0.1321372131416364,0.439414642136704,25.445529421422005,0.22486111111111112,1,anode_hold
180.0,-2.5,3.6115701957146618,3.7435783244921392,0.1326605025017451,0.6523737242676297,25.44790705394684,0.225,1,anode_hold
181.0,-2.5,3.611602049629937,3.7438452861680727,0.1327964573780402,0.5532208399046112,25.45028468647167,0.2251388888888889,1,anode_hold
182.0,-2.5,3.611405450310144,3.7440236937874727,0.1325911692433178,-0.0270742340116036,25.452662318996506,0.22527777777777777,1,anode_hold
183.0,-2.5,3.61267800116907,3.743529536743045,0.1326918379470465,1.840302373071534,25.45503995152133,0.22541666666666668,1,anode_hold
184.0,-2.5,3.6122099193109687,3.7440849919540833,0.1317665446351791,-0.1085280079355932,25.457411786990363,0.22555555555555556,1,anode_hold
185.0,-2.5,3.6117314027184855,3.74440776096017,0.1315825465322084,-1.0938117094765332,25.45977821791617,0.22569444444444445,1,anode_hold
186.0,-2.5,3.6119666491395335,3.744337200416363,0.1324629762736609,0.092424996831486,25.462144648841985,0.22583333333333333,1,anode_hold
187.0,-2.5,3.612353983683795,3.744748423492557,0.1320247809519079,-0.369658856853583,25.4645110797678,0.22597222222222224,1,anode_hold
188.0,-2.5,3.611988819964442,3.7442301955059487,0.1320325360336878,-0.2088395078190252,25.466877510693607,0.22611111111111112,1,anode_hold
189.0,-2.5,3.612632498331904,3.744827722398953,0.1316228748215283,-0.5723492455200763,25.469241913407203,0.22625,1,anode_hold
190.0,-2.5,3.612568966978873,3.74516720248085,0.1315559680556443,-1.042267446333511,25.47160067264517,0.2263888888888889,1,anode_hold
191.0,-2.5,3.613199348861467,3.744805943901175,0.1314598797358641,-0.1467153038436919,25.473959431883134,0.22652777777777777,1,anode_hold
192.0,-2.5,3.613244893316246,3.744963312656799,0.131195359234551,-0.5230601060017825,25.476318191121106,0.22666666666666668,1,anode_hold
193.0,-2.5,3.612267640521713,3.745041327294906,0.13189150897731,-0.8821777958827326,25.47867695035907,0.22680555555555557,1,anode_hold
194.0,-2.5,3.613218342997409,3.744155892703153,0.1319076718401269,0.9701221343823008,25.481035592974045,0.22694444444444445,1,anode_hold
195.0,-2.5,3.612847760140515,3.744672059140791,0.1316993420122537,-0.1249569880221734,25.483383969256508,0.22708333333333333,1,anode_hold
196.0,-2.5,3.613793059958918,3.745282276796871,0.1317586194706186,0.2694026326652832,25.485732345538967,0.22722222222222221,1,anode_hold
197.0,-2.5,3.613637768488654,3.744644896019993,0.1313257120172141,0.3185844858752951,25.48808072182143,0.22736111111111112,1,anode_hold
198.0,-2.5,3.613879026532344,3.745190172257133,0.1308062870651871,-0.5048586596019256,25.49042909810389,0.2275,1,anode_hold
199.0,-2.5,3.6135221356468175,3.745337430485599,0.1310782825649709,-0.737012273809512,25.49277747438635,0.2276388888888889,1,anode_hold
200.0,-2.5,3.614524305858671,3.745625925499223,0.1316287913226513,0.527171682099592,25.49511834593623,0.22777777777777777,1,anode_hold
201.0,-2.5,3.614718115709645,3.745278498921434,0.1315063320045543,0.9459487927649946,25.49745682266596,0.22791666666666666,1,anode_hold
202.0,-2.5,3.6139289792989375,3.745652119265917,0.1309931271485738,-0.7300128184057897,25.49979529939569,0.22805555555555557,1,anode_hold
203.0,-2.5,3.614496572060512,3.7454580838864406,0.1310881992665904,0.126687440661577,25.50213377612541,0.22819444444444442,1,anode_hold
204.0,-2.5,3.6143193158657807,3.7460111997806496,0.131315318090976,-0.3765658238936709,25.50447197301689,0.22833333333333333,1,anode_hold
205.0,-2.5,3.614659216519661,3.745416357291776,0.130963086250692,0.2059454785765524,25.506801201446358,0.22847222222222222,1,anode_hold
206.0,-2.5,3.614431577313372,3.7455201485743816,0.1306153091233851,-0.4732621376248858,25.50913042987582,0.22861111111111113,1,anode_hold
207.0,-2.5,3.615516392967933,3.7458729441493768,0.1306005206492077,0.2439694677636161,25.511459658305284,0.22874999999999998,1,anode_hold
208.0,-2.5,3.6148104763666544,3.7463282529753856,0.1308227692546965,-0.6950073540346047,25.51378888673475,0.2288888888888889,1,anode_hold
209.0,-2.5,3.615167476591332,3.7459752167363063,0.1304652789374717,-0.3424612075026978,25.51610792806489,0.22902777777777777,1,anode_hold
210.0,-2.5,3.615564744108613,3.7459614956064606,0.1307503443844592,0.353592886610965,25.51842401543822,0.22916666666666669,1,anode_hold
211.0,-2.5,3.615378028519203,3.745856226828306,0.1303890781826768,-0.0891201264265895,25.520740102811555,0.22930555555555554,1,anode_hold
212.0,-2.5,3.615658500487257,3.7464311328961646,0.130505744290339,-0.2668881185687866,25.52305619018489,0.22944444444444445,1,anode_hold
213.0,-2.5,3.6157191997556968,3.7459812483446178,0.1301379115741728,-0.1241370147480047,25.525372277558223,0.22958333333333333,1,anode_hold
214.0,-2.5,3.616006250976622,3.746186632646269,0.130274180514041,0.0937988443943105,25.527688364931556,0.22972222222222222,1,anode_hold
215.0,-2.5,3.6158531239059912,3.7462489056367634,0.1302762624855616,-0.1195192452105864,25.530004452304887,0.2298611111111111,1,anode_hold
216.0,-2.5,3.616230887767289,3.746741014340713,0.1302357433945996,-0.2743831788243334,25.53232053967822,0.23,1,anode_hold
217.0,-2.5,3.6164610370798047,3.7462220648705937,0.1301968206800595,0.4357928892706475,25.53463267645516,0.2301388888888889,1,anode_hold
218.0,-2.5,3.616591633764955,3.7462984162901294,0.1305358361545659,0.8290536293915629,25.53693386256139,0.23027777777777778,1,anode_hold
219.0,-2.5,3.616877405161442,3.7466841988836497,0.129924114438361,0.1173207161531131,25.53923504866762,0.23041666666666666,1,anode_hold
220.0,-2.5,3.616941114118045,3.746707794720448,0.1296244228882042,-0.1422577141991787,25.541536234773847,0.23055555555555557,1,anode_hold
221.0,-2.5,3.6174236548152607,3.7463234292906047,0.1296599819588747,0.7602074835308947,25.54383742088008,0.23069444444444442,1,anode_hold
222.0,-2.5,3.6172693792238704,3.746573983572152,0.1289660639732928,-0.3385403749880389,25.546138606986307,0.23083333333333333,1,anode_hold
223.0,-2.5,3.617495644401134,3.74671935202713,0.1292730722200317,0.0493645940364828,25.548436388079384,0.23097222222222222,1,anode_hold
224.0,-2.5,3.617511889121692,3.7469957529688314,0.1290731847721679,-0.4106790749704991,25.550725149818515,0.23111111111111113,1,anode_hold
225.0,-2.5,3.617728053312925,3.746802865548914,0.129486089260779,0.4112770247894914,25.55301391155764,0.23124999999999998,1,anode_hold
226.0,-2.5,3.617681344170181,3.7477191681331496,0.1291364407573762,-0.9013832055924098,25.55530267329677,0.2313888888888889,1,anode_hold
227.0,-2.5,3.618391011726158,3.747280495301506,0.1293937141401573,0.5042305648093048,25.5575914350359,0.23152777777777778,1,anode_hold
228.0,-2.5,3.618067305087066,3.7476340095513936,0.1289763747348461,-0.5903297294809207,25.559880196775023,0.2316666666666667,1,anode_hold
229.0,-2.5,3.618360949234503,3.7474415225325424,0.1285856313230063,-0.4949419750328587,25.56216540278512,0.23180555555555554,1,anode_hold
230.0,-2.5,3.618867027464066,3.7474867690293263,0.1287286526945305,0.1089111292702504,25.564441600129165,0.23194444444444445,1,anode_hold
231.0,-2.5,3.6190545739927495,3.747705182256806,0.128329510948977,-0.3210973150791218,25.56671779747321,0.23208333333333334,1,anode_hold
232.0,-2.5,3.618988315472168,3.747452789758424,0.1285743376039978,0.1098633177405439,25.56899399481726,0.23222222222222222,1,anode_hold
233.0,-2.5,3.6186771180688257,3.747082584128514,0.1285168569390492,0.111390879361739,25.571270192161307,0.2323611111111111,1,anode_hold
234.0,-2.5,3.619583599712664,3.747830291836401,0.1281923144559757,-0.054377667761063,25.573546389505356,0.2325,1,anode_hold
235.0,-2.5,3.6197096689003794,3.747544858326249,0.1279790765507477,0.143887124878006,25.575816996223693,0.2326388888888889,1,anode_hold
236.0,-2.5,3.6193819696555054,3.7482339809545504,0.1277378186066279,-1.114192692416971,25.57807404375597,0.2327777777777778,1,anode_hold
237.0,-2.5,3.620210664802421,3.747638535808099,0.1281048291489917,0.6769581433130334,25.58033109128824,0.23291666666666666,1,anode_hold
238.0,-2.5,3.619943122394888,3.748026582489439,0.1275110174383837,-0.5724426561677376,25.582588138820515,0.23305555555555557,1,anode_hold
239.0,-2.5,3.619989480057606,3.748060019088934,0.1280831293417783,0.0125903104502,25.584845186352787,0.23319444444444443,1,anode_hold
240.0,-2.5,3.620529939863177,3.74795123851301,0.1279738651785862,0.552566528753573,25.587102233885066,0.23333333333333334,1,anode_hold
241.0,-2.5,3.6206217748000458,3.74807730878976,0.1275622324553729,0.1066984656592495,25.589355484073568,0.23347222222222222,1,anode_hold
242.0,-2.5,3.620910688963153,3.748209395211906,0.1275966724514493,0.297966202696287,25.59159991092674,0.23361111111111113,1,anode_hold
243.0,-2.5,3.620542763178749,3.748386145226537,0.1277078022483913,-0.1355797993962681,25.593844337779903,0.23375,1,anode_hold
244.0,-2.5,3.621742742464519,3.748479997875626,0.127376547962772,0.6392925516647274,25.59608876463308,0.2338888888888889,1,anode_hold
245.0,-2.5,3.621192861678664,3.7484876355316175,0.1270916017997868,-0.2031720531663339,25.598333191486244,0.23402777777777778,1,anode_hold
246.0,-2.5,3.621086347303869,3.748539687574704,0.1268610353175556,-0.5923049532796654,25.60057761833941,0.2341666666666667,1,anode_hold
247.0,-2.5,3.621907623645973,3.7479452167395424,0.1269221835878988,0.8845904943295402,25.60281802898889,0.23430555555555554,1,anode_hold
248.0,-2.5,3.621787340004973,3.7490981436691904,0.1268705727566165,-0.4402309076012578,25.60504949297892,0.23444444444444446,1,anode_hold
249.0,-2.5,3.6221630490443344,3.748959017372021,0.1267163184512597,-0.0796498764263908,25.607280956968943,0.23458333333333334,1,anode_hold
250.0,-2.5,3.622135519224015,3.748444275823085,0.126765695469297,0.4569388702271304,25.60951242095897,0.23472222222222222,1,anode_hold
251.0,-2.5,3.6223912898996575,3.74864162114557,0.1259435714672977,-0.3067597786139409,25.611743884949,0.2348611111111111,1,anode_hold
252.0,-2.5,3.622654754115523,3.748322441811768,0.1260405459531524,0.3728582569073602,25.613975348939025,0.23500000000000001,1,anode_hold
253.0,-2.5,3.622527369170713,3.7481466645327832,0.125945239481589,0.3259441195182511,25.616202693740885,0.2351388888888889,1,anode_hold
254.0,-2.5,3.623122193522865,3.7489634047405103,0.1262265569085512,0.3853456909062025,25.618421235393548,0.2352777777777778,1,anode_hold
255.0,-2.5,3.622944808222584,3.74967421057404,0.1258833667382119,-0.846035613244478,25.62063977704621,0.23541666666666666,1,anode_hold
256.0,-2.5,3.622992078717256,3.749289326656362,0.1258342920004686,-0.4629559386373216,25.62285831869888,0.23555555555555557,1,anode_hold
257.0,-2.5,3.6234433011952536,3.7493800325337214,0.1263099383051899,0.3732069667221616,25.62507686035154,0.23569444444444443,1,anode_hold
258.0,-2.5,3.623720910460455,3.749406940114728,0.1264204396204934,0.7344099662200954,25.627295402004208,0.23583333333333334,1,anode_hold
259.0,-2.5,3.6236846176698143,3.749630850023991,0.1257339659564776,-0.2122663976984462,25.62951102001354,0.23597222222222222,1,anode_hold
260.0,-2.5,3.623657937431596,3.7495123321589015,0.1253934583141281,-0.4609364131775706,25.631720640124826,0.23611111111111113,1,anode_hold
261.0,-2.5,3.624265980933032,3.74934671513468,0.1252501571531781,0.1694229515294409,25.63393026023611,0.23625000000000002,1,anode_hold
262.0,-2.5,3.6237152985209216,3.7494875643669534,0.1254605966249552,-0.3116692210776151,25.636139880347397,0.2363888888888889,1,anode_hold
263.0,-2.5,3.6240974898131673,3.749940846844748,0.1248039041543472,-1.0394528772330602,25.63834950045868,0.23652777777777778,1,anode_hold
264.0,-2.5,3.624581957816557,3.749685830433507,0.1253432172074054,0.2393445904553814,25.640559120569964,0.2366666666666667,1,anode_hold
265.0,-2.5,3.624324461453402,3.749301509924096,0.1248325902441436,-0.1444582265506255,25.64276477539336,0.23680555555555555,1,anode_hold
266.0,-2.5,3.6249025286232746,3.750110233718373,0.1255295308333752,0.3218257382764378,25.644962616741083,0.23694444444444446,1,anode_hold
267.0,-2.5,3.625039022479701,3.750083641012033,0.1247739043157411,-0.2707142165907505,25.64716045808881,0.23708333333333334,1,anode_hold
268.0,-2.5,3.625486454422871,3.750487280444394,0.1248081036298012,-0.1927223917221887,25.64935829943653,0.23722222222222222,1,anode_hold
269.0,-2.5,3.625103746451776,3.750186941389652,0.1244754191128171,-0.6077758250588872,25.65155614078426,0.2373611111111111,1,anode_hold
270.0,-2.5,3.625351762671334,3.7502290541981735,0.1249602352200307,0.0829436931910621,25.65375398213198,0.23750000000000002,1,anode_hold
271.0,-2.5,3.6258013390558266,3.750262345065516,0.1241745281392385,-0.2864778704507742,25.65594767864632,0.2376388888888889,1,anode_hold
272.0,-2.5,3.625126910027419,3.750126661725032,0.1245129277575687,-0.4868239400437346,25.65813352643732,0.2377777777777778,1,anode_hold
273.0,-2.5,3.62695698634822,3.750516462418223,0.1242946186999968,0.7351426299941899,25.66031937422832,0.23791666666666667,1,anode_hold
274.0,-2.5,3.625980172993472,3.7503486489505966,0.1242997826198849,-0.0686933372393561,25.662505222019323,0.23805555555555558,1,anode_hold
275.0,-2.5,3.626133612250858,3.750263307099466,0.1241953977403902,0.0657028917814273,25.664691069810324,0.23819444444444443,1,anode_hold
276.0,-2.5,3.6267736955740113,3.750612173242076,0.1241087460334446,0.270268365380133,25.666876917601325,0.23833333333333334,1,anode_hold
277.0,-2.5,3.6266680573261474,3.7507413976772126,0.124152913604917,0.0795732538518834,25.669058134208907,0.23847222222222222,1,anode_hold
278.0,-2.5,3.62631420514478,3.750891357951228,0.123969461562563,-0.6076912438848225,25.67123091909894,0.23861111111111113,1,anode_hold
279.0,-2.5,3.6272041387962313,3.75105397313948,0.123852626362856,0.0027920196079556,25.67340370398897,0.23875000000000002,1,anode_hold
280.0,-2.5,3.627440700784216,3.751579290259028,0.1235488483892903,-0.5897410855211227,25.67557648887901,0.2388888888888889,1,anode_hold
281.0,-2.5,3.627218660448145,3.750910459467448,0.1233264012411982,-0.3653977781046258,25.677742367591858,0.23902777777777778,1,anode_hold
282.0,-2.5,3.627439426427785,3.7514653455471594,0.1232578437236618,-0.7680753957117759,25.67990506274451,0.2391666666666667,1,anode_hold
283.0,-2.5,3.627839964119536,3.751132108478024,0.1231906192051688,-0.1015251533189598,25.68206775789716,0.23930555555555555,1,anode_hold
284.0,-2.5,3.6275918422893407,3.751237942838952,0.1227709813945285,-0.8751191550828707,25.68423034927797,0.23944444444444446,1,anode_hold
285.0,-2.5,3.628169404556439,3.75151338086931,0.1231506544189961,-0.193321893874554,25.686385848724,0.23958333333333334,1,anode_hold
286.0,-2.5,3.628271089163172,3.751082947989016,0.1229829188482637,0.1710600224198444,25.688541348170023,0.23972222222222223,1,anode_hold
287.0,-2.5,3.628182231448168,3.7513853042123526,0.1229261538998712,-0.2769188643130249,25.69069684761605,0.2398611111111111,1,anode_hold
288.0,-2.5,3.6281416411013834,3.7516844731083,0.1230333100052244,-0.5095220016926305,25.6928508570546,0.24000000000000002,1,anode_hold
289.0,-2.5,3.6286683375327047,3.751113317082206,0.1230278681539947,0.5828886044936255,25.695002029703367,0.2401388888888889,1,anode_hold
290.0,-2.5,3.6286501402228617,3.7513341371298714,0.1225136866732054,-0.1703102338033169,25.69715320235213,0.2402777777777778,1,anode_hold
291.0,-2.5,3.629389937586451,3.751550702560292,0.1224225253113441,0.2617603375028032,25.699304375000896,0.24041666666666667,1,anode_hold
292.0,-2.5,3.629309629323104,3.7517456789372554,0.1222943628681788,-0.141686745971814,25.70144482300921,0.24055555555555558,1,anode_hold
293.0,-2.5,3.629677986642677,3.75205439577012,0.1227214195731195,0.3450104456774738,25.703580091120017,0.24069444444444443,1,anode_hold
294.0,-2.5,3.629660705439868,3.751506537221733,0.1221909970579246,0.3451652760588786,25.705715359230823,0.24083333333333334,1,anode_hold
295.0,-2.5,3.629876146767745,3.75237833899436,0.1217953389279833,-0.7068532986322928,25.70785062734163,0.24097222222222223,1,anode_hold
296.0,-2.5,3.6297393343308046,3.7522403856356936,0.12184930921304,-0.651742091848817,25.70998589545244,0.24111111111111114,1,anode_hold
297.0,-2.5,3.630351605807301,3.75228043086374,0.122276552524384,0.3477274679446474,25.712121163563243,0.24125000000000002,1,anode_hold
298.0,-2.5,3.630863496256841,3.7515767371794606,0.1219857821161088,1.272541193489296,25.71425557496665,0.2413888888888889,1,anode_hold
299.0,-2.5,3.630411223659389,3.7523335155570097,0.1217489797637162,-0.1733121339051457,25.71637828431839,0.24152777777777779,1,anode_hold
300.0,-2.5,3.630502340719225,3.75206945404556,0.1216938478524622,0.1267345261273256,25.718500993670137,0.2416666666666667,1,anode_hold
301.0,-2.5,3.630808865218377,3.7525918435158183,0.1211215418330343,-0.6614364644073056,25.72062370302188,0.24180555555555555,1,anode_hold
302.0,-2.5,3.630887875295449,3.752411966649686,0.1212053057153868,-0.3187856388500165,25.722746412373624,0.24194444444444446,1,anode_hold
303.0,-2.5,3.630997858742428,3.75237859659078,0.121774338795544,0.3936009471918744,25.72486912172537,0.24208333333333334,1,anode_hold
304.0,-2.5,3.631425803776709,3.7522997647027183,0.1209493244054121,0.0753634794032898,25.72699183107711,0.24222222222222223,1,anode_hold
305.0,-2.5,3.631471958229633,3.75257369340538,0.1210653419622454,-0.036393213501018,25.72910793250974,0.2423611111111111,1,anode_hold
306.0,-2.5,3.632164438613344,3.752913412065321,0.121216504589298,0.4675311373203428,25.731216342677623,0.24250000000000002,1,anode_hold
307.0,-2.5,3.63190638007372,3.752288474680726,0.1206124197609513,0.2303251539452766,25.733324752845505,0.2426388888888889,1,anode_hold
308.0,-2.5,3.632177036219765,3.752621781560181,0.1208929838892035,0.44823854878695,25.735433163013383,0.24277777777777781,1,anode_hold
309.0,-2.5,3.632539012232518,3.752838961369189,0.1200001358959195,-0.2998132407507903,25.737541573181264,0.24291666666666667,1,anode_hold
310.0,-2.5,3.632336721962009,3.7529232304765,0.1204158829314758,-0.1706255830149494,25.739649983349143,0.24305555555555558,1,anode_hold
311.0,-2.5,3.633031512725429,3.7529096619714273,0.1201455093823151,0.2673601363172295,25.741758393517028,0.24319444444444444,1,anode_hold
312.0,-2.5,3.632582107505015,3.753176544214559,0.1200155910981572,-0.578845611386658,25.743854353916408,0.24333333333333335,1,anode_hold
313.0,-2.5,3.632700485051141,3.753209260182312,0.1199730238490401,-0.535751282131347,25.74594822032431,0.24347222222222223,1,anode_hold
314.0,-2.5,3.633004170848987,3.75262370039662,0.1199803535032692,0.3608239556363024,25.74804208673221,0.24361111111111114,1,anode_hold
315.0,-2.5,3.633250703329988,3.753627849207081,0.1192675998146178,-1.10954606247482,25.75013595314011,0.24375000000000002,1,anode_hold
316.0,-2.5,3.6330357906804833,3.7529624642591233,0.1201499344709784,0.2232608923384837,25.75222981954801,0.2438888888888889,1,anode_hold
317.0,-2.5,3.63361672529821,3.7538073576490105,0.1195363557612739,-0.6542765895267699,25.75432368595591,0.2440277777777778,1,anode_hold
318.0,-2.5,3.633297630858957,3.753757114129605,0.1201901991303147,-0.2692841403328927,25.756412993537467,0.2441666666666667,1,anode_hold
319.0,-2.5,3.634384807447375,3.753064063210773,0.1197001090057126,1.020853242314157,25.758488619095075,0.24430555555555555,1,anode_hold
320.0,-2.5,3.63411215593291,3.753692969757068,0.1195894786678698,0.0086648437123137,25.760564244652684,0.24444444444444446,1,anode_hold
321.0,-2.5,3.6341131567920457,3.75413798169467,0.1197753351075725,-0.2494897950517938,25.762639870210293,0.24458333333333335,1,anode_hold
322.0,-2.5,3.6342025317650912,3.754213776431955,0.1192175067303676,-0.793737936496175,25.764715495767906,0.24472222222222223,1,anode_hold
323.0,-2.5,3.634528993149435,3.75392018061436,0.1194794224899366,0.0882350250122065,25.766791121325515,0.2448611111111111,1,anode_hold
324.0,-2.5,3.63474668754229,3.7537014370576873,0.1187218669824394,-0.2328825329578343,25.768866746883123,0.24500000000000002,1,anode_hold
325.0,-2.5,3.6346695471842576,3.754364454121123,0.1192364715072765,-0.4584354295888992,25.77094237244073,0.2451388888888889,1,anode_hold
326.0,-2.5,3.634876251036916,3.753618567638057,0.1186272640348271,-0.1150525663140555,25.773017997998345,0.24527777777777776,1,anode_hold
327.0,-2.5,3.635265326154666,3.753689399666997,0.1189322339080636,0.5081603957322045,25.775093623555957,0.24541666666666667,1,anode_hold
328.0,-2.5,3.635334532622968,3.7544383151706144,0.1189729719707154,-0.1308105769317613,25.77716924911356,0.24555555555555555,1,anode_hold
329.0,-2.5,3.6359418207695313,3.753909191977919,0.1187570106001747,0.7896393917872224,25.77924487467117,0.24569444444444444,1,anode_hold
330.0,-2.5,3.636170707041823,3.754507396371678,0.1183088329026295,-0.0278564272253589,25.781320500228784,0.24583333333333332,1,anode_hold
331.0,-2.5,3.636003222687916,3.754088124457853,0.1186535361181043,0.5686343481672296,25.78339521678369,0.24597222222222223,1,anode_hold
332.0,-2.5,3.6363039889106,3.754288272182386,0.1180299205879682,0.0456373161825673,25.78544674964504,0.2461111111111111,1,anode_hold
333.0,-2.5,3.635924845239045,3.754894857679173,0.1183316859343614,-0.6383265057667842,25.78749828250638,0.24625000000000002,1,anode_hold
334.0,-2.5,3.6366801197761114,3.754591693028204,0.1181074955999234,0.1959223478302796,25.789549815367725,0.24638888888888888,1,anode_hold
335.0,-2.5,3.636643212134575,3.75487540226888,0.118277581568808,0.0453914345035499,25.791601348229072,0.2465277777777778,1,anode_hold
336.0,-2.5,3.6369612803823625,3.7546943339003263,0.118251283945252,0.5182304272883798,25.793652881090416,0.24666666666666665,1,anode_hold
337.0,-2.5,3.637459479439204,3.754682378681696,0.117821316459797,0.5984172173052471,25.795704413951764,0.24680555555555556,1,anode_hold
338.0,-2.5,3.6364586079849706,3.754679796711273,0.1174789185596398,-0.7422701666630616,25.79775594681311,0.24694444444444444,1,anode_hold
339.0,-2.5,3.637384642477738,3.754678189066968,0.1173950072663031,0.101460677073728,25.799807479674453,0.24708333333333335,1,anode_hold
340.0,-2.5,3.63714011501722,3.755143680239633,0.1174040260637815,-0.5995391586313126,25.8018590125358,0.24722222222222223,1,anode_hold
341.0,-2.5,3.6378110024557406,3.755227469903925,0.11732977612516,-0.0866913230246346,25.803910545397144,0.24736111111111111,1,anode_hold
342.0,-2.5,3.637399305340047,3.755660105452965,0.1172720687123731,-0.9887314005454506,25.80595175278497,0.2475,1,anode_hold
343.0,-2.5,3.6378009415460655,3.7553140843478894,0.1172140075364236,-0.2991352654002632,25.807982176086423,0.2476388888888889,1,anode_hold
344.0,-2.5,3.638166643587788,3.7552176372695225,0.1169578154010901,-0.0931782806445902,25.81001259938788,0.24777777777777776,1,anode_hold
345.0,-2.5,3.638446138321883,3.755513751404862,0.1167959496512058,-0.2716634317732058,25.812043022689338,0.24791666666666667,1,anode_hold
346.0,-2.5,3.638440785777645,3.755864482705155,0.1163794743105084,-1.0442226170015445,25.814073445990797,0.24805555555555556,1,anode_hold
347.0,-2.5,3.63833676031404,3.755066884927185,0.1167457854990561,0.015660885910762,25.816103869292245,0.24819444444444444,1,anode_hold
348.0,-2.5,3.638564811975313,3.756067433490654,0.1172356820474207,-0.26693946791978,25.8181342925937,0.24833333333333332,1,anode_hold
349.0,-2.5,3.6391524845528953,3.755390639896014,0.1163461609313254,0.1080055882063391,25.82016471589516,0.24847222222222223,1,anode_hold
350.0,-2.5,3.6390417458457063,3.755460659803693,0.1165804332633776,0.1615193053918773,25.82219513919661,0.24861111111111112,1,anode_hold
351.0,-2.5,3.638694513456252,3.756542126457303,0.1163313097967976,-1.516303204252889,25.824225562498064,0.24875000000000003,1,anode_hold
352.0,-2.5,3.6396059263383873,3.756165081329097,0.1160140803433369,-0.5450746473729673,25.82623550450468,0.24888888888888888,1,anode_hold
353.0,-2.5,3.6396308575440375,3.755740738837409,0.1163804840193657,0.2706027259944399,25.828245351954035,0.2490277777777778,1,anode_hold
354.0,-2.5,3.639921163137916,3.756228913421444,0.1162316968705154,-0.0760534130122003,25.830255199403396,0.24916666666666665,1,anode_hold
355.0,-2.5,3.639711305708644,3.7564461745163378,0.1163448046009904,-0.3900642067029558,25.83226504685275,0.24930555555555556,1,anode_hold
356.0,-2.5,3.6402138963783024,3.7563113519184377,0.1166190879069324,0.5216323667971423,25.834274894302112,0.24944444444444444,1,anode_hold
357.0,-2.5,3.639800285420991,3.756501811264788,0.1156484787705478,-1.0530470732494912,25.83628474175147,0.24958333333333335,1,anode_hold
358.0,-2.5,3.640442760314468,3.7563475125604415,0.1169701352758421,1.0653830298683609,25.838294589200828,0.24972222222222223,1,anode_hold
359.0,-2.5,3.640277801752536,3.756462091175794,0.1160660746103946,-0.1182148128631155,25.840304436650182,0.24986111111111112,1,anode_hold
360.0,-2.5,3.6407803768311178,3.756030527825175,0.1159066937760185,0.6565427819618108,25.842314284099544,0.25,1,anode_hold
361.0,-2.5,3.641035498156547,3.756131315388581,0.1159293244057343,0.833507173700454,25.8443157565873,0.2501388888888889,1,anode_hold
362.0,-2.5,3.640671302424894,3.756564045433673,0.1156731461411638,-0.2195968676153015,25.846308909924936,0.25027777777777777,1,anode_hold
363.0,-2.5,3.641035025175521,3.756170178561765,0.1158797822086471,0.744628822403115,25.84830206326257,0.2504166666666667,1,anode_hold
364.0,-2.5,3.641220374956181,3.7568415854653754,0.1151484103561383,-0.472800153054731,25.8502952166002,0.25055555555555553,1,anode_hold
365.0,-2.5,3.6417238825624714,3.756681704909816,0.1148804789026097,-0.0773434447358667,25.852288369937835,0.25069444444444444,1,anode_hold
366.0,-2.5,3.641738445093404,3.757128136284016,0.1148961913878764,-0.4934998027357196,25.854281523275468,0.25083333333333335,1,anode_hold
367.0,-2.5,3.641322894485336,3.757108273755328,0.1151243137745099,-0.6610654954815054,25.856265413580054,0.25097222222222226,1,anode_hold
368.0,-2.5,3.64199119253612,3.7567837767545256,0.1150846311405442,0.2920469221385779,25.858245979652807,0.2511111111111111,1,anode_hold
369.0,-2.5,3.6422426691300895,3.756165507554949,0.1147962635540529,0.8734251291939721,25.86022654572556,0.25125000000000003,1,anode_hold
370.0,-2.5,3.642821516445422,3.756606325733931,0.1152500717993948,1.4652625108859674,25.86220711179831,0.2513888888888889,1,anode_hold
371.0,-2.5,3.641845862256986,3.757107263802079,0.114985293737851,-0.2761078072417433,25.864187677871055,0.2515277777777778,1,anode_hold
372.0,-2.5,3.6423539336054,3.7577883066812894,0.1148516710570991,-0.5827020187911813,25.866168243943807,0.25166666666666665,1,anode_hold
373.0,-2.5,3.643087374759309,3.757246089843532,0.1147477695740171,0.589054489794183,25.868136813931866,0.25180555555555556,1,anode_hold
374.0,-2.5,3.6424535908655327,3.757483467571337,0.1145510073886528,-0.4788693171513536,25.8701050146752,0.2519444444444444,1,anode_hold
375.0,-2.5,3.6426730223321697,3.7573685556541823,0.1148945290586957,0.1989957366830275,25.87207321541853,0.2520833333333333,1,anode_hold
376.0,-2.5,3.6433607337181937,3.756642773155477,0.1139077157731242,0.6256763358405415,25.874041416161862,0.25222222222222224,1,anode_hold
377.0,-2.5,3.6436838802100766,3.757690566326663,0.114556685683477,0.5499995668905022,25.8760096169052,0.25236111111111115,1,anode_hold
378.0,-2.5,3.64335111489534,3.757500971869322,0.1143428948169664,0.1930378429833013,25.87797533989088,0.2525,1,anode_hold
379.0,-2.5,3.643889504574633,3.757192535428096,0.1133674561465793,0.0644252931163436,25.879931416887107,0.2526388888888889,1,anode_hold
380.0,-2.5,3.643938300385168,3.757919673931096,0.1137165926735366,-0.2647808723907907,25.88188749388333,0.25277777777777777,1,anode_hold
381.0,-2.5,3.644534585895938,3.757763442906604,0.1137086412780058,0.4797842673398556,25.88384357087956,0.2529166666666667,1,anode_hold
382.0,-2.5,3.6442542530352138,3.758730661277265,0.1139767877650557,-0.499620476995144,25.88579964787578,0.25305555555555553,1,anode_hold
383.0,-2.5,3.644727530142111,3.7572466080152913,0.1135018947134259,0.9828168402452596,25.887755724872004,0.25319444444444444,1,anode_hold
384.0,-2.5,3.6443344481656808,3.75773938679516,0.1133952529341574,-0.0096856953213375,25.889704270712475,0.25333333333333335,1,anode_hold
385.0,-2.5,3.644723798131115,3.758062671129217,0.1131397172803374,-0.199155717765187,25.89164317703888,0.2534722222222222,1,anode_hold
386.0,-2.5,3.644924128712304,3.758000305487172,0.1131140595850827,0.0378828102141071,25.89358208336528,0.2536111111111111,1,anode_hold
387.0,-2.5,3.645468750695156,3.7583780832623233,0.1134386915726861,0.5293590055188702,25.89552098969168,0.25375000000000003,1,anode_hold
388.0,-2.5,3.645474780485245,3.7585173584577714,0.1128474030683976,-0.1951749041282369,25.89745989601808,0.2538888888888889,1,anode_hold
389.0,-2.5,3.645249248896479,3.758461847447847,0.1125665183323056,-0.646080219061762,25.89939880234448,0.25402777777777774,1,anode_hold
390.0,-2.5,3.645849212006653,3.758405172615805,0.112645916679693,0.0899560705409641,25.90132963314037,0.25416666666666665,1,anode_hold
391.0,-2.5,3.646043697668901,3.758244474407563,0.1125715068357538,0.3707300970918759,25.903256537299903,0.2543055555555555,1,anode_hold
392.0,-2.5,3.645946901177701,3.758575067270542,0.1120514411523374,-0.5767249405033148,25.905183441459435,0.2544444444444445,1,anode_hold
393.0,-2.5,3.646070982808311,3.758856219868008,0.1122225572788866,-0.5626797808107042,25.90711034561897,0.25458333333333333,1,anode_hold
394.0,-2.5,3.6462580271376175,3.7586917096383727,0.1123474123625729,-0.0862701381825203,25.909037249778503,0.25472222222222224,1,anode_hold
395.0,-2.5,3.645975556997872,3.758093066013539,0.1123390568099529,0.2215477942857369,25.91096415393804,0.25486111111111115,1,anode_hold
396.0,-2.5,3.646701111767488,3.759296214720482,0.1121072129666116,-0.4878899863820507,25.912882563034557,0.255,1,anode_hold
397.0,-2.5,3.646874532905392,3.758708872487587,0.1123104489877574,0.4761094055618642,25.914800101835837,0.2551388888888889,1,anode_hold
398.0,-2.5,3.6467041716310686,3.759189358905288,0.1116703901436202,-0.8147971305989543,25.91671764063712,0.25527777777777777,1,anode_hold
399.0,-2.5,3.647346234724732,3.758843067981649,0.1119352323221245,0.4383990652079284,25.9186351794384,0.2554166666666667,1,anode_hold
400.0,-2.5,3.646868223039634,3.759384345017195,0.1118145964235514,-0.7015255540099297,25.920548551907984,0.25555555555555554,1,anode_hold
401.0,-2.5,3.6472689445772337,3.759028612688432,0.1109690964654396,-0.7905716457585754,25.92245887704057,0.25569444444444445,1,anode_hold
402.0,-2.5,3.647446298006226,3.759642122419843,0.1118504259591468,-0.345398454470569,25.92436920217316,0.25583333333333336,1,anode_hold
403.0,-2.5,3.648339210790362,3.759654044804347,0.1116007239909805,0.2858899769955236,25.92627887365097,0.25597222222222227,1,anode_hold
404.0,-2.5,3.647414331048594,3.759135417167053,0.1114849539199588,-0.2361321985002717,25.928181651073444,0.2561111111111111,1,anode_hold
405.0,-2.5,3.648214003770939,3.758520479638268,0.1115429726924055,1.2364968250766497,25.93008442849592,0.25625000000000003,1,anode_hold
406.0,-2.5,3.64847898010446,3.7595672692588336,0.1108773149906319,-0.2109741637412732,25.931987205918396,0.2563888888888889,1,anode_hold
407.0,-2.5,3.648459496944629,3.759233867512731,0.1106912401838808,-0.0831303842216968,25.93388573999656,0.2565277777777778,1,anode_hold
408.0,-2.5,3.648849680552132,3.759892296407175,0.1106368066356856,-0.4058092193575113,25.93578139347523,0.25666666666666665,1,anode_hold
409.0,-2.5,3.648343275756098,3.7597781997542863,0.1107582651709157,-0.6766588272726359,25.937677046953905,0.25680555555555556,1,anode_hold
410.0,-2.5,3.64810900559809,3.759620131115092,0.1112800415633244,-0.2310839536776576,25.93957186260522,0.2569444444444444,1,anode_hold
411.0,-2.5,3.64917234748022,3.7595148621576873,0.1110638374291127,0.7213227516453813,25.941459512974426,0.25708333333333333,1,anode_hold
412.0,-2.5,3.6487327725988736,3.759611739407148,0.1107544787953783,-0.1244880128954406,25.94334716334362,0.25722222222222224,1,anode_hold
413.0,-2.5,3.6491428200200575,3.7603748328767255,0.1105087513493325,-0.723261507335593,25.94523481371282,0.25736111111111104,1,anode_hold
414.0,-2.5,3.64903630511854,3.760291007456297,0.1108119537823781,-0.4427485553790689,25.947122464082018,0.2575,1,anode_hold
415.0,-2.5,3.6498548804095994,3.7600041838559455,0.1100238320663796,-0.1254713799681006,25.94901011445122,0.25763888888888886,1,anode_hold
416.0,-2.5,3.64994794185772,3.760233539811895,0.1107681267945818,0.4825288404068928,25.950897764820414,0.2577777777777778,1,anode_hold
417.0,-2.5,3.64962208810494,3.7604799623221568,0.1101913049663611,-0.6665692508560639,25.95278358956034,0.2579166666666666,1,anode_hold
418.0,-2.5,3.6502623768837488,3.760216318979956,0.1104104168691188,0.4564747729114415,25.95465636989957,0.25805555555555554,1,anode_hold
419.0,-2.5,3.650180934635017,3.75979737937952,0.1101477955699035,0.5313508254007893,25.95652915023881,0.2581944444444444,1,anode_hold
420.0,-2.5,3.650255956934908,3.76090596614624,0.10975238445114,-0.8976247601912846,25.95840193057805,0.25833333333333336,1,anode_hold
421.0,-2.5,3.650468220709543,3.760378317948288,0.110192219906189,0.2821226674436516,25.96027471091729,0.2584722222222222,1,anode_hold
422.0,-2.5,3.650545470374529,3.760359236905144,0.1105741818324647,0.7604153018494486,25.962143335067548,0.2586111111111111,1,anode_hold
423.0,-2.5,3.650948465929837,3.76061972245744,0.1098810294850693,0.2097729574663809,25.964007218113878,0.25875000000000004,1,anode_hold
424.0,-2.5,3.6510147377900375,3.760392737766772,0.1097011676782645,0.3231677015302914,25.9658711011602,0.2588888888888889,1,anode_hold
425.0,-2.5,3.650974462543184,3.760422442402491,0.1094161144966009,-0.0318653627053855,25.96773498420653,0.2590277777777778,1,anode_hold
426.0,-2.5,3.6515388485790696,3.760883251545576,0.1095317995062891,0.1873965397827248,25.96959886725285,0.25916666666666666,1,anode_hold
427.0,-2.5,3.651213873136826,3.76067184856937,0.1097690127423377,0.3110373097938712,25.97145568377664,0.25930555555555557,1,anode_hold
428.0,-2.5,3.651644361251407,3.761081874240664,0.108870032855652,-0.5674801336050805,25.973310858705528,0.2594444444444445,1,anode_hold
429.0,-2.5,3.651845893107093,3.7611433631863824,0.1094089417125009,0.1114716332115683,25.97516603363441,0.25958333333333333,1,anode_hold
430.0,-2.5,3.6523238539508975,3.761684893314109,0.1088260191422269,-0.5350202209837285,25.977021208563297,0.25972222222222224,1,anode_hold
431.0,-2.5,3.6518897267078585,3.7610795727663855,0.1092848138052411,0.0949677467132481,25.978875471770028,0.2598611111111111,1,anode_hold
432.0,-2.5,3.6527264166801423,3.761255848626477,0.1093611906743673,0.8317587280326499,25.980724796477077,0.26,1,anode_hold
433.0,-2.5,3.6524184742611214,3.761134725263748,0.1088230069102765,0.1067559076513013,25.98257412118412,0.2601388888888889,1,anode_hold
434.0,-2.5,3.6524695645318266,3.7617245240965937,0.1084018791167603,-0.8530804480066934,25.984423445891164,0.2602777777777778,1,anode_hold
435.0,-2.5,3.652488148609127,3.761581912841914,0.1086135651583282,-0.4801990744587314,25.98627277059821,0.26041666666666674,1,anode_hold
436.0,-2.5,3.653027644501108,3.761619506727497,0.1088984982538629,0.3066360274739388,25.988118162496683,0.26055555555555554,1,anode_hold
437.0,-2.5,3.653028036515973,3.762141060600629,0.1083921785802608,-0.720845504396106,25.989959624751094,0.2606944444444445,1,anode_hold
438.0,-2.5,3.652843872630109,3.761729166501955,0.108310842407176,-0.574451464669945,25.99180108700551,0.26083333333333336,1,anode_hold
439.0,-2.5,3.652998188724258,3.761792702645908,0.1082068377569385,-0.587676164710782,25.99364254925992,0.26097222222222227,1,anode_hold
440.0,-2.5,3.653331498582044,3.761386627050609,0.1085713738457608,0.5162453771956343,25.99548401151433,0.2611111111111111,1,anode_hold
441.0,-2.5,3.653453952412513,3.76132472038871,0.1082341606070417,0.3633926308448387,25.997315283790577,0.26125000000000004,1,anode_hold
442.0,-2.5,3.654141892722472,3.761763674678257,0.1081449133208747,0.5231313650901903,25.99914468059453,0.2613888888888889,1,anode_hold
443.0,-2.5,3.654385511285625,3.762016915247627,0.1075911370320506,-0.0402669299517377,26.000974077398475,0.2615277777777778,1,anode_hold
444.0,-2.5,3.654391465474673,3.7617272160104207,0.1083772233240947,1.0414727883469863,26.00280347420242,0.26166666666666666,1,anode_hold
445.0,-2.5,3.654395840120633,3.761837124259388,0.1081295276723946,0.6882435336401649,26.004631697640903,0.26180555555555557,1,anode_hold
446.0,-2.5,3.654314596664266,3.7624202330460954,0.1073639807981937,-0.7416555836350369,26.00645238315341,0.2619444444444444,1,anode_hold
447.0,-2.5,3.6546140017628903,3.762091270960251,0.1071001719655817,-0.3770972317784782,26.00827306866592,0.26208333333333333,1,anode_hold
448.0,-2.5,3.655017657574419,3.762154598154451,0.1075604950298007,0.4235544497683818,26.01009375417843,0.26222222222222225,1,anode_hold
449.0,-2.5,3.655546125815723,3.7622963670224,0.1073916109128929,0.6413697062161994,26.011914439690937,0.26236111111111116,1,anode_hold
450.0,-2.5,3.655333764379274,3.762138828350774,0.1076007216542831,0.795657682783002,26.0137313836963,0.2625,1,anode_hold
451.0,-2.5,3.655126762450987,3.762794734567807,0.1072808928129891,-0.3870793038309728,26.01554326216263,0.26263888888888887,1,anode_hold
452.0,-2.5,3.6553732850935994,3.763033933469121,0.1076849407481703,0.0242923726476718,26.017355140628965,0.2627777777777778,1,anode_hold
453.0,-2.5,3.6553681055771134,3.7629851847878686,0.1075070656809643,-0.1100135297908977,26.019167019095296,0.2629166666666667,1,anode_hold
454.0,-2.5,3.655429140951267,3.763203284712935,0.1070614037883362,-0.7127399733315443,26.02097889756163,0.2630555555555556,1,anode_hold
455.0,-2.5,3.655757949307152,3.76221744411312,0.1069507880123619,0.4912932063936281,26.022783265839223,0.26319444444444445,1,anode_hold
456.0,-2.5,3.656020617838105,3.763149913080924,0.1073072990728636,0.1780038300447373,26.024584640066585,0.2633333333333333,1,anode_hold
457.0,-2.5,3.6566614154290726,3.762906479849096,0.1068656061163451,0.6205416963216415,26.026386014293948,0.2634722222222222,1,anode_hold
458.0,-2.5,3.6562749662166816,3.763428511186461,0.1067585669304805,-0.3949780392993318,26.02818738852131,0.26361111111111113,1,anode_hold
459.0,-2.5,3.6568152754208114,3.762888929745315,0.1068094253428153,0.7357710183115707,26.029988762748676,0.26375,1,anode_hold
460.0,-2.5,3.6570870262452857,3.763396090844572,0.1067408900322459,0.4318254329600535,26.03179013697603,0.2638888888888889,1,anode_hold
461.0,-2.5,3.656729133404652,3.763755619877368,0.1069343401946648,-0.0921462780505422,26.033591511203397,0.26402777777777775,1,anode_hold
462.0,-2.5,3.657336542232486,3.763474385462146,0.1059189248970199,-0.2189183326404276,26.03539288543076,0.26416666666666666,1,anode_hold
463.0,-2.5,3.657217394710198,3.763399141024943,0.1061394902090684,-0.0422561056763193,26.03719425965812,0.26430555555555557,1,anode_hold
464.0,-2.5,3.6570269018742096,3.7633803104903625,0.1060078784614372,-0.3455301547155009,26.0389888804809,0.2644444444444445,1,anode_hold
465.0,-2.5,3.6573822463476606,3.763655808362953,0.1067524390704772,0.4788770551851229,26.0407673804273,0.26458333333333334,1,anode_hold
466.0,-2.5,3.657460085563128,3.7635094537749656,0.106278239875221,0.2288716633831455,26.0425458803737,0.26472222222222225,1,anode_hold
467.0,-2.5,3.657534050386239,3.763284747669548,0.106026296708911,0.2755994256018468,26.044324380320106,0.2648611111111111,1,anode_hold
468.0,-2.5,3.657694647602833,3.763890217187994,0.1062363077123917,0.0407381272293783,26.0461028802665,0.265,1,anode_hold
469.0,-2.5,3.657948074641282,3.7642713700924006,0.1051539169539537,-1.169378497165141,26.0478813802129,0.26513888888888887,1,anode_hold
470.0,-2.5,3.658185596069893,3.7639594705481096,0.1056804389816824,-0.0934354965340666,26.0496598801593,0.2652777777777778,1,anode_hold
471.0,-2.5,3.657940407042709,3.764232822884817,0.1055625620711397,-0.7298537709679032,26.051438380105697,0.26541666666666663,1,anode_hold
472.0,-2.5,3.658354286290079,3.7643440436869424,0.105041074698602,-0.9486826982616492,26.053213947621,0.26555555555555554,1,anode_hold
473.0,-2.5,3.658054622984324,3.764058305554999,0.1054652739158585,-0.538408654816358,26.05497698446821,0.26569444444444446,1,anode_hold
474.0,-2.5,3.658743795042921,3.7640938962703,0.1051261740878122,-0.2239271395665376,26.05674002131543,0.26583333333333337,1,anode_hold
475.0,-2.5,3.6590068631381008,3.763939376531224,0.1050995487666037,0.1670353734808394,26.058503058162643,0.2659722222222222,1,anode_hold
476.0,-2.5,3.659023196649104,3.7643192984015954,0.1054858731380272,0.1897713855356642,26.060266095009855,0.26611111111111113,1,anode_hold
477.0,-2.5,3.659213993045401,3.764468658834232,0.105479334177584,0.2246683887530132,26.062029131857077,0.26625,1,anode_hold
478.0,-2.5,3.6594594469331225,3.76410385667976,0.1051218660247591,0.4774562781215685,26.06379216870429,0.2663888888888889,1,anode_hold
479.0,-2.5,3.6592371606510192,3.764365687698661,0.1051276491795449,-0.0008778680973264,26.065555205551505,0.2665277777777778,1,anode_hold
480.0,-2.5,3.659519210165039,3.764837651525657,0.1046810045038181,-0.6374368567998445,26.06731718997396,0.26666666666666666,1,anode_hold
481.0,-2.5,3.659898511825032,3.7643897476538193,0.1050628042285631,0.5715683997760124,26.06906770407895,0.2668055555555555,1,anode_hold
482.0,-2.5,3.660200111321356,3.7648789751512006,0.104880509725305,0.2016458954607891,26.07081821818394,0.26694444444444443,1,anode_hold
483.0,-2.5,3.660172332410392,3.764835997910532,0.1044324935696472,-0.2311719304923798,26.07256873228893,0.26708333333333334,1,anode_hold
484.0,-2.5,3.660974024205746,3.764699483334733,0.1041678178057051,0.4423586767190457,26.074319246393927,0.26722222222222225,1,anode_hold
485.0,-2.5,3.660335068596434,3.7651276296023433,0.104708712610589,-0.0838483953193858,26.07606976049892,0.2673611111111111,1,anode_hold
486.0,-2.5,3.660816685285948,3.7651126885263473,0.1042388670935801,-0.0571361468195696,26.07782027460391,0.2675,1,anode_hold
487.0,-2.5,3.661050099124536,3.764978028009074,0.1042549194397608,0.3269905552225616,26.07956635015404,0.26763888888888887,1,anode_hold
488.0,-2.5,3.6607817890134418,3.7650927698469294,0.1044945052936906,0.1835244602030883,26.08130607594835,0.2677777777777778,1,anode_hold
489.0,-2.5,3.660727605248967,3.765249034203354,0.1041052188129241,-0.4162101414642016,26.08304580174266,0.2679166666666667,1,anode_hold
490.0,-2.5,3.660770817381653,3.7653479049504246,0.1045843710804616,0.0072835116897707,26.08478552753697,0.2680555555555556,1,anode_hold
491.0,-2.5,3.661326120506143,3.7653976594307936,0.1039179784250274,-0.1535604996236728,26.08652525333128,0.26819444444444446,1,anode_hold
492.0,-2.5,3.66176236413884,3.7655474965579088,0.1030586935505445,-0.7264388685248591,26.088264979125587,0.2683333333333333,1,anode_hold
493.0,-2.5,3.661660539956479,3.765252680436274,0.1040909285485642,0.4987880687687962,26.089997103112765,0.2684722222222222,1,anode_hold
494.0,-2.5,3.6617791866669456,3.765911303163489,0.1036386433035381,-0.4934731930048563,26.091723835928104,0.26861111111111113,1,anode_hold
495.0,-2.5,3.6617618560869434,3.765507309287106,0.1031368199967052,-0.6086332034582753,26.09345056874344,0.26875,1,anode_hold
496.0,-2.5,3.662192219579196,3.765552071879101,0.10356578049405,0.2059281941457769,26.095177301558785,0.2688888888888889,1,anode_hold
497.0,-2.5,3.661531451751437,3.7660653492438567,0.1033952409418754,-1.138656550544681,26.096904034374123,0.26902777777777775,1,anode_hold
498.0,-2.5,3.662390203449794,3.766041208881218,0.1032923364280678,-0.3586690033561268,26.098630767189466,0.26916666666666667,1,anode_hold
499.0,-2.5,3.6624734289567993,3.765251110267533,0.1038924178053508,1.1147364946175742,26.100349546461864,0.2693055555555556,1,anode_hold
500.0,-2.5,3.662197183052087,3.7658752248086342,0.1027776859517603,-0.9003558047870897,26.10206579640833,0.2694444444444445,1,anode_hold
501.0,-2.5,3.663404258565421,3.766174150660983,0.1030024195839783,0.2325274884169559,26.103782046354794,0.26958333333333334,1,anode_hold
502.0,-2.5,3.662478649280834,3.7661748147719223,0.1027544582149813,-0.9417072761070956,26.105498296301263,0.26972222222222225,1,anode_hold
503.0,-2.5,3.662714911163369,3.76557828017872,0.1026251214128545,-0.2382476024962443,26.10721454624773,0.2698611111111111,1,anode_hold
504.0,-2.5,3.66282120244228,3.765935857915712,0.102999780400322,-0.1148750731099212,26.108930796194198,0.27,1,anode_hold
505.0,-2.5,3.663654265163447,3.765982564352489,0.1030623735315289,0.7340743424864016,26.11064125087572,0.2701388888888889,1,anode_hold
506.0,-2.5,3.663194161623487,3.766470701927026,0.103035571654565,-0.240968648973272,26.112351285167204,0.2702777777777778,1,anode_hold
507.0,-2.5,3.663800616264639,3.766610601096271,0.1027448403820925,-0.0651444495392006,26.114061319458692,0.27041666666666664,1,anode_hold
508.0,-2.5,3.663915704645421,3.7665264570284975,0.1021241676577763,-0.4865847253010535,26.115771353750187,0.27055555555555555,1,anode_hold
509.0,-2.5,3.6639567849818944,3.766475336720746,0.1025951307367898,0.0765789979380038,26.11748138804168,0.27069444444444446,1,anode_hold
510.0,-2.5,3.66362615085239,3.766310385918892,0.102551688261651,-0.1325468048514189,26.119190444384525,0.27083333333333337,1,anode_hold
511.0,-2.5,3.663975247444187,3.766942676035197,0.1020272180075505,-0.940210583459944,26.120891253938467,0.2709722222222222,1,anode_hold
512.0,-2.5,3.6648012686817895,3.7660281340752992,0.1023502961244725,1.12343073096266,26.12259206349241,0.27111111111111114,1,anode_hold
513.0,-2.5,3.664052562704161,3.766919441780066,0.1027392880926951,-0.1275909832099131,26.12429287304635,0.27125,1,anode_hold
514.0,-2.5,3.664330747369061,3.767004923336974,0.1025433572254666,-0.130818742445804,26.12599368260029,0.2713888888888889,1,anode_hold
515.0,-2.5,3.664672024733534,3.766984049175949,0.1020830973159527,-0.228927126462608,26.127694492154237,0.2715277777777778,1,anode_hold
516.0,-2.5,3.665104154147147,3.766958054870725,0.1019750749044278,0.1211741808497812,26.129391214975264,0.27166666666666667,1,anode_hold
517.0,-2.5,3.665078489321143,3.767069973140404,0.1019734732706376,-0.0180105486227155,26.131077411387533,0.2718055555555555,1,anode_hold
518.0,-2.5,3.665367151250176,3.767295454877538,0.1018085523921943,-0.1197512351680529,26.1327636077998,0.27194444444444443,1,anode_hold
519.0,-2.5,3.6649658901709214,3.766963875543699,0.1020935729057442,0.0955875329666788,26.134449804212068,0.27208333333333334,1,anode_hold
520.0,-2.5,3.665711051857413,3.767450007272553,0.1013553126805871,-0.3836427345524917,26.136136000624337,0.27222222222222225,1,anode_hold
521.0,-2.5,3.6657398679626394,3.767298901954555,0.101656812959542,0.0977789676257501,26.13782219703661,0.2723611111111111,1,anode_hold
522.0,-2.5,3.665233223554704,3.767394438390991,0.1016663716652066,-0.4948431710802836,26.13950436396473,0.2725,1,anode_hold
523.0,-2.5,3.6663170785439023,3.766635174925367,0.1012645198868383,0.9464235053742164,26.141181671337037,0.2726388888888889,1,anode_hold
524.0,-2.5,3.666686333799872,3.767101198078355,0.1018007405490087,1.3858762705254437,26.142858978709345,0.2727777777777778,1,anode_hold
525.0,-2.5,3.665911551994964,3.76750101879166,0.1015264459694281,-0.0630208272673904,26.144536286081653,0.2729166666666667,1,anode_hold
526.0,-2.5,3.666302331807382,3.767437463337079,0.1016562342552261,0.5211027255294098,26.14621359345396,0.2730555555555556,1,anode_hold
527.0,-2.5,3.666848373497618,3.767975883916546,0.1013846011019982,0.2570906830703379,26.147890900826276,0.27319444444444446,1,anode_hold
528.0,-2.5,3.666128763945816,3.767323829543396,0.1009321192583822,-0.2629463391969899,26.14956187156544,0.2733333333333333,1,anode_hold
529.0,-2.5,3.6661204519399138,3.768200456642744,0.1008710335085711,-1.20897119425889,26.1512290719723,0.2734722222222222,1,anode_hold
530.0,-2.5,3.6664726008199646,3.7681483410394008,0.1013597363311758,-0.3160038882601412,26.152896272379152,0.27361111111111114,1,anode_hold
531.0,-2.5,3.666835838041708,3.768039774976544,0.1007761037578224,-0.4278331770137811,26.15456347278601,0.27375,1,anode_hold
532.0,-2.5,3.6669766994350095,3.767895244303905,0.1012342809754742,0.3157361065788677,26.156230673192866,0.2738888888888889,1,anode_hold
533.0,-2.5,3.667476710271748,3.7677601338031104,0.1009757801678595,0.692356636497582,26.15789787359972,0.27402777777777776,1,anode_hold
534.0,-2.5,3.667518681411468,3.767813472353601,0.1006343582856088,0.339567343476066,26.159546603249726,0.27416666666666667,1,anode_hold
535.0,-2.5,3.667207747413491,3.768029690496554,0.1006681285037185,-0.1538145793444911,26.16119073265266,0.2743055555555556,1,anode_hold
536.0,-2.5,3.667895234676931,3.7683093906584713,0.1008190471278889,0.4048911463483406,26.162834862055597,0.2744444444444445,1,anode_hold
537.0,-2.5,3.668430695181422,3.7685816280213222,0.1005042625935741,0.3533297536733037,26.16447899145853,0.27458333333333335,1,anode_hold
538.0,-2.5,3.668371037155651,3.768661868321338,0.1002725286724215,-0.0183024932658426,26.166123120861464,0.27472222222222226,1,anode_hold
539.0,-2.5,3.668452703199248,3.7688407370859176,0.1006865686467997,0.298534760130309,26.1677672502644,0.2748611111111111,1,anode_hold
540.0,-2.5,3.668304874436512,3.7688927183621073,0.1003667326992066,-0.2211112263883485,26.16941137966733,0.275,1,anode_hold
541.0,-2.5,3.668737360569362,3.7684448957199153,0.1004401887702583,0.7326536197052036,26.171055509070264,0.2751388888888889,1,anode_hold
542.0,-2.5,3.668295881397991,3.768561299890217,0.1000594668386484,-0.2059516535779515,26.1726996384732,0.2752777777777778,1,anode_hold
543.0,-2.5,3.668954475728096,3.7691110317893055,0.10012989313169,-0.0266629295211373,26.17434376787613,0.27541666666666664,1,anode_hold
544.0,-2.5,3.6688464469041615,3.768615944699212,0.0997786914741689,0.0091936791193347,26.175987897279064,0.27555555555555555,1,anode_hold
545.0,-2.5,3.6693547797922577,3.769231764948566,0.099638341065661,-0.2386440906469999,26.177630471329813,0.27569444444444446,1,anode_hold
546.0,-2.5,3.669294951748858,3.7690098043545706,0.0996377896267382,-0.0770629789741406,26.179264084517044,0.2758333333333334,1,anode_hold
547.0,-2.5,3.6689678251483535,3.768649153505671,0.0993776953381354,-0.3036330191812375,26.180897697704275,0.27597222222222223,1,anode_hold
548.0,-2.5,3.6694728274706967,3.76926373549244,0.0997992792710492,0.0083712493057497,26.182531310891505,0.2761111111111112,1,anode_hold
549.0,-2.5,3.6699395365261855,3.769265905680676,0.0996529216308685,0.326552476377806,26.184164924078736,0.27625,1,anode_hold
550.0,-2.5,3.669374940420309,3.769024993542529,0.0999253306200965,0.2752774978764805,26.185798537265963,0.2763888888888889,1,anode_hold
551.0,-2.5,3.669684758522193,3.7686168923217664,0.0996768508016349,0.7447170020613569,26.18743004075776,0.2765277777777778,1,anode_hold
552.0,-2.5,3.669757266232858,3.769486510156346,0.0990584928346091,-0.6707510888790402,26.1890530562424,0.2766666666666667,1,anode_hold
553.0,-2.5,3.669674542002968,3.769603472865461,0.0993826944571518,-0.5462364053414603,26.19067607172704,0.2768055555555555,1,anode_hold
554.0,-2.5,3.670546983917409,3.769785575115917,0.099425532107689,0.1869409091814766,26.19229908721168,0.27694444444444444,1,anode_hold
555.0,-2.5,3.6707872702754503,3.769733058868518,0.0984181151897529,-0.5276734033143882,26.19392210269632,0.27708333333333335,1,anode_hold
556.0,-2.5,3.670769351696399,3.7694604280659423,0.0990165355447905,0.325459175246845,26.19554511818096,0.27722222222222226,1,anode_hold
557.0,-2.5,3.6707361175827153,3.769241828005528,0.0990225430079069,0.5168325850943845,26.19716572718437,0.2773611111111111,1,anode_hold
558.0,-2.5,3.670777670391988,3.769771252189213,0.0988941266712952,-0.0994551259294596,26.19877912604015,0.2775,1,anode_hold
559.0,-2.5,3.670995027216639,3.770167436652838,0.09938127400717,0.2088645709705794,26.20039252489593,0.2776388888888889,1,anode_hold
560.0,-2.5,3.6708336796705527,3.769915752902379,0.0987645134503382,-0.3175597814877307,26.202005923751717,0.2777777777777778,1,anode_hold
561.0,-2.5,3.671451233445014,3.769646934377588,0.0991128940278207,0.9171930952467378,26.20361932260749,0.2779166666666667,1,anode_hold
562.0,-2.5,3.6716266607812886,3.769577910218073,0.0984674064345707,0.5161569977860658,26.205232721463272,0.2780555555555556,1,anode_hold
563.0,-2.5,3.671718015540531,3.769358736153522,0.098740156945451,1.099436332459902,26.206838307196232,0.27819444444444447,1,anode_hold
564.0,-2.5,3.6714036643066272,3.770272074528505,0.0985899497824503,-0.2784604394268086,26.208442988921327,0.2783333333333333,1,anode_hold
565.0,-2.5,3.67171116636614,3.7704173622713633,0.0989592054486737,0.253009543450311,26.21004767064642,0.27847222222222223,1,anode_hold
566.0,-2.5,3.6717626071094753,3.769700201915785,0.0983675157544547,0.4299209481448685,26.21165235237152,0.27861111111111114,1,anode_hold
567.0,-2.5,3.672473358604064,3.7702335795133775,0.0980633708223308,0.3031499130168313,26.213256422508536,0.27875,1,anode_hold
568.0,-2.5,3.672112156590386,3.770908634018631,0.098960838764002,0.1643613357567019,26.214853237488786,0.2788888888888889,1,anode_hold
569.0,-2.5,3.6716150880237657,3.76991195002184,0.0978506255975965,-0.4462364004780283,26.21645005246903,0.27902777777777776,1,anode_hold
570.0,-2.5,3.672420722549329,3.771065488011088,0.0983913847941418,-0.2533806676168204,26.218046867449274,0.2791666666666667,1,anode_hold
571.0,-2.5,3.6729873122909367,3.77103403620298,0.0980596696513118,0.0129457392690213,26.21964368242952,0.2793055555555556,1,anode_hold
572.0,-2.5,3.672749136288156,3.77101142171294,0.0981854593032362,-0.0768261215480237,26.22123350408833,0.2794444444444445,1,anode_hold
573.0,-2.5,3.6729282002862607,3.7709702420767126,0.0982969651929751,0.2549234025233104,26.222820881984845,0.27958333333333335,1,anode_hold
574.0,-2.5,3.672795947553258,3.771040200517331,0.0974284154216523,-0.8158375424205389,26.224408259881358,0.27972222222222226,1,anode_hold
575.0,-2.5,3.672314485127305,3.771147223604475,0.0982673202079283,-0.5654182692413912,26.225995637777867,0.2798611111111111,1,anode_hold
576.0,-2.5,3.672484673193265,3.771518265634642,0.097932819027054,-1.1007734143233527,26.22757737113741,0.28,1,anode_hold
577.0,-2.5,3.672777399418868,3.770758483982522,0.0982049999964879,0.2239154328336212,26.22915078951109,0.2801388888888889,1,anode_hold
578.0,-2.5,3.6732365673719847,3.7706279061494543,0.0977964830318376,0.4051442543682171,26.23072420788477,0.28027777777777774,1,anode_hold
579.0,-2.5,3.673491049763852,3.7706299657201554,0.0982417689189048,1.102852962601375,26.232297626258447,0.28041666666666665,1,anode_hold
580.0,-2.5,3.673728307692354,3.771360119242841,0.0978553107185835,0.223499168096275,26.233871044632124,0.28055555555555556,1,anode_hold
581.0,-2.5,3.67354277926569,3.771666134814112,0.0974808938830664,-0.6424616653553095,26.2354444630058,0.28069444444444447,1,anode_hold
582.0,-2.5,3.6740554286878506,3.771210373332072,0.0977790189402847,0.6240742960632595,26.237017881379483,0.2808333333333333,1,anode_hold
583.0,-2.5,3.6738078585146217,3.771621081889864,0.0977222144405423,-0.0910089347003761,26.23859129975316,0.28097222222222223,1,anode_hold
584.0,-2.5,3.6738038695193382,3.771624922076302,0.0974795660769173,-0.3414864800461714,26.24016471812684,0.2811111111111111,1,anode_hold
585.0,-2.5,3.674399247584818,3.771977961352656,0.0971565717093408,-0.4221420584973323,26.24173285748804,0.28125,1,anode_hold
586.0,-2.5,3.67399983943658,3.771916146115749,0.0970837591163798,-0.8325475627897205,26.243299053806435,0.2813888888888889,1,anode_hold
587.0,-2.5,3.673585865313592,3.771889506701287,0.0970936376342085,-1.210003753486788,26.244865250124835,0.2815277777777778,1,anode_hold
588.0,-2.5,3.67421702162648,3.7716306801433537,0.0970634062052594,-0.3502523116138967,26.246431446443232,0.2816666666666667,1,anode_hold
589.0,-2.5,3.6746974312278624,3.771783779171306,0.0970116098991735,-0.0747380442702727,26.24799101584865,0.28180555555555553,1,anode_hold
590.0,-2.5,3.673880425304682,3.7722323272097182,0.0968351878596998,-1.5167140453362649,26.24954860863967,0.28194444444444444,1,anode_hold
591.0,-2.5,3.674832632486729,3.772082926705716,0.096902994682742,-0.3472995362447939,26.25110620143069,0.28208333333333335,1,anode_hold
592.0,-2.5,3.674975442061139,3.7724950224696423,0.0967544251115327,-0.7651552969707431,26.252663794221714,0.2822222222222222,1,anode_hold
593.0,-2.5,3.674787118321347,3.77198005393417,0.0973479175904801,0.1549819776571759,26.25421618346963,0.2823611111111111,1,anode_hold
594.0,-2.5,3.6749113934908726,3.772522200113963,0.0965700813132122,-1.0407253098780878,26.255767348591103,0.2825,1,anode_hold
595.0,-2.5,3.6753584953640352,3.772247962986397,0.0967468731713369,-0.1425944510251575,26.257318513712573,0.2826388888888889,1,anode_hold
596.0,-2.5,3.6754741933157886,3.772496584405399,0.0963377062316286,-0.6846848579815656,26.25886967883404,0.2827777777777778,1,anode_hold
597.0,-2.5,3.676163062925109,3.771923956496709,0.0970216540017932,1.2607604301928532,26.26041473430511,0.2829166666666667,1,anode_hold
598.0,-2.5,3.676045320718899,3.772712180828268,0.0965089225652951,-0.1579375440741159,26.26195870188061,0.28305555555555556,1,anode_hold
599.0,-2.5,3.6756063796047753,3.7723042212510576,0.09676848088019,0.0706392339075989,26.263502669456106,0.28319444444444447,1,anode_hold
600.0,-2.5,3.675972015230544,3.7729976373464007,0.0960426769015914,-0.9829452142651184,26.2650466370316,0.2833333333333333,1,anode_hold
601.0,-2.5,3.6765877275627,3.772968126268535,0.0962200067703736,-0.1603919354611349,26.26659060460709,0.28347222222222224,1,anode_hold
602.0,-2.5,3.677092752568319,3.772589744536504,0.0958617222455203,0.3647302773348571,26.26813457218259,0.2836111111111111,1,anode_hold
603.0,-2.5,3.676787683818823,3.7732889395765823,0.0965836173196525,0.0823615618932294,26.269678539758083,0.28375,1,anode_hold
604.0,-2.5,3.676912722167165,3.7733689609836505,0.0967370667318321,0.2808279153470039,26.27122250733358,0.28388888888888886,1,anode_hold
605.0,-2.5,3.6775286824109674,3.773506897224848,0.0959359400757839,-0.0422747380972587,26.27275483136097,0.28402777777777777,1,anode_hold
606.0,-2.5,3.677114851786349,3.773424124235749,0.0961016511562085,-0.2076212931920729,26.274286244547387,0.2841666666666667,1,anode_hold
607.0,-2.5,3.677180119479893,3.773016156125428,0.0958056527275177,-0.0303839180171294,26.275817657733803,0.2843055555555556,1,anode_hold
608.0,-2.5,3.6770000716805455,3.773625685801323,0.0962052227485328,-0.4203913722444774,26.277349070920216,0.28444444444444444,1,anode_hold
609.0,-2.5,3.6774213380384047,3.772889697816812,0.0955566716209106,0.0883118425036855,26.278880484106637,0.28458333333333335,1,anode_hold
610.0,-2.5,3.678380053233692,3.773234202022882,0.0956790506947459,0.8249019055557305,26.28041189729305,0.2847222222222222,1,anode_hold
611.0,-2.5,3.6774511135410055,3.773500104336713,0.0952338530424459,-0.8151377532610304,26.281943310479463,0.2848611111111111,1,anode_hold
612.0,-2.5,3.6780321746388687,3.7729869509275744,0.0953292292043643,0.3744529156586296,26.28347465058624,0.28500000000000003,1,anode_hold
613.0,-2.5,3.677754971203845,3.773895221288993,0.0952852246715078,-0.8550254136396873,26.28499397436204,0.2851388888888889,1,anode_hold
614.0,-2.5,3.678364664462052,3.773790752498901,0.0955269258028624,0.1008377660136616,26.28651329813784,0.28527777777777774,1,anode_hold
615.0,-2.5,3.6787410682040784,3.7736333817138097,0.0952752332458201,0.3829197360887271,26.28803262191364,0.28541666666666665,1,anode_hold
616.0,-2.5,3.678550331552505,3.7731013961251305,0.0949346032796325,0.383538707006803,26.28955194568944,0.28555555555555556,1,anode_hold
617.0,-2.5,3.678991182834945,3.7736084406979287,0.0951607515999562,0.5434937369726001,26.291071269465235,0.2856944444444445,1,anode_hold
618.0,-2.5,3.679136984106913,3.774116273423593,0.095028440033916,0.0491507172366567,26.292590593241037,0.28583333333333333,1,anode_hold
619.0,-2.5,3.6792029497021854,3.7741380854204793,0.0946076406107472,-0.3274951075455945,26.294108681913936,0.28597222222222224,1,anode_hold
620.0,-2.5,3.679727000025357,3.773742362173081,0.0946587929529896,0.6434308052649662,26.295615748572743,0.2861111111111111,1,anode_hold
621.0,-2.5,3.679589060259908,3.773691268988852,0.0948950960535427,0.7928873245983681,26.29712281523155,0.28625,1,anode_hold
622.0,-2.5,3.679407204492045,3.7741541750788223,0.0945022738253011,-0.244696761475982,26.29862988189036,0.2863888888888889,1,anode_hold
623.0,-2.5,3.679437630790442,3.773866384727504,0.0943587157849728,-0.070038152089058,26.30013679842134,0.2865277777777778,1,anode_hold
624.0,-2.5,3.679525685421035,3.7737961490862975,0.0948634209744037,0.5929573091414397,26.30163483993478,0.2866666666666667,1,anode_hold
625.0,-2.5,3.680059437026873,3.774780215096142,0.094398685591936,-0.322092477333058,26.303132881448224,0.28680555555555554,1,anode_hold
626.0,-2.5,3.679956959721604,3.774416408420324,0.0943173447512469,-0.1421039474727159,26.304630922961664,0.28694444444444445,1,anode_hold
627.0,-2.5,3.681010225847877,3.7745913444109216,0.0947818377893615,1.2007192263165931,26.306128964475104,0.28708333333333336,1,anode_hold
628.0,-2.5,3.6808718431522975,3.7744744741402,0.0940257389226721,0.423107934770961,26.30762244386877,0.2872222222222222,1,anode_hold
629.0,-2.5,3.680381677887881,3.774901284208908,0.0942252184965981,-0.294387824428366,26.30911559304222,0.2873611111111111,1,anode_hold
630.0,-2.5,3.6804742219286046,3.7749711017212793,0.0937038105854509,-0.7930692072237733,26.31060874221567,0.2875,1,anode_hold
631.0,-2.5,3.681204761636926,3.774701324953908,0.0942503141650169,0.7537508480353061,26.312100421086456,0.2876388888888889,1,anode_hold
632.0,-2.5,3.680251141802328,3.7746857048074665,0.0936278884281117,-0.8066745770274331,26.313587844425324,0.2877777777777778,1,anode_hold
633.0,-2.5,3.680799125484715,3.774760711432348,0.093470843572037,-0.4907423755962092,26.315075267764197,0.2879166666666667,1,anode_hold
634.0,-2.5,3.6813360444726535,3.7752165574816536,0.093901422884561,0.0209098755608039,26.316561005239635,0.28805555555555556,1,anode_hold
635.0,-2.5,3.680888327946248,3.775053932003648,0.0938709278597246,-0.2946761976754253,26.318042870216765,0.2881944444444445,1,anode_hold
636.0,-2.5,3.681130048055764,3.774723171974129,0.094332387335323,0.7392634169587353,26.31952473519389,0.28833333333333333,1,anode_hold
637.0,-2.5,3.681276763932453,3.775543250965528,0.0938257393564575,-0.4407476766177254,26.32100462949427,0.28847222222222224,1,anode_hold
638.0,-2.5,3.6816853981208,3.7752190719441945,0.0935874784816227,0.0538046582279072,26.322480861076247,0.2886111111111111,1,anode_hold
639.0,-2.5,3.681633462926861,3.775425605151216,0.0935616255510444,-0.2305166733096442,26.32395709265823,0.28875,1,anode_hold
640.0,-2.5,3.681816344702218,3.775768659339736,0.0934849938864609,-0.4673207510572652,26.32543069913189,0.288888888888889,1,anode_hold
641.0,-2.5,3.68197547824064,3.775560083869414,0.0937512382370636,0.1666326082894187,26.32690030731678,0.2890277777777778,1,anode_hold
642.0,-2.5,3.681907049235492,3.775718603309944,0.0933847792669334,-0.4267748075181821,26.32836991550168,0.2891666666666667,1,anode_hold
643.0,-2.5,3.6823324122704673,3.7755143844809695,0.0933366437872963,0.154671576793941,26.329839523686573,0.2893055555555556,1,anode_hold
644.0,-2.5,3.681881729393615,3.775784010076813,0.0933734275575331,-0.5288531256644191,26.331309131871468,0.28944444444444445,1,anode_hold
645.0,-2.5,3.681770755250213,3.775940197806632,0.0937038188639938,-0.4656236924249768,26.33277874005636,0.28958333333333336,1,anode_hold
646.0,-2.5,3.681771307222872,3.775854112799141,0.0932794733574446,-0.8033322188238934,26.3342437114727,0.2897222222222222,1,anode_hold
647.0,-2.5,3.681922514898326,3.77577506546577,0.0934388206516705,-0.4137299157735974,26.335703844781328,0.2898611111111111,1,anode_hold
648.0,-2.5,3.6823481121808497,3.775816271816064,0.0927469001365511,-0.721259498663418,26.337163978089954,0.29000000000000004,1,anode_hold
649.0,-2.5,3.682926730035389,3.775852181859889,0.0933503267825534,0.424874958054211,26.338624111398584,0.2901388888888889,1,anode_hold
650.0,-2.5,3.6827744150623234,3.7760729261947583,0.0934644783636507,0.1659672312159799,26.34008424470721,0.2902777777777778,1,anode_hold
651.0,-2.5,3.6826516904794415,3.7759207399624506,0.092889471938861,-0.3795775441481908,26.341538720393764,0.29041666666666666,1,anode_hold
652.0,-2.5,3.682622804624764,3.7762961089969513,0.0926793106332944,-0.9939937388918628,26.34298902949963,0.29055555555555557,1,anode_hold
653.0,-2.5,3.6828976024476368,3.776059290326093,0.0935266693823527,0.364981503896189,26.3444393386055,0.2906944444444445,1,anode_hold
654.0,-2.5,3.683053406057628,3.776558790532571,0.0932557438054227,-0.2496406695202679,26.34588678111394,0.29083333333333333,1,anode_hold
655.0,-2.5,3.6831278183759184,3.7763637500006353,0.0925580403854074,-0.6778912393095027,26.347331920541738,0.29097222222222224,1,anode_hold
656.0,-2.5,3.6829904271169065,3.7762031263249294,0.0928850082687007,-0.3276909393221672,26.34877705996954,0.2911111111111111,1,anode_hold
657.0,-2.5,3.6834059784031337,3.7765905304585528,0.0929332581592866,-0.2512938961323208,26.35021982557202,0.29125,1,anode_hold
658.0,-2.5,3.683987373333386,3.776207288494524,0.093158422860598,0.9385076994603558,26.351660512280443,0.2913888888888889,1,anode_hold
659.0,-2.5,3.6831633615547954,3.777487218518125,0.0930890928196505,-1.234764143679179,26.353101198988867,0.29152777777777783,1,anode_hold
660.0,-2.5,3.683884606495724,3.776459214819493,0.0929450959110887,0.3704875873196123,26.35453854789984,0.2916666666666667,1,anode_hold
661.0,-2.5,3.68346244923729,3.7766913521187817,0.0930479057619056,-0.1809971195858573,26.35597544496069,0.2918055555555556,1,anode_hold
662.0,-2.5,3.6842986987504376,3.777218103352444,0.0924579949208026,-0.4614096812041168,26.35741029960364,0.29194444444444445,1,anode_hold
663.0,-2.5,3.68416740816822,3.776703766005712,0.0924913817875816,-0.0449760499110496,26.358843059296287,0.29208333333333336,1,anode_hold
664.0,-2.5,3.683914298346476,3.776665068508125,0.0922342932507591,-0.5164769108896294,26.360275437497844,0.2922222222222222,1,anode_hold
665.0,-2.5,3.684722583311503,3.77671624789303,0.0925228033202526,0.5291387387256208,26.36170461631489,0.2923611111111111,1,anode_hold
666.0,-2.5,3.685389962268207,3.777409635978465,0.0929053158621425,0.8856421518848023,26.363133795131944,0.2925,1,anode_hold
667.0,-2.5,3.685031167494763,3.776808971980967,0.0922106734559661,0.4328689697623566,26.36456012006297,0.2926388888888889,1,anode_hold
668.0,-2.5,3.685501339497041,3.7777128860832825,0.0918919210643339,-0.3196255219073407,26.365985331953453,0.2927777777777778,1,anode_hold
669.0,-2.5,3.685285652748405,3.777464721767045,0.091468925107414,-0.7101439112258134,26.36741054384393,0.2929166666666667,1,anode_hold
670.0,-2.5,3.684814128837756,3.777313198211132,0.0922284244328801,-0.2706449404956679,26.36883575573442,0.29305555555555557,1,anode_hold
671.0,-2.5,3.685762853150541,3.777755332492715,0.0920986961953089,0.1062168531351659,26.3702609676249,0.2931944444444445,1,anode_hold
672.0,-2.5,3.685641156991149,3.777487432340688,0.0921374283029756,0.2911529534364021,26.371677153875147,0.29333333333333333,1,anode_hold
673.0,-2.5,3.685478752596346,3.777473678266357,0.0911334519891036,-0.8614736809073875,26.37309281672714,0.29347222222222225,1,anode_hold
674.0,-2.5,3.68630356636828,3.777251430498169,0.0916897220535884,0.7418579236997402,26.37450847957913,0.2936111111111111,1,anode_hold
675.0,-2.5,3.6863049099271943,3.777268961347104,0.0909834092258019,0.0193578058933496,26.375924142431128,0.29375,1,anode_hold
676.0,-2.5,3.686210370814652,3.777834428686687,0.0907199314339018,-0.9041264381326464,26.377338949795924,0.29388888888888887,1,anode_hold
677.0,-2.5,3.686769814719675,3.777230022774901,0.0911605660926787,0.7003580374522755,26.378749608535664,0.2940277777777778,1,anode_hold
678.0,-2.5,3.686389172486903,3.7774335363995535,0.0910645948343006,0.0202309216490448,26.380160267275407,0.2941666666666667,1,anode_hold
679.0,-2.5,3.6869823775996986,3.7775085824572776,0.0909810594692807,0.4548546117018048,26.381569357906763,0.2943055555555556,1,anode_hold
680.0,-2.5,3.68664003346135,3.778011222421997,0.0910279009471071,-0.3432880135401106,26.38297529172363,0.29444444444444445,1,anode_hold
681.0,-2.5,3.68721518173468,3.7776853938522175,0.0910318154178108,0.5616033002726617,26.38438122554049,0.29458333333333336,1,anode_hold
682.0,-2.5,3.686853613801268,3.778106907886151,0.0914122587851717,0.1589647002888661,26.385785111008055,0.2947222222222222,1,anode_hold
683.0,-2.5,3.687755340434297,3.778976536878261,0.0906505234136895,-0.5706730302748042,26.38718688830216,0.29486111111111113,1,anode_hold
684.0,-2.5,3.687509622012153,3.778300692659911,0.0904972979550607,-0.2937726926970363,26.388588665596263,0.29500000000000004,1,anode_hold
685.0,-2.5,3.6879828648218735,3.7788801681685897,0.0904208262284757,-0.4764771182395044,26.38998603430294,0.29513888888888884,1,anode_hold
686.0,-2.5,3.6874256035780872,3.7784703881726247,0.0906922629374796,-0.3525216570579026,26.39138310977892,0.2952777777777778,1,anode_hold
687.0,-2.5,3.687646962889516,3.77816441363961,0.0901297455190758,-0.3877052310179429,26.392778510634,0.29541666666666666,1,anode_hold
688.0,-2.5,3.6881561156469527,3.778389815639585,0.0908585498457389,0.6248498531067348,26.39417120762292,0.29555555555555557,1,anode_hold
689.0,-2.5,3.6871955236688976,3.778427177995841,0.090270359083738,-0.9612952432047628,26.395563904611844,0.2956944444444445,1,anode_hold
690.0,-2.5,3.687810039748878,3.77881752166158,0.0903239561322419,-0.683525780459604,26.39695251608909,0.29583333333333334,1,anode_hold
691.0,-2.5,3.688550845267888,3.7789566002646593,0.090197641987274,-0.2081130094970795,26.39834027469045,0.29597222222222225,1,anode_hold
692.0,-2.5,3.6884912401563024,3.7788722593728896,0.0904618886443291,0.0808694277418808,26.399728033291808,0.2961111111111111,1,anode_hold
693.0,-2.5,3.6887561533387903,3.778768245198551,0.0901122638097247,0.100171949963812,26.401115791893165,0.29625,1,anode_hold
694.0,-2.5,3.6884804094468704,3.7787197670287935,0.0902876215109109,0.0482639289876019,26.40250355049452,0.2963888888888889,1,anode_hold
695.0,-2.5,3.688854141166576,3.778896785076333,0.0905205698608933,0.477925951136271,26.40388584417078,0.29652777777777783,1,anode_hold
696.0,-2.5,3.688577602979516,3.77882189487491,0.0906238554474286,0.3795635520345009,26.40526598040189,0.2966666666666667,1,anode_hold
697.0,-2.5,3.6884971830587783,3.778917309294672,0.0906129166185325,0.1927903826390853,26.406646116632995,0.2968055555555556,1,anode_hold
698.0,-2.5,3.688512247585437,3.7799555273495855,0.0900208435601994,-1.422436203949662,26.408026252864104,0.29694444444444446,1,anode_hold
699.0,-2.5,3.688967793273338,3.779551215207938,0.0902520730871429,-0.3313488474572246,26.409405273801408,0.29708333333333337,1,anode_hold
700.0,-2.5,3.6890865320893673,3.7790425129084855,0.0897326017617894,-0.2233790573287208,26.41077593064448,0.2972222222222222,1,anode_hold
701.0,-2.5,3.689180309668263,3.779425820188957,0.0901658472970446,-0.0796632236492733,26.412146587487552,0.2973611111111112,1,anode_hold
702.0,-2.5,3.68842238976769,3.779588117012111,0.0899971850050632,-1.1685422393572509,26.41351724433062,0.2975,1,anode_hold
703.0,-2.5,3.689008602055939,3.77954396874961,0.089854457948427,-0.6809087452439577,26.41488522751111,0.2976388888888889,1,anode_hold
704.0,-2.5,3.6895730369689743,3.779422915273372,0.0901799841920784,0.3301058876812313,26.41625033243684,0.2977777777777778,1,anode_hold
705.0,-2.5,3.6899435752837935,3.7797984794236585,0.0901999537435833,0.3450496037191719,26.41761543736257,0.29791666666666666,1,anode_hold
706.0,-2.5,3.689808476087783,3.7798004028779264,0.089349608753788,-0.6423180363550607,26.4189805422883,0.2980555555555556,1,anode_hold
707.0,-2.5,3.6898461500374737,3.779974050615093,0.0898241940359503,-0.3037065416688911,26.420341133305595,0.29819444444444443,1,anode_hold
708.0,-2.5,3.689544232377728,3.7802317310189073,0.0895458177859104,-1.1416808552695557,26.42170089945312,0.29833333333333334,1,anode_hold
709.0,-2.5,3.6909707792694593,3.779804948793113,0.0897471947729083,0.9130252492548508,26.423060665600644,0.29847222222222225,1,anode_hold
710.0,-2.5,3.690161329078804,3.780095132172444,0.0894291690333194,-0.5046340603209742,26.42441934209222,0.2986111111111111,1,anode_hold
711.0,-2.5,3.691123175222184,3.7799644235915344,0.089553853204841,0.7126048354906267,26.425773904898737,0.29875000000000007,1,anode_hold
712.0,-2.5,3.691212855774203,3.7799201325360383,0.0899302834528576,1.223006691022377,26.42712846770525,0.29888888888888887,1,anode_hold
713.0,-2.5,3.6909533224871054,3.780085724646881,0.0896319156024941,0.4995134427194792,26.42848303051176,0.29902777777777784,1,anode_hold
714.0,-2.5,3.690824014284441,3.780377477301073,0.0889199526058976,-0.6335104107346723,26.429834652068227,0.29916666666666675,1,anode_hold
715.0,-2.5,3.691158745489492,3.7802172802664655,0.0897738535672573,0.7153187902830815,26.43118408479958,0.2993055555555556,1,anode_hold
716.0,-2.5,3.690896451962103,3.780170748451072,0.0886561832287775,-0.6181132601921213,26.432533517530928,0.29944444444444446,1,anode_hold
717.0,-2.5,3.691443867316502,3.7803082426256656,0.0888632152901984,-0.0011600189657734,26.43388295026228,0.2995833333333334,1,anode_hold
718.0,-2.5,3.691485921131352,3.78063877752824,0.0889229357445226,-0.2299206523659336,26.43522758418589,0.2997222222222222,1,anode_hold
719.0,-2.5,3.691763752320409,3.781087768919836,0.0890655984573152,-0.2584181421125819,26.43657189684933,0.2998611111111112,1,anode_hold
720.0,-2.5,3.692008419247644,3.7811191722104462,0.0891725396029867,0.0617866401846356,26.43791620951277,0.30000000000000004,1,anode_hold
721.0,-2.5,3.69236028690971,3.780338761218987,0.089046443045071,1.067968735794178,26.43925865985881,0.3001388888888889,1,anode_hold
722.0,-2.5,3.6918364954233134,3.780784986314996,0.08895384270445,0.0053518127676177,26.440596789010613,0.3002777777777778,1,anode_hold
723.0,-2.5,3.6923785615091793,3.781119034629218,0.0888745920242247,0.1341189041861312,26.441934918162413,0.30041666666666667,1,anode_hold
724.0,-2.5,3.6919405989198446,3.7808934337472895,0.0887238863917024,-0.2289484357422821,26.443273047314214,0.3005555555555556,1,anode_hold
725.0,-2.5,3.69202228511996,3.78104104355454,0.0889363806817997,-0.0823777527800828,26.44461117646602,0.30069444444444443,1,anode_hold
726.0,-2.5,3.6922177924838016,3.780877718723432,0.0885209329808074,-0.1389932588216069,26.445949305617823,0.30083333333333334,1,anode_hold
727.0,-2.5,3.692221174527844,3.781272317184226,0.089224712717263,0.1735700608809232,26.447287434769624,0.3009722222222222,1,anode_hold
728.0,-2.5,3.6929223751644864,3.7812552652916103,0.0882836782214973,-0.0492119056270112,26.44862515685909,0.3011111111111111,1,anode_hold
729.0,-2.5,3.693017024607091,3.781108322113203,0.0884520223478882,0.3607248417760722,26.449949256517467,0.30125,1,anode_hold
730.0,-2.5,3.6932335021862297,3.781588679789854,0.0890988661735542,0.7436885699299012,26.45127335617584,0.30138888888888893,1,anode_hold
731.0,-2.5,3.692955974959904,3.781809897096466,0.0886474106178047,-0.2065115187570576,26.45259745583421,0.3015277777777778,1,anode_hold
732.0,-2.5,3.693157635934075,3.781716335028481,0.0882103278413453,-0.348371253060975,26.453921555492588,0.3016666666666667,1,anode_hold
733.0,-2.5,3.6930135497522354,3.781303699229537,0.088691612417923,0.4014629406214887,26.45524565515096,0.30180555555555555,1,anode_hold
734.0,-2.5,3.6929535458740257,3.78179135355702,0.0886590207325176,-0.1787869504767947,26.456569754809337,0.30194444444444446,1,anode_hold
735.0,-2.5,3.693548124152664,3.782012506999292,0.0884001027814,-0.0642800652284059,26.457891203665287,0.3020833333333333,1,anode_hold
736.0,-2.5,3.6936133687756114,3.782180570125796,0.0883276635641414,-0.2395377860433534,26.459209827260043,0.3022222222222222,1,anode_hold
737.0,-2.5,3.693319590997412,3.782276334957065,0.0887287690703224,-0.2279748893307953,26.4605284508548,0.3023611111111111,1,anode_hold
738.0,-2.5,3.693946132851635,3.782268593838342,0.0879387630875021,-0.3836978992044493,26.46184707444956,0.3025,1,anode_hold
739.0,-2.5,3.693371536362526,3.7820058461850494,0.0882749833890781,-0.35932643344605,26.46316146218785,0.3026388888888889,1,anode_hold
740.0,-2.5,3.6939651690408,3.782281852014222,0.0881338010944409,-0.1828818789810782,26.46447468085595,0.3027777777777778,1,anode_hold
741.0,-2.5,3.6939545884556337,3.782406177787904,0.0875035274320579,-0.948061900212238,26.46578789952405,0.3029166666666667,1,anode_hold
742.0,-2.5,3.6941100707988497,3.78230346791172,0.0879956879228039,-0.1977091900666749,26.467100676318463,0.3030555555555556,1,anode_hold
743.0,-2.5,3.694072914710433,3.7824365599834,0.0876629430510869,-0.7007022218803449,26.468408592603826,0.3031944444444445,1,anode_hold
744.0,-2.5,3.6948127986377233,3.782106527395484,0.0880323509996385,0.7386222418781507,26.469716508889185,0.30333333333333334,1,anode_hold
745.0,-2.5,3.694825933247184,3.782569110582116,0.0880477998077803,0.3046224728486812,26.471024425174548,0.30347222222222225,1,anode_hold
746.0,-2.5,3.695141314413912,3.782418806823185,0.0882787565641942,1.0012641549210777,26.47233098967716,0.3036111111111111,1,anode_hold
747.0,-2.5,3.694957254623838,3.7825758182266567,0.0874650814000528,-0.1534822027657867,26.47363537619951,0.3037500000000001,1,anode_hold
748.0,-2.5,3.6946605064083617,3.783194709688687,0.0880484576900895,-0.48574559023562,26.47493976272186,0.3038888888888889,1,anode_hold
749.0,-2.5,3.695068039134614,3.7828266929191496,0.0870297640955404,-0.7288896889954266,26.476244149244213,0.3040277777777778,1,anode_hold
750.0,-2.5,3.69495652743609,3.782922471951971,0.0871487606792275,-0.8171838366535233,26.47754534255663,0.3041666666666667,1,anode_hold
751.0,-2.5,3.6955804626477136,3.7827154091555633,0.0879469552047293,0.8120086968803619,26.47884505106217,0.30430555555555555,1,anode_hold
752.0,-2.5,3.695938477197454,3.7825326767899767,0.0872741709856087,0.6799713930858431,26.480144759567708,0.30444444444444446,1,anode_hold
753.0,-2.5,3.695806133856732,3.782684568925134,0.0874393161517267,0.5608810833250821,26.48144446807325,0.3045833333333333,1,anode_hold
754.0,-2.5,3.6956555791340993,3.783013127048076,0.0870982741707334,-0.2592737432429715,26.482737177133497,0.3047222222222222,1,anode_hold
755.0,-2.5,3.695852286114316,3.783115032155075,0.086683738198734,-0.5790078420253586,26.48402975957167,0.30486111111111114,1,anode_hold
756.0,-2.5,3.696152368094664,3.782720584568284,0.087445174678909,0.8769582052883251,26.485322342009844,0.30500000000000005,1,anode_hold
757.0,-2.5,3.695783512051066,3.78312498089432,0.0869315734217485,-0.4098954215048245,26.48661371306357,0.3051388888888889,1,anode_hold
758.0,-2.5,3.696383384748508,3.78339391942057,0.0873569629917544,0.3464283196925599,26.487901207064755,0.3052777777777778,1,anode_hold
759.0,-2.5,3.696519438305186,3.78322248897536,0.0869772796320723,0.2742289618984372,26.48918870106594,0.30541666666666667,1,anode_hold
760.0,-2.5,3.696417700915632,3.783422544901767,0.0872085861484697,0.2037421623346524,26.490476195067128,0.3055555555555556,1,anode_hold
761.0,-2.5,3.696572394942564,3.783638928882864,0.0876516427822189,0.5851088419190908,26.49176140100637,0.30569444444444444,1,anode_hold
762.0,-2.5,3.696860925120836,3.7840347502291,0.0869519465075247,-0.2218786007395223,26.49304426237573,0.30583333333333335,1,anode_hold
763.0,-2.5,3.696675451278965,3.78384445798397,0.0869427683498477,-0.2262383551578928,26.494327123745084,0.3059722222222222,1,anode_hold
764.0,-2.5,3.6967859911975207,3.784264218696002,0.0863696516935456,-1.1085758049356187,26.49560946292163,0.3061111111111111,1,anode_hold
765.0,-2.5,3.697370441487907,3.783477911503224,0.086949768209102,0.8422981937847851,26.496888118234057,0.30625,1,anode_hold
766.0,-2.5,3.697307781637311,3.784336963079752,0.0862911335590001,-0.7380478834413395,26.49816677354648,0.30638888888888893,1,anode_hold
767.0,-2.5,3.697848170518202,3.7839735526719873,0.0864302181615874,0.3048360078024004,26.499444991494787,0.3065277777777778,1,anode_hold
768.0,-2.5,3.697146816653572,3.784388876209224,0.0864637453428795,-0.7783142127721909,26.50071886053736,0.3066666666666667,1,anode_hold
769.0,-2.5,3.697007558913948,3.784753284727092,0.0866430191162024,-1.102706696941791,26.50199272957993,0.30680555555555555,1,anode_hold
770.0,-2.5,3.697921789218877,3.784517839839891,0.0862111883546824,-0.3848622663311651,26.503266347717275,0.30694444444444446,1,anode_hold
771.0,-2.5,3.698019377075624,3.784431956906379,0.0867619451695521,0.3493653387964812,26.504535935483457,0.3070833333333333,1,anode_hold
772.0,-2.5,3.697603456948525,3.78484810491794,0.0861289096259483,-1.1157383434667878,26.50580552324964,0.30722222222222223,1,anode_hold
773.0,-2.5,3.6974771376699302,3.784304631181608,0.0870179014239037,0.1904079122270197,26.50707498659974,0.3073611111111111,1,anode_hold
774.0,-2.5,3.697992623841499,3.7848243717455183,0.0865622540205199,-0.2694938834992832,26.508339757930955,0.3075,1,anode_hold
775.0,-2.5,3.6975701956471543,3.7847015955907146,0.0864480962283467,-0.6833037152129684,26.509604529262173,0.3076388888888889,1,anode_hold
776.0,-2.5,3.6980821641149793,3.784770079617181,0.0864841331332297,-0.2037823689713391,26.510869300593388,0.3077777777777778,1,anode_hold
777.0,-2.5,3.697618866094032,3.784548313514176,0.0863680521959496,-0.5613952241940723,26.512134071924606,0.30791666666666667,1,anode_hold
778.0,-2.5,3.698291042270025,3.784895001965172,0.0864714981276854,-0.1324615674613838,26.51339884325582,0.30805555555555564,1,anode_hold
779.0,-2.5,3.6978153071630953,3.784974036120542,0.0860237634499533,-1.1349655074934797,26.51466361458704,0.30819444444444444,1,anode_hold
780.0,-2.5,3.698472225394276,3.784930583886781,0.0864674009591637,0.009042466659892,26.515921277939537,0.3083333333333334,1,anode_hold
781.0,-2.5,3.699090514745212,3.7851042389251153,0.0867135793856203,0.699855205717359,26.51717864731781,0.30847222222222226,1,anode_hold
782.0,-2.5,3.6986472368916816,3.784666018431975,0.0855447631735804,-0.4740183667126807,26.51843601669608,0.3086111111111111,1,anode_hold
783.0,-2.5,3.6990503011263223,3.7854227740624826,0.0857555719617795,-0.6169009743803855,26.519693386074355,0.30875,1,anode_hold
784.0,-2.5,3.698718890620688,3.785141575402264,0.0868341339629459,0.4114491813700383,26.520950755452628,0.3088888888888889,1,anode_hold
785.0,-2.5,3.698741538280663,3.785357997943932,0.0864212480935885,-0.1952115696806089,26.522202363176618,0.3090277777777778,1,anode_hold
786.0,-2.5,3.698659777526983,3.7851692843489055,0.085929690629582,-0.5798161923404876,26.52345183144029,0.3091666666666667,1,anode_hold
787.0,-2.5,3.6995212114248464,3.7853226984723127,0.085937595950323,0.1361089028568685,26.524701299703963,0.30930555555555556,1,anode_hold
788.0,-2.5,3.6992955414050823,3.78530600315188,0.0859270495807662,-0.0834121660311382,26.52594843027528,0.30944444444444447,1,anode_hold
789.0,-2.5,3.699907374987926,3.7859372562828018,0.085829535354186,-0.2003459406894059,26.527193205673026,0.3095833333333333,1,anode_hold
790.0,-2.5,3.699174778137868,3.78539357243606,0.0863204709897848,0.1016766915924449,26.52843798107076,0.3097222222222222,1,anode_hold
791.0,-2.5,3.699571400362963,3.785486936525136,0.0858975262033844,-0.018009958788312,26.52968184239465,0.30986111111111114,1,anode_hold
792.0,-2.5,3.699777917322335,3.785726847935004,0.0856751877198836,-0.2737428927850338,26.530923194993424,0.31000000000000005,1,anode_hold
793.0,-2.5,3.700293645998184,3.7854902294132176,0.0855042964056694,0.307712990635256,26.532164547592195,0.3101388888888889,1,anode_hold
794.0,-2.5,3.700534416855909,3.785618812483112,0.0858774717272589,0.7930761000563002,26.533404396389606,0.3102777777777778,1,anode_hold
795.0,-2.5,3.699914685869677,3.7860531261348105,0.0859728382343487,-0.1656020307843064,26.534641561057768,0.3104166666666667,1,anode_hold
796.0,-2.5,3.6998907061197976,3.786148140047417,0.0863445960155425,0.0871620879232537,26.53587872572593,0.3105555555555556,1,anode_hold
797.0,-2.5,3.699833912275258,3.786356486849765,0.0851774985739643,-1.3450760005428997,26.53711430995476,0.31069444444444444,1,anode_hold
798.0,-2.5,3.700883056882789,3.7863371016946914,0.0857527498440876,0.2987050321854312,26.53834797113961,0.31083333333333335,1,anode_hold
799.0,-2.5,3.7005830156763615,3.786020266467009,0.0851835148472145,-0.2537359434331421,26.53958163232447,0.3109722222222222,1,anode_hold
800.0,-2.5,3.700545158723029,3.786040786526645,0.0859774549871646,0.4818271835484999,26.54081321459241,0.3111111111111111,1,anode_hold
801.0,-2.5,3.700857261057612,3.786724748604785,0.0849544146942752,-0.9130728528981004,26.542043048120647,0.31125,1,anode_hold
802.0,-2.5,3.700238311780193,3.785845647396885,0.0855336152906085,-0.0737203260836594,26.54327288164888,0.31138888888888894,1,anode_hold
803.0,-2.5,3.700621285676643,3.786608648758072,0.0856464440142015,-0.3409190672272189,26.54450271517712,0.3115277777777778,1,anode_hold
804.0,-2.5,3.701552707532783,3.786835677818814,0.0852374378553269,-0.0455324307044868,26.545732548705352,0.3116666666666667,1,anode_hold
805.0,-2.5,3.7015240678752495,3.787052949251677,0.0850447821164907,-0.4840992599368654,26.546962382233588,0.31180555555555556,1,anode_hold
806.0,-2.5,3.701586341360436,3.787181571814644,0.085326775303607,-0.2684551506013655,26.548187488580645,0.31194444444444447,1,anode_hold
807.0,-2.5,3.701377909375226,3.787168641505664,0.0855286894685749,-0.2620426618626936,26.549410821415844,0.3120833333333333,1,anode_hold
808.0,-2.5,3.7019917168988608,3.7874874210977545,0.0853249845605626,-0.1707196383309295,26.550634154251043,0.3122222222222222,1,anode_hold
809.0,-2.5,3.702485982917705,3.7864611771703536,0.0851637322375301,1.1885379848819433,26.55185748708624,0.3123611111111111,1,anode_hold
810.0,-2.5,3.7017221287851,3.786980174246749,0.0855790317490139,0.3209862873645441,26.55308081992144,0.31249999999999994,1,anode_hold
811.0,-2.5,3.702230958253151,3.787240320935483,0.0849728808733683,-0.0364818089635399,26.55430415275664,0.3126388888888889,1,anode_hold
812.0,-2.5,3.7022317823866646,3.786542273312365,0.0849210081106337,0.6105171849335456,26.55552110345335,0.3127777777777777,1,anode_hold
813.0,-2.5,3.702606227882773,3.787057564361378,0.0845185520699024,0.0672155912977423,26.556737432429824,0.3129166666666667,1,anode_hold
814.0,-2.5,3.7026378235954502,3.787701153314343,0.0846585426253062,-0.4047870935863784,26.557953761406296,0.31305555555555553,1,anode_hold
815.0,-2.5,3.702725172000117,3.787230842431741,0.0848627201497572,0.3570497181333287,26.559170090382768,0.31319444444444444,1,anode_hold
816.0,-2.5,3.7026403202097975,3.787795283749389,0.0843457575744034,-0.8092059651882977,26.560386419359244,0.31333333333333335,1,anode_hold
817.0,-2.5,3.703035255718957,3.787759961490517,0.084439554822389,-0.2851509491708093,26.561601747807565,0.31347222222222226,1,anode_hold
818.0,-2.5,3.702984630270475,3.787993865180738,0.0845800834678903,-0.4291514423724329,26.56280757612368,0.3136111111111111,1,anode_hold
819.0,-2.5,3.703253984967679,3.787959823107868,0.0842627023567253,-0.443135783462889,26.56401340443979,0.31375000000000003,1,anode_hold
820.0,-2.5,3.703407836131305,3.7879470745353023,0.0837617731690093,-0.7774652349881173,26.565219232755904,0.3138888888888889,1,anode_hold
821.0,-2.5,3.703752165243501,3.788060766226685,0.0843348297410601,0.0262287578758346,26.56642506107201,0.3140277777777778,1,anode_hold
822.0,-2.5,3.703510167711236,3.787672135900046,0.0844909615347348,0.3289933459247329,26.567630889388127,0.31416666666666665,1,anode_hold
823.0,-2.5,3.703714349801631,3.7884985733828063,0.0840969481276785,-0.6872754534965608,26.568834866952447,0.31430555555555556,1,anode_hold
824.0,-2.5,3.704253097696659,3.7880059313565457,0.08424762889086,0.4947952309728443,26.57003406965873,0.3144444444444444,1,anode_hold
825.0,-2.5,3.7039861412309074,3.787906852084631,0.0836177416288654,-0.3029692248581739,26.57123327236502,0.3145833333333333,1,anode_hold
826.0,-2.5,3.704093181886908,3.788352716791569,0.0842986298872254,0.0390949825650466,26.572432475071302,0.31472222222222224,1,anode_hold
827.0,-2.5,3.7045511839607466,3.787877148934992,0.0838305118955049,0.5045469212592302,26.57363167777759,0.31486111111111115,1,anode_hold
828.0,-2.5,3.704489503189282,3.7889749509461614,0.0839301821464801,-0.5552656103993137,26.574827689369943,0.315,1,anode_hold
829.0,-2.5,3.704548147243904,3.789134720191313,0.0836179665436265,-0.9686064037826014,26.576021607975992,0.3151388888888889,1,anode_hold
830.0,-2.5,3.704699862225219,3.7888564089260055,0.084336230738725,0.1796840379384434,26.57721552658204,0.31527777777777777,1,anode_hold
831.0,-2.5,3.7043751266108367,3.788301345815151,0.0838777855987212,-0.0484336055928125,26.578409445188083,0.3154166666666667,1,anode_hold
832.0,-2.5,3.704993557677342,3.7887831060804986,0.0844310003127935,0.6414519096371585,26.57959959173045,0.31555555555555553,1,anode_hold
833.0,-2.5,3.7053594665247247,3.788803255379908,0.0835891273907211,0.1453385355381087,26.580788345505,0.3156944444444444,1,anode_hold
834.0,-2.5,3.705242532619804,3.788636031304807,0.0838308457504204,0.4373470654175371,26.581977099279552,0.3158333333333333,1,anode_hold
835.0,-2.5,3.704707935120152,3.788777295849094,0.0837936096998735,-0.2757510290689602,26.583165853054105,0.31597222222222215,1,anode_hold
836.0,-2.5,3.705361107420102,3.78906884163455,0.0831168811933073,-0.5908530211407026,26.584350489059528,0.3161111111111111,1,anode_hold
837.0,-2.5,3.705104535204583,3.7888598558023534,0.0834517331902677,-0.3035874075036915,26.585534436644863,0.3162499999999999,1,anode_hold
838.0,-2.5,3.705408174141808,3.7890691809946926,0.083448671833896,-0.2123350189884298,26.5867183842302,0.3163888888888889,1,anode_hold
839.0,-2.5,3.705613139447255,3.789163664008524,0.0840383307703979,0.4878062091289159,26.587900516176425,0.3165277777777778,1,anode_hold
840.0,-2.5,3.705311194676478,3.7888481046918208,0.0836219813585291,0.0850713431863603,26.58907956389497,0.31666666666666665,1,anode_hold
841.0,-2.5,3.706164272767412,3.789196773822301,0.0832423036442032,0.2098025893135791,26.590258611613518,0.31680555555555556,1,anode_hold
842.0,-2.5,3.705837479939837,3.789242772177417,0.0835965080753603,0.1912158377805894,26.591437659332065,0.3169444444444445,1,anode_hold
843.0,-2.5,3.706186189410742,3.78992007949054,0.0829002256188061,-0.8336644609916455,26.59261257902257,0.31708333333333333,1,anode_hold
844.0,-2.5,3.70622864485788,3.789552299970711,0.0835050235814346,0.1813684686031713,26.593786958787167,0.31722222222222224,1,anode_hold
845.0,-2.5,3.706531141308208,3.789706406692952,0.0834489750740113,0.2737096892668766,26.59496133855176,0.3173611111111111,1,anode_hold
846.0,-2.5,3.706573703363284,3.789725018483445,0.0838224101399064,0.6710950197454935,26.596133632859736,0.3175,1,anode_hold
847.0,-2.5,3.705860003381196,3.789723988680822,0.0833730064683699,-0.4909788312565943,26.5973027743409,0.3176388888888889,1,anode_hold
848.0,-2.5,3.706401173296453,3.789822556035867,0.0828634536190597,-0.5579291203550163,26.598471915822067,0.31777777777777777,1,anode_hold
849.0,-2.5,3.705833786957852,3.7898349766807167,0.0835430924947621,-0.4580972281025275,26.59964105730323,0.3179166666666667,1,anode_hold
850.0,-2.5,3.706426154105632,3.789315739638955,0.0840084940380017,1.1189085046785507,26.600810198784394,0.31805555555555554,1,anode_hold
851.0,-2.5,3.706860592593236,3.7900213002484673,0.0831340092840973,-0.026698371133893,26.60197934026556,0.31819444444444445,1,anode_hold
852.0,-2.5,3.70700633337053,3.78989651176533,0.0833417972784595,0.4516188836598545,26.60314848174672,0.31833333333333336,1,anode_hold
853.0,-2.5,3.7072058738320086,3.7900640249613793,0.0830709397174984,0.21278858812801,26.60431424937245,0.31847222222222227,1,anode_hold
854.0,-2.5,3.70679456263062,3.78993954542891,0.0833176009015858,0.1726181032961626,26.60547546520008,0.3186111111111111,1,anode_hold
855.0,-2.5,3.7070922550308216,3.7900233347479344,0.082797453711634,-0.1336260054785043,26.6066366810277,0.31875000000000003,1,anode_hold
856.0,-2.5,3.707113937776706,3.790367565021148,0.0836087913812245,0.3551641367831593,26.607797896855327,0.3188888888888889,1,anode_hold
857.0,-2.5,3.707553311611961,3.790299698460203,0.0839290203815996,1.182633533356903,26.608959112682957,0.3190277777777778,1,anode_hold
858.0,-2.5,3.707738165446604,3.790523351587961,0.082917957154359,0.1327710130016868,26.61012032851058,0.31916666666666665,1,anode_hold
859.0,-2.5,3.7072435898258216,3.7906476033637735,0.0832972506310354,-0.1067629069164688,26.61128032427983,0.3193055555555555,1,anode_hold
860.0,-2.5,3.7085822489251066,3.790647759812531,0.0830091487008077,0.9436378133829136,26.6124334334433,0.3194444444444444,1,anode_hold
861.0,-2.5,3.7075416548341735,3.790755199694201,0.0831785503286925,-0.0349945313349309,26.61358654260677,0.31958333333333333,1,anode_hold
862.0,-2.5,3.70752850914394,3.790617382094586,0.0834565550712345,0.3676821205891301,26.614739651770243,0.31972222222222224,1,anode_hold
863.0,-2.5,3.707919747113719,3.790800250059336,0.0833254938837694,0.4449909381518679,26.61589001368035,0.31986111111111115,1,anode_hold
864.0,-2.5,3.708071736235748,3.791124287650515,0.0835418186037926,0.4892671890255329,26.617038897980223,0.32,1,anode_hold
865.0,-2.5,3.708112446214195,3.790956843716629,0.0831630348221501,0.3186373197161529,26.618187782280103,0.3201388888888889,1,anode_hold
866.0,-2.5,3.707859346829145,3.79125555577809,0.0830852415798454,-0.3109673690988579,26.61933610709917,0.3202777777777778,1,anode_hold
867.0,-2.5,3.708609269010083,3.791172114022956,0.0838219576429179,1.2591126300454114,26.62048126193184,0.3204166666666666,1,anode_hold
868.0,-2.5,3.708296754777226,3.791527090880153,0.083274783168404,0.0444470654770157,26.62162641676451,0.32055555555555554,1,anode_hold
869.0,-2.5,3.708855027567492,3.7910097085583456,0.083000141822341,0.845460831487177,26.62277157159718,0.3206944444444444,1,anode_hold
870.0,-2.5,3.708931788824054,3.7914530104871735,0.0827067271201506,0.1855054570309988,26.623913423449476,0.3208333333333333,1,anode_hold
871.0,-2.5,3.7082520988680674,3.7916926054687305,0.0829477441214452,-0.492762479217923,26.62505527463546,0.3209722222222222,1,anode_hold
872.0,-2.5,3.708461329653823,3.791287931401012,0.0830976093414593,0.2710075942711221,26.626196518062773,0.3211111111111111,1,anode_hold
873.0,-2.5,3.7085809569363257,3.791632217123341,0.0829039300761909,-0.1473301108241287,26.62733467695968,0.32125000000000004,1,anode_hold
874.0,-2.5,3.7090819534316135,3.791762079519729,0.0826356081778732,-0.0445179102426251,26.628472835856588,0.3213888888888889,1,anode_hold
875.0,-2.5,3.709150921400923,3.791696406331113,0.08259351187269,0.0480269424998347,26.629609920110298,0.3215277777777778,1,anode_hold
876.0,-2.5,3.7093467904699247,3.7920792702663535,0.0825450295238861,-0.187450272542744,26.630744816640046,0.32166666666666666,1,anode_hold
877.0,-2.5,3.709153935389141,3.791980035864525,0.082205206446375,-0.6208940290077791,26.63187971316979,0.32180555555555557,1,anode_hold
878.0,-2.5,3.7096589689967,3.7918797007614056,0.0821057945030297,-0.1149372616753297,26.63301279806756,0.3219444444444445,1,anode_hold
879.0,-2.5,3.710087320988184,3.7922704521196215,0.0818826802973213,-0.3004508341164502,26.634144028882837,0.32208333333333333,1,anode_hold
880.0,-2.5,3.709400676009188,3.792205733517812,0.082110844413471,-0.6942130951532732,26.6352752596981,0.32222222222222224,1,anode_hold
881.0,-2.5,3.709877580668814,3.793002260998513,0.0826349253312277,-0.4897549984708149,26.63640649051337,0.3223611111111111,1,anode_hold
882.0,-2.5,3.710145985786587,3.791775242398287,0.0821837447288438,0.5544881171442029,26.63753772132864,0.3225,1,anode_hold
883.0,-2.5,3.710167533704989,3.792359443636064,0.0817446979582951,-0.4472119727791934,26.63866895214391,0.3226388888888889,1,anode_hold
884.0,-2.5,3.710280515861036,3.7923698588419072,0.0817764894722321,-0.3128535086394102,26.63979538731021,0.3227777777777778,1,anode_hold
885.0,-2.5,3.711003140808974,3.7924537609664015,0.081395913444534,-0.0547067128944256,26.64092079687341,0.3229166666666667,1,anode_hold
886.0,-2.5,3.710990289384193,3.791933195132221,0.0819561303301104,1.0132245820830832,26.6420462064366,0.32305555555555554,1,anode_hold
887.0,-2.5,3.7109928951349023,3.79262522655126,0.0821351274506602,0.5027960343024773,26.643171615999798,0.32319444444444445,1,anode_hold
888.0,-2.5,3.710642424302034,3.792501778508477,0.0814879274656826,-0.3714267407608496,26.644297025562988,0.32333333333333336,1,anode_hold
889.0,-2.5,3.71167043740833,3.7929515009737176,0.0814571654348933,0.1761018695058958,26.64541601438873,0.32347222222222227,1,anode_hold
890.0,-2.5,3.711231906193455,3.7924883603351103,0.0816075707362656,0.3511165946101791,26.64653292584305,0.3236111111111111,1,anode_hold
891.0,-2.5,3.711075622614085,3.79338763772852,0.0817547045090925,-0.5573106053420318,26.647649837297383,0.32375000000000004,1,anode_hold
892.0,-2.5,3.711273182214796,3.792941192633029,0.0816768392551652,0.0088288369317623,26.64876674875172,0.3238888888888889,1,anode_hold
893.0,-2.5,3.711352976815788,3.792881230392886,0.0815080971249977,-0.020156452100295,26.64988366020605,0.3240277777777778,1,anode_hold
894.0,-2.5,3.7122549319085967,3.7931900158678578,0.0816532303131715,0.7181463539103206,26.65099696814426,0.32416666666666666,1,anode_hold
895.0,-2.5,3.71179598101314,3.79273943618053,0.0813502317855761,0.406776618186111,26.652108636446727,0.32430555555555557,1,anode_hold
896.0,-2.5,3.711869074830348,3.7929319576801777,0.0814544463072097,0.3915634573803395,26.65322030474919,0.3244444444444444,1,anode_hold
897.0,-2.5,3.7113199492826983,3.7934840246886368,0.0817840378586705,-0.3800375472673423,26.654331973051654,0.32458333333333333,1,anode_hold
898.0,-2.5,3.7122988002610993,3.793290524386658,0.0811689967585054,0.1772726329467566,26.655441543906107,0.32472222222222225,1,anode_hold
899.0,-2.5,3.711868019868907,3.7934779639216174,0.0811560882500873,-0.4538558026241368,26.65654902636779,0.32486111111111104,1,anode_hold
900.0,-2.5,3.7119543931365255,3.7928578899770087,0.0815247328533128,0.6212360128294847,26.65765650882948,0.325,1,anode_hold
901.0,-2.5,3.712584771427173,3.7931902113035103,0.0810949387746676,0.4894988983301651,26.658763872231862,0.32513888888888887,1,anode_hold
902.0,-2.5,3.7122432553959457,3.793160854469187,0.0811680986767743,0.250499603533072,26.659867202951137,0.3252777777777778,1,anode_hold
903.0,-2.5,3.712854302269572,3.7942243793552217,0.0806780780872197,-0.6919989984299768,26.660970533670408,0.3254166666666667,1,anode_hold
904.0,-2.5,3.713041393544124,3.7937577384821233,0.0809210863500325,0.2047414120327495,26.662073864389683,0.3255555555555556,1,anode_hold
905.0,-2.5,3.7122660395581777,3.794255651293687,0.0810851081772758,-0.9045035582335714,26.66317490978812,0.3256944444444445,1,anode_hold
906.0,-2.5,3.7128574718241474,3.793866366848853,0.081155776950103,0.1468819253975795,26.66427413222972,0.3258333333333333,1,anode_hold
907.0,-2.5,3.712521606244218,3.7943272457593697,0.081252293169128,-0.5533463460234422,26.665373354671324,0.3259722222222222,1,anode_hold
908.0,-2.5,3.713070307527583,3.793928699564048,0.0812663353614164,0.4079433249515318,26.66647217895504,0.32611111111111113,1,anode_hold
909.0,-2.5,3.713454289112732,3.794023352268855,0.0811327489136121,0.5636857574891074,26.667566653935317,0.32625000000000004,1,anode_hold
910.0,-2.5,3.712863223506161,3.794190044229196,0.0810244333830897,-0.3023873399454757,26.66866112891559,0.3263888888888889,1,anode_hold
911.0,-2.5,3.713904761655907,3.794329463476168,0.0811386532986523,0.7139514783913725,26.66975560389587,0.3265277777777778,1,anode_hold
912.0,-2.5,3.713362363367774,3.7937803201006752,0.081123456599645,0.7054998667439527,26.670850078876143,0.32666666666666666,1,anode_hold
913.0,-2.5,3.7131922273661786,3.794442894596615,0.0813575354154253,0.1068681849893948,26.671944553856424,0.32680555555555557,1,anode_hold
914.0,-2.5,3.713601444497349,3.7942370342475145,0.080879291209227,0.243701459061274,26.6730390288367,0.3269444444444445,1,anode_hold
915.0,-2.5,3.713968256440524,3.794387359001707,0.0809319889771097,0.5128864159265056,26.6741325544213,0.3270833333333334,1,anode_hold
916.0,-2.5,3.7134108286288576,3.794577309772172,0.0813413676075964,0.1748864642818759,26.67522020207184,0.3272222222222222,1,anode_hold
917.0,-2.5,3.713917913424782,3.794614885017197,0.0811058816364762,0.4089100440611837,26.676307849722384,0.3273611111111111,1,anode_hold
918.0,-2.5,3.7135987340597048,3.794786572680704,0.0804951910299402,-0.6926475910584706,26.677395497372927,0.3275,1,anode_hold
919.0,-2.5,3.714465426255504,3.795198049877012,0.0807302250564424,-0.0023985650661195,26.67848314502347,0.3276388888888889,1,anode_hold
920.0,-2.5,3.714244008867356,3.795282362014774,0.0807681121219634,-0.2702410254542542,26.679570792674014,0.3277777777777778,1,anode_hold
921.0,-2.5,3.7141662811990153,3.7955433591546246,0.0807914824355402,-0.5855955200693153,26.68065421895348,0.3279166666666667,1,anode_hold
922.0,-2.5,3.714704242317349,3.794903999443528,0.0803862079032742,0.1864507770958923,26.68173268816752,0.32805555555555554,1,anode_hold
923.0,-2.5,3.71410692271688,3.795140842618406,0.0802103046552962,-0.8236152462295365,26.68281115738155,0.3281944444444444,1,anode_hold
924.0,-2.5,3.714475309776403,3.795158348270059,0.0809211679359082,0.2381294422524327,26.683889626595587,0.32833333333333337,1,anode_hold
925.0,-2.5,3.715246981104313,3.7951899190206575,0.0806431625255357,0.7002246091900588,26.684968095809623,0.32847222222222217,1,anode_hold
926.0,-2.5,3.714755715339795,3.795577194506438,0.0806844918972857,-0.1369872693568474,26.68604656502366,0.32861111111111113,1,anode_hold
927.0,-2.5,3.7153080972552814,3.795691382379373,0.0803895819298909,0.0062968057989998,26.68712037108785,0.32875,1,anode_hold
928.0,-2.5,3.715070069288613,3.795516182319972,0.0808510557585646,0.4049427272057038,26.68819286793234,0.3288888888888889,1,anode_hold
929.0,-2.5,3.714911980542502,3.795665825345561,0.0803036305963059,-0.4502142067526193,26.68926536477683,0.3290277777777778,1,anode_hold
930.0,-2.5,3.715158521147165,3.796064658012969,0.0810697825728469,0.1636457070426367,26.690337861621323,0.32916666666666666,1,anode_hold
931.0,-2.5,3.715366437078535,3.795730539597676,0.0803935343221629,0.0294318030218398,26.691410157650687,0.3293055555555556,1,anode_hold
932.0,-2.5,3.7153406127070334,3.796172099237285,0.080946509476396,0.1150229461446272,26.692478305646897,0.32944444444444443,1,anode_hold
933.0,-2.5,3.7153364662584583,3.795925490777088,0.0804333623916084,-0.1556621270206726,26.693546453643112,0.32958333333333334,1,anode_hold
934.0,-2.5,3.715469419229618,3.796137138040442,0.0803635104768429,-0.3042083339819257,26.694614601639323,0.32972222222222225,1,anode_hold
935.0,-2.5,3.715382483474238,3.7966203074876015,0.0806248207322893,-0.613003281074942,26.695680786730247,0.32986111111111105,1,anode_hold
936.0,-2.5,3.715987471110554,3.795988459048492,0.0801594007726229,0.1584128346849844,26.696745122328423,0.33,1,anode_hold
937.0,-2.5,3.716199280657349,3.796329625217321,0.0802336656025797,0.1033210426077957,26.6978094579266,0.33013888888888887,1,anode_hold
938.0,-2.5,3.7164342586775296,3.796668528757117,0.0803269049941384,0.0926349145511373,26.69887244346861,0.3302777777777778,1,anode_hold
939.0,-2.5,3.715799152291296,3.796413686322083,0.0795589527390361,-1.0555812917512064,26.69993276941941,0.33041666666666664,1,anode_hold
940.0,-2.5,3.716713947939573,3.7968390915608303,0.0800281505858147,-0.0969930354419723,26.70099309537021,0.3305555555555555,1,anode_hold
941.0,-2.5,3.716598826446496,3.797276702332392,0.0798200942015377,-0.8577816843584607,26.702052821497656,0.3306944444444444,1,anode_hold
942.0,-2.5,3.716309326694216,3.7970170459442265,0.0800886150092081,-0.6191042408021374,26.703109363784485,0.3308333333333333,1,anode_hold
943.0,-2.5,3.716901215224964,3.796654667771016,0.0796297855171707,-0.1236670288808916,26.704165906071317,0.3309722222222222,1,anode_hold
944.0,-2.5,3.717250196346032,3.7965093454918746,0.0799513242391335,0.692175093290448,26.705222448358143,0.33111111111111113,1,anode_hold
945.0,-2.5,3.717297085562511,3.79688227098174,0.0794886931805008,-0.0964922387285405,26.706275325079453,0.33125000000000004,1,anode_hold
946.0,-2.5,3.717492510740673,3.79673205980841,0.0793223202979246,0.08277123018674,26.707328128357517,0.3313888888888889,1,anode_hold
947.0,-2.5,3.7176930661261434,3.7967416455774896,0.0794131956870768,0.3646162357298088,26.70838093163557,0.3315277777777778,1,anode_hold
948.0,-2.5,3.717811010934659,3.79725730714085,0.0799537464912161,0.5074502850246354,26.70942806432796,0.33166666666666667,1,anode_hold
949.0,-2.5,3.7176639040036696,3.797309651225577,0.0790450925969096,-0.6006546249976985,26.710473798684077,0.3318055555555556,1,anode_hold
950.0,-2.5,3.7171821850958975,3.7967028613481832,0.0791083924182131,-0.4122838340716583,26.71151953304019,0.3319444444444445,1,anode_hold
951.0,-2.5,3.717711400066843,3.797109151766644,0.0794531708944304,0.0554191946298132,26.712565267396304,0.33208333333333334,1,anode_hold
952.0,-2.5,3.718178463640207,3.7970320990007806,0.0788348207771605,-0.0188145834130182,26.71361100175242,0.3322222222222222,1,anode_hold
953.0,-2.5,3.718063138212404,3.797603280603465,0.0794026410477991,-0.1375013432616256,26.71465673610853,0.3323611111111111,1,anode_hold
954.0,-2.5,3.718539390123513,3.7975956739098247,0.0789507842133127,-0.1054995729989904,26.715699405586765,0.3325,1,anode_hold
955.0,-2.5,3.718699515077122,3.797836443773852,0.0789057369517943,-0.231191744934911,26.71673826556784,0.3326388888888889,1,anode_hold
956.0,-2.5,3.7186010705136336,3.797623964715144,0.0785435252384329,-0.4793689630777642,26.71777712554892,0.3327777777777778,1,anode_hold
957.0,-2.5,3.719277014145553,3.797860304768206,0.078835624729075,0.2523341064222251,26.71881598553,0.33291666666666664,1,anode_hold
958.0,-2.5,3.718546992316985,3.797986554768616,0.0792171342776272,-0.2224281740041966,26.719854845511072,0.33305555555555555,1,anode_hold
959.0,-2.5,3.719245363883836,3.797839543313928,0.0787438517134822,0.1496722833906894,26.72089370549215,0.33319444444444446,1,anode_hold
960.0,-2.5,3.718949930884599,3.798188185802761,0.0788872985540936,-0.3509563640684554,26.721932102385743,0.33333333333333337,1,anode_hold
961.0,-2.5,3.718975760848518,3.7974692011075417,0.0789031357733814,0.4096955143575442,26.722965788004903,0.3334722222222222,1,anode_hold
962.0,-2.5,3.719504739380846,3.798375375546243,0.0789638836210953,0.0932474556982754,26.723999473624065,0.33361111111111114,1,anode_hold
963.0,-2.5,3.71926160472618,3.797752795169958,0.0784671429578256,-0.0240474859523054,26.72503315924322,0.33375,1,anode_hold
964.0,-2.5,3.719822269608617,3.798114976790507,0.078821709483624,0.5290023017336942,26.72606684486238,0.3338888888888889,1,anode_hold
965.0,-2.5,3.719332636807053,3.7983671217494903,0.0790054263183172,-0.0290586241202817,26.727100441412254,0.3340277777777778,1,anode_hold
966.0,-2.5,3.719804484382927,3.798407902634292,0.0785852510568434,-0.0181671945216344,26.72813007957562,0.33416666666666667,1,anode_hold
967.0,-2.5,3.719652214515511,3.798034194808972,0.0782659408911733,-0.1160394022874378,26.729159717738987,0.3343055555555555,1,anode_hold
968.0,-2.5,3.719946034363808,3.7985254081428743,0.0784674437832762,-0.1119299957905717,26.73018935590235,0.33444444444444443,1,anode_hold
969.0,-2.5,3.7200162386686895,3.797937877091782,0.07805979270121,0.1381542781175859,26.73121899406572,0.33458333333333334,1,anode_hold
970.0,-2.5,3.71989612961622,3.798589443792472,0.078553749869163,-0.1395643070889463,26.73224514102954,0.33472222222222225,1,anode_hold
971.0,-2.5,3.720537732910629,3.798593255507204,0.0779755367345574,-0.0799858620181837,26.73327087010045,0.3348611111111111,1,anode_hold
972.0,-2.5,3.7200739045285647,3.799249106641282,0.0782225837523108,-0.9526183604067208,26.73429659917136,0.335,1,anode_hold
973.0,-2.5,3.720259306389041,3.7987895723808927,0.0785483618551159,0.018095863263845,26.735321662194835,0.3351388888888889,1,anode_hold
974.0,-2.5,3.720924516563864,3.7987329163892567,0.0779415490555023,0.1331492301099857,26.7363436299662,0.3352777777777778,1,anode_hold
975.0,-2.5,3.7210527712727055,3.798816047895959,0.0781725165453343,0.409239922082083,26.737365597737558,0.3354166666666667,1,anode_hold
976.0,-2.5,3.721064840704144,3.7988481789987865,0.0784891302894268,0.7057919947848212,26.738387565508912,0.3355555555555556,1,anode_hold
977.0,-2.5,3.721068979555393,3.799169713292231,0.0778278534055141,-0.272880331323222,26.73940776493807,0.3356944444444444,1,anode_hold
978.0,-2.5,3.72175129250218,3.7993095358069175,0.0780421491221537,0.483905817416197,26.74042589733313,0.3358333333333333,1,anode_hold
979.0,-2.5,3.7208058324823576,3.799799676147471,0.0781010962311084,-0.8927474340043595,26.7414440297282,0.3359722222222222,1,anode_hold
980.0,-2.5,3.721046601015692,3.799015493222927,0.0777110522877097,-0.2578399195249936,26.742462162123267,0.33611111111111114,1,anode_hold
981.0,-2.5,3.72106873151828,3.7996416985726857,0.0782168943757458,-0.3560726786604462,26.74347678781273,0.33625,1,anode_hold
982.0,-2.5,3.721732528826944,3.799129749376352,0.0783506859350237,0.9534653856162478,26.744490213490884,0.3363888888888889,1,anode_hold
983.0,-2.5,3.721645370584009,3.799531732185978,0.0782930553170712,0.4066937151021577,26.74550363916904,0.33652777777777776,1,anode_hold
984.0,-2.5,3.721988239802455,3.8000243279914905,0.0777957372944621,-0.2403508945736376,26.746517064847183,0.33666666666666667,1,anode_hold
985.0,-2.5,3.722042749145052,3.80012665816711,0.0783411570411641,0.2572480191060933,26.74753049052534,0.3368055555555556,1,anode_hold
986.0,-2.5,3.721779509380764,3.800094442564304,0.0782017187169165,-0.1132144666229351,26.748543916203488,0.3369444444444445,1,anode_hold
987.0,-2.5,3.721697354290277,3.799749980671649,0.0779218136471133,-0.1308127342594112,26.74955734188164,0.33708333333333335,1,anode_hold
988.0,-2.5,3.7217406210416417,3.800274602863368,0.0781119374920569,-0.422044329668747,26.75056839019916,0.3372222222222222,1,anode_hold
989.0,-2.5,3.722795298894257,3.800514143714392,0.077823113419234,0.1042685990988445,26.751574220634783,0.3373611111111111,1,anode_hold
990.0,-2.5,3.722515584534407,3.799734119908885,0.0779544262202833,0.735890845805276,26.752580051070414,0.3375,1,anode_hold
991.0,-2.5,3.722496737882597,3.8000538626425926,0.0782035424744361,0.646417714440517,26.75358588150604,0.3376388888888889,1,anode_hold
992.0,-2.5,3.722310619896769,3.800317205241418,0.077971582154601,-0.0350031900477887,26.75459171194167,0.3377777777777778,1,anode_hold
993.0,-2.5,3.7224463403276817,3.8004392462860537,0.0782057506864627,0.2128447280909107,26.755597542377306,0.33791666666666664,1,anode_hold
994.0,-2.5,3.722496072887717,3.800533993254061,0.0777205703538398,-0.3173500125037698,26.75660337281293,0.33805555555555555,1,anode_hold
995.0,-2.5,3.722595605829413,3.80045461806015,0.0777830562701943,-0.0759559605421067,26.75760920324856,0.3381944444444445,1,anode_hold
996.0,-2.5,3.722065798812418,3.800394180091058,0.0775319349067894,-0.79644637185039,26.75860751312461,0.3383333333333334,1,anode_hold
997.0,-2.5,3.7228626862081193,3.80081766020408,0.0778082078229956,-0.1467661729650515,26.75960480688231,0.3384722222222223,1,anode_hold
998.0,-2.5,3.722860603343199,3.800520717519386,0.0778655449714252,0.2054307952379375,26.76060210064001,0.33861111111111114,1,anode_hold
999.0,-2.5,3.7231564277503097,3.8007602932238655,0.0770176283437257,-0.5862371298310798,26.761599394397717,0.33875000000000005,1,anode_hold
1000.0,-2.5,3.723226590132391,3.801022690498577,0.0773066389067326,-0.4894614594537216,26.762596688155416,0.3388888888888889,1,anode_hold
1001.0,-2.5,3.723513951071548,3.801091274216209,0.0777489742695176,0.1716511248566199,26.76359398191312,0.3390277777777778,1,anode_hold
1002.0,-2.5,3.7233482382995313,3.801290658393795,0.0775922690888417,-0.3501510054220169,26.76459127567082,0.33916666666666667,1,anode_hold
1003.0,-2.5,3.7236866572274554,3.801378380454487,0.0771329267949511,-0.5587964320810102,26.765584515543903,0.3393055555555555,1,anode_hold
1004.0,-2.5,3.722776158946106,3.801387146428696,0.077501669936695,-1.109317545895383,26.766572779278416,0.33944444444444444,1,anode_hold
1005.0,-2.5,3.7233109528899617,3.801703614432305,0.0780338769916502,-0.3587845506927145,26.76756104301293,0.3395833333333334,1,anode_hold
1006.0,-2.5,3.7242559530172334,3.8009353717725496,0.0776656312062859,0.9862124509707472,26.76854930674745,0.33972222222222226,1,anode_hold
1007.0,-2.5,3.7234693286715808,3.801465983015083,0.0771300099424141,-0.8666444010878571,26.769537570481965,0.33986111111111117,1,anode_hold
1008.0,-2.5,3.7238482570729694,3.801539093775551,0.077468201799601,-0.2226349029794683,26.77052583421648,0.34,1,anode_hold
1009.0,-2.5,3.724240893726987,3.801485174847624,0.0769440943966249,-0.3001867240119971,26.771514097951,0.340138888888889,1,anode_hold
1010.0,-2.5,3.723861035047453,3.8016242097460142,0.0774114736127721,-0.3517010857896352,26.77250220754523,0.3402777777777778,1,anode_hold
1011.0,-2.5,3.724443812555558,3.801809445132877,0.0773192047555777,-0.0464278217418012,26.77348134934286,0.3404166666666667,1,anode_hold
1012.0,-2.5,3.723899872552329,3.801672638005963,0.0776472535878651,-0.1255118657685905,26.77446049114049,0.3405555555555556,1,anode_hold
1013.0,-2.5,3.723855546910131,3.802448241914278,0.0772356782507124,-1.3570167534346922,26.77543963293812,0.3406944444444445,1,anode_hold
1014.0,-2.5,3.724132012353991,3.802510921242765,0.0770945319093205,-1.284376979452606,26.776418774735752,0.34083333333333343,1,anode_hold
1015.0,-2.5,3.724135937099301,3.801855679689492,0.0773381386626627,-0.3816039275275074,26.77739791653338,0.3409722222222223,1,anode_hold
1016.0,-2.5,3.724727988790187,3.802376499083049,0.0779057404061121,0.2572301132506283,26.778377058331014,0.3411111111111112,1,anode_hold
1017.0,-2.5,3.72473921408187,3.802393180595412,0.0770705444854444,-0.5834220280975799,26.77935620012864,0.34125000000000005,1,anode_hold
1018.0,-2.5,3.725039912515838,3.8022879057476953,0.0774355053056504,0.1875120737935276,26.780330122806525,0.34138888888888896,1,anode_hold
1019.0,-2.5,3.7247414578686926,3.802237493993617,0.0769588769482432,-0.5371591766807349,26.78130034091916,0.3415277777777779,1,anode_hold
1020.0,-2.5,3.7259258503924615,3.802518433005251,0.0768955084750948,0.3029258623055142,26.782270559031797,0.3416666666666668,1,anode_hold
1021.0,-2.5,3.725245133903848,3.802487226522524,0.0772088228988491,-0.0332697198270892,26.783240777144428,0.3418055555555556,1,anode_hold
1022.0,-2.5,3.725370841907048,3.802356668859413,0.0769789762716409,-0.0068506807231472,26.784210995257062,0.3419444444444445,1,anode_hold
1023.0,-2.5,3.725632112135756,3.802847899987439,0.077274559969618,0.0587721179354794,26.7851812133697,0.3420833333333334,1,anode_hold
1024.0,-2.5,3.725533131140185,3.8027125653906233,0.0771978758464736,0.0184415960351458,26.78615143148233,0.3422222222222223,1,anode_hold
1025.0,-2.5,3.725528985726135,3.8030654715048064,0.077178185059803,-0.3583007188683318,26.787120361951544,0.34236111111111117,1,anode_hold
1026.0,-2.5,3.7258643612637914,3.802427422120668,0.0769350297090736,0.3719688521965913,26.78808215446976,0.3425,1,anode_hold
1027.0,-2.5,3.7262344347142777,3.802653682301726,0.0771558319895358,0.736584402087459,26.789043946987974,0.34263888888888894,1,anode_hold
1028.0,-2.5,3.726278708895343,3.802038897718879,0.0768495288380932,1.089340014557294,26.790005739506185,0.34277777777777785,1,anode_hold
1029.0,-2.5,3.726481785025341,3.802908509886087,0.0769720065325848,0.545281671839426,26.7909675320244,0.34291666666666676,1,anode_hold
1030.0,-2.5,3.7261502064491774,3.8027650922202416,0.0762639511833028,-0.3509345877614755,26.79192932454261,0.3430555555555556,1,anode_hold
1031.0,-2.5,3.726207229884584,3.8033473215787175,0.0767128744044172,-0.4272172897161752,26.79289111706083,0.3431944444444445,1,anode_hold
1032.0,-2.5,3.7271612502594738,3.803547999880731,0.0767135975979967,0.3268479767393195,26.793852909579044,0.3433333333333334,1,anode_hold
1033.0,-2.5,3.726610263093654,3.8033548142625455,0.0767658648225327,0.0213136536411084,26.794808975664136,0.3434722222222223,1,anode_hold
1034.0,-2.5,3.726948145984355,3.80366672395,0.0765692890155959,-0.1492889500487315,26.79576282350872,0.3436111111111112,1,anode_hold
1035.0,-2.5,3.727148822249587,3.803268279285353,0.0767304374361505,0.610980400384431,26.79671667135329,0.34375000000000006,1,anode_hold
1036.0,-2.5,3.7274762042408702,3.8031847588787,0.0763137353323304,0.6051806945004401,26.79767051919788,0.3438888888888889,1,anode_hold
1037.0,-2.5,3.726767292902589,3.804030462363865,0.0761491559386284,-1.1140135226472836,26.798624367042457,0.3440277777777778,1,anode_hold
1038.0,-2.5,3.727151248441218,3.803992768724518,0.0764312057878471,-0.4103144954528126,26.799578214887035,0.34416666666666673,1,anode_hold
1039.0,-2.5,3.72728788905584,3.803990548105124,0.0762625028887006,-0.4401561605833493,26.800532062731616,0.34430555555555564,1,anode_hold
1040.0,-2.5,3.72744839226398,3.803750245808284,0.0763088918428005,0.0070382984969086,26.80148365728101,0.3444444444444445,1,anode_hold
1041.0,-2.5,3.726931529451397,3.804226669802254,0.075740042950605,-1.555097400252503,26.802429701579044,0.3445833333333334,1,anode_hold
1042.0,-2.5,3.7277430046732345,3.804181007469453,0.0758024643574121,-0.6355384388068153,26.80337574587708,0.34472222222222226,1,anode_hold
1043.0,-2.5,3.7270202150373657,3.8048508317854735,0.0765798102408697,-1.250806507238078,26.804321790175116,0.3448611111111112,1,anode_hold
1044.0,-2.5,3.728094378552523,3.803364452135019,0.0763370104224172,1.0669368399214283,26.805267834473145,0.3450000000000001,1,anode_hold
1045.0,-2.5,3.72828278836346,3.803865300868696,0.0762000706937181,0.6175581884821923,26.806213878771175,0.345138888888889,1,anode_hold
1046.0,-2.5,3.728417444266625,3.804552397196535,0.0764844241681249,0.3494712382150489,26.80715992306921,0.3452777777777778,1,anode_hold
1047.0,-2.5,3.727993176581175,3.804596311161459,0.0760152575795369,-0.5878770007474721,26.808105967367247,0.3454166666666667,1,anode_hold
1048.0,-2.5,3.728743151909229,3.804546838105245,0.0763177338624888,0.5140476664737825,26.80904500418155,0.3455555555555556,1,anode_hold
1049.0,-2.5,3.728296968913737,3.8044712891046366,0.075826550350747,-0.3477698401526119,26.80998286901275,0.3456944444444445,1,anode_hold
1050.0,-2.5,3.728287596479488,3.8044050337298825,0.0765714061701651,0.4539689197700092,26.810920733843957,0.3458333333333334,1,anode_hold
1051.0,-2.5,3.7284611994640167,3.8051595470188895,0.0752183634549065,-1.47998409996708,26.811858598675155,0.3459722222222223,1,anode_hold
1052.0,-2.5,3.728600540208312,3.805084870421062,0.075866132307198,-0.6181979055521758,26.81279646350636,0.34611111111111115,1,anode_hold
1053.0,-2.5,3.7290062080490234,3.804924517418072,0.0751513284338809,-0.7669809351682488,26.813734328337564,0.34625000000000006,1,anode_hold
1054.0,-2.5,3.729301461959495,3.805021072222275,0.0758962072937462,0.1765970309666187,26.814672193168764,0.34638888888888897,1,anode_hold
1055.0,-2.5,3.7285180468869816,3.805475023238493,0.0760589111735352,-0.8980651779761928,26.815606393165933,0.3465277777777779,1,anode_hold
1056.0,-2.5,3.729073778430513,3.8047514384618033,0.0759250658851886,0.2474058538983747,26.81653562836429,0.34666666666666673,1,anode_hold
1057.0,-2.5,3.729594250878388,3.804779834535219,0.0758396753869656,0.6540917301345317,26.817464863562645,0.3468055555555556,1,anode_hold
1058.0,-2.5,3.7294724157070185,3.805160141585056,0.0757889676838527,0.1012418058157216,26.818394098761,0.3469444444444445,1,anode_hold
1059.0,-2.5,3.7296515870522176,3.804962370250739,0.0756488386407391,0.3380554422176551,26.81932333395936,0.3470833333333334,1,anode_hold
1060.0,-2.5,3.729137151615691,3.805600991380031,0.0755846100837158,-0.8792296806241495,26.820252569157716,0.34722222222222227,1,anode_hold
1061.0,-2.5,3.729960671971696,3.805625951389872,0.0757875174007065,0.1222379825298602,26.821181804356076,0.3473611111111112,1,anode_hold
1062.0,-2.5,3.729292865336594,3.805704980938471,0.0757741161895974,-0.6379994122793775,26.82211103955443,0.34750000000000003,1,anode_hold
1063.0,-2.5,3.72991250411888,3.805496019586268,0.076139723503626,0.5562080362380151,26.823032403838987,0.34763888888888894,1,anode_hold
1064.0,-2.5,3.7303558268629153,3.8054635459096766,0.0757841987489001,0.6764797021387992,26.82395370979539,0.3477777777777779,1,anode_hold
1065.0,-2.5,3.7306032217285807,3.805835585072467,0.0758367510266438,0.6043876827570571,26.824875015751797,0.34791666666666676,1,anode_hold
1066.0,-2.5,3.730284844542618,3.805168279296305,0.0757478442251862,0.86440947149935,26.825796321708197,0.3480555555555557,1,anode_hold
1067.0,-2.5,3.73048764130417,3.805403367737637,0.0754593824968146,0.5436560633471643,26.8267176276646,0.3481944444444446,1,anode_hold
1068.0,-2.5,3.730133418019309,3.805631005968223,0.0753611269247921,-0.1364610241223474,26.827638933621,0.34833333333333344,1,anode_hold
1069.0,-2.5,3.730278302896429,3.8055945615108873,0.0759295677293136,0.6133091148554648,26.828554499448785,0.34847222222222235,1,anode_hold
1070.0,-2.5,3.7308836163109103,3.806083800480296,0.0752108910694762,0.010706900090085,26.82946908657397,0.3486111111111112,1,anode_hold
1071.0,-2.5,3.73064332437763,3.805815066800728,0.0756271128492837,0.4553704261853752,26.830383673699156,0.3487500000000001,1,anode_hold
1072.0,-2.5,3.730714701479124,3.8064266323052105,0.0757148845072287,0.0029536811418928,26.831298260824337,0.348888888888889,1,anode_hold
1073.0,-2.5,3.7304397813596193,3.806273402066047,0.0752327668554039,-0.6008538510240413,26.83221284794952,0.3490277777777778,1,anode_hold
1074.0,-2.5,3.731018179246438,3.8058889746922064,0.0759432909339064,1.0724954881378146,26.833127435074704,0.3491666666666668,1,anode_hold
1075.0,-2.5,3.731292601661997,3.805723878049712,0.0755109834109027,1.079707023187826,26.834037615512745,0.34930555555555565,1,anode_hold
1076.0,-2.5,3.7309926938083433,3.807081230871389,0.0752806987060752,-0.8078383569700698,26.83494604826077,0.34944444444444456,1,anode_hold
1077.0,-2.5,3.7312109227152233,3.8066969687148737,0.0751386347390524,-0.3474112605981183,26.835854481008795,0.3495833333333334,1,anode_hold
1078.0,-2.5,3.731969285651807,3.806809017611784,0.075627682855029,0.7879508950523473,26.83676291375682,0.3497222222222224,1,anode_hold
1079.0,-2.5,3.731680730528788,3.8066105614744656,0.0747240520361591,-0.2057789095184503,26.837671346504848,0.34986111111111123,1,anode_hold
1080.0,-2.5,3.73167277460141,3.806543696267054,0.0752146783176978,0.3437566520543278,26.838579779252875,0.3500000000000001,1,anode_hold
1081.0,-2.5,3.731556285049449,3.8073072639997134,0.074923682362847,-0.8272965874178695,26.839484922974588,0.350138888888889,1,anode_hold
1082.0,-2.5,3.7318538644154176,3.806637441981275,0.0754032813422129,0.6197037763566726,26.840387662562,0.3502777777777779,1,anode_hold
1083.0,-2.5,3.732107097488043,3.8069405976338775,0.0749411353527734,0.1076352069389052,26.841290402149408,0.3504166666666668,1,anode_hold
1084.0,-2.5,3.732735192957272,3.807141484699492,0.0746942954611383,0.2880037189179063,26.842193141736814,0.3505555555555557,1,anode_hold
1085.0,-2.5,3.7322836644310047,3.8069573315553935,0.0751036367456086,0.4299696212197723,26.843095881324224,0.3506944444444446,1,anode_hold
1086.0,-2.5,3.733147471809251,3.8071338401553936,0.0745769601799569,0.5905918338147131,26.843998620911638,0.35083333333333344,1,anode_hold
1087.0,-2.5,3.7324722366959424,3.807213529105432,0.0750197814523067,0.2784890428171316,26.84489918840177,0.35097222222222235,1,anode_hold
1088.0,-2.5,3.73278436340968,3.8073035233960746,0.0747898805636369,0.2707205772423116,26.845796984729205,0.35111111111111126,1,anode_hold
1089.0,-2.5,3.7332854989556,3.807987510525548,0.074599033931338,-0.1029776386096692,26.84669478105664,0.3512500000000002,1,anode_hold
1090.0,-2.5,3.7331011737919857,3.8076211271864895,0.0747275929974966,0.2076396029928595,26.847592577384077,0.351388888888889,1,anode_hold
1091.0,-2.5,3.7330649500687056,3.807978533472425,0.0742663103721698,-0.6472730315496555,26.848490373711503,0.3515277777777779,1,anode_hold
1092.0,-2.5,3.733412511020971,3.807500542218835,0.0745116846196286,0.423653421764758,26.84938572870577,0.3516666666666668,1,anode_hold
1093.0,-2.5,3.7337197361195793,3.807674462973284,0.0741175148861565,0.1627880324517328,26.850276682977302,0.3518055555555557,1,anode_hold
1094.0,-2.5,3.7332034604342312,3.8077286532873975,0.0742938107005111,-0.2313821526551684,26.85116763724885,0.35194444444444456,1,anode_hold
1095.0,-2.5,3.733776678122097,3.8075241504655137,0.073776805913072,0.0293335696546215,26.852058591520382,0.35208333333333347,1,anode_hold
1096.0,-2.5,3.733951496365621,3.808073498816809,0.0744672733742705,0.3452709230828965,26.852949545791923,0.3522222222222223,1,anode_hold
1097.0,-2.5,3.733993156936814,3.807724487377212,0.0734608723679622,-0.270458072435531,26.85383931711399,0.35236111111111124,1,anode_hold
1098.0,-2.5,3.734456734911016,3.8078758391959657,0.0736478954076742,0.2287911227236705,26.854725957511945,0.35250000000000015,1,anode_hold
1099.0,-2.5,3.734187409266557,3.8083021598754105,0.0740703606255536,-0.0443899832998084,26.855612597909897,0.35263888888888906,1,anode_hold
1100.0,-2.5,3.734370467289145,3.808467198712702,0.0739506504079842,-0.1460810155724523,26.856499238307848,0.3527777777777779,1,anode_hold
1101.0,-2.5,3.734612141639626,3.808219883867341,0.074118186380157,0.5104441524421688,26.85738549412801,0.35291666666666677,1,anode_hold
1102.0,-2.5,3.734933963596288,3.808578338358064,0.0733755973506512,-0.2687774111245211,26.85826866888653,0.3530555555555557,1,anode_hold
1103.0,-2.5,3.7347634200872752,3.8089661606228,0.0736322974967073,-0.5704430388178139,26.85915184364505,0.3531944444444446,1,anode_hold
1104.0,-2.5,3.735399208058417,3.8091193791254248,0.073844110852144,0.1239397851362511,26.860035018403572,0.35333333333333344,1,anode_hold
1105.0,-2.5,3.7347824670624745,3.809036792088176,0.0736315782231242,-0.6227468025770122,26.860915351130306,0.3534722222222223,1,anode_hold
1106.0,-2.5,3.735550073726264,3.8087503699659497,0.0736861358684066,0.4858396287210631,26.861794798574536,0.3536111111111112,1,anode_hold
1107.0,-2.5,3.735016109823312,3.809299090034349,0.0737847277394024,-0.498252471634597,26.86267424601877,0.3537500000000001,1,anode_hold
1108.0,-2.5,3.7353319567920846,3.8089120330152326,0.0736290169682354,0.0489407450876555,26.863552229917968,0.35388888888888903,1,anode_hold
1109.0,-2.5,3.735594798503382,3.808982818044389,0.0733045583971618,-0.0834611438449428,26.86442814228803,0.3540277777777779,1,anode_hold
1110.0,-2.5,3.736206744517244,3.8094378666969946,0.0730513719544663,-0.1797502252842697,26.865304054658093,0.3541666666666668,1,anode_hold
1111.0,-2.5,3.735963540466795,3.809338992762444,0.0733643529060659,-0.0110993895829913,26.86617970565793,0.35430555555555565,1,anode_hold
1112.0,-2.5,3.735674569695729,3.8094545029468927,0.0731789817004048,-0.6009515507585661,26.86705162922211,0.35444444444444456,1,anode_hold
1113.0,-2.5,3.736287600213071,3.809134360378569,0.072968396411236,0.1216362457383546,26.86792355278629,0.3545833333333335,1,anode_hold
1114.0,-2.5,3.7359352889347233,3.8093790053598986,0.0736135756319837,0.1698592068084536,26.868795476350467,0.3547222222222224,1,anode_hold
1115.0,-2.5,3.7358635025770983,3.809631688543967,0.0737153599727542,-0.0528259941137143,26.869667399914647,0.3548611111111112,1,anode_hold
1116.0,-2.5,3.7363370776693214,3.809770675419895,0.0733647350388729,-0.0688627116991469,26.870539323478823,0.3550000000000001,1,anode_hold
1117.0,-2.5,3.736332349443993,3.809857362921564,0.0737954481134436,0.2704346358730625,26.871411247043003,0.355138888888889,1,anode_hold
1118.0,-2.5,3.736691549187289,3.8092381538089017,0.0737545177650186,1.2079131434052923,26.87228092090817,0.3552777777777779,1,anode_hold
1119.0,-2.5,3.736341806371933,3.81051446110078,0.0734847505125691,-0.6879042162775129,26.87314674051534,0.35541666666666677,1,anode_hold
1120.0,-2.5,3.736722457534544,3.8101620214709153,0.0727670845228266,-0.6724794135442025,26.874012560122505,0.3555555555555557,1,anode_hold
1121.0,-2.5,3.736899649889164,3.809755412634462,0.0732205649658568,0.3648022205586798,26.874878379729672,0.35569444444444454,1,anode_hold
1122.0,-2.5,3.7368939773612473,3.810430078926982,0.0736951113790571,0.1590098133221751,26.87574419933684,0.35583333333333345,1,anode_hold
1123.0,-2.5,3.7369031472378222,3.810118039093319,0.0730934413184962,-0.1214505370006335,26.876610018944003,0.35597222222222236,1,anode_hold
1124.0,-2.5,3.736803454991664,3.810119665684647,0.0734787809189856,0.1625702260019679,26.877470741520003,0.35611111111111127,1,anode_hold
1125.0,-2.5,3.737384030084867,3.8108019402491,0.073387936384338,-0.0299737798945542,26.878321626886816,0.3562500000000001,1,anode_hold
1126.0,-2.5,3.737254235941124,3.810057517426289,0.0729912360362478,0.1879545510825586,26.87917251225363,0.356388888888889,1,anode_hold
1127.0,-2.5,3.737462123826352,3.810166094606357,0.072991288370858,0.2873175908528758,26.88002339762044,0.3565277777777779,1,anode_hold
1128.0,-2.5,3.737308163205911,3.8102862800015904,0.0732060746168596,0.2279578211803468,26.880874282987254,0.3566666666666668,1,anode_hold
1129.0,-2.5,3.7375174642289615,3.81045011451132,0.0726972816392342,-0.235368643124012,26.88172516835407,0.35680555555555565,1,anode_hold
1130.0,-2.5,3.737302556367797,3.8116693092936806,0.0731306254753157,-1.236127450567892,26.88257605372088,0.35694444444444456,1,anode_hold
1131.0,-2.5,3.737739546397419,3.810644296157452,0.0730779197145413,0.1731699545084453,26.88342693908769,0.3570833333333334,1,anode_hold
1132.0,-2.5,3.738043615949544,3.810555624624477,0.0728450782453,0.3330695703667174,26.884277824454507,0.35722222222222233,1,anode_hold
1133.0,-2.5,3.7379421148818417,3.81098465715664,0.0728564903132384,-0.1860519615597411,26.88512870982132,0.35736111111111124,1,anode_hold
1134.0,-2.5,3.7382721987827434,3.8112351942108993,0.0725992552351032,-0.3637401930536299,26.885979595188136,0.35750000000000015,1,anode_hold
1135.0,-2.5,3.7382084181277935,3.811465344347733,0.0724424511998523,-0.8144750200873574,26.88683048055495,0.357638888888889,1,anode_hold
1136.0,-2.5,3.738623549605139,3.81090993110142,0.0726207387917147,0.3343572954337404,26.887678244172847,0.3577777777777779,1,anode_hold
1137.0,-2.5,3.738256438397974,3.811830835869294,0.0736062182087404,0.0318207374205847,26.88851824352422,0.35791666666666677,1,anode_hold
1138.0,-2.5,3.737920924891141,3.811377739331365,0.0728951990910693,-0.5616153491541098,26.889358242875595,0.3580555555555557,1,anode_hold
1139.0,-2.5,3.738641321099319,3.8111427041033727,0.0728866443441952,0.3852613401416072,26.890198242226973,0.3581944444444446,1,anode_hold
1140.0,-2.5,3.738561078455717,3.811246827630551,0.0727240271968847,0.0382780220506973,26.891038241578347,0.35833333333333345,1,anode_hold
1141.0,-2.5,3.738417407958882,3.811700368640748,0.0729455851854493,-0.3373754964166586,26.89187824092972,0.3584722222222223,1,anode_hold
1142.0,-2.5,3.739004136252431,3.811638416840119,0.0732352636070807,0.600983019392487,26.89271824028109,0.3586111111111112,1,anode_hold
1143.0,-2.5,3.738987116058317,3.811583322253004,0.0726363673490263,0.0401611543394686,26.89355823963247,0.3587500000000001,1,anode_hold
1144.0,-2.5,3.739140479568608,3.811834574741366,0.0726602776072839,-0.0338175654746031,26.894398238983843,0.35888888888888903,1,anode_hold
1145.0,-2.5,3.7390062258742778,3.8125662089619095,0.0729113714970716,-0.6486115905599554,26.89523823833522,0.3590277777777779,1,anode_hold
1146.0,-2.5,3.7392641134802735,3.812377485457965,0.0728158569604301,-0.2975150172606078,26.896078237686595,0.3591666666666668,1,anode_hold
1147.0,-2.5,3.739382787483938,3.811874425202001,0.0728893222068401,0.3976844887771946,26.896914807063865,0.35930555555555566,1,anode_hold
1148.0,-2.5,3.739942451094358,3.811887067046696,0.072045120721395,0.1005047690565419,26.89774843204873,0.35944444444444457,1,anode_hold
1149.0,-2.5,3.739308435424762,3.8124768411258327,0.0724328269576311,-0.7355787434395467,26.898582057033597,0.3595833333333335,1,anode_hold
1150.0,-2.5,3.7396140438859367,3.8119370777327033,0.0732144609930516,0.8914271462847623,26.899415682018457,0.3597222222222224,1,anode_hold
1151.0,-2.5,3.739829918881189,3.811780369854844,0.0723888297778973,0.4383788042425784,26.90024930700332,0.3598611111111112,1,anode_hold
1152.0,-2.5,3.739306893651384,3.812119253695621,0.0727498331868729,-0.062526857365075,26.90108293198818,0.3600000000000001,1,anode_hold
1153.0,-2.5,3.739448427388084,3.812087127598757,0.0729272161249329,0.2885159142596016,26.90191477071301,0.360138888888889,1,anode_hold
1154.0,-2.5,3.740687531000765,3.8121160170775226,0.0727423952342675,1.3139091575098405,26.902742230649856,0.3602777777777779,1,anode_hold
1155.0,-2.5,3.739616117394622,3.8125646241706193,0.0726998135130412,-0.2486932629559568,26.903569690586707,0.3604166666666668,1,anode_hold
1156.0,-2.5,3.7404271994153215,3.812473717807056,0.0722716135145293,0.2250951227948938,26.904397150523558,0.3605555555555557,1,anode_hold
1157.0,-2.5,3.7401087206413095,3.812687489545411,0.0717567490020302,-0.8220199020709806,26.905224610460404,0.36069444444444454,1,anode_hold
1158.0,-2.5,3.740242707823508,3.8129747219593786,0.0723359357954943,-0.3960783403762491,26.90605207039725,0.36083333333333345,1,anode_hold
1159.0,-2.5,3.7399855463696174,3.812785870231005,0.0725620011564553,-0.2383227049316261,26.90687930940556,0.36097222222222236,1,anode_hold
1160.0,-2.5,3.7404229081773184,3.812586462850536,0.0723593045299233,0.1957498567053406,26.907701431751576,0.36111111111111127,1,anode_hold
1161.0,-2.5,3.741041269241783,3.812822155066936,0.0723932403983436,0.6123545731910873,26.908523554097595,0.3612500000000001,1,anode_hold
1162.0,-2.5,3.7405021587129728,3.813434960322368,0.0720973115542922,-0.835490055102639,26.909345676443618,0.361388888888889,1,anode_hold
1163.0,-2.5,3.741210235537466,3.8129334630079854,0.0720423346732105,0.3191072026904606,26.91016779878964,0.3615277777777779,1,anode_hold
1164.0,-2.5,3.741238422706284,3.812996265977102,0.0721147978995131,0.3569546286947833,26.910989921135656,0.36166666666666675,1,anode_hold
1165.0,-2.5,3.741862618537224,3.813541482711881,0.0723163579878013,0.6374938131443741,26.91180972339645,0.36180555555555566,1,anode_hold
1166.0,-2.5,3.7412272791331462,3.813213151869912,0.0729187872881071,0.9329145513419236,26.91262629366769,0.3619444444444445,1,anode_hold
1167.0,-2.5,3.741861174780591,3.813291123067752,0.0721179827957334,0.6880345085717998,26.913442863938936,0.3620833333333334,1,anode_hold
1168.0,-2.5,3.741861322615808,3.813727218721073,0.0719604277093111,0.0945316040472654,26.91425943421018,0.3622222222222223,1,anode_hold
1169.0,-2.5,3.741621172765047,3.8136904275555,0.0720734531704468,0.0041983799943245,26.915076004481424,0.36236111111111113,1,anode_hold
1170.0,-2.5,3.741320797854268,3.81364233218316,0.0721923944165469,-0.1291399123450887,26.915892574752668,0.36250000000000004,1,anode_hold
1171.0,-2.5,3.742380059182206,3.813764660777855,0.0720890259901074,0.7044243944585027,26.91670681015042,0.36263888888888896,1,anode_hold
1172.0,-2.5,3.741624166504042,3.8142909349267646,0.0719475566567572,-0.7192117659653441,26.91752044111968,0.36277777777777787,1,anode_hold
1173.0,-2.5,3.741997714497473,3.81414748952145,0.0717106850317677,-0.4390899922093183,26.918334072088932,0.3629166666666667,1,anode_hold
1174.0,-2.5,3.742507546186797,3.813917330098345,0.0717996094917277,0.3898255801795258,26.91914631227442,0.36305555555555563,1,anode_hold
1175.0,-2.5,3.742675559083664,3.814078413821375,0.0721410052165602,0.7381504788490645,26.919956641450515,0.3631944444444445,1,anode_hold
1176.0,-2.5,3.742185317592407,3.814761962839381,0.0721452534939222,-0.4313917530516242,26.92076697062661,0.3633333333333334,1,anode_hold
1177.0,-2.5,3.7425271099292106,3.8142960622879194,0.0715158202465912,-0.2531321121166385,26.921577136685286,0.3634722222222223,1,anode_hold
1178.0,-2.5,3.742548572955087,3.8145482959257495,0.0720799642049251,0.0802412342628677,26.92238407311153,0.3636111111111112,1,anode_hold
1179.0,-2.5,3.74307005011311,3.8146141256269614,0.0715035189879532,-0.0405565258980722,26.923191009537785,0.36375,1,anode_hold
1180.0,-2.5,3.7435564086054174,3.814449003867016,0.0724471751955897,1.5545799339915511,26.923997945964032,0.36388888888888893,1,anode_hold
1181.0,-2.5,3.742337105523575,3.8147306589751215,0.0719404500045644,-0.4531034469832384,26.92480207278572,0.36402777777777784,1,anode_hold
1182.0,-2.5,3.743238013944312,3.814473859471772,0.0720834524001104,0.8476068726506192,26.92560484643843,0.36416666666666675,1,anode_hold
1183.0,-2.5,3.7421826499583313,3.8147573318056742,0.0717891317652518,-0.7855500820914685,26.92640762009114,0.3643055555555556,1,anode_hold
1184.0,-2.5,3.7431213379831374,3.815263419025255,0.0718477513841267,-0.2943296579895893,26.92721039374385,0.3644444444444445,1,anode_hold
1185.0,-2.5,3.74286149821439,3.814944895242649,0.0722515680502026,0.1681710219441079,26.92801316739656,0.36458333333333337,1,anode_hold
1186.0,-2.5,3.7438686947086937,3.8155329684995904,0.0711832143656443,-0.4810594252524502,26.92881594104927,0.3647222222222223,1,anode_hold
1187.0,-2.5,3.7433980751302376,3.815212349356772,0.0716906848439137,-0.1235893826203593,26.929618714701977,0.3648611111111112,1,anode_hold
1188.0,-2.5,3.7431959395461454,3.81538403278812,0.0722161623339263,0.0280690919516324,26.93041522242492,0.3650000000000001,1,anode_hold
1189.0,-2.5,3.7433353530059,3.815344404508052,0.0716884461142368,-0.3206053879152293,26.931211248729277,0.36513888888888896,1,anode_hold
1190.0,-2.5,3.743380733928481,3.815120099796498,0.0718638110040199,0.1244451360027376,26.932007275033627,0.3652777777777778,1,anode_hold
1191.0,-2.5,3.7436779919284415,3.8157839137173823,0.0715672192363528,-0.5387025525869227,26.932803301337984,0.3654166666666667,1,anode_hold
1192.0,-2.5,3.74364222969654,3.815965066489448,0.0722631028940071,-0.0597338989010154,26.933599327642337,0.36555555555555563,1,anode_hold
1193.0,-2.5,3.743954615701629,3.815710352501832,0.0713062746629948,-0.4494621372086449,26.93439535394669,0.3656944444444445,1,anode_hold
1194.0,-2.5,3.7442891760625736,3.8156990291349984,0.0711363141186206,-0.2735389538042199,26.93519018206912,0.3658333333333334,1,anode_hold
1195.0,-2.5,3.744111574986639,3.815701512901031,0.0719164797940919,0.3265418796996044,26.935979638157267,0.36597222222222225,1,anode_hold
1196.0,-2.5,3.743607404092825,3.8160021692534567,0.0719867089717614,-0.4080561888701872,26.93676909424542,0.36611111111111116,1,anode_hold
1197.0,-2.5,3.74356211659976,3.8162518943720936,0.0716924594277475,-0.997318344585718,26.93755855033357,0.3662500000000001,1,anode_hold
1198.0,-2.5,3.74389668641858,3.816280220185613,0.071315985791056,-1.067547975977412,26.938348006421723,0.366388888888889,1,anode_hold
1199.0,-2.5,3.7445133304901392,3.8161661575648025,0.0719492423178279,0.2964152431648159,26.939137462509876,0.36652777777777784,1,anode_hold
1200.0,-2.5,3.7441740193391495,3.816172469207795,0.0718643048094605,-0.1341450591851867,26.939925120069617,0.36666666666666675,1,anode_hold
1201.0,-2.5,3.744159187118664,3.816285615476072,0.0718555565135666,-0.2708718438411139,26.94070829764911,0.3668055555555556,1,anode_hold
1202.0,-2.5,3.744485868910867,3.8162754698694696,0.0716424914855582,-0.1471094730445266,26.94149147522861,0.3669444444444445,1,anode_hold
1203.0,-2.5,3.7441058796544935,3.816078804425674,0.071647093797984,-0.3258309731966058,26.94227417305016,0.36708333333333343,1,anode_hold
1204.0,-2.5,3.7442819068926263,3.817085676472486,0.0721659817449626,-0.6377878348966526,26.943054130700897,0.36722222222222234,1,anode_hold
1205.0,-2.5,3.744869970606447,3.8163132426292745,0.0721030810642477,0.6598090414198232,26.943834088351636,0.36736111111111125,1,anode_hold
1206.0,-2.5,3.744719192139995,3.816351518018152,0.0718275782753078,0.1952523971513464,26.94461401154524,0.3675000000000001,1,anode_hold
1207.0,-2.5,3.744775782358474,3.81714332688756,0.0718387228859741,-0.528821643110966,26.94539098201343,0.36763888888888907,1,anode_hold
1208.0,-2.5,3.7451086587819296,3.8169442459140153,0.0719871570921963,0.1515699601113418,26.94616795248162,0.3677777777777779,1,anode_hold
1209.0,-2.5,3.744939521956616,3.8170375432509247,0.0722635691923417,0.1655478980326918,26.946944922949807,0.3679166666666668,1,anode_hold
1210.0,-2.5,3.74501926471943,3.8167961568049904,0.0711076700044912,-0.6692220810688987,26.94771904391415,0.3680555555555557,1,anode_hold
1211.0,-2.5,3.745198610015246,3.817030911648193,0.0720167073681298,0.1844057351831907,26.948492754354756,0.3681944444444446,1,anode_hold
1212.0,-2.5,3.745628740271347,3.817348482774935,0.0716060589970532,-0.1136835065347341,26.949266464795357,0.36833333333333346,1,anode_hold
1213.0,-2.5,3.7455773011059375,3.818025648737153,0.0713394035952374,-1.1089440359786096,26.950040175235955,0.3684722222222223,1,anode_hold
1214.0,-2.5,3.745312376880425,3.81743713465059,0.0715046096460409,-0.6201481241245865,26.95081388567656,0.3686111111111112,1,anode_hold
1215.0,-2.5,3.745691240112076,3.8173977968860657,0.0716558598221579,-0.0506969518316857,26.95158759611716,0.36875000000000013,1,anode_hold
1216.0,-2.5,3.746092250856041,3.8176376873002926,0.0714282159536125,-0.1172204906390028,26.952358245818665,0.36888888888888904,1,anode_hold
1217.0,-2.5,3.7465774627103143,3.8175326584927274,0.0714971700460901,0.541974263678302,26.9531268477958,0.3690277777777779,1,anode_hold
1218.0,-2.5,3.745791984378992,3.817364699659153,0.0714436227150473,-0.1290925651131758,26.953895449772936,0.36916666666666675,1,anode_hold
1219.0,-2.5,3.746354704614105,3.817144437122472,0.0711483125625847,0.3585800542178496,26.954664051750072,0.3693055555555557,1,anode_hold
1220.0,-2.5,3.746293972992108,3.817909945622575,0.0714255601582505,-0.1904124722162947,26.955432653727208,0.3694444444444446,1,anode_hold
1221.0,-2.5,3.7467377067554577,3.817405035009455,0.0713265095353411,0.6591812813439013,26.956201255704343,0.3695833333333335,1,anode_hold
1222.0,-2.5,3.746744326615719,3.8182798175403225,0.0713210013615721,-0.2144895630320498,26.95696821960378,0.36972222222222234,1,anode_hold
1223.0,-2.5,3.747172514414436,3.81784239839228,0.0714249224467689,0.7550384689252176,26.95773176933645,0.3698611111111112,1,anode_hold
1224.0,-2.5,3.7470080978323854,3.817941539134344,0.0713708765397976,0.4374352378393453,26.95849531906912,0.3700000000000001,1,anode_hold
1225.0,-2.5,3.7468101297876246,3.8178017305085623,0.0711689474669994,0.177346746061513,26.95925886880179,0.370138888888889,1,anode_hold
1226.0,-2.5,3.746933487047429,3.817918626827432,0.0712433225582682,0.2581827782650592,26.960022418534457,0.3702777777777779,1,anode_hold
1227.0,-2.5,3.7473381312533873,3.8181229580510654,0.0713132758951887,0.5284490975108191,26.96078596826713,0.3704166666666667,1,anode_hold
1228.0,-2.5,3.747455810026883,3.818490072555968,0.0711532741777148,0.1190116486302628,26.961546304915142,0.3705555555555557,1,anode_hold
1229.0,-2.5,3.748177311047459,3.81833272619439,0.0714154098812724,1.2599947343421292,26.962305107161967,0.37069444444444455,1,anode_hold
1230.0,-2.5,3.748081432480212,3.8185125235404622,0.0707848170654641,0.3537260052137725,26.963063909408792,0.37083333333333346,1,anode_hold
1231.0,-2.5,3.747347061955729,3.818478045813797,0.0706807928808388,-0.4501909772294254,26.963822711655617,0.3709722222222223,1,anode_hold
1232.0,-2.5,3.7479248056973016,3.818874369482028,0.0703458726949057,-0.6036910898208347,26.96458151390244,0.3711111111111113,1,anode_hold
1233.0,-2.5,3.7475410748796487,3.8189207620840993,0.0710800602908175,-0.2996269136330554,26.965340111756717,0.37125000000000014,1,anode_hold
1234.0,-2.5,3.7475653092648384,3.819026166834627,0.0707457771839779,-0.7150803858104737,26.966091953940897,0.371388888888889,1,anode_hold
1235.0,-2.5,3.748406716929482,3.818661001948077,0.0706937818348659,0.439496816271312,26.966843796125083,0.3715277777777779,1,anode_hold
1236.0,-2.5,3.7484708181844577,3.8188112574734543,0.0712004686328137,0.8600293438170148,26.96759563830927,0.3716666666666668,1,anode_hold
1237.0,-2.5,3.748115364381738,3.818738360523816,0.0709880438548362,0.3650477127585816,26.968347480493456,0.37180555555555567,1,anode_hold
1238.0,-2.5,3.749041681536964,3.81942417208583,0.0705831322192196,0.2006416703532743,26.969099322677643,0.3719444444444445,1,anode_hold
1239.0,-2.5,3.748377350889691,3.818504419195329,0.0705666441711795,0.4395758655415527,26.969847795619938,0.37208333333333343,1,anode_hold
1240.0,-2.5,3.748443005996852,3.819834257809068,0.0706654493875809,-0.7258024246348249,26.970590816318094,0.3722222222222223,1,anode_hold
1241.0,-2.5,3.749111812620277,3.819369812312049,0.0709104758916374,0.6524761998645268,26.97133383701625,0.37236111111111125,1,anode_hold
1242.0,-2.5,3.749105011360219,3.8193482797952174,0.0705047710772067,0.2615026422083666,26.97207685771441,0.3725000000000001,1,anode_hold
1243.0,-2.5,3.749113280038869,3.8196808278193446,0.0705274051442692,-0.0401426362066636,26.97281987841256,0.37263888888888896,1,anode_hold
1244.0,-2.5,3.749264015331944,3.819628973641686,0.0699166295564476,-0.4483287532948132,26.97356289911072,0.3727777777777779,1,anode_hold
1245.0,-2.5,3.7494739779618462,3.819684361055153,0.0705465521388453,0.3361690455392363,26.974305919808877,0.3729166666666668,1,anode_hold
1246.0,-2.5,3.7494876663713983,3.819990566346669,0.0703024058155935,-0.2004941596767118,26.97504894050703,0.3730555555555557,1,anode_hold
1247.0,-2.5,3.749600491549293,3.82013553754818,0.0699994339206143,-0.5356120782731288,26.975791961205186,0.37319444444444455,1,anode_hold
1248.0,-2.5,3.749206158645833,3.81988539522855,0.0698207102762367,-0.8585263064806448,26.97653498190334,0.3733333333333334,1,anode_hold
1249.0,-2.5,3.7494950598852834,3.8206060998749543,0.0704393888692016,-0.6716511204696296,26.977278002601498,0.3734722222222223,1,anode_hold
1250.0,-2.5,3.750203544779579,3.819814597418083,0.0697524975507972,0.141444912293398,26.978020278810646,0.3736111111111112,1,anode_hold
1251.0,-2.5,3.7499306268674353,3.820549346987278,0.0708397851087829,0.2210649889398119,26.97875474949799,0.37375000000000014,1,anode_hold
1252.0,-2.5,3.750427132338389,3.8204538609479295,0.0694775950842846,-0.5491335252556517,26.97948922018534,0.37388888888888894,1,anode_hold
1253.0,-2.5,3.750755870756517,3.82015302442189,0.069931728936685,0.5345752713115104,26.980223690872684,0.3740277777777779,1,anode_hold
1254.0,-2.5,3.750400403564895,3.820802477548621,0.0695804123333468,-0.8216616503795571,26.98095816156003,0.37416666666666676,1,anode_hold
1255.0,-2.5,3.750713436973319,3.821023328258785,0.0698658737058999,-0.444017579565692,26.981692632247373,0.37430555555555567,1,anode_hold
1256.0,-2.5,3.751373146199036,3.8202406332687695,0.0704176559725328,1.550168902799243,26.98242710293472,0.3744444444444445,1,anode_hold
1257.0,-2.5,3.751080341183784,3.820974637194922,0.0696590435402419,-0.2352524708970627,26.983161573622063,0.3745833333333335,1,anode_hold
1258.0,-2.5,3.751546079866401,3.820851611108806,0.0693739384630339,0.0684072206293961,26.983896044309407,0.37472222222222235,1,anode_hold
1259.0,-2.5,3.7515751970594367,3.821032459121476,0.0699820231149963,0.5247610529570679,26.984630514996752,0.3748611111111112,1,anode_hold
1260.0,-2.5,3.751462840274205,3.8205469411862985,0.0700286469365437,0.9445460244505988,26.985364985684097,0.3750000000000001,1,anode_hold
1261.0,-2.5,3.751324921267009,3.821316221533714,0.0698285802238404,-0.1627200428648834,26.98609945637144,0.37513888888888897,1,anode_hold
1262.0,-2.5,3.751221996132329,3.821567816351597,0.0692012395433395,-1.14458067592782,26.98683136073701,0.37527777777777793,1,anode_hold
1263.0,-2.5,3.7512557332669623,3.821384605858482,0.0698513969181188,-0.2774756734007511,26.98756259199189,0.37541666666666673,1,anode_hold
1264.0,-2.5,3.751849789815744,3.821179283151548,0.0693564727652878,0.0269794294833758,26.98829382324677,0.37555555555555564,1,anode_hold
1265.0,-2.5,3.751958994619861,3.821364426490812,0.0696190814868549,0.2136496159033107,26.989025054501656,0.37569444444444455,1,anode_hold
1266.0,-2.5,3.751875026590607,3.821647096545356,0.0701450320584411,0.3729621036918651,26.98975398504617,0.37583333333333346,1,anode_hold
1267.0,-2.5,3.7522880714197786,3.821574211433794,0.0692619111153337,-0.0242288986815886,26.990481817832315,0.3759722222222223,1,anode_hold
1268.0,-2.5,3.751958288623586,3.821308685411957,0.0699287461821022,0.5783493937312478,26.99120965061845,0.3761111111111112,1,anode_hold
1269.0,-2.5,3.7525788337307584,3.82144638661676,0.069691512025543,0.8239591395411416,26.9919374834046,0.3762500000000001,1,anode_hold
1270.0,-2.5,3.752357977512177,3.8214363481424463,0.0690686734880169,-0.0096971422522962,26.99266352056925,0.37638888888888894,1,anode_hold
1271.0,-2.5,3.7524306735312303,3.821977099824755,0.0701182998593194,0.5718735657946894,26.993388156908363,0.3765277777777779,1,anode_hold
1272.0,-2.5,3.7525370856260936,3.822600398746532,0.0691956546305203,-0.8676584899185436,26.99411279324748,0.37666666666666676,1,anode_hold
1273.0,-2.5,3.752603186343376,3.822529838320511,0.0694654828677063,-0.4611691094291714,26.9948374295866,0.3768055555555556,1,anode_hold
1274.0,-2.5,3.75346752545644,3.822144758022133,0.0693643528036696,0.6871202379774566,26.995559512616765,0.3769444444444445,1,anode_hold
1275.0,-2.5,3.7523249018384512,3.822235756778551,0.0697650497587287,-0.1458051813711947,26.996281256717204,0.3770833333333334,1,anode_hold
1276.0,-2.5,3.752948836167585,3.822660195228343,0.0692809704573011,-0.4303886034571214,26.99700300081764,0.37722222222222224,1,anode_hold
1277.0,-2.5,3.75335283120081,3.8226664304542974,0.0691441086821421,-0.1694905713462979,26.997722537682957,0.37736111111111115,1,anode_hold
1278.0,-2.5,3.753276958512116,3.822923371678783,0.0698458280893412,0.199414922673391,26.998440883567312,0.37750000000000006,1,anode_hold
1279.0,-2.5,3.753053185257167,3.82275932506632,0.0693544877831083,-0.351652026044924,26.999159229451667,0.37763888888888897,1,anode_hold
1280.0,-2.5,3.75374634984958,3.8225920997830345,0.0695800933747288,0.734343441274099,26.999876343675865,0.3777777777777779,1,anode_hold
1281.0,-2.5,3.752982023266972,3.822970006555271,0.0696161715158859,-0.3718117724131886,27.000591730553925,0.37791666666666673,1,anode_hold
1282.0,-2.5,3.752988939867373,3.823401626145005,0.0697929611332184,-0.6197251444137741,27.00130711743199,0.3780555555555557,1,anode_hold
1283.0,-2.5,3.753629661665389,3.823040376229843,0.0694254299253308,0.0147153608760497,27.0020216175724,0.37819444444444456,1,anode_hold
1284.0,-2.5,3.753102000014777,3.823660331087657,0.0693912836544779,-1.1670474184017898,27.002732157689422,0.3783333333333334,1,anode_hold
1285.0,-2.5,3.752904056487895,3.822863426627405,0.0694783942623022,-0.4809758772079675,27.00344269780645,0.3784722222222223,1,anode_hold
1286.0,-2.5,3.753961407863741,3.82311691438248,0.0694446429998716,0.2891364811334895,27.00415323792348,0.37861111111111123,1,anode_hold
1287.0,-2.5,3.7540040474248464,3.823360808083843,0.0696830088510005,0.3262481920041082,27.004863778040505,0.37875000000000014,1,anode_hold
1288.0,-2.5,3.7540744288485817,3.8233429524841407,0.0694649010417589,0.1963774061999323,27.00557431815753,0.37888888888888894,1,anode_hold
1289.0,-2.5,3.7537908815898713,3.823733915719505,0.0692135729487626,-0.7294611808710272,27.00628306080407,0.37902777777777785,1,anode_hold
1290.0,-2.5,3.754080141202688,3.8236376620264414,0.0692730205478325,-0.2845002759204185,27.006988649744635,0.37916666666666676,1,anode_hold
1291.0,-2.5,3.7538237938220127,3.82382407328892,0.0695298550367145,-0.4704244301922955,27.0076942386852,0.3793055555555557,1,anode_hold
1292.0,-2.5,3.754721831588574,3.824160853664422,0.0695466765539327,0.1076544780849175,27.00839982762576,0.37944444444444453,1,anode_hold
1293.0,-2.5,3.7545269679331454,3.8234376421884018,0.0693489201490566,0.4382458938003708,27.00910541656632,0.3795833333333334,1,anode_hold
1294.0,-2.5,3.75460047191051,3.823793036179677,0.0694043396343665,0.2117753651993403,27.009811005506887,0.3797222222222223,1,anode_hold
1295.0,-2.5,3.753886055659455,3.8245598740154088,0.0695333097921521,-1.1405085638016563,27.01051464271707,0.3798611111111112,1,anode_hold
1296.0,-2.5,3.754810805956098,3.823947114170954,0.069555356036162,0.4190478213059734,27.01121663812768,0.3800000000000001,1,anode_hold
1297.0,-2.5,3.7551143712106696,3.823812578154411,0.0692974375327357,0.5992305889948035,27.011918633538293,0.38013888888888897,1,anode_hold
1298.0,-2.5,3.755128622490944,3.82396540278184,0.0692572717124087,0.420491421512903,27.012620628948905,0.3802777777777778,1,anode_hold
1299.0,-2.5,3.755098654559301,3.823956098838026,0.0697861584228695,0.9287141441438608,27.013322201038093,0.38041666666666674,1,anode_hold
1300.0,-2.5,3.7549633833572273,3.824341189640164,0.0691093882274705,-0.2684180554655135,27.01402127539393,0.3805555555555556,1,anode_hold
1301.0,-2.5,3.7549628757031352,3.824550192181008,0.0693868276294172,-0.2004888484550271,27.01472034974977,0.38069444444444456,1,anode_hold
1302.0,-2.5,3.755347673112372,3.824658923787133,0.0694861681309794,0.1749174562184485,27.0154194241056,0.38083333333333336,1,anode_hold
1303.0,-2.5,3.755384115812641,3.824871053151968,0.0691938934675654,-0.2930438717614336,27.016117965283662,0.38097222222222227,1,anode_hold
1304.0,-2.5,3.755443825219207,3.824684201078897,0.0695657947285737,0.3254188688837089,27.016814181364538,0.3811111111111112,1,anode_hold
1305.0,-2.5,3.755383773290244,3.825060418578859,0.0690232860151346,-0.653359273480536,27.01751039744541,0.3812500000000001,1,anode_hold
1306.0,-2.5,3.7560845455268472,3.82523595935713,0.0696612612350613,0.5098474047788848,27.01820661352628,0.38138888888888894,1,anode_hold
1307.0,-2.5,3.7553329399921354,3.8245699225539616,0.0695272072614172,0.290224699589281,27.0189021866324,0.3815277777777778,1,anode_hold
1308.0,-2.5,3.7557779245230174,3.8247775605763055,0.0692644459809358,0.2648099276467697,27.01959558457516,0.38166666666666677,1,anode_hold
1309.0,-2.5,3.755712081277893,3.825301129480757,0.0694131571030689,-0.175891099794434,27.02028898251792,0.3818055555555556,1,anode_hold
1310.0,-2.5,3.756297169734125,3.824895133738937,0.069139754995592,0.541790990779667,27.020982380460683,0.38194444444444453,1,anode_hold
1311.0,-2.5,3.7565170638631327,3.825656040238053,0.0694646312215732,0.3256548466534781,27.021674984134247,0.38208333333333344,1,anode_hold
1312.0,-2.5,3.7565586429807993,3.825239438428144,0.0695441084938297,0.8633130464850147,27.02236543786869,0.38222222222222235,1,anode_hold
1313.0,-2.5,3.756509535400697,3.8253159983489726,0.0690186560964887,0.212193148212858,27.023055891603125,0.38236111111111115,1,anode_hold
1314.0,-2.5,3.755959629570837,3.8256326038514654,0.0693311050948401,-0.3418691857892675,27.023746345337564,0.3825000000000001,1,anode_hold
1315.0,-2.5,3.757101656955872,3.826375242175684,0.0691578129295868,-0.1157722902247471,27.024436154536463,0.382638888888889,1,anode_hold
1316.0,-2.5,3.756727802022005,3.825424576405945,0.0695670096574013,0.87023527346064,27.025124538411667,0.3827777777777779,1,anode_hold
1317.0,-2.5,3.756635760273157,3.8258343711274416,0.0689661638813783,-0.2324469729062528,27.025812922286875,0.3829166666666668,1,anode_hold
1318.0,-2.5,3.756770255477015,3.8257094824900526,0.0694600860993683,0.520859086330816,27.02650130616208,0.3830555555555557,1,anode_hold
1319.0,-2.5,3.756757465200408,3.826189870575347,0.0692179274921369,-0.2144778828019333,27.02718864128224,0.3831944444444446,1,anode_hold
1320.0,-2.5,3.757082018332589,3.826060830059563,0.0692200357308871,0.2412240039126878,27.027874054252084,0.3833333333333335,1,anode_hold
1321.0,-2.5,3.757143437723472,3.8261710111413874,0.068995091100727,-0.0324823171884425,27.02855946722193,0.3834722222222223,1,anode_hold
1322.0,-2.5,3.7570378905876063,3.8264133482329847,0.0693676153668199,-0.0078422785585452,27.02924488019177,0.3836111111111113,1,anode_hold
1323.0,-2.5,3.7564708723095337,3.826289854691432,0.0695711296010477,-0.2478527808502661,27.029929082591647,0.38375000000000015,1,anode_hold
1324.0,-2.5,3.757327814496047,3.826455454946924,0.0689098126530416,-0.2178277978353016,27.030611427923866,0.38388888888888906,1,anode_hold
1325.0,-2.5,3.757577912839427,3.826686891004264,0.0694127829507422,0.303804785905637,27.03129377325608,0.3840277777777779,1,anode_hold
1326.0,-2.5,3.757689223562017,3.826605937235353,0.0696981871394466,0.7814734661106826,27.0319761185883,0.38416666666666677,1,anode_hold
1327.0,-2.5,3.757582936091161,3.826625830249631,0.0684481242597201,-0.5947698987496253,27.032656311815533,0.38430555555555573,1,anode_hold
1328.0,-2.5,3.757863982593968,3.826525267700716,0.0694524727141193,0.7911876073722901,27.033333723884528,0.3844444444444446,1,anode_hold
1329.0,-2.5,3.758135496416996,3.826999684238656,0.0691305487699533,0.2663609482933537,27.03401113595352,0.3845833333333335,1,anode_hold
1330.0,-2.5,3.757784938221832,3.826998252507828,0.0688936824364632,-0.3196318495328754,27.034688548022515,0.38472222222222235,1,anode_hold
1331.0,-2.5,3.758464909591962,3.827002812752161,0.0686407354985895,0.1028323383911455,27.035365960091507,0.3848611111111112,1,anode_hold
1332.0,-2.5,3.7575374909595256,3.826941325857164,0.068900543406848,-0.50329149078987,27.036043372160503,0.3850000000000001,1,anode_hold
1333.0,-2.5,3.757844736461693,3.827070812796841,0.0689834571481774,-0.2426191869711047,27.036720784229495,0.38513888888888903,1,anode_hold
1334.0,-2.5,3.7580505201084313,3.827011457227176,0.0692435279521993,0.2825908334553872,27.03739819629849,0.38527777777777794,1,anode_hold
1335.0,-2.5,3.7576916566229617,3.827916876713949,0.0685491901180408,-1.67602997294658,27.03807227330151,0.38541666666666674,1,anode_hold
1336.0,-2.5,3.7582316273515866,3.8276610543652794,0.0692208914557725,-0.2085355579195535,27.038743265347577,0.38555555555555565,1,anode_hold
1337.0,-2.5,3.75901262723268,3.828161461422794,0.0687033479975736,-0.4454861925409226,27.039414257393645,0.38569444444444456,1,anode_hold
1338.0,-2.5,3.7591171338616567,3.8271312616292175,0.069291358817077,1.2772310495154926,27.040085249439716,0.3858333333333335,1,anode_hold
1339.0,-2.5,3.758880442182992,3.827256139473438,0.0688681050036163,0.492407713169829,27.04075624148578,0.3859722222222223,1,anode_hold
1340.0,-2.5,3.759474094736288,3.827906269309973,0.0685714911602506,0.1393165865652967,27.04142723353185,0.3861111111111112,1,anode_hold
1341.0,-2.5,3.7591362007143423,3.827849510318591,0.0688398501676574,0.1265405634094385,27.04209822557792,0.3862500000000001,1,anode_hold
1342.0,-2.5,3.759021569563466,3.827851466637743,0.0686424820996613,-0.1874149746154962,27.042769217623984,0.38638888888888895,1,anode_hold
1343.0,-2.5,3.7593496021341215,3.82789518229266,0.0691350267028581,0.5894465443212482,27.04343640327303,0.3865277777777778,1,anode_hold
1344.0,-2.5,3.7593419315400856,3.828086922014192,0.0687108710323933,-0.0341194417132761,27.0441010798904,0.38666666666666677,1,anode_hold
1345.0,-2.5,3.759709818181232,3.827478323425453,0.0685888870255931,0.8203817813718928,27.04476575650776,0.3868055555555556,1,anode_hold
1346.0,-2.5,3.7591440855710414,3.8290688461049776,0.0688056068954689,-1.119153638467374,27.045430433125123,0.38694444444444454,1,anode_hold
1347.0,-2.5,3.760000787865854,3.8283239255239008,0.0692700756049264,0.9469379468796112,27.046095109742485,0.38708333333333345,1,anode_hold
1348.0,-2.5,3.759669067983385,3.828448015066297,0.0686267423794891,-0.1522047034221429,27.046759786359846,0.38722222222222236,1,anode_hold
1349.0,-2.5,3.760169485527582,3.828880632913951,0.0685656122203371,-0.1455351660317738,27.04742446297721,0.38736111111111116,1,anode_hold
1350.0,-2.5,3.7595565391819616,3.828632437006082,0.0682854971182955,-0.7904007058248119,27.048089139594573,0.3875000000000001,1,anode_hold
1351.0,-2.5,3.759995196551261,3.828871289494411,0.0689387447383133,0.0626517951634042,27.04874713476564,0.387638888888889,1,anode_hold
1352.0,-2.5,3.7602447580669702,3.829071876482904,0.0683253151712733,-0.5018032446604259,27.04940207094244,0.3877777777777779,1,anode_hold
1353.0,-2.5,3.760592139842519,3.829178527405476,0.0684419762115089,-0.1444113514477152,27.05005700711924,0.38791666666666674,1,anode_hold
1354.0,-2.5,3.760056809686051,3.829195255956773,0.068480737578249,-0.6577086924721698,27.050711943296044,0.3880555555555557,1,anode_hold
1355.0,-2.5,3.761022667236544,3.829452284816283,0.0686825349147353,0.2529173349965496,27.051366879472845,0.38819444444444456,1,anode_hold
1356.0,-2.5,3.76076759795524,3.829545520065111,0.0688435179166171,0.0655958067463657,27.052021815649645,0.3883333333333334,1,anode_hold
1357.0,-2.5,3.7605654312401873,3.829341660868397,0.0682014911775455,-0.5747384506644693,27.052676751826446,0.38847222222222233,1,anode_hold
1358.0,-2.5,3.761188719428933,3.82955604083314,0.0683223906702368,-0.0449307339698279,27.053331688003247,0.38861111111111124,1,anode_hold
1359.0,-2.5,3.760950447826297,3.829324168084157,0.0687052047455433,0.3314844876829426,27.053982514283003,0.38875000000000015,1,anode_hold
1360.0,-2.5,3.76136195120352,3.829808777391574,0.0687082583110177,0.2614321229641447,27.05463210727028,0.38888888888888895,1,anode_hold
1361.0,-2.5,3.761806234041849,3.829266141124561,0.0686688328918652,1.2089258091529942,27.05528170025755,0.3890277777777779,1,anode_hold
1362.0,-2.5,3.76143467580244,3.8293244099194976,0.0689250997222363,1.0353656051784732,27.05593129324482,0.38916666666666677,1,anode_hold
1363.0,-2.5,3.761140941039988,3.8295991287490607,0.0690638517749855,0.60566406591267,27.056580886232094,0.3893055555555557,1,anode_hold
1364.0,-2.5,3.761266060238359,3.830066063514512,0.0684169555223246,-0.3830477538273591,27.05723047921937,0.38944444444444454,1,anode_hold
1365.0,-2.5,3.761663356931792,3.829827711428582,0.068107702957932,-0.0566515388578103,27.057877457038373,0.3895833333333334,1,anode_hold
1366.0,-2.5,3.761669772512359,3.829992013731504,0.0681514893496044,-0.1707518695410748,27.058522244355935,0.3897222222222223,1,anode_hold
1367.0,-2.5,3.761428302157517,3.830550356127575,0.0683183682937057,-0.8036856763515843,27.059167031673507,0.3898611111111112,1,anode_hold
1368.0,-2.5,3.761572588551248,3.830753597551286,0.0686146923278826,-0.5663166721552315,27.059811818991072,0.3900000000000001,1,anode_hold
1369.0,-2.5,3.762067566274073,3.831003302187093,0.0680930776950047,-0.8426582180156572,27.06045660630864,0.390138888888889,1,anode_hold
1370.0,-2.5,3.762666651435898,3.830772247892461,0.0683659097264343,0.2603132698717481,27.06110139362621,0.39027777777777783,1,anode_hold
1371.0,-2.5,3.761272013068497,3.830728795785512,0.0684925773494206,-0.9642053675937844,27.061742032048,0.39041666666666675,1,anode_hold
1372.0,-2.5,3.762377006825214,3.8307740720318657,0.0685854147883216,0.188349581669911,27.0623824135382,0.3905555555555556,1,anode_hold
1373.0,-2.5,3.762195226529939,3.830382282039035,0.068907045435784,0.7199899266883136,27.0630227950284,0.39069444444444457,1,anode_hold
1374.0,-2.5,3.762591058799946,3.830837732199417,0.0689789179760174,0.7322445765458596,27.0636631765186,0.39083333333333337,1,anode_hold
1375.0,-2.5,3.762716274500221,3.830846408960789,0.0676646172984526,-0.4655171621164022,27.064303558008795,0.3909722222222223,1,anode_hold
1376.0,-2.5,3.762574200803029,3.8312821099453007,0.0681330156661496,-0.5748934761218294,27.064940466460307,0.3911111111111112,1,anode_hold
1377.0,-2.5,3.762357837565191,3.8312154771642857,0.068672503369459,-0.185136229635674,27.06557559343864,0.3912500000000001,1,anode_hold
1378.0,-2.5,3.7623477943130266,3.8308625288104143,0.068766357003942,0.2516225065543054,27.06621072041697,0.39138888888888895,1,anode_hold
1379.0,-2.5,3.76230893652628,3.831139519400317,0.0683273530098524,-0.5032298641842736,27.0668458473953,0.3915277777777778,1,anode_hold
1380.0,-2.5,3.763342174064708,3.8314769284413233,0.0683912402535418,0.2564858769260603,27.06748097437363,0.3916666666666668,1,anode_hold
1381.0,-2.5,3.763019166917805,3.831454314029952,0.0683754024686769,-0.0597446434702497,27.0681146795871,0.39180555555555563,1,anode_hold
1382.0,-2.5,3.763030395142968,3.831306079599471,0.0681603742427959,-0.1153102137068096,27.068746067466066,0.39194444444444454,1,anode_hold
1383.0,-2.5,3.7632195618155726,3.831832948330141,0.0685368777079857,-0.0765088065826091,27.06937745534503,0.3920833333333334,1,anode_hold
1384.0,-2.5,3.7630114373289465,3.831101934916816,0.0678613317675281,-0.2291658203414925,27.070008843223995,0.39222222222222236,1,anode_hold
1385.0,-2.5,3.763615062023967,3.8319188715084223,0.067903728640051,-0.4000808444044601,27.07064023110296,0.39236111111111116,1,anode_hold
1386.0,-2.5,3.76402992352421,3.831580107466342,0.0685622732573611,1.0120893152292254,27.07127107217827,0.39250000000000007,1,anode_hold
1387.0,-2.5,3.764088616772541,3.8314817690002334,0.0681982656829205,0.8051134552271577,27.071896965760875,0.392638888888889,1,anode_hold
1388.0,-2.5,3.763390104369855,3.831910152404274,0.0677975844216534,-0.7224636127651785,27.07252285934348,0.3927777777777779,1,anode_hold
1389.0,-2.5,3.764381663164279,3.8324371557349455,0.0675621750816137,-0.4933174890537906,27.07314875292608,0.39291666666666675,1,anode_hold
1390.0,-2.5,3.763856104038631,3.831714995084801,0.0686358876263807,0.7769965802109091,27.07377464650868,0.3930555555555556,1,anode_hold
1391.0,-2.5,3.763624254935389,3.832221426417565,0.068234654627866,-0.3625168543091028,27.074400540091283,0.3931944444444445,1,anode_hold
1392.0,-2.5,3.763942064452252,3.832360952683121,0.0676899054615481,-0.72898276932154,27.075026433673884,0.3933333333333334,1,anode_hold
1393.0,-2.5,3.764133717397415,3.832315477713448,0.0677657636921703,-0.4159966238623802,27.075652327256485,0.39347222222222233,1,anode_hold
1394.0,-2.5,3.7645343527865993,3.832415176024517,0.0679218278451303,0.0410046072123471,27.07627822083909,0.3936111111111112,1,anode_hold
1395.0,-2.5,3.764336500126636,3.832591632560964,0.068243801189871,-0.0113312444565139,27.076901096159663,0.39375000000000004,1,anode_hold
1396.0,-2.5,3.764300397142596,3.8327781795751785,0.0681411135486121,-0.3366688839703258,27.077521760960614,0.39388888888888896,1,anode_hold
1397.0,-2.5,3.764781500582589,3.833243815001678,0.0674448565179171,-1.0174579011716922,27.078142425761573,0.39402777777777787,1,anode_hold
1398.0,-2.5,3.765545397988266,3.832080115237214,0.0683964542165867,1.861736967638361,27.07876309056253,0.3941666666666668,1,anode_hold
1399.0,-2.5,3.7648648995530096,3.833064879629681,0.068166799540986,-0.0331805356852399,27.079383755363484,0.3943055555555556,1,anode_hold
1400.0,-2.5,3.7653222588846593,3.8333448386576814,0.0678014660876552,-0.221113685367591,27.080004420164443,0.3944444444444445,1,anode_hold
1401.0,-2.5,3.765314344891692,3.83264731165952,0.0674036761985695,0.0707094307412781,27.0806250849654,0.3945833333333334,1,anode_hold
1402.0,-2.5,3.76619515916888,3.8334487610182255,0.067782367808708,0.528765959362687,27.081245749766357,0.3947222222222223,1,anode_hold
1403.0,-2.5,3.764928876170798,3.833640586559975,0.0680658981711947,-0.6458122179822112,27.08186291862322,0.39486111111111116,1,anode_hold
1404.0,-2.5,3.76592689093208,3.83332236874422,0.0675474495699542,0.1519717578144508,27.08247972981164,0.395,1,anode_hold
1405.0,-2.5,3.765313783758394,3.833609629235601,0.0680756460949777,-0.2201993822290582,27.083096541000053,0.395138888888889,1,anode_hold
1406.0,-2.5,3.765620397500148,3.8334485961227287,0.0679741254988116,0.1459268762311616,27.08371335218847,0.39527777777777784,1,anode_hold
1407.0,-2.5,3.765869040399556,3.8333458950829926,0.0676719859401648,0.1951312567278762,27.084330163376887,0.39541666666666675,1,anode_hold
1408.0,-2.5,3.7669535687005578,3.833645096222359,0.0679560528751805,1.2645253533789536,27.08494687682803,0.39555555555555566,1,anode_hold
1409.0,-2.5,3.765861402314398,3.833694320363472,0.0681849223082166,0.3520042591427241,27.08556048837996,0.39569444444444457,1,anode_hold
1410.0,-2.5,3.765616199740972,3.8342690275237112,0.0678895513556189,-0.763276427120374,27.086174099931885,0.39583333333333337,1,anode_hold
1411.0,-2.5,3.766664635122513,3.8338912718918,0.0675610253580959,0.3343885888091868,27.08678771148381,0.3959722222222223,1,anode_hold
1412.0,-2.5,3.766116216277376,3.8343712369869847,0.0677284951753771,-0.5265255342314923,27.087401323035746,0.3961111111111112,1,anode_hold
1413.0,-2.5,3.7663865293186896,3.834530195398976,0.0676141478646906,-0.5295182155951039,27.088014453358355,0.39625,1,anode_hold
1414.0,-2.5,3.766537102204087,3.834711140502589,0.0677644407655609,-0.4095975329412304,27.088624813254278,0.39638888888888896,1,anode_hold
1415.0,-2.5,3.766658311712817,3.834459999850082,0.0682426660932267,0.4409779559617632,27.089235173150197,0.3965277777777778,1,anode_hold
1416.0,-2.5,3.766663073814808,3.834690507738968,0.0675367454740172,-0.4906884501423292,27.089845533046116,0.3966666666666667,1,anode_hold
1417.0,-2.5,3.76687934266028,3.834394392188384,0.068498555060978,0.9835055328735188,27.090455892942032,0.39680555555555563,1,anode_hold
1418.0,-2.5,3.766996836652259,3.834416872040435,0.0674698685453634,0.0498331571869847,27.091064080765246,0.39694444444444454,1,anode_hold
1419.0,-2.5,3.767217344409176,3.8352872198436927,0.0687507479160321,0.6808724815150491,27.09167155877787,0.3970833333333334,1,anode_hold
1420.0,-2.5,3.766913536415063,3.8352217492739418,0.0682574147022512,-0.0507981566273407,27.09227903679049,0.39722222222222237,1,anode_hold
1421.0,-2.5,3.766897626104949,3.834689088397822,0.0678725496994936,0.0810874066208278,27.092886514803112,0.39736111111111116,1,anode_hold
1422.0,-2.5,3.766882859123052,3.834825561997909,0.0676654418733665,-0.277261001490281,27.093491451872385,0.3975000000000001,1,anode_hold
1423.0,-2.5,3.767459199431492,3.8356857277430336,0.0680232111675134,-0.2033171440278813,27.094095749064056,0.397638888888889,1,anode_hold
1424.0,-2.5,3.767346959872673,3.835354444712757,0.0672091080370075,-0.7983768030763727,27.094700046255728,0.3977777777777778,1,anode_hold
1425.0,-2.5,3.76760627324245,3.835707451091339,0.0675998517131873,-0.5013261357018628,27.0953043434474,0.3979166666666667,1,anode_hold
1426.0,-2.5,3.7676836509469354,3.835893408282653,0.0684511325733744,0.2413752376564382,27.09590602356997,0.3980555555555556,1,anode_hold
1427.0,-2.5,3.768110282336865,3.835493222374621,0.0678819309380035,0.4989909002475201,27.09650721984422,0.3981944444444445,1,anode_hold
1428.0,-2.5,3.7677490979679984,3.8359018599709183,0.0679655895120178,-0.1871724909019434,27.097108416118477,0.3983333333333334,1,anode_hold
1429.0,-2.5,3.767994885016804,3.835370093510831,0.0672147296293289,-0.1604788646978328,27.097709612392727,0.39847222222222234,1,anode_hold
1430.0,-2.5,3.7674970581963,3.835797942249522,0.0678039631992168,-0.4969208540051006,27.09830802786646,0.3986111111111112,1,anode_hold
1431.0,-2.5,3.767623196267467,3.8361375244349736,0.0674510329522725,-1.0632952152338504,27.098906096481493,0.39875000000000005,1,anode_hold
1432.0,-2.5,3.767943217072719,3.8364036179606607,0.0677099448106863,-0.7504560772551017,27.099504165096526,0.39888888888888896,1,anode_hold
1433.0,-2.5,3.767761174719851,3.836084329209164,0.0677111652860758,-0.6119892032367957,27.10010223371156,0.3990277777777778,1,anode_hold
1434.0,-2.5,3.768432551318527,3.836331817823855,0.0676297964901334,-0.2694700151941731,27.1006974318943,0.39916666666666667,1,anode_hold
1435.0,-2.5,3.7679259470459057,3.836012766777889,0.0684028412733246,0.3160215413418044,27.10129242800816,0.3993055555555556,1,anode_hold
1436.0,-2.5,3.768446567317208,3.8366285477093935,0.0676645077510911,-0.5174726410954733,27.101887424122012,0.3994444444444445,1,anode_hold
1437.0,-2.5,3.767788813254336,3.8360525096847167,0.0679589867638571,-0.3047096665231841,27.10248242023588,0.3995833333333334,1,anode_hold
1438.0,-2.5,3.768307267609887,3.836429884628025,0.0681714338384309,0.0488168202927852,27.10307548922893,0.3997222222222222,1,anode_hold
1439.0,-2.5,3.768649709018872,3.836582880966447,0.0682748321916712,0.341660244095987,27.10366851762123,0.39986111111111117,1,anode_hold
1440.0,-2.5,3.768786425806537,3.836439644271966,0.067986622843849,0.3334043784199991,27.104261546013525,0.4,1,anode_hold
1441.0,-2.5,3.768439638485831,3.8366281167238143,0.0673627812991882,-0.8256969387954172,27.104854509889552,0.40013888888888893,1,anode_hold
1442.0,-2.5,3.769133732739903,3.836807039504416,0.0681513668480432,0.4780600835299076,27.10544490497809,0.40027777777777784,1,anode_hold
1443.0,-2.5,3.76951759103212,3.8372771394274103,0.0678016340268025,0.0420856315117568,27.106035300066623,0.40041666666666675,1,anode_hold
1444.0,-2.5,3.7695436037524144,3.8372730609762615,0.0680488887165952,0.3194314927479347,27.10662569515516,0.4005555555555556,1,anode_hold
1445.0,-2.5,3.769276428852688,3.837279002732656,0.0678808648337959,-0.1217090461724801,27.10721581393358,0.40069444444444446,1,anode_hold
1446.0,-2.5,3.769434342005905,3.837377944646524,0.0678096480120054,-0.1339546286134307,27.10780224096688,0.4008333333333334,1,anode_hold
1447.0,-2.5,3.769391168258183,3.837479077412649,0.0676215280264166,-0.4663811280494201,27.108388668000185,0.4009722222222223,1,anode_hold
1448.0,-2.5,3.7700725220264135,3.8371717069729696,0.067523643235369,0.4244582888128789,27.10897509503349,0.4011111111111112,1,anode_hold
1449.0,-2.5,3.770452610564692,3.8374492522818175,0.067048114115304,0.0514723981774878,27.109561522066787,0.40125,1,anode_hold
1450.0,-2.5,3.7699988535560527,3.837574664081718,0.0670900652792007,-0.4857452464648304,27.11014794910009,0.4013888888888889,1,anode_hold
1451.0,-2.5,3.769783822063956,3.8379592174413473,0.0674849922853671,-0.6904030920238391,27.110734376133397,0.4015277777777778,1,anode_hold
1452.0,-2.5,3.770489696042159,3.837920901919132,0.0674397933667145,0.0085874897415294,27.1113208031667,0.4016666666666667,1,anode_hold
1453.0,-2.5,3.770779216829572,3.838084029726652,0.0674267399890945,0.1219270920147508,27.111906446831487,0.4018055555555556,1,anode_hold
1454.0,-2.5,3.769890928383441,3.837664704003432,0.0674293885106507,-0.3443871093398165,27.112487974769856,0.40194444444444444,1,anode_hold
1455.0,-2.5,3.770889751886268,3.8385792651787214,0.0672215775903299,-0.4679357021237784,27.113069502708225,0.40208333333333335,1,anode_hold
1456.0,-2.5,3.771638240704301,3.838010874145526,0.0669933211460369,0.6206877048122728,27.113651030646597,0.40222222222222226,1,anode_hold
1457.0,-2.5,3.771375798429245,3.838000640187052,0.0668482233905925,0.2233816327854576,27.114232558584963,0.40236111111111117,1,anode_hold
1458.0,-2.5,3.7714354213227126,3.8383979497820935,0.0671478075510886,0.1852790917076241,27.11481408652333,0.4025,1,anode_hold
1459.0,-2.5,3.771531599601652,3.838561459759046,0.0668966970274028,-0.1331631299907876,27.115395614461704,0.4026388888888889,1,anode_hold
1460.0,-2.5,3.7718672369668345,3.83851546904492,0.0667520489527967,0.1038168747116152,27.11597482874721,0.4027777777777778,1,anode_hold
1461.0,-2.5,3.771400525106068,3.839106343738831,0.0668742520301755,-0.8315666025873192,27.116551324486508,0.4029166666666667,1,anode_hold
1462.0,-2.5,3.771563481903242,3.8385970991593017,0.0670000259771243,-0.0335912789353187,27.11712782022581,0.4030555555555556,1,anode_hold
1463.0,-2.5,3.772073561998406,3.8387128867967535,0.066581823074653,-0.0575017236954522,27.117704315965117,0.4031944444444444,1,anode_hold
1464.0,-2.5,3.7718782053281816,3.838553476159402,0.0670506007620394,0.3753299308191238,27.11828011303423,0.4033333333333333,1,anode_hold
1465.0,-2.5,3.772288762280038,3.839431714867515,0.0674035794143064,0.2606268268290357,27.118853780954908,0.40347222222222223,1,anode_hold
1466.0,-2.5,3.771764730231328,3.839029699895941,0.0667406590984785,-0.5243105661336678,27.119427448875587,0.40361111111111114,1,anode_hold
1467.0,-2.5,3.772693232797976,3.8391130012700314,0.067084257788523,0.6644893164682308,27.120001116796264,0.40375000000000005,1,anode_hold
1468.0,-2.5,3.772846995952591,3.838782119934903,0.0669188160658293,0.9836920835173402,27.12057470251055,0.40388888888888896,1,anode_hold
1469.0,-2.5,3.7727249385627633,3.839165804796306,0.0664944468076372,0.0535805740944361,27.121145978693807,0.4040277777777778,1,anode_hold
1470.0,-2.5,3.7728800927376818,3.839354231347333,0.0673268950402057,0.852756430554269,27.121717254877066,0.4041666666666667,1,anode_hold
1471.0,-2.5,3.773435891844251,3.839720597386789,0.066653818459205,0.3691129166671913,27.12228853106032,0.4043055555555556,1,anode_hold
1472.0,-2.5,3.772742021370327,3.839973852333555,0.0666532172731777,-0.5786136900503003,27.12285927359757,0.40444444444444444,1,anode_hold
1473.0,-2.5,3.7729050287888506,3.84012766586024,0.0666368193185187,-0.5858177528703656,27.1234283531784,0.4045833333333334,1,anode_hold
1474.0,-2.5,3.772962859924607,3.8396681541125774,0.0666776414834745,-0.0276527044960062,27.123997432759225,0.4047222222222222,1,anode_hold
1475.0,-2.5,3.77327560878845,3.8400492932935415,0.0667327245544444,-0.0409599506476787,27.124566512340053,0.40486111111111117,1,anode_hold
1476.0,-2.5,3.7732075432089647,3.8405344404753694,0.0667367512047069,-0.5901460616986043,27.125133492090686,0.405,1,anode_hold
1477.0,-2.5,3.773629013819918,3.840367057601091,0.0665587285887467,-0.1793151924260883,27.12570004375073,0.40513888888888894,1,anode_hold
1478.0,-2.5,3.7735296893264567,3.8405216062146,0.066452270528637,-0.5396463595062073,27.126266595410776,0.4052777777777778,1,anode_hold
1479.0,-2.5,3.77339494402086,3.840755611922279,0.0669578282176879,-0.4028396837307824,27.12683224805115,0.40541666666666665,1,anode_hold
1480.0,-2.5,3.773466309838274,3.840634026652464,0.0665705828970659,-0.5971339171235712,27.1273966508412,0.40555555555555556,1,anode_hold
1481.0,-2.5,3.77439653469356,3.840596966243822,0.0661607910048724,-0.0396405453892967,27.12796105363125,0.40569444444444447,1,anode_hold
1482.0,-2.5,3.774114011403861,3.8414186671217054,0.066491738132902,-0.8129175849429515,27.12852544199761,0.4058333333333334,1,anode_hold
1483.0,-2.5,3.77416207869324,3.840324997988856,0.066677078016874,0.5141587212582621,27.12908747328149,0.4059722222222223,1,anode_hold
1484.0,-2.5,3.774333855907455,3.840930324278492,0.0666440081162109,0.0475397451733528,27.12964950456538,0.4061111111111112,1,anode_hold
1485.0,-2.5,3.7743967813883743,3.841157940239177,0.0663976289790372,-0.3635298717656887,27.130211535849263,0.40625,1,anode_hold
1486.0,-2.5,3.774743928895096,3.841091778722301,0.0664697159612425,0.1218661340374183,27.13077356713315,0.4063888888888889,1,anode_hold
1487.0,-2.5,3.774781377714173,3.84115713149692,0.0661826208098575,-0.1931329728890318,27.131335598417035,0.4065277777777778,1,anode_hold
1488.0,-2.5,3.774531392673102,3.841135001343885,0.0666062397214337,0.0026310506515692,27.131897629700923,0.40666666666666673,1,anode_hold
1489.0,-2.5,3.774556079159,3.8416746186826334,0.0667158136372167,-0.4027258864165439,27.13245893754432,0.4068055555555556,1,anode_hold
1490.0,-2.5,3.774568468876928,3.840909086786025,0.0671028098604413,0.7621919513440822,27.13301698312982,0.40694444444444444,1,anode_hold
1491.0,-2.5,3.774610493561963,3.841199197449801,0.0663037066911164,-0.2849971967218145,27.13357502871532,0.40708333333333335,1,anode_hold
1492.0,-2.5,3.7754978244801793,3.8412164042123695,0.0666200917676719,0.9015120354818328,27.134133074300816,0.40722222222222226,1,anode_hold
1493.0,-2.5,3.77489356685509,3.841519683819981,0.0665683703085315,-0.0577466563589368,27.13469111988632,0.4073611111111112,1,anode_hold
1494.0,-2.5,3.7746541627247594,3.8416586546943248,0.0659120387208661,-1.0924532487002203,27.135249165471816,0.40750000000000003,1,anode_hold
1495.0,-2.5,3.775098178961595,3.8420245406065088,0.0669518469715297,0.0254853266161703,27.135807211057312,0.4076388888888889,1,anode_hold
1496.0,-2.5,3.775205213135133,3.842308639734705,0.0668998638824263,-0.2035627171466103,27.13636376551304,0.4077777777777778,1,anode_hold
1497.0,-2.5,3.77562964220223,3.841862404770424,0.0667143270067275,0.4815644385338657,27.13691763351672,0.4079166666666667,1,anode_hold
1498.0,-2.5,3.7753538570168015,3.84221759274934,0.0666875201459154,-0.1762155866220638,27.1374715015204,0.4080555555555556,1,anode_hold
1499.0,-2.5,3.775869042787204,3.842924170468291,0.0665265788594766,-0.5285488216104639,27.138025369524083,0.4081944444444444,1,anode_hold
1500.0,-2.5,3.77591414003403,3.8426334525050256,0.0666969563937423,-0.022356077253427,27.138579237527765,0.4083333333333333,1,anode_hold
1501.0,-2.5,3.776266595871616,3.8420234420715262,0.0666648730870239,0.9080268871137775,27.13913310553145,0.40847222222222224,1,anode_hold
1502.0,-2.5,3.776625610014484,3.8428164257085657,0.0666859393430849,0.4951236490025046,27.139686973535127,0.40861111111111115,1,anode_hold
1503.0,-2.5,3.776919809655837,3.8427182680330567,0.0663374082193453,0.5389498421259908,27.14023859978486,0.40875,1,anode_hold
1504.0,-2.5,3.77656059599465,3.842804587648973,0.0660325610964511,-0.2114305578722053,27.140788256839496,0.40888888888888886,1,anode_hold
1505.0,-2.5,3.7758976426888897,3.842991942651144,0.0661052261556883,-0.9890738065654324,27.141337913894134,0.4090277777777778,1,anode_hold
1506.0,-2.5,3.776214500150859,3.843233435364307,0.0669146388472639,-0.1042963661839202,27.14188757094877,0.4091666666666667,1,anode_hold
1507.0,-2.5,3.7765002609951495,3.843168035814138,0.0672007332279544,0.5329584089657224,27.142437228003413,0.4093055555555556,1,anode_hold
1508.0,-2.5,3.777136612586932,3.8434759152701785,0.0669821010594912,0.6427983762451461,27.14298688505805,0.40944444444444444,1,anode_hold
1509.0,-2.5,3.7768093676189993,3.8433815265919535,0.0666463688631016,0.074209890147614,27.143536542112688,0.4095833333333333,1,anode_hold
1510.0,-2.5,3.777060396797191,3.8436390739282262,0.06628317669299,-0.295500438046048,27.144081901745285,0.4097222222222222,1,anode_hold
1511.0,-2.5,3.7767413575454793,3.843637772308064,0.0667043726999507,-0.1920420626349006,27.14462548719498,0.4098611111111111,1,anode_hold
1512.0,-2.5,3.777064786493008,3.843308018897415,0.0664464204541626,0.2031880497552762,27.14516907264468,0.41000000000000003,1,anode_hold
1513.0,-2.5,3.7771973168550574,3.843218915448476,0.0667604749231,0.7388763296822809,27.14571265809437,0.41013888888888883,1,anode_hold
1514.0,-2.5,3.776939124663781,3.8443232924632937,0.0666967103341543,-0.6874574653581433,27.14625624354407,0.41027777777777774,1,anode_hold
1515.0,-2.5,3.7774033736356696,3.843600541261808,0.0662936152769983,0.096447650860032,27.146799828993764,0.41041666666666665,1,anode_hold
1516.0,-2.5,3.777585576458844,3.843630258504366,0.0669054654264724,0.8607833809497478,27.147343414443466,0.41055555555555556,1,anode_hold
1517.0,-2.5,3.777317024772613,3.8443618379843394,0.0668581916019568,-0.1866216097701212,27.147883071503536,0.4106944444444444,1,anode_hold
1518.0,-2.5,3.777770978721202,3.844482973038364,0.0669520063304526,0.2400120132906025,27.148422209134644,0.4108333333333333,1,anode_hold
1519.0,-2.5,3.77806092144199,3.844193854513328,0.0666964296536743,0.5634965823357874,27.14896134676576,0.41097222222222224,1,anode_hold
1520.0,-2.5,3.777687425278364,3.844730150327015,0.0665220404595928,-0.5206845890572964,27.149500484396864,0.4111111111111111,1,anode_hold
1521.0,-2.5,3.777768632218082,3.844284414499169,0.0670059865159839,0.4902042348970958,27.15003962202797,0.41125,1,anode_hold
1522.0,-2.5,3.777776650644169,3.844426961670933,0.0666733338014852,0.0230227747213263,27.15057875965908,0.41138888888888886,1,anode_hold
1523.0,-2.5,3.777784948324448,3.844230613435871,0.0668875354983489,0.441870386925558,27.15111767607887,0.4115277777777777,1,anode_hold
1524.0,-2.5,3.778122083472336,3.845348176298763,0.0666303694875248,-0.5957233389026761,27.151653041615063,0.4116666666666666,1,anode_hold
1525.0,-2.5,3.778056187039581,3.844871653333035,0.0663205964975604,-0.4948697958941928,27.152188407151257,0.41180555555555554,1,anode_hold
1526.0,-2.5,3.778190637864395,3.845151278819936,0.0665128778034187,-0.447763152121805,27.15272377268745,0.41194444444444445,1,anode_hold
1527.0,-2.5,3.778156681646454,3.844556513484271,0.0662380145918102,-0.1618172460067235,27.15325913822365,0.41208333333333336,1,anode_hold
1528.0,-2.5,3.778032411565501,3.845280316545608,0.0663469520517857,-0.9009529283212636,27.15379450375984,0.4122222222222222,1,anode_hold
1529.0,-2.5,3.778317753445384,3.844695629200396,0.0664856326665728,0.1077569115612853,27.154328064305727,0.41236111111111107,1,anode_hold
1530.0,-2.5,3.778804265203176,3.8451314491848425,0.0664216909200602,0.0945069383941898,27.154860217364664,0.41250000000000003,1,anode_hold
1531.0,-2.5,3.7784572637632983,3.8456339043248176,0.0672762739408263,0.0996333793064074,27.1553923704236,0.4126388888888889,1,anode_hold
1532.0,-2.5,3.778724452408693,3.8459616864789856,0.0663132175105483,-0.9240165597441674,27.15592452348254,0.4127777777777778,1,anode_hold
1533.0,-2.5,3.779518131916137,3.846111572623349,0.0664625961849854,-0.1308445222258925,27.15645667654148,0.41291666666666665,1,anode_hold
1534.0,-2.5,3.7794701505352974,3.845720429501178,0.0666965045369031,0.4462255710229179,27.156988606642265,0.4130555555555556,1,anode_hold
1535.0,-2.5,3.7790319260247114,3.845441011678554,0.0671792509604772,0.7701653066334302,27.157517334485725,0.4131944444444444,1,anode_hold
1536.0,-2.5,3.779528719702917,3.846043518344341,0.0665775397509698,0.0627411095450725,27.158046062329188,0.41333333333333333,1,anode_hold
1537.0,-2.5,3.7792603751259968,3.8458962621926926,0.0667225358564292,0.0866487897335233,27.158574790172647,0.41347222222222224,1,anode_hold
1538.0,-2.5,3.780051492693792,3.846347168251477,0.066472014485925,0.1763389282398719,27.15910351801611,0.41361111111111104,1,anode_hold
1539.0,-2.5,3.779495262869677,3.846374419100711,0.0662587981450654,-0.6203580859684976,27.159632245859573,0.41374999999999995,1,anode_hold
1540.0,-2.5,3.779802935455221,3.846853083979018,0.0663344916587214,-0.7156568650752426,27.16015701621716,0.41388888888888886,1,anode_hold
1541.0,-2.5,3.780301080393997,3.846622184592305,0.0667884499598858,0.4673457615784748,27.16067878055064,0.4140277777777778,1,anode_hold
1542.0,-2.5,3.779744492145285,3.8464888935770447,0.0664771044130091,-0.2672970187500567,27.16120054488412,0.4141666666666666,1,anode_hold
1543.0,-2.5,3.780491432799432,3.846769884815246,0.0665106330258834,0.2321810100696097,27.161722309217595,0.4143055555555556,1,anode_hold
1544.0,-2.5,3.7799620544992782,3.846641154358851,0.066485636731555,-0.1934631280176013,27.162244073551072,0.41444444444444445,1,anode_hold
1545.0,-2.5,3.78038596598862,3.84669110194314,0.0668636065699179,0.5584706153984875,27.162765837884557,0.4145833333333333,1,anode_hold
1546.0,-2.5,3.7803330402213136,3.846754942761079,0.0669546471595122,0.532744619747394,27.16328760221803,0.4147222222222222,1,anode_hold
1547.0,-2.5,3.780502390482196,3.846956803688645,0.0664863345051476,0.0319212986994443,27.163809366551508,0.4148611111111111,1,anode_hold
1548.0,-2.5,3.780684186447195,3.846942653228796,0.0663164040489674,0.0579372673663591,27.16433113088499,0.41500000000000004,1,anode_hold
1549.0,-2.5,3.7807210734035777,3.8472385705413874,0.0663422199033474,-0.1752772344625341,27.164852895218463,0.41513888888888884,1,anode_hold
1550.0,-2.5,3.780545394062467,3.846880383778979,0.0660127448121229,-0.3222449043889241,27.165374659551947,0.4152777777777778,1,anode_hold
1551.0,-2.5,3.781214520585941,3.847284225931508,0.0663593319902947,0.2896266447272033,27.16589490722687,0.41541666666666666,1,anode_hold
1552.0,-2.5,3.781272245566024,3.84769954381042,0.0666212402272888,0.193941982893353,27.166414032822686,0.41555555555555557,1,anode_hold
1553.0,-2.5,3.7815445718530314,3.847391188154564,0.0666109115668721,0.7642952653390545,27.166933158418505,0.4156944444444444,1,anode_hold
1554.0,-2.5,3.781674642471231,3.847416891731899,0.0662689009598919,0.5266516992237236,27.16745228401432,0.4158333333333333,1,anode_hold
1555.0,-2.5,3.7809562539421946,3.848358226169666,0.0664364824900982,-0.96548973737276,27.16797103175121,0.41597222222222224,1,anode_hold
1556.0,-2.5,3.78183763092096,3.84776563702968,0.0663281367424361,0.4001306337166888,27.168487437465625,0.4161111111111111,1,anode_hold
1557.0,-2.5,3.781933831182049,3.848545141133087,0.0664683529705073,-0.1429569805302399,27.169003843180032,0.41625,1,anode_hold
1558.0,-2.5,3.7814773710667664,3.848099086035409,0.0667630037009505,0.1412887323080092,27.16952024889444,0.41638888888888886,1,anode_hold
1559.0,-2.5,3.7820407986515128,3.848370315677143,0.0665499559388985,0.2204389132685058,27.17003665460885,0.4165277777777777,1,anode_hold
1560.0,-2.5,3.782257457637556,3.848584419806267,0.0662635964473839,-0.0633657213264804,27.17055142824921,0.41666666666666663,1,anode_hold
1561.0,-2.5,3.781740585495904,3.848228863393556,0.0663787294972922,-0.1095484003599267,27.171065512652508,0.41680555555555554,1,anode_hold
1562.0,-2.5,3.781573856203065,3.8482844415056734,0.0663075151356442,-0.4030701669646142,27.1715795970558,0.41694444444444445,1,anode_hold
1563.0,-2.5,3.781964870910846,3.848645077457908,0.06656286586402,-0.1173406830417,27.17209368145909,0.41708333333333336,1,anode_hold
1564.0,-2.5,3.782993065553317,3.848701612751956,0.0664457682079531,0.7372210093139486,27.172605278851147,0.4172222222222222,1,anode_hold
1565.0,-2.5,3.782308557714281,3.849045926924392,0.0661648068775646,-0.5725623325463225,27.17311678919736,0.41736111111111107,1,anode_hold
1566.0,-2.5,3.781955842887364,3.84877760555576,0.0664025038727909,-0.4192587956048932,27.173628299543577,0.41749999999999987,1,anode_hold
1567.0,-2.5,3.782326659363059,3.84882183092237,0.0668051514643753,0.309979905064317,27.17413927932304,0.4176388888888888,1,anode_hold
1568.0,-2.5,3.782186804954908,3.849189444403373,0.066279781115564,-0.7228583329008664,27.174648475653267,0.4177777777777777,1,anode_hold
1569.0,-2.5,3.7824477135150496,3.848997513100669,0.066328941847671,-0.2208577379483323,27.17515767198349,0.4179166666666666,1,anode_hold
1570.0,-2.5,3.782678518003868,3.8490446232281177,0.0667357276437489,0.369622419499116,27.17566686831372,0.4180555555555555,1,anode_hold
1571.0,-2.5,3.781966419411644,3.849507121088733,0.0672734323674475,-0.2672693096408274,27.176174988970235,0.4181944444444444,1,anode_hold
1572.0,-2.5,3.782930464845765,3.849401100289589,0.0667723479485595,0.3017125047364288,27.17668200067914,0.4183333333333333,1,anode_hold
1573.0,-2.5,3.783334191600626,3.849222300122877,0.0664435284398644,0.555419917612987,27.177189012388048,0.41847222222222213,1,anode_hold
1574.0,-2.5,3.782938026166107,3.8499798553826903,0.0666118584528803,-0.4299707637032135,27.177696024096957,0.41861111111111104,1,anode_hold
1575.0,-2.5,3.782975916319896,3.849753776875176,0.066858975956724,0.081115401443732,27.17820158682625,0.41874999999999996,1,anode_hold
1576.0,-2.5,3.783515782788144,3.8492527381444366,0.0671644177518911,1.4274623955987664,27.178706311888103,0.41888888888888887,1,anode_hold
1577.0,-2.5,3.782904694924153,3.849795506864296,0.0671770728208139,0.2862608806712963,27.179211036949955,0.41902777777777767,1,anode_hold
1578.0,-2.5,3.78300790031524,3.850423728303041,0.0664254953440945,-0.9903326437070704,27.179715762011806,0.41916666666666663,1,anode_hold
1579.0,-2.5,3.783068485570805,3.850228406295797,0.0665810100029648,-0.5789107220275369,27.1802189556307,0.4193055555555555,1,anode_hold
1580.0,-2.5,3.783544444266192,3.850127535322068,0.0666555929300152,0.0725018741394301,27.180721704523545,0.4194444444444443,1,anode_hold
1581.0,-2.5,3.783815877010174,3.850496988579889,0.0667246480765885,0.0435365068733872,27.181224453416394,0.4195833333333332,1,anode_hold
1582.0,-2.5,3.7837783265702583,3.850334089734404,0.0669044307480491,0.348667583904394,27.181726594314856,0.4197222222222221,1,anode_hold
1583.0,-2.5,3.784082461115824,3.8505315709805528,0.0668126388470614,0.3635289823331611,27.182227330730164,0.419861111111111,1,anode_hold
1584.0,-2.5,3.784278782204182,3.8508542584987775,0.0666687649167312,0.0932886221356454,27.182728067145472,0.41999999999999993,1,anode_hold
1585.0,-2.5,3.784290563419733,3.850557777874988,0.0671408628588776,0.8736484036222514,27.183228803560777,0.42013888888888884,1,anode_hold
1586.0,-2.5,3.784014717061373,3.851489420750687,0.0667068120558924,-0.7678916334219466,27.18372800541047,0.4202777777777777,1,anode_hold
1587.0,-2.5,3.7842933731072574,3.850274426682959,0.0662366107314439,0.2555571557425473,27.18422689132244,0.42041666666666666,1,anode_hold
1588.0,-2.5,3.784864759783225,3.85069072482532,0.0666601991465695,0.8342341044738077,27.18472577723441,0.42055555555555546,1,anode_hold
1589.0,-2.5,3.784293688078249,3.8515264532447486,0.0665047762176823,-0.7279889488178704,27.185223909063552,0.4206944444444444,1,anode_hold
1590.0,-2.5,3.784650740565812,3.851463875591956,0.0665733229194246,-0.2398121067193059,27.185720679298367,0.4208333333333333,1,anode_hold
1591.0,-2.5,3.784720659154,3.852030746333897,0.0671660895672429,-0.1439976126542674,27.18621744953318,0.4209722222222222,1,anode_hold
1592.0,-2.5,3.784910888321353,3.8517688292938335,0.0667489069516441,-0.1090340208378393,27.186714219768,0.42111111111111105,1,anode_hold
1593.0,-2.5,3.7847612879924633,3.852016785627335,0.0661976429514961,-1.057854683375492,27.18721099000281,0.4212499999999999,1,anode_hold
1594.0,-2.5,3.7847982621101486,3.851986964433436,0.066613761445783,-0.5749408775037601,27.187707760237625,0.42138888888888887,1,anode_hold
1595.0,-2.5,3.786088924975792,3.851832066421496,0.0666941398210114,0.9509983753073216,27.18820453047244,0.4215277777777777,1,anode_hold
1596.0,-2.5,3.7857250415262222,3.851456255374065,0.0664116774142249,0.6804635663821834,27.188699106262646,0.42166666666666663,1,anode_hold
1597.0,-2.5,3.7853467101061167,3.85201235104538,0.0667837559004268,0.1181149611637621,27.1891905338374,0.4218055555555555,1,anode_hold
1598.0,-2.5,3.785662029859592,3.852331618763938,0.0663670689342454,-0.3025199701007786,27.18968196141216,0.42194444444444434,1,anode_hold
1599.0,-2.5,3.786001955983026,3.852381826409085,0.0667005266798532,0.3206562537942936,27.190173388986917,0.42208333333333325,1,anode_hold
1600.0,-2.5,3.785815069210688,3.8521350821577376,0.0663088027857567,-0.0112101612925741,27.190664816561668,0.42222222222222217,1,anode_hold
1601.0,-2.5,3.786222348650053,3.852799524962943,0.0662253818116951,-0.3517945011948242,27.191156244136423,0.4223611111111111,1,anode_hold
1602.0,-2.5,3.785972030248188,3.852493322692775,0.0667043315785431,0.1830391339558978,27.19164767171118,0.4225,1,anode_hold
1603.0,-2.5,3.786168587878608,3.852426921546995,0.0659925303414502,-0.2658033269367088,27.1921372715054,0.42263888888888884,1,anode_hold
1604.0,-2.5,3.7863705999778183,3.852848785261558,0.0670260283352313,0.5478430514922472,27.19262476882512,0.4227777777777777,1,anode_hold
1605.0,-2.5,3.786378665932361,3.852913093290807,0.0663597816685946,-0.1746456898508164,27.193112266144837,0.4229166666666666,1,anode_hold
1606.0,-2.5,3.7858999518194185,3.852683500105248,0.0657785400557037,-1.0050082301260588,27.19359976346455,0.4230555555555555,1,anode_hold
1607.0,-2.5,3.786762028172832,3.852850254868833,0.0660071003431045,-0.0811263528972539,27.194087260784265,0.42319444444444443,1,anode_hold
1608.0,-2.5,3.786954053133359,3.853293880882184,0.0660888392508832,-0.2509884979415844,27.194574758103983,0.4233333333333333,1,anode_hold
1609.0,-2.5,3.7871383094502056,3.853875491576368,0.0656798913272822,-1.0572907988808389,27.1950622554237,0.42347222222222214,1,anode_hold
1610.0,-2.5,3.786817332308654,3.852709569631069,0.0667783308255257,0.8860935031105299,27.19554773230223,0.42361111111111105,1,anode_hold
1611.0,-2.5,3.787339058224528,3.8528359184894616,0.0671007133224689,1.6038530575355203,27.19603133942836,0.42374999999999996,1,anode_hold
1612.0,-2.5,3.7874207503946224,3.85344816269568,0.0660849874090207,0.0575751079638919,27.19651494655449,0.42388888888888887,1,anode_hold
1613.0,-2.5,3.786945651060839,3.8536336485934,0.0664245277687267,-0.2634697638344008,27.19699855368062,0.4240277777777778,1,anode_hold
1614.0,-2.5,3.7869359720343287,3.854109167156118,0.0668652837443682,-0.3079113774209219,27.197482160806747,0.4241666666666667,1,anode_hold
1615.0,-2.5,3.787859750005063,3.853488452580552,0.0661124387280787,0.4837361525900086,27.19796576793288,0.4243055555555556,1,anode_hold
1616.0,-2.5,3.787550809432527,3.854160486641665,0.0664303863805639,-0.1792908285738192,27.19844937505901,0.42444444444444446,1,anode_hold
1617.0,-2.5,3.7882583371545353,3.8542851725716343,0.0665081936258804,0.4813582087810353,27.198930818887163,0.4245833333333334,1,anode_hold
1618.0,-2.5,3.7887206599490826,3.854559687576005,0.065715446058232,-0.1235815686904118,27.199410655109904,0.4247222222222222,1,anode_hold
1619.0,-2.5,3.788024603792395,3.854210217077906,0.0662768010209103,0.0911877353990675,27.19989049133265,0.42486111111111113,1,anode_hold
1620.0,-2.5,3.788113476741262,3.85426159816971,0.0665034957167318,0.3553742882838051,27.200370327555387,0.42500000000000004,1,anode_hold
1621.0,-2.5,3.7884376596346607,3.8545370875630094,0.0661914656506377,0.0920377222892732,27.200850163778128,0.42513888888888884,1,anode_hold
1622.0,-2.5,3.788764465779253,3.854557121654199,0.0661981256932052,0.4054698182587302,27.20133000000087,0.42527777777777775,1,anode_hold
1623.0,-2.5,3.788342175316105,3.854668591004103,0.0664919606606237,0.1655449726261082,27.20180983622361,0.42541666666666667,1,anode_hold
1624.0,-2.5,3.7891747952883152,3.854777562039944,0.0665131345497577,0.9103677981290303,27.20228738145775,0.4255555555555556,1,anode_hold
1625.0,-2.5,3.789215198322137,3.855249050090468,0.0660827581488659,0.0489063805346745,27.202763569583155,0.42569444444444443,1,anode_hold
1626.0,-2.5,3.789232841851676,3.8550658890752287,0.0655169255921767,-0.3161216313762871,27.20323975770856,0.4258333333333333,1,anode_hold
1627.0,-2.5,3.788989235673426,3.855189671425772,0.0659841185042949,-0.2163172480509345,27.203715945833963,0.42597222222222225,1,anode_hold
1628.0,-2.5,3.789542756655567,3.85553517766657,0.0660559225646497,0.0635015536469829,27.204192133959367,0.4261111111111111,1,anode_hold
1629.0,-2.5,3.7896417079441433,3.855381520325285,0.0660695135031473,0.3297011220055879,27.20466832208477,0.42625,1,anode_hold
1630.0,-2.5,3.789140930875969,3.855637960571048,0.0661051714711831,-0.3918582238955359,27.20514451021017,0.4263888888888889,1,anode_hold
1631.0,-2.5,3.790241010897508,3.855235990441937,0.0658367212726525,0.8417417282240436,27.20561854275609,0.42652777777777784,1,anode_hold
1632.0,-2.5,3.789634694222597,3.855810028079073,0.0660514716313261,-0.1238622251498178,27.206091571640627,0.42666666666666664,1,anode_hold
1633.0,-2.5,3.789946505029392,3.8559049947855977,0.0656052260365539,-0.3532637196514976,27.20656460052516,0.42680555555555555,1,anode_hold
1634.0,-2.5,3.789789399420848,3.855811147304974,0.0667123315076419,0.6905836235153728,27.20703762940969,0.42694444444444446,1,anode_hold
1635.0,-2.5,3.7901730118980113,3.855943988766052,0.0659284279226497,0.1574510546094032,27.207510658294225,0.42708333333333326,1,anode_hold
1636.0,-2.5,3.790516464406539,3.855966453865653,0.065891300627767,0.4413111686534243,27.20798368717876,0.42722222222222217,1,anode_hold
1637.0,-2.5,3.790036088283451,3.856670202602273,0.0664341157118141,-0.1999986070080339,27.20845546227756,0.4273611111111111,1,anode_hold
1638.0,-2.5,3.7898903847547887,3.856389053069348,0.0659774087345344,-0.5212595800245801,27.208925853150664,0.4275,1,anode_hold
1639.0,-2.5,3.7903607305033167,3.8563292719053326,0.066082104605849,0.1135632038331557,27.20939624402377,0.42763888888888885,1,anode_hold
1640.0,-2.5,3.790212625979659,3.856453180199872,0.0666806033863097,0.4400491660971894,27.20986663489688,0.4277777777777777,1,anode_hold
1641.0,-2.5,3.7904855815995946,3.85646778360216,0.0657511273085127,-0.2310746940521468,27.21033702576999,0.42791666666666667,1,anode_hold
1642.0,-2.5,3.790784114425732,3.8569229763800537,0.0660311184993981,-0.1077434549237033,27.21080696020043,0.4280555555555555,1,anode_hold
1643.0,-2.5,3.790912806978578,3.857009034403411,0.066119952454779,0.0237250299464086,27.211274309540844,0.42819444444444443,1,anode_hold
1644.0,-2.5,3.791429267760356,3.856833246676094,0.0662852729230224,0.8812940072839837,27.21174165888126,0.4283333333333333,1,anode_hold
1645.0,-2.5,3.7908476044381767,3.856964516686914,0.0657910705522957,-0.3258416964420085,27.212209008221677,0.42847222222222225,1,anode_hold
1646.0,-2.5,3.791367851336653,3.857367866095076,0.0658668693968496,-0.1331453615733835,27.21267635756209,0.42861111111111105,1,anode_hold
1647.0,-2.5,3.791219763451802,3.8570563719083135,0.0655010619281438,-0.3355465283685355,27.213143706902503,0.42874999999999996,1,anode_hold
1648.0,-2.5,3.7918952226608473,3.857937756520069,0.0662651053699965,0.2225715107746495,27.21360947380771,0.4288888888888889,1,anode_hold
1649.0,-2.5,3.792358467669207,3.857651323074183,0.0658901509393064,0.5972955343302999,27.214074904726424,0.4290277777777778,1,anode_hold
1650.0,-2.5,3.791805642611471,3.857560323017821,0.0658327183630008,0.0780379566514,27.214540335645133,0.42916666666666664,1,anode_hold
1651.0,-2.5,3.792331320576368,3.857903124653824,0.0660767256296275,0.5049215521717443,27.215005766563845,0.4293055555555555,1,anode_hold
1652.0,-2.5,3.791785178343442,3.857398818660346,0.0663145587112156,0.7009183943118558,27.215470890696672,0.42944444444444446,1,anode_hold
1653.0,-2.5,3.791585483214088,3.858210288948497,0.065744579090129,-0.8802266442797801,27.215933520353776,0.4295833333333333,1,anode_hold
1654.0,-2.5,3.791805250757777,3.8579786300100207,0.0653848882130144,-0.7884910392288447,27.21639615001088,0.4297222222222222,1,anode_hold
1655.0,-2.5,3.791833708477189,3.858547310611228,0.0656523219222674,-1.0612802117710984,27.216858779667984,0.42986111111111114,1,anode_hold
1656.0,-2.5,3.7921420758076505,3.858635100174946,0.066092210339433,-0.4008140278628502,27.217321409325088,0.43000000000000005,1,anode_hold
1657.0,-2.5,3.792481242841836,3.858250994257468,0.0659835868637365,0.2138354481040494,27.21778344659024,0.43013888888888885,1,anode_hold
1658.0,-2.5,3.7930288997571737,3.8590270383012153,0.0656531724483322,-0.3449660957093314,27.2182445733668,0.43027777777777776,1,anode_hold
1659.0,-2.5,3.7930243867278,3.858614789491528,0.0659725616846207,0.3821589208929943,27.218705700143364,0.43041666666666667,1,anode_hold
1660.0,-2.5,3.793084118416893,3.8587294591677153,0.0657388224236603,0.0934816728381804,27.21916682691993,0.4305555555555556,1,anode_hold
1661.0,-2.5,3.7929491665084414,3.859235723263717,0.0658397329397637,-0.4468238155115323,27.219627670754345,0.43069444444444444,1,anode_hold
1662.0,-2.5,3.7929951807689255,3.859317217487119,0.0655556672064198,-0.766369511773668,27.220086915761097,0.4308333333333333,1,anode_hold
1663.0,-2.5,3.793357200997286,3.8589569555703966,0.0653681930881867,-0.2315614849242031,27.220546160767856,0.43097222222222226,1,anode_hold
1664.0,-2.5,3.793523988755284,3.859305834231926,0.0658152753935828,0.0334299169404417,27.221005405774616,0.4311111111111111,1,anode_hold
1665.0,-2.5,3.793695765913874,3.859186962477544,0.0658666460863912,0.3754495227217269,27.221463931745745,0.43125,1,anode_hold
1666.0,-2.5,3.793867715900247,3.8591979374544376,0.0656997896117295,0.3695680575388493,27.22192136464351,0.4313888888888889,1,anode_hold
1667.0,-2.5,3.793858316189281,3.8593811853587097,0.0651892101858764,-0.3336589835520875,27.222378797541275,0.43152777777777784,1,anode_hold
1668.0,-2.5,3.793453552398193,3.859805470992245,0.065837422288782,-0.514496305270562,27.222836230439043,0.43166666666666664,1,anode_hold
1669.0,-2.5,3.793833518635061,3.859266313770641,0.0659184464455978,0.485651310017321,27.22329246263297,0.43180555555555555,1,anode_hold
1670.0,-2.5,3.7940574318136537,3.859978463914412,0.0654123687541926,-0.5086633465651857,27.223748028852533,0.43194444444444446,1,anode_hold
1671.0,-2.5,3.794951161696809,3.859781334503905,0.0655232740549948,0.6931012478990084,27.22420359507209,0.4320833333333334,1,anode_hold
1672.0,-2.5,3.794450985914101,3.860044455952524,0.0655053266823695,-0.0881433560531164,27.224659161291655,0.43222222222222223,1,anode_hold
1673.0,-2.5,3.794915098705045,3.860599535190009,0.065407597965637,-0.2768385193268052,27.22511275940236,0.4323611111111111,1,anode_hold
1674.0,-2.5,3.795284833739985,3.8604746960096654,0.0654824347921798,0.2925725224995901,27.2255661134323,0.43250000000000005,1,anode_hold
1675.0,-2.5,3.795078545023198,3.86034451884148,0.0657477201332305,0.4817463149486833,27.226019467462244,0.4326388888888889,1,anode_hold
1676.0,-2.5,3.794993672189389,3.861089520887107,0.0656063061380722,-0.4895425596469493,27.226472821492187,0.4327777777777778,1,anode_hold
1677.0,-2.5,3.7951517259217145,3.860204669715738,0.0648846238386841,-0.168319955339502,27.22692465097961,0.4329166666666667,1,anode_hold
1678.0,-2.5,3.7950586397194654,3.8607939363873647,0.0653108757245777,-0.4244209433204027,27.22737567947681,0.43305555555555564,1,anode_hold
1679.0,-2.5,3.795582984494488,3.861169735222363,0.0653268677335886,-0.2598829942863645,27.227826707974007,0.43319444444444455,1,anode_hold
1680.0,-2.5,3.795955109066801,3.8606068394054422,0.0650369586098249,0.3852282711833688,27.22827773647121,0.4333333333333334,1,anode_hold
1681.0,-2.5,3.7959099886509695,3.861247217008323,0.0646038898182797,-0.7333385390735359,27.228727855766945,0.43347222222222226,1,anode_hold
1682.0,-2.5,3.796088256453948,3.861141953447252,0.0656015397777388,0.54784278443476,27.229176727041125,0.43361111111111117,1,anode_hold
1683.0,-2.5,3.79618998166529,3.861808009252126,0.0654550211155265,-0.1630064713094015,27.229625598315305,0.43375,1,anode_hold
1684.0,-2.5,3.796693700375887,3.861691664003664,0.0654544499526939,0.4564863249170159,27.23007446958949,0.4338888888888889,1,anode_hold
1685.0,-2.5,3.796015953155631,3.8617065264117914,0.0652376066132228,-0.452966642936925,27.230522138777943,0.4340277777777778,1,anode_hold
1686.0,-2.5,3.796364273486869,3.8612068798781367,0.0656955334715291,0.852927080261523,27.230969041935683,0.43416666666666665,1,anode_hold
1687.0,-2.5,3.796639578386612,3.861679373133904,0.0658265158471548,0.786721099863108,27.231415945093417,0.4343055555555555,1,anode_hold
1688.0,-2.5,3.796912143158289,3.862359613579581,0.0656805781387587,0.2331077174670959,27.231862442178112,0.43444444444444447,1,anode_hold
1689.0,-2.5,3.795915668401945,3.8622149214749513,0.0655346981452078,-0.7645549277981445,27.23230710381932,0.4345833333333333,1,anode_hold
1690.0,-2.5,3.79659325652001,3.861876762673639,0.0658143582623065,0.5308521086777596,27.23275176546053,0.43472222222222223,1,anode_hold
1691.0,-2.5,3.796793408767081,3.862133482992349,0.0653942490238719,0.0541747986044782,27.23319642710174,0.43486111111111114,1,anode_hold
1692.0,-2.5,3.796650402614977,3.86177544693649,0.0655182593203839,0.3932149988705724,27.23363961297941,0.43500000000000005,1,anode_hold
1693.0,-2.5,3.7973157396222894,3.862449977907856,0.0649793576207872,-0.1548806647786449,27.234082310968297,0.43513888888888896,1,anode_hold
1694.0,-2.5,3.797229666792556,3.862227046497476,0.0652459318844964,0.2485521795763112,27.234525008957192,0.4352777777777778,1,anode_hold
1695.0,-2.5,3.797147101058572,3.86220841088012,0.0656681665031463,0.6068566815988774,27.234967021716837,0.4354166666666667,1,anode_hold
1696.0,-2.5,3.796877224206496,3.862447224402463,0.0656421685306413,0.072168334674938,27.2354075911379,0.43555555555555564,1,anode_hold
1697.0,-2.5,3.7970717530648255,3.8630816055365305,0.0655768136084415,-0.4330388632634019,27.23584816055897,0.4356944444444445,1,anode_hold
1698.0,-2.5,3.797274708755568,3.862504192008091,0.0653729207799476,0.143437527424517,27.23628872998004,0.4358333333333334,1,anode_hold
1699.0,-2.5,3.797808177185395,3.862234905726976,0.0648940374331598,0.4673088915789769,27.2367292994011,0.43597222222222226,1,anode_hold
1700.0,-2.5,3.797407379711285,3.863814484342255,0.0652526467753114,-1.154457855657931,27.23716986882217,0.4361111111111111,1,anode_hold
1701.0,-2.5,3.797253754030583,3.863157060866188,0.0656695598689331,-0.2337469666717773,27.23761043824324,0.43625,1,anode_hold
1702.0,-2.5,3.797540358170077,3.863267021208445,0.0649432068040991,-0.7834562342687867,27.238048731511448,0.43638888888888894,1,anode_hold
1703.0,-2.5,3.797900179623985,3.863170558498167,0.065534941168676,0.2645622944945636,27.23848438144295,0.43652777777777785,1,anode_hold
1704.0,-2.5,3.7986814058357887,3.863968392203106,0.06521722726468,-0.069759102637068,27.23892003137446,0.43666666666666665,1,anode_hold
1705.0,-2.5,3.7990316571675375,3.863939808020175,0.0652931524961949,0.3850016435587022,27.239355681305963,0.43680555555555556,1,anode_hold
1706.0,-2.5,3.7982383192326927,3.864072345223044,0.0651192032565991,-0.7148227337521185,27.23979133123747,0.43694444444444447,1,anode_hold
1707.0,-2.5,3.79876754527404,3.864100673537448,0.0658684459555637,0.5353176921554237,27.240226981168973,0.43708333333333327,1,anode_hold
1708.0,-2.5,3.799006405923489,3.8643396747770353,0.0655337304188794,0.2004615653325991,27.24066263110048,0.43722222222222223,1,anode_hold
1709.0,-2.5,3.799075940096932,3.8643106002470486,0.0654850323735947,0.2503722234776795,27.24109656861662,0.4373611111111111,1,anode_hold
1710.0,-2.5,3.7987619692980568,3.864245144476528,0.0662371953328704,0.7540201543987379,27.241529380797328,0.4375,1,anode_hold
1711.0,-2.5,3.7985128087135434,3.864712496279618,0.065296732433624,-0.9029551324517548,27.24196219297804,0.43763888888888886,1,anode_hold
1712.0,-2.5,3.798863368698429,3.864595002949971,0.0655851557368738,-0.1464785146674252,27.24239500515874,0.4377777777777778,1,anode_hold
1713.0,-2.5,3.798557692797359,3.864476139512089,0.0657337800063344,-0.1846667083955644,27.24282781733945,0.4379166666666667,1,anode_hold
1714.0,-2.5,3.799294305716764,3.864855251085774,0.0655912213341632,0.0302759651535922,27.24326062952016,0.43805555555555553,1,anode_hold
1715.0,-2.5,3.79956239071088,3.864292126404738,0.0655758951578117,0.8461594639532777,27.243693441700863,0.43819444444444444,1,anode_hold
1716.0,-2.5,3.798870424736108,3.8650203277015978,0.0651114187751829,-1.038484190306832,27.244123377599845,0.43833333333333335,1,anode_hold
1717.0,-2.5,3.7995329013509456,3.8648905042385295,0.0653347287023779,-0.0228741852068559,27.24455232485689,0.43847222222222226,1,anode_hold
1718.0,-2.5,3.7997462790644407,3.864759144786619,0.0653169368399657,0.3040711177875188,27.244981272113947,0.4386111111111112,1,anode_hold
1719.0,-2.5,3.800143493865933,3.8654897515433975,0.0652143348552785,-0.1319228221854373,27.245410219371,0.43875000000000003,1,anode_hold
1720.0,-2.5,3.800292409774954,3.86602216583103,0.0656415279040071,-0.0882281520682148,27.245839166628045,0.4388888888888889,1,anode_hold
1721.0,-2.5,3.800229330263146,3.865918873243192,0.065109024003508,-0.5805189765379914,27.246268113885098,0.4390277777777778,1,anode_hold
1722.0,-2.5,3.799893053101313,3.86584032238632,0.0658498575969366,-0.0974116880705366,27.246697061142147,0.4391666666666667,1,anode_hold
1723.0,-2.5,3.800104912213925,3.86554429694574,0.065833846514031,0.3944617822155827,27.247124015485877,0.4393055555555556,1,anode_hold
1724.0,-2.5,3.8006938557965344,3.865468617225375,0.0654893902128861,0.7146287840460452,27.247550710766262,0.43944444444444447,1,anode_hold
1725.0,-2.5,3.800267947501344,3.865900857519707,0.0655692685570522,-0.0636414613111036,27.24797740604665,0.4395833333333333,1,anode_hold
1726.0,-2.5,3.8005541965678566,3.865913424381541,0.0656626126022575,0.3033847885731688,27.248404101327043,0.43972222222222224,1,anode_hold
1727.0,-2.5,3.801152265579,3.8663006178684216,0.0652111871133065,0.0628348238853604,27.248830796607432,0.43986111111111115,1,anode_hold
1728.0,-2.5,3.800839538356163,3.866860260196469,0.0654813222093736,-0.5393996309326354,27.249257491887825,0.44000000000000006,1,anode_hold
1729.0,-2.5,3.800506045412295,3.866707295638223,0.065877341921243,-0.3239083046850943,27.24968411309671,0.44013888888888886,1,anode_hold
1730.0,-2.5,3.800949776234284,3.8666834546284816,0.0654860203817854,-0.2476580124124439,27.25010792870157,0.44027777777777777,1,anode_hold
1731.0,-2.5,3.801350302892321,3.866807098912612,0.0659574403989028,0.5006443786119696,27.250531744306432,0.4404166666666667,1,anode_hold
1732.0,-2.5,3.801221460173677,3.866350861510829,0.0657235602241187,0.5941588869671222,27.250955559911297,0.4405555555555555,1,anode_hold
1733.0,-2.5,3.80174700622007,3.86713543144272,0.0654286020762876,0.0401768536373303,27.25137937551616,0.44069444444444444,1,anode_hold
1734.0,-2.5,3.8019032686124272,3.8670911657694576,0.0654141942685356,0.2262971115052359,27.251803191121024,0.4408333333333333,1,anode_hold
1735.0,-2.5,3.8014434735091225,3.866931961039835,0.0657800211365196,0.2915336058073592,27.252227006725885,0.4409722222222222,1,anode_hold
1736.0,-2.5,3.8016083723908607,3.867243678080409,0.0654616621666278,-0.1736435229200417,27.252650288653523,0.44111111111111106,1,anode_hold
1737.0,-2.5,3.801852423578921,3.86731940750069,0.0657557163585137,0.2887324367444321,27.25307089865361,0.4412499999999999,1,anode_hold
1738.0,-2.5,3.8016474319237488,3.8676735685518207,0.0648200431851396,-1.2060934429323211,27.253491508653696,0.44138888888888883,1,anode_hold
1739.0,-2.5,3.8022455521624,3.867462859804556,0.0653375208146478,0.1202131724924449,27.253912118653783,0.44152777777777774,1,anode_hold
1740.0,-2.5,3.802202384086805,3.8680598497439975,0.0649912521571314,-0.8662135000614413,27.25433272865387,0.44166666666666665,1,anode_hold
1741.0,-2.5,3.802616258830208,3.8678512098164606,0.0655757893407621,0.3408383545093763,27.25475333865396,0.4418055555555555,1,anode_hold
1742.0,-2.5,3.802324912306952,3.867809248249823,0.065416563888953,-0.0677720539181692,27.255173948654043,0.44194444444444436,1,anode_hold
1743.0,-2.5,3.802366647931807,3.8684868857309542,0.0657934912398457,-0.3267465593022045,27.25559352636954,0.4420833333333333,1,anode_hold
1744.0,-2.5,3.8033106795424656,3.868134912731018,0.065150557759061,0.3263245705089623,27.25601077653752,0.4422222222222222,1,anode_hold
1745.0,-2.5,3.802624313211112,3.868298104376628,0.0658184366753801,0.1446455098639276,27.256428026705496,0.4423611111111111,1,anode_hold
1746.0,-2.5,3.8028411907881554,3.868098226748847,0.0657076106414192,0.4505746807277333,27.256845276873477,0.4424999999999999,1,anode_hold
1747.0,-2.5,3.802925897885437,3.868877985791116,0.0651692449474013,-0.7828429582774632,27.25726252704145,0.4426388888888888,1,anode_hold
1748.0,-2.5,3.803183023599737,3.868633384866501,0.065793425641744,0.3430643749799955,27.25767977720943,0.4427777777777777,1,anode_hold
1749.0,-2.5,3.8031283633970543,3.868921831409557,0.065662478512284,-0.1309895002186145,27.258097027377406,0.4429166666666666,1,anode_hold
1750.0,-2.5,3.803519293034499,3.868788179084929,0.0650438546880752,-0.2250313623544109,27.25851087741409,0.4430555555555555,1,anode_hold
1751.0,-2.5,3.803451978843093,3.869070652786611,0.0654232284537594,-0.1954454897585833,27.25892053805877,0.44319444444444445,1,anode_hold
1752.0,-2.5,3.803669032063696,3.868722176450439,0.0653377431786221,0.2845987918789205,27.259330198703463,0.4433333333333333,1,anode_hold
1753.0,-2.5,3.80403359284284,3.8690825521063337,0.0654021333951187,0.3531741316247228,27.259739859348155,0.44347222222222216,1,anode_hold
1754.0,-2.5,3.804265874541133,3.868953743925741,0.0652550930854707,0.5672237008629288,27.260149519992844,0.44361111111111107,1,anode_hold
1755.0,-2.5,3.804326144066183,3.869354350784017,0.0655854808820148,0.5572741641808321,27.260559180637536,0.44375,1,anode_hold
1756.0,-2.5,3.804095886051359,3.8697845046322232,0.0651886086571301,-0.5000099237340017,27.260968841282224,0.4438888888888889,1,anode_hold
1757.0,-2.5,3.804566508159795,3.869527236271919,0.0653413300373884,0.3806019252650117,27.26137850192692,0.4440277777777777,1,anode_hold
1758.0,-2.5,3.804541872819809,3.869771102645562,0.0651404575685859,-0.0887722571669691,27.261788162571605,0.44416666666666665,1,anode_hold
1759.0,-2.5,3.804676766949001,3.869967831403746,0.065029320311559,-0.2617441431862488,27.262197823216297,0.4443055555555555,1,anode_hold
1760.0,-2.5,3.804322606618712,3.870521762207544,0.0646261433997837,-1.5730121890480395,27.262607483860982,0.4444444444444444,1,anode_hold
1761.0,-2.5,3.805171365396804,3.8703830015114766,0.0652853157687962,0.0736796541231932,27.263017144505675,0.44458333333333333,1,anode_hold
1762.0,-2.5,3.8050577278274815,3.8697703174347655,0.0651206085351975,0.4080189279136448,27.263426606417624,0.44472222222222224,1,anode_hold
1763.0,-2.5,3.805732143344987,3.870771561712124,0.0652177695711449,0.1783512040081092,27.26383430663082,0.4448611111111111,1,anode_hold
1764.0,-2.5,3.8055329473537975,3.8699856905467223,0.0651471179768043,0.6943747838792369,27.26424200684401,0.44499999999999995,1,anode_hold
1765.0,-2.5,3.805126615235419,3.870161908573873,0.0649351395488453,-0.1001537896083704,27.26464970705721,0.44513888888888886,1,anode_hold
1766.0,-2.5,3.8051670046156616,3.87078173588079,0.0648304974758771,-0.7842337892514095,27.26505669951315,0.4452777777777778,1,anode_hold
1767.0,-2.5,3.806035676617409,3.871300065149297,0.0651305021350372,-0.1338863968509684,27.265462624429304,0.4454166666666667,1,anode_hold
1768.0,-2.5,3.8055396421068095,3.870712971585133,0.0646797454882973,-0.4935839900261918,27.265868549345463,0.4455555555555555,1,anode_hold
1769.0,-2.5,3.806119171236497,3.8707065762679576,0.0649043306717107,0.3169256402504317,27.266274474261618,0.4456944444444444,1,anode_hold
1770.0,-2.5,3.805929273776128,3.871083996044807,0.0651778261468975,0.0231038782176895,27.266679291515317,0.4458333333333333,1,anode_hold
1771.0,-2.5,3.806753698400385,3.871345376569748,0.0651118076927715,0.5201295234091852,27.26708362488831,0.4459722222222222,1,anode_hold
1772.0,-2.5,3.806249648948331,3.871817100531782,0.0651888858709901,-0.3785657124613095,27.26748795826131,0.44611111111111107,1,anode_hold
1773.0,-2.5,3.806780893574008,3.8715519988523273,0.0648149338388818,0.0438285605626198,27.26789167327572,0.44625000000000004,1,anode_hold
1774.0,-2.5,3.806822648152928,3.871529630932325,0.0650629882827486,0.3560055033515752,27.268294305691445,0.4463888888888889,1,anode_hold
1775.0,-2.5,3.806380329517244,3.871638052588804,0.0649130896891107,-0.3446333824497216,27.26869693810717,0.44652777777777775,1,anode_hold
1776.0,-2.5,3.80651696691829,3.8719177133998857,0.0655647880682993,0.1640415867036893,27.269099520283422,0.44666666666666666,1,anode_hold
1777.0,-2.5,3.8071544586068087,3.872136560889825,0.0652715781462568,0.2894758632403515,27.269500537473448,0.4468055555555555,1,anode_hold
1778.0,-2.5,3.806802551028916,3.871814589527449,0.0652829134158458,0.2708749173123692,27.269901554663463,0.44694444444444437,1,anode_hold
1779.0,-2.5,3.8066350463951975,3.872169892575652,0.0655275540800891,-0.0072921003653192,27.270302571853485,0.4470833333333333,1,anode_hold
1780.0,-2.5,3.8073516022545535,3.872564344831273,0.065722720692033,0.509978115313281,27.27070245602333,0.44722222222222213,1,anode_hold
1781.0,-2.5,3.807857831624021,3.873120340369928,0.0650330418411638,-0.2294669047424591,27.271101851535896,0.447361111111111,1,anode_hold
1782.0,-2.5,3.807170200479733,3.872718333954876,0.0654993071798778,-0.0488262952655915,27.27150124704847,0.4474999999999999,1,anode_hold
1783.0,-2.5,3.8077001447903935,3.872031011687948,0.0651350027754504,0.8041358778956287,27.2719000831548,0.4476388888888888,1,anode_hold
1784.0,-2.5,3.807334358236024,3.872637827795917,0.0651816901081675,-0.1217794517249792,27.272297951235647,0.4477777777777777,1,anode_hold
1785.0,-2.5,3.80789235383504,3.873049596327193,0.0653165359796227,0.1592934874699025,27.272695819316493,0.44791666666666663,1,anode_hold
1786.0,-2.5,3.8075166779867415,3.872943951598731,0.0652493482656785,-0.1779253463110031,27.273093612758363,0.44805555555555554,1,anode_hold
1787.0,-2.5,3.808099721210324,3.8735148648794695,0.0657013927503663,0.2862490812205465,27.27348990103693,0.44819444444444445,1,anode_hold
1788.0,-2.5,3.8079745051748826,3.873204737675336,0.0655443853695973,0.3141528691434914,27.27388618931549,0.4483333333333333,1,anode_hold
1789.0,-2.5,3.807867602837827,3.873560754480698,0.0651479983356791,-0.5451533071911818,27.274282477594063,0.44847222222222216,1,anode_hold
1790.0,-2.5,3.8081130846069033,3.873665058065049,0.0653006017692357,-0.251371688910762,27.274677651824,0.44861111111111107,1,anode_hold
1791.0,-2.5,3.808001813711996,3.873503231972933,0.06532187452884,-0.1795437320972759,27.27507241034504,0.44875,1,anode_hold
1792.0,-2.5,3.807948956522261,3.873603041329842,0.0658184179596102,0.16433315202935,27.27546716886608,0.4488888888888889,1,anode_hold
1793.0,-2.5,3.808097043207992,3.8737716130662414,0.0658576244537804,0.1830545955314733,27.275861516148822,0.4490277777777777,1,anode_hold
1794.0,-2.5,3.8085310764932414,3.873672839573378,0.0661545336476111,1.012770567474508,27.27625526983057,0.44916666666666666,1,anode_hold
1795.0,-2.5,3.808364891719127,3.874131477789942,0.0649615128913765,-0.8050731794382315,27.276649023512324,0.4493055555555555,1,anode_hold
1796.0,-2.5,3.808949591234435,3.874034152761293,0.0653665947919469,0.2820332650892432,27.27704260005441,0.4494444444444445,1,anode_hold
1797.0,-2.5,3.809122704933243,3.8743602127105,0.0660128004803213,0.7752927030639789,27.27743439126944,0.44958333333333333,1,anode_hold
1798.0,-2.5,3.809250131488077,3.874162704023908,0.0654337018526343,0.5211293168034814,27.277826182484475,0.44972222222222225,1,anode_hold
1799.0,-2.5,3.809105401510168,3.875081016779232,0.0654957183937256,-0.4798968753387811,27.27821797369951,0.4498611111111111,1,anode_hold
1800.0,-2.5,3.809416968055739,3.8748803164271455,0.0653906853895734,-0.0726629818332824,27.278609764914545,0.45,1,anode_hold
1801.0,-2.5,3.809537707688472,3.875256820759639,0.0652568970957881,-0.4622159753782107,27.279001556129572,0.4501388888888889,1,anode_hold
1802.0,-2.5,3.810087624018829,3.874777811507661,0.0659106467841769,1.2204592953448667,27.27939334734461,0.4502777777777778,1,anode_hold
1803.0,-2.5,3.809594967847464,3.874978803376653,0.0649390111268265,-0.444824402362709,27.279784097771497,0.45041666666666663,1,anode_hold
1804.0,-2.5,3.809869404250063,3.875356013694008,0.0658677041010065,0.381094657061265,27.280173587761983,0.45055555555555554,1,anode_hold
1805.0,-2.5,3.810062401161934,3.875436481771788,0.0651939992002129,-0.1800814096410974,27.280563077752475,0.45069444444444445,1,anode_hold
1806.0,-2.5,3.8102373025713367,3.875548154771961,0.0658017438107775,0.4908916101533656,27.280952567742965,0.4508333333333333,1,anode_hold
1807.0,-2.5,3.810202935892518,3.8758185550053104,0.0649811112374419,-0.6345078753504652,27.28134205773345,0.4509722222222222,1,anode_hold
1808.0,-2.5,3.8103867400568334,3.875848630444071,0.0651241860392157,-0.3377043480212727,27.281731547723943,0.4511111111111111,1,anode_hold
1809.0,-2.5,3.811020917798425,3.8761636352443127,0.0647410722543839,-0.4016451915038743,27.282118181357017,0.45124999999999993,1,anode_hold
1810.0,-2.5,3.8106650072517,3.8757875861124313,0.0650871070425047,-0.0354718182253854,27.2825047891648,0.4513888888888889,1,anode_hold
1811.0,-2.5,3.8112723602124814,3.8763653526552257,0.0652592118751193,0.1662194323750476,27.282891396972584,0.45152777777777775,1,anode_hold
1812.0,-2.5,3.8117483621928017,3.875141725791646,0.0651539145626196,1.7605509637750316,27.283278004780367,0.45166666666666666,1,anode_hold
1813.0,-2.5,3.8116617744875847,3.876407349383309,0.0651352734062576,0.3896985105331652,27.28366461258815,0.4518055555555555,1,anode_hold
1814.0,-2.5,3.810869813730634,3.8763576516710447,0.0649292686334609,-0.5585693069498632,27.28405022302464,0.45194444444444437,1,anode_hold
1815.0,-2.5,3.8117732872029126,3.876409146934363,0.0652341302964591,0.5982705650087183,27.284434948302057,0.45208333333333334,1,anode_hold
1816.0,-2.5,3.81181344939086,3.876670935276868,0.0652523594541198,0.394873568111187,27.28481967357948,0.45222222222222225,1,anode_hold
1817.0,-2.5,3.8119619509003897,3.876768707819787,0.0658096069187085,1.0028499993111062,27.285204398856894,0.4523611111111111,1,anode_hold
1818.0,-2.5,3.811439136793743,3.8770336925591167,0.0648255653132156,-0.7689904521583912,27.285589124134315,0.45250000000000007,1,anode_hold
1819.0,-2.5,3.8122764172126415,3.8767400164846975,0.0653429669728828,0.8793677008269718,27.285972558180724,0.4526388888888889,1,anode_hold
1820.0,-2.5,3.8118422302351727,3.876984507839988,0.0655056103209748,0.3633327161596256,27.286355853252186,0.45277777777777783,1,anode_hold
1821.0,-2.5,3.812677948513487,3.877396562474068,0.0655163538624031,0.797739901822414,27.28673914832364,0.4529166666666667,1,anode_hold
1822.0,-2.5,3.812729716084708,3.8772526170739416,0.0651222661152525,0.5993651260185473,27.28712193158624,0.45305555555555554,1,anode_hold
1823.0,-2.5,3.813288391890617,3.87740241670164,0.0650780799960309,0.9640551850074176,27.287503862294635,0.45319444444444446,1,anode_hold
1824.0,-2.5,3.8125225657534143,3.877805342354873,0.0651708975886923,-0.1118790127665469,27.287885793003028,0.4533333333333333,1,anode_hold
1825.0,-2.5,3.812296227955352,3.8778318670334575,0.0652929116271632,-0.2427274509435584,27.288267723711424,0.45347222222222217,1,anode_hold
1826.0,-2.5,3.813180705179888,3.877727968855039,0.0649736466041377,0.4263829289872234,27.288648447395072,0.45361111111111113,1,anode_hold
1827.0,-2.5,3.8132401829291394,3.877782486971909,0.0651393216861376,0.5970176433680585,27.289028953758507,0.45375,1,anode_hold
1828.0,-2.5,3.812974886614569,3.878296873126159,0.0653781563110701,0.0561697994796439,27.289409460121945,0.45388888888888884,1,anode_hold
1829.0,-2.5,3.813609459252954,3.878485209754524,0.0654065055193741,0.5307550178046405,27.289789647250007,0.4540277777777778,1,anode_hold
1830.0,-2.5,3.813518246482353,3.8785658890906713,0.0651582075929037,0.1105649845856149,27.29016915513647,0.45416666666666666,1,anode_hold
1831.0,-2.5,3.813035300480763,3.8786572670568167,0.064851396579626,-0.7705699964275503,27.290548663022932,0.45430555555555563,1,anode_hold
1832.0,-2.5,3.813426648943222,3.878541532373785,0.0653275263039825,0.2126428734192664,27.2909281709094,0.4544444444444445,1,anode_hold
1833.0,-2.5,3.813508312834656,3.8785059931715096,0.0650682364342948,0.0705560974409991,27.291306633749677,0.45458333333333334,1,anode_hold
1834.0,-2.5,3.81371919782516,3.8788494307506554,0.0649081141153728,-0.2221188101221294,27.29168482216701,0.45472222222222225,1,anode_hold
1835.0,-2.5,3.813919704028006,3.878945498586175,0.0652902513803958,0.2644568222267551,27.292063010584343,0.4548611111111111,1,anode_hold
1836.0,-2.5,3.813763502216678,3.878928315860541,0.065014972980388,-0.1498406634756754,27.29244065743176,0.45499999999999996,1,anode_hold
1837.0,-2.5,3.814023845518282,3.8793093368411937,0.0649398647731607,-0.3456265497505661,27.292816796916387,0.4551388888888889,1,anode_hold
1838.0,-2.5,3.8143708881463207,3.880217245060204,0.0651545957871984,-0.6917611266850088,27.29319293640101,0.4552777777777778,1,anode_hold
1839.0,-2.5,3.814282662313909,3.879333279788801,0.0646540984158765,-0.3965190590147216,27.293569075885635,0.4554166666666667,1,anode_hold
1840.0,-2.5,3.814334502165376,3.879502967660616,0.0651958259401322,0.0273604448923769,27.293945215370258,0.4555555555555556,1,anode_hold
1841.0,-2.5,3.8144350367139808,3.879939000308988,0.0653614548978553,-0.142508697152266,27.294321354854883,0.45569444444444446,1,anode_hold
1842.0,-2.5,3.814607213677673,3.879636707319929,0.0651552823564914,0.1257887142349645,27.294697494339506,0.4558333333333334,1,anode_hold
1843.0,-2.5,3.814174134020731,3.879850342251489,0.0651680369931522,-0.5081712376062697,27.29507282804614,0.4559722222222223,1,anode_hold
1844.0,-2.5,3.814911309866594,3.879969419981337,0.0651867917524599,0.1286816377166211,27.295445110542826,0.45611111111111113,1,anode_hold
1845.0,-2.5,3.8146688660626,3.8802034254031135,0.0655968091216396,0.0622497811249012,27.295817393039517,0.45625000000000004,1,anode_hold
1846.0,-2.5,3.8151236345439448,3.88058839227386,0.0659701001352395,0.5053424053245159,27.2961896755362,0.45638888888888896,1,anode_hold
1847.0,-2.5,3.8147644009705535,3.880626602450461,0.0650058265365417,-0.8563749433645462,27.29656195803289,0.4565277777777778,1,anode_hold
1848.0,-2.5,3.815597124298367,3.88017065139032,0.0648810884831091,0.3075613911565078,27.29693424052957,0.4566666666666667,1,anode_hold
1849.0,-2.5,3.815505858620833,3.8806223630614993,0.0656147240883904,0.4982196477238965,27.297306523026258,0.4568055555555556,1,anode_hold
1850.0,-2.5,3.815147456295302,3.880546534977991,0.0649259044205686,-0.473174262120235,27.297677195646123,0.45694444444444443,1,anode_hold
1851.0,-2.5,3.8157439927615457,3.881059094333924,0.0650538736829378,-0.2612278894407183,27.29804708684285,0.45708333333333334,1,anode_hold
1852.0,-2.5,3.8155648383156113,3.8809445577286055,0.0654936973377478,0.1139779247538719,27.298416978039576,0.45722222222222225,1,anode_hold
1853.0,-2.5,3.816453191254044,3.8815314487681984,0.0652904147622278,0.2121572480735523,27.298786869236302,0.4573611111111111,1,anode_hold
1854.0,-2.5,3.8161800615242982,3.881910201412624,0.0650698770111263,-0.6602628771994468,27.29915676043303,0.4575,1,anode_hold
1855.0,-2.5,3.815913696262356,3.881374360841643,0.0655706095696734,0.1099449903869675,27.29952665162976,0.4576388888888889,1,anode_hold
1856.0,-2.5,3.816341006917126,3.881644239807047,0.0648894355563152,-0.4137973336058032,27.299896254411717,0.45777777777777773,1,anode_hold
1857.0,-2.5,3.816388834899355,3.881940053416441,0.0657750738710507,0.2238553539646304,27.300264048520862,0.45791666666666664,1,anode_hold
1858.0,-2.5,3.8168832293288406,3.881635381771324,0.0650803046277403,0.328152185257391,27.30063184263001,0.45805555555555555,1,anode_hold
1859.0,-2.5,3.8167560798882265,3.881529149005657,0.0653996657179586,0.6265966005281065,27.300999636739164,0.45819444444444446,1,anode_hold
1860.0,-2.5,3.81692830256598,3.882228325275296,0.0652423278059286,-0.0576949033872509,27.30136743084832,0.4583333333333333,1,anode_hold
1861.0,-2.5,3.816563769348296,3.882303705595112,0.0657364391152045,-0.0034971316118515,27.301735224957465,0.45847222222222217,1,anode_hold
1862.0,-2.5,3.817262910969061,3.881780987938358,0.0650551045715225,0.537027602225848,27.3021024473237,0.4586111111111111,1,anode_hold
1863.0,-2.5,3.817781062153052,3.882434808857077,0.0650964917943276,0.4427450903028429,27.302468002893285,0.45875,1,anode_hold
1864.0,-2.5,3.8174715898328064,3.8824327403855454,0.0655379683273789,0.5768177746401371,27.30283355846287,0.45888888888888885,1,anode_hold
1865.0,-2.5,3.817396151070182,3.882518223197312,0.0657871055919735,0.6650334648443668,27.30319911403245,0.45902777777777776,1,anode_hold
1866.0,-2.5,3.817584725349388,3.882840463553924,0.0653085089111333,0.0527707065973714,27.30356466960204,0.4591666666666666,1,anode_hold
1867.0,-2.5,3.81737717113182,3.882528857102769,0.0654037170957329,0.2520311247837803,27.30393022517162,0.45930555555555547,1,anode_hold
1868.0,-2.5,3.8178459885483327,3.882668952682673,0.0656057099580274,0.7827458236873142,27.304294960398323,0.4594444444444444,1,anode_hold
1869.0,-2.5,3.817586912260144,3.8835732316401694,0.0653115203698589,-0.6747990101678703,27.30465831834629,0.4595833333333333,1,anode_hold
1870.0,-2.5,3.8180559823416207,3.883515985125322,0.0655307355575542,0.0707327738527219,27.30502167629427,0.45972222222222214,1,anode_hold
1871.0,-2.5,3.8180525883689342,3.8834300339194656,0.0648568679570956,-0.5205775934356005,27.30538503424224,0.45986111111111105,1,anode_hold
1872.0,-2.5,3.818046055544513,3.883611687553605,0.0650707859789375,-0.4948460301537061,27.30574839219021,0.4599999999999999,1,anode_hold
1873.0,-2.5,3.8185957490931943,3.8837951819321703,0.0655176959074309,0.3182630684550602,27.306111750138182,0.46013888888888876,1,anode_hold
1874.0,-2.5,3.818100191332236,3.88384032196146,0.0653618471500121,-0.3782834792112055,27.306473994051306,0.4602777777777777,1,anode_hold
1875.0,-2.5,3.818659690160643,3.884648167974973,0.0650407132324992,-0.947764581831212,27.306835083848952,0.4604166666666666,1,anode_hold
1876.0,-2.5,3.81839890671804,3.883909746860984,0.0651437003125527,-0.3671398303919382,27.3071961736466,0.4605555555555555,1,anode_hold
1877.0,-2.5,3.8194702699726752,3.884383244703799,0.0656573905588944,0.7444158277705171,27.30755726344425,0.46069444444444435,1,anode_hold
1878.0,-2.5,3.819638416087835,3.883992481336673,0.064897300901369,0.5432356525307824,27.3079183532419,0.4608333333333332,1,anode_hold
1879.0,-2.5,3.819424495692957,3.8846397050614008,0.0650943184317478,-0.1208909366958721,27.30827944303955,0.4609722222222221,1,anode_hold
1880.0,-2.5,3.819866051562805,3.8850995321720174,0.0657122929420287,0.4788123328158811,27.308639305143032,0.461111111111111,1,anode_hold
1881.0,-2.5,3.8196021157223217,3.8846902508744487,0.0655151967434996,0.4270615913726239,27.3089983791624,0.4612499999999999,1,anode_hold
1882.0,-2.5,3.819714174706101,3.884605440738503,0.0651810045713542,0.2897385389526441,27.30935745318176,0.4613888888888888,1,anode_hold
1883.0,-2.5,3.8195510953688334,3.884480309194239,0.0652430104105259,0.3137965851212065,27.30971652720112,0.46152777777777765,1,anode_hold
1884.0,-2.5,3.819537320818693,3.8854132642635655,0.0654400560104715,-0.4358874344010388,27.310075601220483,0.46166666666666656,1,anode_hold
1885.0,-2.5,3.819971781080413,3.885005137285753,0.0648389768936401,-0.1943793116998549,27.31043462193802,0.46180555555555547,1,anode_hold
1886.0,-2.5,3.819907696023669,3.885399316415321,0.0657471878488127,0.2555674571609323,27.310791445599676,0.4619444444444443,1,anode_hold
1887.0,-2.5,3.820071882866804,3.885668128168679,0.0649721968668594,-0.6240484350157338,27.311148269261327,0.4620833333333333,1,anode_hold
1888.0,-2.5,3.820556909760923,3.885309344693309,0.0652129233006834,0.4604883682977068,27.31150509292298,0.46222222222222215,1,anode_hold
1889.0,-2.5,3.8204348011735663,3.88573334349737,0.0654483929459181,0.1498506221140338,27.31186191658464,0.462361111111111,1,anode_hold
1890.0,-2.5,3.8201397138887296,3.886238296573671,0.0651358536937204,-0.9627289912206294,27.31221874024629,0.46249999999999997,1,anode_hold
1891.0,-2.5,3.820681768828056,3.885719924712855,0.0656840835309714,0.6459276461727725,27.31257490625384,0.4626388888888888,1,anode_hold
1892.0,-2.5,3.820661520557587,3.886009481197032,0.0651920590344594,-0.1559016049852424,27.31293022955117,0.4627777777777777,1,anode_hold
1893.0,-2.5,3.820945993951651,3.886229814650335,0.0652162572840611,-0.0675634146229953,27.313285552848512,0.4629166666666666,1,anode_hold
1894.0,-2.5,3.820848906036981,3.885872414303157,0.0657055360654689,0.6820277992920509,27.31364087614585,0.46305555555555544,1,anode_hold
1895.0,-2.5,3.821682179197224,3.886349097725828,0.0649758786401518,0.3089601115484619,27.31399619944319,0.46319444444444435,1,anode_hold
1896.0,-2.5,3.822037509261404,3.8868687219660014,0.0650115172569361,0.180304552337418,27.314350557164342,0.46333333333333326,1,anode_hold
1897.0,-2.5,3.8212779688581606,3.887328206115877,0.0654601164424636,-0.5901208152523374,27.31470443666912,0.4634722222222221,1,anode_hold
1898.0,-2.5,3.8219508558913606,3.886583728942248,0.0648317754969931,0.1989024461055422,27.31505831617389,0.4636111111111111,1,anode_hold
1899.0,-2.5,3.82208049061788,3.8870061724340994,0.0650980233285759,0.1723415123562333,27.31541219567865,0.46374999999999994,1,anode_hold
1900.0,-2.5,3.821721792740085,3.887221821689777,0.0652809559071092,-0.2190730425830622,27.31576550843706,0.4638888888888888,1,anode_hold
1901.0,-2.5,3.8222149304374247,3.887158318935368,0.0651541209101716,0.2107324122282428,27.31611800359625,0.4640277777777777,1,anode_hold
1902.0,-2.5,3.822748394601561,3.887192232331901,0.0653074898012208,0.8636520708802387,27.31647049875545,0.46416666666666656,1,anode_hold
1903.0,-2.5,3.822719548236433,3.887436724551515,0.0650520902623062,0.3349139472237361,27.316822993914645,0.4643055555555554,1,anode_hold
1904.0,-2.5,3.823088779178653,3.88749667452784,0.0652044866044978,0.7965912553111743,27.31717499121915,0.4644444444444443,1,anode_hold
1905.0,-2.5,3.822384101370244,3.887509046856061,0.0647020214344245,-0.4229240513931032,27.317526053050937,0.46458333333333324,1,anode_hold
1906.0,-2.5,3.822643437457585,3.8878117371217193,0.0646134886502608,-0.5548110138735574,27.31787711488272,0.4647222222222221,1,anode_hold
1907.0,-2.5,3.823086987813411,3.887969370656028,0.0656663181597919,0.7839353171754659,27.318228176714506,0.464861111111111,1,anode_hold
1908.0,-2.5,3.8232347146972208,3.887467429706512,0.0649896479658266,0.7569329565355609,27.318578822137955,0.4649999999999999,1,anode_hold
1909.0,-2.5,3.823256187323021,3.888302986643153,0.0655447556446294,0.4979563244975615,27.318928424358926,0.46513888888888877,1,anode_hold
1910.0,-2.5,3.82325324194279,3.888332568065406,0.064669494206548,-0.4098319160679153,27.31927802657989,0.4652777777777777,1,anode_hold
1911.0,-2.5,3.8233666221305302,3.888536798824675,0.06500525084264,-0.1649258515041829,27.319627628800863,0.4654166666666666,1,anode_hold
1912.0,-2.5,3.823422306643234,3.888054756610725,0.0652240972409321,0.591647273441076,27.3199764505208,0.4655555555555555,1,anode_hold
1913.0,-2.5,3.823851466723782,3.889353011725635,0.0657331883832972,0.2316433814444352,27.32032481274513,0.46569444444444436,1,anode_hold
1914.0,-2.5,3.822999809490738,3.88889928534717,0.0655427418657465,-0.3567339906860312,27.320673174969468,0.46583333333333327,1,anode_hold
1915.0,-2.5,3.82441673295654,3.8885454238589663,0.0648963094441005,0.7676185416740644,27.321020830072783,0.4659722222222222,1,anode_hold
1916.0,-2.5,3.823885063996457,3.889466577052692,0.0655570956764192,-0.024417379814956,27.321367782811546,0.4661111111111111,1,anode_hold
1917.0,-2.5,3.82372084731839,3.889461649855519,0.0653771954334213,-0.3636071037078636,27.32171473555029,0.46624999999999994,1,anode_hold
1918.0,-2.5,3.824419087005766,3.88924079899826,0.0653046249661469,0.4829129736529935,27.32206119667905,0.46638888888888885,1,anode_hold
1919.0,-2.5,3.823938579850045,3.8898910153818593,0.0657725652964743,-0.1798702353394965,27.32240683472962,0.46652777777777776,1,anode_hold
1920.0,-2.5,3.8245803991568574,3.889817284088392,0.0652595513479543,0.0226664164206802,27.322752472780184,0.4666666666666667,1,anode_hold
1921.0,-2.5,3.824448975621354,3.8894840247554714,0.0652105159393493,0.1754668052331709,27.32309778433901,0.46680555555555553,1,anode_hold
1922.0,-2.5,3.824853311780565,3.8897096735893375,0.0646278050760556,-0.2285567327180437,27.323442096189275,0.4669444444444444,1,anode_hold
1923.0,-2.5,3.825019504600055,3.89015584430244,0.0654553617509162,0.3190220485316253,27.323786408039545,0.4670833333333333,1,anode_hold
1924.0,-2.5,3.8252785077852094,3.890644496585913,0.0648472791008929,-0.5187096998109375,27.32413057506196,0.4672222222222222,1,anode_hold
1925.0,-2.5,3.824854890994256,3.8901550738468784,0.0655863611852742,0.2861783326513212,27.324473664066726,0.46736111111111106,1,anode_hold
1926.0,-2.5,3.825029573619273,3.890827501863639,0.0648116452887794,-0.9862829555862264,27.32481675307149,0.4675,1,anode_hold
1927.0,-2.5,3.825226669048988,3.890590152170184,0.0651498462868054,-0.2136368343901296,27.325159842076264,0.4676388888888889,1,anode_hold
1928.0,-2.5,3.8249291107516536,3.8904531908244495,0.0658406614586858,0.316581385889858,27.325501677550022,0.46777777777777774,1,anode_hold
1929.0,-2.5,3.825654932871394,3.891187463199257,0.0652751124621972,-0.2574178656660209,27.325843478361723,0.46791666666666665,1,anode_hold
1930.0,-2.5,3.8256391590589143,3.890655813793956,0.0651802836681066,0.1636289330657625,27.326185279173423,0.4680555555555555,1,anode_hold
1931.0,-2.5,3.825331326737289,3.890993375828355,0.065570540604576,-0.0915084864900883,27.32652615470938,0.46819444444444436,1,anode_hold
1932.0,-2.5,3.8262316204705487,3.8905512640755258,0.0648241836511256,0.5045400461485272,27.32686683770063,0.46833333333333327,1,anode_hold
1933.0,-2.5,3.826413270798936,3.8912080000712095,0.065585897165407,0.79116789313316,27.32720752069188,0.4684722222222221,1,anode_hold
1934.0,-2.5,3.825751934609214,3.891676261445709,0.0653859663336784,-0.5383605028166372,27.32754724042856,0.468611111111111,1,anode_hold
1935.0,-2.5,3.826462299099976,3.891191495666592,0.0655164962971316,0.7872997305162777,27.327886957210108,0.4687499999999999,1,anode_hold
1936.0,-2.5,3.826812122102251,3.891238692679901,0.0650481875171266,0.6216169394770432,27.328226207152245,0.4688888888888888,1,anode_hold
1937.0,-2.5,3.8268384105277833,3.892284047016928,0.0651274016779148,-0.3182348112300559,27.32856488469768,0.4690277777777777,1,anode_hold
1938.0,-2.5,3.826441606804488,3.892143860795577,0.0647189640187445,-0.9832899723440924,27.32890356224311,0.46916666666666657,1,anode_hold
1939.0,-2.5,3.82647073362409,3.891862325978245,0.0657683913363428,0.3767989821872319,27.32924144639416,0.4693055555555555,1,anode_hold
1940.0,-2.5,3.827009794796345,3.892190718262164,0.0651645789815011,-0.0163444843175319,27.32957924384387,0.4694444444444444,1,anode_hold
1941.0,-2.5,3.8270512428534063,3.8929130370816143,0.0647360822176387,-1.125712010569213,27.329916709529048,0.46958333333333324,1,anode_hold
1942.0,-2.5,3.827355387413853,3.892121907323402,0.0649955665270888,0.2290466175400851,27.3302535691522,0.46972222222222215,1,anode_hold
1943.0,-2.5,3.827484605986076,3.892893738014864,0.0646448308165985,-0.7643012121891779,27.33059042877536,0.46986111111111106,1,anode_hold
1944.0,-2.5,3.827831405258128,3.892895631799568,0.0646028201277274,-0.4614064137129503,27.33092728839851,0.4699999999999999,1,anode_hold
1945.0,-2.5,3.827662696888837,3.892971900527185,0.064928428075683,-0.3807755626645814,27.331264148021667,0.4701388888888889,1,anode_hold
1946.0,-2.5,3.827939629571692,3.892970379973889,0.0649006592669777,-0.1300911352193345,27.331600446124938,0.47027777777777774,1,anode_hold
1947.0,-2.5,3.8290347663001607,3.8933576044972176,0.0647833407792149,0.4605025821580177,27.33193513187511,0.4704166666666666,1,anode_hold
1948.0,-2.5,3.8282615336021695,3.892981985044723,0.0654135493380189,0.6930978954664546,27.33226981762528,0.4705555555555555,1,anode_hold
1949.0,-2.5,3.828677560874593,3.8934140356623046,0.0647003777307199,-0.0360970569919238,27.332604503375453,0.4706944444444444,1,anode_hold
1950.0,-2.5,3.828699262690715,3.893923519287294,0.0650766546409299,-0.1476019556494456,27.332939189125625,0.47083333333333327,1,anode_hold
1951.0,-2.5,3.82883326404598,3.8935997126391184,0.0646497984608643,-0.1166501322740209,27.333273606289563,0.4709722222222222,1,anode_hold
1952.0,-2.5,3.828644296445861,3.8938243690245193,0.0648960427655932,-0.2840298130655228,27.33360664274213,0.4711111111111111,1,anode_hold
1953.0,-2.5,3.829226042629423,3.8941754567927873,0.0642608984352954,-0.6885157280689391,27.33393967919469,0.47124999999999995,1,anode_hold
1954.0,-2.5,3.829202507964352,3.893549829603712,0.0646267909668178,0.2794693274585924,27.33427271564726,0.4713888888888889,1,anode_hold
1955.0,-2.5,3.8296132965486023,3.893545819012728,0.0644070309078049,0.4745084436801328,27.334605752099822,0.47152777777777777,1,anode_hold
1956.0,-2.5,3.830132954552064,3.894714256435898,0.0651594237942355,0.5781219104012969,27.334938683179477,0.47166666666666673,1,anode_hold
1957.0,-2.5,3.8297151380396346,3.894525899457782,0.0646969756420352,-0.1137857761119853,27.335270156092196,0.4718055555555556,1,anode_hold
1958.0,-2.5,3.8300303673497735,3.894708573752867,0.0644899621531668,-0.1882442499265835,27.33560162900492,0.47194444444444444,1,anode_hold
1959.0,-2.5,3.829637081858724,3.894561205092568,0.0650727267946677,0.1486035608242453,27.33593310191764,0.47208333333333335,1,anode_hold
1960.0,-2.5,3.830121397807429,3.8948407229176114,0.0652434426219512,0.5241175117687291,27.33626457483036,0.47222222222222227,1,anode_hold
1961.0,-2.5,3.830690181898045,3.895188066687119,0.0647092265054263,0.2113417163527309,27.33659534182894,0.4723611111111111,1,anode_hold
1962.0,-2.5,3.830341082981034,3.89505558714127,0.0645883855826881,-0.1261185775485174,27.33692534862079,0.47250000000000003,1,anode_hold
1963.0,-2.5,3.8303022810617584,3.895043523082387,0.0648628713179481,0.1216292973191812,27.337255355412648,0.4726388888888889,1,anode_hold
1964.0,-2.5,3.830689646458909,3.8950729202975887,0.064828386594001,0.4451127553215528,27.337585362204504,0.47277777777777785,1,anode_hold
1965.0,-2.5,3.8307038295235927,3.8950184157278858,0.064404050556251,0.0894643519577798,27.33791488540045,0.4729166666666667,1,anode_hold
1966.0,-2.5,3.830813415300026,3.8948703608628334,0.0644294180917227,0.3724725289142583,27.338243526741262,0.47305555555555556,1,anode_hold
1967.0,-2.5,3.830900158636884,3.895603523385326,0.0656534284001868,0.9500636517447704,27.338572168082084,0.4731944444444445,1,anode_hold
1968.0,-2.5,3.831734314228839,3.895718471597378,0.0645461442678203,0.5619868992812194,27.3389008094229,0.47333333333333333,1,anode_hold
1969.0,-2.5,3.83099824671775,3.8967182165953447,0.0649046130119319,-0.8153568656630306,27.339228628805053,0.4734722222222222,1,anode_hold
1970.0,-2.5,3.831254009761147,3.8959246843006943,0.0646652222233182,-0.0054523162291708,27.33955598498999,0.4736111111111111,1,anode_hold
1971.0,-2.5,3.831325099984279,3.895899946481344,0.0643361483548456,-0.238698142219107,27.339883341174925,0.47375,1,anode_hold
1972.0,-2.5,3.831986575503066,3.89692973644764,0.0648625865359285,-0.080574408644729,27.34021069735986,0.47388888888888886,1,anode_hold
1973.0,-2.5,3.831645452842997,3.896278496661265,0.0646262670675321,-0.0067767507356819,27.34053675677648,0.47402777777777777,1,anode_hold
1974.0,-2.5,3.832234680437814,3.8965247840856208,0.064622791285231,0.3326876374241116,27.34086271103796,0.4741666666666666,1,anode_hold
1975.0,-2.5,3.832007606224488,3.897049870411099,0.0652434848954463,0.2012207088353257,27.34118866529943,0.4743055555555555,1,anode_hold
1976.0,-2.5,3.832063967503979,3.897186617547725,0.064854150065764,-0.2684999779822838,27.341513886141865,0.4744444444444444,1,anode_hold
1977.0,-2.5,3.8317453980264222,3.8973190198340535,0.0648722984566417,-0.7013233509893801,27.34183857993901,0.47458333333333325,1,anode_hold
1978.0,-2.5,3.832659681884449,3.897346024292167,0.0641602747294038,-0.5260676783143126,27.34216327373616,0.4747222222222221,1,anode_hold
1979.0,-2.5,3.832572242282671,3.896996156719222,0.0649656582938599,0.541743857308763,27.342487333443355,0.47486111111111107,1,anode_hold
1980.0,-2.5,3.832648465825976,3.897212963585196,0.0648751192077411,0.310621448520898,27.34280937121197,0.4749999999999999,1,anode_hold
1981.0,-2.5,3.83260873383653,3.897397235119529,0.0646732688717565,-0.1152324112427827,27.343131408980597,0.4751388888888888,1,anode_hold
1982.0,-2.5,3.832635968493084,3.897853683004643,0.0647745081382491,-0.4432063733101898,27.34345344674921,0.47527777777777774,1,anode_hold
1983.0,-2.5,3.832497565142405,3.897719883614639,0.0650708371466576,-0.1514813255769631,27.343775484517828,0.4754166666666666,1,anode_hold
1984.0,-2.5,3.833278732867573,3.898249757159932,0.0646465382323931,-0.3244860599651566,27.344097522286447,0.47555555555555556,1,anode_hold
1985.0,-2.5,3.83319271209075,3.898134592313305,0.0649196738953789,-0.0222063271766437,27.344419560055066,0.4756944444444444,1,anode_hold
1986.0,-2.5,3.8331273668179167,3.898289520787416,0.0643761827142347,-0.7859712552646947,27.344740904243935,0.4758333333333333,1,anode_hold
1987.0,-2.5,3.833173970699299,3.897657531597346,0.064721135945471,0.2375750474241655,27.345061686619196,0.47597222222222224,1,anode_hold
1988.0,-2.5,3.833525868951575,3.8984991275497887,0.0647511555253821,-0.2221030728315476,27.345382468994448,0.4761111111111111,1,anode_hold
1989.0,-2.5,3.833594231384844,3.8982723299798088,0.0649188730176733,0.2407744227084229,27.345702919301683,0.47624999999999995,1,anode_hold
1990.0,-2.5,3.834251363201455,3.898979014288383,0.0657051980727639,0.9775469858359642,27.346022481498423,0.47638888888888886,1,anode_hold
1991.0,-2.5,3.834127685461823,3.898793818014853,0.0659095103459712,1.243377792941036,27.346342043695167,0.4765277777777778,1,anode_hold
1992.0,-2.5,3.8338537127235583,3.899193932345448,0.0645247998433774,-0.8154197785126271,27.346661605891907,0.4766666666666667,1,anode_hold
1993.0,-2.5,3.833845664626483,3.8993059559314136,0.0653568641178859,-0.1034271870445913,27.346980004593643,0.47680555555555554,1,anode_hold
1994.0,-2.5,3.834251442249969,3.899073215600508,0.0652142574764546,0.3924841259155265,27.347298393692576,0.4769444444444444,1,anode_hold
1995.0,-2.5,3.834193622111372,3.899158018098984,0.0653118013417073,0.3474053540952759,27.347616782791505,0.47708333333333336,1,anode_hold
1996.0,-2.5,3.8346395895099374,3.899822814758346,0.0652064570753051,0.0232318268964526,27.347934255708505,0.4772222222222222,1,anode_hold
1997.0,-2.5,3.8348896512025448,3.900037035697974,0.0648488106512795,-0.2985738441498853,27.34825135709678,0.47736111111111107,1,anode_hold
1998.0,-2.5,3.83511099220551,3.8995309563226135,0.0650048959273706,0.5849318102670864,27.348568458485055,0.4775,1,anode_hold
1999.0,-2.5,3.835196696955147,3.899420234467406,0.0651296341205021,0.9060966082432564,27.34888555987333,0.4776388888888889,1,anode_hold
2000.0,-2.5,3.835166475275523,3.900293139358085,0.0644988468485894,-0.6278172339726495,27.34920266126161,0.47777777777777775,1,anode_hold
2001.0,-2.5,3.835555511759009,3.8997350538578015,0.0647699937467118,0.5904516479193767,27.34951976264989,0.4779166666666666,1,anode_hold
2002.0,-2.5,3.835260364764156,3.900285629962576,0.0648776866293444,-0.1475785690754349,27.34983658443541,0.47805555555555557,1,anode_hold
2003.0,-2.5,3.835655149826541,3.899809832749586,0.0652935929923319,1.1389100692866805,27.35015183188261,0.4781944444444445,1,anode_hold
2004.0,-2.5,3.8360739397383687,3.90088954104148,0.0650019251875888,0.1863238844777015,27.350467079329803,0.4783333333333333,1,anode_hold
2005.0,-2.5,3.836068124145246,3.900812658073776,0.0644168954906392,-0.3276384378905206,27.350782326777,0.47847222222222224,1,anode_hold
2006.0,-2.5,3.8357518928467926,3.9007120846629286,0.0648343926588162,-0.1257991573195838,27.351097574224195,0.47861111111111104,1,anode_hold
2007.0,-2.5,3.8359382329322815,3.9005949616137134,0.0646577008179433,0.0009721365112902,27.351412821671392,0.47874999999999995,1,anode_hold
2008.0,-2.5,3.835948630458189,3.900260072564542,0.0645877472736825,0.2763051673286831,27.351727048368897,0.4788888888888889,1,anode_hold
2009.0,-2.5,3.83711789639133,3.901203780818052,0.0646479958090822,0.5621113823601753,27.352039706857475,0.4790277777777777,1,anode_hold
2010.0,-2.5,3.836255265725484,3.901564725162869,0.0645248999272119,-0.7845595101723113,27.35235236534605,0.4791666666666667,1,anode_hold
2011.0,-2.5,3.8368222689176794,3.901564327033788,0.0648327153820864,0.0906572659769011,27.35266502383463,0.4793055555555555,1,anode_hold
2012.0,-2.5,3.837558202218199,3.9012362407646006,0.0647918313558622,1.1137928094604457,27.352977682323207,0.4794444444444444,1,anode_hold
2013.0,-2.5,3.837473872571729,3.901982805274117,0.0646359024779387,0.1269697755499343,27.353290340811785,0.47958333333333336,1,anode_hold
2014.0,-2.5,3.8376837317697055,3.901998105392967,0.0647624279979078,0.4480543746474552,27.35360215398977,0.47972222222222216,1,anode_hold
2015.0,-2.5,3.837273507378352,3.901552843034578,0.0643124380960751,0.0331024398492196,27.353913486969624,0.47986111111111107,1,anode_hold
2016.0,-2.5,3.8377795348608648,3.901649440919876,0.0647617305744589,0.8918245154481141,27.35422481994948,0.4799999999999999,1,anode_hold
2017.0,-2.5,3.8386060584798383,3.9020015616365686,0.0647581200141448,1.362616857414345,27.354536152929334,0.48013888888888884,1,anode_hold
2018.0,-2.5,3.837815100226614,3.9027948361130393,0.064530863498418,-0.4488723880062828,27.35484729571275,0.48027777777777775,1,anode_hold
2019.0,-2.5,3.838078426871854,3.902370030802454,0.0646888221386454,0.3972182080458353,27.355157415932112,0.4804166666666666,1,anode_hold
2020.0,-2.5,3.837988162276856,3.903220415041925,0.0643794523624514,-0.852800402618481,27.35546753615148,0.4805555555555555,1,anode_hold
2021.0,-2.5,3.83820713498713,3.903203116225763,0.0646841860296313,-0.3117952090017084,27.35577765637084,0.4806944444444443,1,anode_hold
2022.0,-2.5,3.838451218325985,3.902455387347711,0.064374067134358,0.3698981126327716,27.35608758789541,0.4808333333333333,1,anode_hold
2023.0,-2.5,3.838880715647388,3.903016118414916,0.0651912341607387,1.0558313932103047,27.35639618666352,0.4809722222222222,1,anode_hold
2024.0,-2.5,3.838320152800086,3.90422354680372,0.0644661131687215,-1.4372808349123467,27.35670478543163,0.481111111111111,1,anode_hold
2025.0,-2.5,3.838287271015707,3.903357079908181,0.0648271331444081,-0.2426757480660235,27.357013384199742,0.48124999999999996,1,anode_hold
2026.0,-2.5,3.838849024023466,3.903705997328376,0.064605162434184,-0.2518108707261213,27.357321870332967,0.48138888888888876,1,anode_hold
2027.0,-2.5,3.8390275679375865,3.903733294011846,0.0649430603212891,0.2373342470298745,27.357629234292062,0.4815277777777777,1,anode_hold
2028.0,-2.5,3.839513990094645,3.903674454801645,0.0644930040130124,0.3325393060120696,27.35793659825116,0.48166666666666663,1,anode_hold
2029.0,-2.5,3.8394305169939456,3.9036680366661223,0.064697527150585,0.4600074784080199,27.35824396221026,0.48180555555555543,1,anode_hold
2030.0,-2.5,3.8391527982399225,3.904106517332684,0.0645653807614006,-0.3883383313607602,27.358551189032244,0.4819444444444444,1,anode_hold
2031.0,-2.5,3.839639527520585,3.904285094325485,0.0646704453069386,0.0248785020380282,27.358856205154755,0.4820833333333333,1,anode_hold
2032.0,-2.5,3.839933722680634,3.904467751865421,0.0647879122142393,0.2538830294516181,27.359161221277265,0.4822222222222221,1,anode_hold
2033.0,-2.5,3.8398141083635817,3.904674879234429,0.0653978782253281,0.5371073544804261,27.35946623739978,0.4823611111111111,1,anode_hold
2034.0,-2.5,3.83975565233584,3.904219516753253,0.0651582492998819,0.6943848824678689,27.35977125352229,0.4825,1,anode_hold
2035.0,-2.5,3.840189939284981,3.904402436797267,0.0644200252618609,0.2075277495747762,27.3600762696448,0.4826388888888888,1,anode_hold
2036.0,-2.5,3.840009782924327,3.9050457666255793,0.0647670222125148,-0.2689614887376734,27.36038128576731,0.48277777777777775,1,anode_hold
2037.0,-2.5,3.8396853702268814,3.904995589182366,0.0650443310998594,-0.265887855625202,27.36068630188982,0.48291666666666666,1,anode_hold
2038.0,-2.5,3.840774062684568,3.904502377736761,0.0651115330948361,1.383218042642742,27.36099131801233,0.4830555555555556,1,anode_hold
2039.0,-2.5,3.840127071321246,3.904920843160107,0.0649407613446049,0.1469895057444326,27.36129433421018,0.4831944444444444,1,anode_hold
2040.0,-2.5,3.840552824662376,3.906058768212047,0.0647553975576478,-0.7505459920227331,27.36159733589821,0.48333333333333334,1,anode_hold
2041.0,-2.5,3.840697670787613,3.905368259501964,0.0647506647694317,0.0800760550809798,27.36190033758625,0.4834722222222222,1,anode_hold
2042.0,-2.5,3.840831137494354,3.9055254592842954,0.0649100307933858,0.2157090034451414,27.362203339274288,0.4836111111111111,1,anode_hold
2043.0,-2.5,3.8409855220956666,3.9058485640784575,0.0645655901027738,-0.2974518800171744,27.362506340962323,0.4837499999999999,1,anode_hold
2044.0,-2.5,3.8407780932817306,3.9060176074069055,0.0648937198164283,-0.3457943087474824,27.36280934265036,0.48388888888888887,1,anode_hold
2045.0,-2.5,3.8415123875307136,3.905587414863152,0.0648761609734118,0.8011336409738945,27.36311096689744,0.48402777777777767,1,anode_hold
2046.0,-2.5,3.841507569800152,3.9059277540677626,0.0646283520040954,0.208167736485354,27.36341253669231,0.4841666666666666,1,anode_hold
2047.0,-2.5,3.8416558333352273,3.906738220120799,0.0642101213137891,-0.8722654717825407,27.363714106487176,0.48430555555555554,1,anode_hold
2048.0,-2.5,3.842110321020905,3.906110626334056,0.0647163301838067,0.7160248706563621,27.36401567628204,0.48444444444444434,1,anode_hold
2049.0,-2.5,3.842264211504105,3.906555119333106,0.0644642912870285,0.1733834580273097,27.36431663017321,0.4845833333333333,1,anode_hold
2050.0,-2.5,3.842482918903658,3.9071039654402457,0.0646797861922751,0.0587396556874786,27.364616613375823,0.4847222222222222,1,anode_hold
2051.0,-2.5,3.842783368840825,3.906771788188516,0.0644934166923452,0.5049973446542566,27.36491659657844,0.484861111111111,1,anode_hold
2052.0,-2.5,3.842511157564328,3.906913630689882,0.0646083653813907,0.2058922558370035,27.365216579781052,0.485,1,anode_hold
2053.0,-2.5,3.842060767421746,3.906797137119321,0.0644670946857668,-0.2692750118078457,27.36551656298367,0.4851388888888889,1,anode_hold
2054.0,-2.5,3.8427330668771953,3.906972656321306,0.064852075326458,0.6124858823475243,27.36581545423168,0.4852777777777777,1,anode_hold
2055.0,-2.5,3.842820098272397,3.907677780837656,0.064254941872763,-0.6027406924964396,27.36611409664821,0.48541666666666666,1,anode_hold
2056.0,-2.5,3.8429839203289817,3.907645280193969,0.0649142060090777,0.2528461440909346,27.36641273906475,0.4855555555555556,1,anode_hold
2057.0,-2.5,3.842930121139028,3.9076830070423942,0.0645700131946542,-0.1828727087125337,27.366711381481284,0.4856944444444444,1,anode_hold
2058.0,-2.5,3.842989518707478,3.907588405178138,0.0643807027878397,-0.2181836828207828,27.367009448923767,0.48583333333333334,1,anode_hold
2059.0,-2.5,3.8436377005802256,3.908365615013584,0.0648148788337634,0.0869644004053427,27.367305701933816,0.48597222222222225,1,anode_hold
2060.0,-2.5,3.843832350446205,3.90853778463602,0.0651932162293668,0.4877820395510213,27.36760195494386,0.4861111111111111,1,anode_hold
2061.0,-2.5,3.8433486198483946,3.908186202049708,0.0641628175538841,-0.6747646474289937,27.36789820795391,0.48625,1,anode_hold
2062.0,-2.5,3.843988428740412,3.908018693913837,0.0642692979087706,0.2390327353460897,27.36819446096396,0.4863888888888889,1,anode_hold
2063.0,-2.5,3.8439184423766073,3.9080765342057777,0.0644917053111288,0.3336134819584835,27.36849071397401,0.4865277777777778,1,anode_hold
2064.0,-2.5,3.843995389174165,3.909223226021,0.0646147058392426,-0.6131310075914165,27.368786966984057,0.4866666666666667,1,anode_hold
2065.0,-2.5,3.844459581713496,3.909452431614618,0.0645168923199328,-0.4759575811892347,27.369083219994103,0.48680555555555566,1,anode_hold
2066.0,-2.5,3.844381461637525,3.9086091951859054,0.0646310904847787,0.403356936397703,27.36937947300415,0.48694444444444446,1,anode_hold
2067.0,-2.5,3.844372448245602,3.908999034587211,0.0642912513008902,-0.3353350407193645,27.36967553980481,0.48708333333333337,1,anode_hold
2068.0,-2.5,3.844691251058594,3.908463534234614,0.0647899395337278,1.0176563577077855,27.369969792209886,0.48722222222222217,1,anode_hold
2069.0,-2.5,3.844211283410973,3.908961222564711,0.064453362997282,-0.2965761564559521,27.370264044614967,0.48736111111111113,1,anode_hold
2070.0,-2.5,3.8447682905254017,3.9099186677570152,0.0651167575073339,-0.033619724279621,27.370558297020043,0.48749999999999993,1,anode_hold
2071.0,-2.5,3.8449497523122655,3.909710949357244,0.0642285639597615,-0.5326330852155614,27.370852549425123,0.4876388888888889,1,anode_hold
2072.0,-2.5,3.8447978840283192,3.909860246718972,0.0643998115508181,-0.6625511398348216,27.3711468018302,0.4877777777777777,1,anode_hold
2073.0,-2.5,3.845406028240173,3.909640823147405,0.064470754238279,0.235959331047475,27.37144105423528,0.4879166666666666,1,anode_hold
2074.0,-2.5,3.8455680043687455,3.909561627668308,0.0642942490676636,0.3006257681010815,27.37173449240178,0.4880555555555556,1,anode_hold
2075.0,-2.5,3.845439849513925,3.9099122516278295,0.0646871269706864,0.2147248567818671,27.372027115747866,0.4881944444444444,1,anode_hold
2076.0,-2.5,3.845702676623191,3.910482040886899,0.0640376332400324,-0.7417310236759178,27.372319739093957,0.4883333333333333,1,anode_hold
2077.0,-2.5,3.846088986279056,3.9103939648646726,0.0642114539276787,-0.0935246579381043,27.37261236244004,0.48847222222222214,1,anode_hold
2078.0,-2.5,3.846338331298184,3.910607143123004,0.0650142793068238,0.7454674820035478,27.372904985786125,0.48861111111111105,1,anode_hold
2079.0,-2.5,3.8459257365451847,3.910741815226183,0.0643538139281666,-0.4622647528313983,27.37319760913221,0.48874999999999996,1,anode_hold
2080.0,-2.5,3.846389030130514,3.910454233682929,0.0643720742133091,0.3068706608937432,27.37348910476518,0.4888888888888888,1,anode_hold
2081.0,-2.5,3.846732106888629,3.910848778946373,0.0648140402020928,0.6973681443498414,27.37378014711709,0.48902777777777773,1,anode_hold
2082.0,-2.5,3.8465455158094777,3.910670288006176,0.0641957462580728,0.0709740613751286,27.374071189469003,0.4891666666666667,1,anode_hold
2083.0,-2.5,3.846456687454965,3.910758320911552,0.0638793008486598,-0.4223326079273448,27.37436223182091,0.4893055555555555,1,anode_hold
2084.0,-2.5,3.84659174459344,3.911361028056647,0.0642646738880772,-0.5046095751288782,27.37465327417282,0.4894444444444444,1,anode_hold
2085.0,-2.5,3.8468586935789215,3.910948138041434,0.064043327462429,-0.0461170000827237,27.374944316524733,0.4895833333333332,1,anode_hold
2086.0,-2.5,3.846781987151492,3.911935458194568,0.064896903820912,-0.2565672221646053,27.37523248964361,0.48972222222222217,1,anode_hold
2087.0,-2.5,3.847832471125228,3.9116824191784167,0.0645039693231539,0.6540212699648329,27.3755204360324,0.4898611111111111,1,anode_hold
2088.0,-2.5,3.847194435100681,3.9113416627901305,0.0642405431870959,0.0933154976463512,27.37580838242118,0.48999999999999994,1,anode_hold
2089.0,-2.5,3.847615691543495,3.911709153934207,0.0646690978321307,0.5756354414185871,27.376096328809965,0.49013888888888885,1,anode_hold
2090.0,-2.5,3.847694028684409,3.911688727473803,0.0646570806648185,0.6623818754247779,27.376384275198745,0.49027777777777776,1,anode_hold
2091.0,-2.5,3.847966999743168,3.9124398820830266,0.0639733160226783,-0.4995663171807329,27.37667222158753,0.4904166666666667,1,anode_hold
2092.0,-2.5,3.84779712757434,3.912459888363693,0.0644918618384026,-0.1708989509503489,27.37696016797631,0.4905555555555555,1,anode_hold
2093.0,-2.5,3.847659881118328,3.912438274919976,0.0641159667686909,-0.6624270329580462,27.37724811436509,0.4906944444444445,1,anode_hold
2094.0,-2.5,3.848677802910485,3.9130598673763615,0.0646557923509304,0.2737278850530877,27.37753606075388,0.4908333333333334,1,anode_hold
2095.0,-2.5,3.8482996942010894,3.912705729134208,0.0647465467002369,0.3405117671189117,27.37782400714266,0.4909722222222222,1,anode_hold
2096.0,-2.5,3.8484951118083695,3.912751080851154,0.0646414838563076,0.3855148135243347,27.37811195353144,0.49111111111111116,1,anode_hold
2097.0,-2.5,3.8486588781956135,3.912680674663846,0.0644406628020799,0.4188663338475784,27.378399048868182,0.4912500000000001,1,anode_hold
2098.0,-2.5,3.84911912949008,3.912730310851632,0.0643094908578088,0.6983094962573766,27.37868458918657,0.4913888888888889,1,anode_hold
2099.0,-2.5,3.849113201540911,3.913345731801593,0.0647836284448359,0.5510981841538865,27.378970129504943,0.49152777777777784,1,anode_hold
2100.0,-2.5,3.849376555999057,3.913610459973482,0.0641916814652142,-0.0422225092115979,27.37925566982333,0.49166666666666664,1,anode_hold
2101.0,-2.5,3.849413042085688,3.913471098456666,0.0650071499907877,0.949093619809549,27.37954121014171,0.49180555555555555,1,anode_hold
2102.0,-2.5,3.849354201767488,3.913719832919686,0.0642196285454121,-0.1460026067858777,27.37982675046009,0.4919444444444444,1,anode_hold
2103.0,-2.5,3.849526483921701,3.913784883571916,0.0642777128537141,0.019313203498239,27.38011229077847,0.4920833333333333,1,anode_hold
2104.0,-2.5,3.8493692292665114,3.914418126735909,0.0638358484092802,-1.2130490601180988,27.38039783109685,0.4922222222222221,1,anode_hold
2105.0,-2.5,3.8491524673411313,3.914101790051965,0.0646041947950564,-0.3451279157768994,27.38068337141523,0.4923611111111111,1,anode_hold
2106.0,-2.5,3.849804846767363,3.914521908637713,0.0641683296035144,-0.5487322668358274,27.380968319072316,0.4924999999999999,1,anode_hold
2107.0,-2.5,3.84969918008647,3.9142495895528713,0.0642301445195359,-0.3202649468652119,27.381251725425376,0.4926388888888888,1,anode_hold
2108.0,-2.5,3.8509415739220754,3.914180003008979,0.0641652945859371,0.9268654990335355,27.38153513177844,0.49277777777777765,1,anode_hold
2109.0,-2.5,3.850777510995498,3.91410031718552,0.0644399502020303,1.1171440120092413,27.3818185381315,0.49291666666666656,1,anode_hold
2110.0,-2.5,3.850805442618701,3.914374716778724,0.0639492682683451,0.3799941083220126,27.382101944484564,0.4930555555555555,1,anode_hold
2111.0,-2.5,3.850433434875916,3.914963255053229,0.0638915623697102,-0.6382578076027379,27.382385350837627,0.49319444444444444,1,anode_hold
2112.0,-2.5,3.85136068695306,3.914667230667405,0.0641938988736939,0.8873551593500117,27.38266875719069,0.49333333333333323,1,anode_hold
2113.0,-2.5,3.8503762042346654,3.9154343530267246,0.0642462912494702,-0.811857542588168,27.382952163543752,0.4934722222222222,1,anode_hold
2114.0,-2.5,3.8506687121983134,3.915118432119404,0.0641363086595549,-0.3134112615357232,27.38323461827289,0.4936111111111111,1,anode_hold
2115.0,-2.5,3.850939628384773,3.914807192025221,0.0640292973537121,0.1617337132633345,27.38351531809183,0.4937499999999999,1,anode_hold
2116.0,-2.5,3.851029135560408,3.915555622700615,0.0649045411814858,0.3780540412789968,27.383796017910765,0.4938888888888889,1,anode_hold
2117.0,-2.5,3.851498939177837,3.915486906707199,0.0639673710592007,-0.0205964701613936,27.3840767177297,0.4940277777777777,1,anode_hold
2118.0,-2.5,3.851659985917917,3.9163376856719263,0.0641341360744311,-0.5435636795785292,27.38435741754864,0.4941666666666666,1,anode_hold
2119.0,-2.5,3.852317473881456,3.916112655015708,0.0642600735096119,0.4648923753598488,27.384638117367576,0.49430555555555544,1,anode_hold
2120.0,-2.5,3.852186337883488,3.915732923134682,0.0645505332510713,1.0039479998775749,27.384918817186517,0.49444444444444435,1,anode_hold
2121.0,-2.5,3.85239603595288,3.9161986275682303,0.0642436413567631,0.4410497414131242,27.38519951700545,0.4945833333333333,1,anode_hold
2122.0,-2.5,3.852295154473911,3.9158748009698,0.0633053838675287,-0.2742626283609439,27.38547980207021,0.4947222222222221,1,anode_hold
2123.0,-2.5,3.852261507907201,3.915970809299843,0.0645806197604878,0.8713183678459302,27.38575952709129,0.49486111111111103,1,anode_hold
2124.0,-2.5,3.852235818469776,3.9165496050914874,0.0640677121215676,-0.2460745001435782,27.386039252112376,0.49499999999999983,1,anode_hold
2125.0,-2.5,3.852125057851336,3.916866304318333,0.064081190446189,-0.6600560208083195,27.386318977133456,0.4951388888888888,1,anode_hold
2126.0,-2.5,3.852452941727276,3.916690008007074,0.0640062035127586,-0.2308627670397633,27.38659870215454,0.4952777777777776,1,anode_hold
2127.0,-2.5,3.852733721614044,3.917321652399019,0.0640159666277838,-0.5719641571908518,27.386877835690477,0.49541666666666656,1,anode_hold
2128.0,-2.5,3.853208303808137,3.916557847960331,0.0644215374530773,1.0719933008838112,27.38715616322493,0.49555555555555547,1,anode_hold
2129.0,-2.5,3.852605001567295,3.917410795665314,0.064279816093077,-0.5259780049420293,27.38743449075938,0.4956944444444444,1,anode_hold
2130.0,-2.5,3.85283252580135,3.917450521009481,0.0642459519077733,-0.3720433003580048,27.387712818293828,0.49583333333333324,1,anode_hold
2131.0,-2.5,3.8534397373947016,3.9170596857607296,0.0640762668104689,0.4563184444408286,27.38799114582828,0.49597222222222215,1,anode_hold
2132.0,-2.5,3.853188611297363,3.9177745964056663,0.064332956809548,-0.2530282987560639,27.38826889139542,0.4961111111111111,1,anode_hold
2133.0,-2.5,3.853730474747784,3.9176842968560712,0.0643552851826688,0.4014630743816028,27.38854583665483,0.4962499999999999,1,anode_hold
2134.0,-2.5,3.853632899184935,3.91826973703038,0.0641019125657764,-0.5349252796684745,27.388822781914246,0.4963888888888888,1,anode_hold
2135.0,-2.5,3.853657428439989,3.917573198930449,0.0638688072493436,-0.0469632411168596,27.389099727173654,0.4965277777777778,1,anode_hold
2136.0,-2.5,3.853609605643818,3.91838223206598,0.0646841544488745,-0.0884719732874295,27.389376672433077,0.4966666666666666,1,anode_hold
2137.0,-2.5,3.854107864088189,3.9182268261052897,0.0644761777056883,0.3572156885871536,27.38965263440269,0.4968055555555555,1,anode_hold
2138.0,-2.5,3.854043922143832,3.918908662213537,0.0638737161338996,-0.9910239358048578,27.38992723175117,0.49694444444444436,1,anode_hold
2139.0,-2.5,3.8542051210716166,3.919357839786073,0.0642834626289554,-0.8692560855010356,27.39020182909965,0.49708333333333327,1,anode_hold
2140.0,-2.5,3.8543242974979415,3.918601841940286,0.0644051851022216,0.1276406598766932,27.390476426448128,0.4972222222222222,1,anode_hold
2141.0,-2.5,3.854697859181367,3.918766222023588,0.06453660411575,0.4682412735292907,27.390751023796604,0.49736111111111103,1,anode_hold
2142.0,-2.5,3.8548128115007607,3.918954521052205,0.0644866824163993,0.3449728649549399,27.391025621145083,0.49749999999999994,1,anode_hold
2143.0,-2.5,3.854380653281938,3.919093628888097,0.064171615531112,-0.5413600750472369,27.39130021849356,0.4976388888888889,1,anode_hold
2144.0,-2.5,3.8549728697287913,3.919555505601569,0.0643746437069651,-0.2079921658126871,27.39157481584204,0.4977777777777777,1,anode_hold
2145.0,-2.5,3.855267123565176,3.9192178184975615,0.0648611599366094,0.9104650042233152,27.39184941319052,0.4979166666666666,1,anode_hold
2146.0,-2.5,3.8555892260838194,3.919291024399066,0.0643087254705997,0.606927155352821,27.39212361220841,0.4980555555555556,1,anode_hold
2147.0,-2.5,3.85564704701736,3.919637596268568,0.0645307270715974,0.5401778203895091,27.39239724922272,0.4981944444444444,1,anode_hold
2148.0,-2.5,3.8556096034519305,3.9197871986884287,0.0646023635887966,0.4247683522984324,27.392670886237024,0.4983333333333333,1,anode_hold
2149.0,-2.5,3.8553386818287816,3.920359215292103,0.0644077285941508,-0.6128048691702581,27.392944523251327,0.49847222222222215,1,anode_hold
2150.0,-2.5,3.855588316458437,3.919894941892721,0.0640949885454776,-0.2116368888067654,27.39321783553934,0.49861111111111106,1,anode_hold
2151.0,-2.5,3.8562369206226967,3.9200120457932512,0.0639743564838271,0.1992313132728185,27.393490603206136,0.49874999999999986,1,anode_hold
2152.0,-2.5,3.855895163682565,3.9205048851238886,0.0643575682730367,-0.2521531682866396,27.39376337087293,0.4988888888888888,1,anode_hold
2153.0,-2.5,3.856556950497264,3.9206219769572246,0.0642936046278017,0.2285781678406095,27.39403613853973,0.4990277777777776,1,anode_hold
2154.0,-2.5,3.856777013820691,3.920292842039584,0.0641959726823723,0.6801444634789711,27.394308669142365,0.49916666666666654,1,anode_hold
2155.0,-2.5,3.8562269368547617,3.9206256396600514,0.0637364774682706,-0.6622253370189846,27.394580723349755,0.4993055555555555,1,anode_hold
2156.0,-2.5,3.856828540130695,3.9204562529537785,0.0638476355927678,0.2199227696841887,27.394852777557144,0.4994444444444444,1,anode_hold
2157.0,-2.5,3.856813499869149,3.921234203208666,0.0641800055938711,-0.2406977456459458,27.395124831764534,0.4995833333333332,1,anode_hold
2158.0,-2.5,3.857609342418767,3.920889124394618,0.064632496823344,1.3527148474929973,27.39539639423968,0.4997222222222222,1,anode_hold
2159.0,-2.5,3.8574077331701417,3.921070793296999,0.0639462120958306,0.2831519689738826,27.39566774106636,0.4998611111111111,1,anode_hold
2160.0,-2.5,3.857158469621164,3.921286029976615,0.0640344522168556,-0.0931081385950882,27.395939087893044,0.49999999999999994,1,anode_hold
2161.0,-2.5,3.857589157890481,3.9212685105531335,0.0638306861326892,0.1513334700367075,27.39621039639872,0.5001388888888889,1,anode_hold
2162.0,-2.5,3.857348152318829,3.9216956187285854,0.0646156171089892,0.2681506992319171,27.396481082700863,0.5002777777777776,1,anode_hold
2163.0,-2.5,3.8577345047722313,3.922081134363757,0.0643490810091897,0.0024514176635292,27.396751769003004,0.5004166666666666,1,anode_hold
2164.0,-2.5,3.857997938443698,3.922037480030778,0.0636811218248338,-0.3584197622461538,27.397022455305144,0.5005555555555554,1,anode_hold
2165.0,-2.5,3.858136221478949,3.922728435536798,0.0639315691770161,-0.6606448808330612,27.39729279271018,0.5006944444444443,1,anode_hold
2166.0,-2.5,3.858336612697325,3.9222657210824696,0.063734403496214,-0.1947048889303637,27.397562650055463,0.5008333333333332,1,anode_hold
2167.0,-2.5,3.858125072095546,3.921852927966461,0.0639928803000401,0.265024429125571,27.397832507400757,0.5009722222222222,1,anode_hold
2168.0,-2.5,3.85799404232101,3.922482764661861,0.0639108275666414,-0.5778947742101082,27.39810236474604,0.5011111111111108,1,anode_hold
2169.0,-2.5,3.858594023869839,3.922447880411944,0.064442188478953,0.588331936847819,27.39837222209133,0.5012499999999999,1,anode_hold
2170.0,-2.5,3.858580511844053,3.9230484449192553,0.0636105785770851,-0.8573544981178571,27.398641224114296,0.5013888888888887,1,anode_hold
2171.0,-2.5,3.85878185486784,3.922834398418672,0.0637428825370562,-0.3096610137762745,27.398910041559056,0.5015277777777776,1,anode_hold
2172.0,-2.5,3.859776802024935,3.9231409163746607,0.0638415226602636,0.4774083105374416,27.39917885900381,0.5016666666666665,1,anode_hold
2173.0,-2.5,3.8596281587253576,3.92274882109334,0.0638176884833042,0.6970261153220747,27.39944767644857,0.5018055555555554,1,anode_hold
2174.0,-2.5,3.859368241922162,3.9230896321290674,0.0639596082784392,0.2382180715341242,27.39971625308463,0.5019444444444443,1,anode_hold
2175.0,-2.5,3.85912350170732,3.923480101470045,0.0639043346859805,-0.4522650767446734,27.39998399607107,0.5020833333333331,1,anode_hold
2176.0,-2.5,3.859297028690842,3.923470011566706,0.0641154799403942,-0.0575029354696887,27.40025173905752,0.502222222222222,1,anode_hold
2177.0,-2.5,3.8599278013276384,3.923711152085423,0.0633823633677743,-0.4009873900101546,27.40051948204396,0.5023611111111108,1,anode_hold
2178.0,-2.5,3.860271051011741,3.924330476415816,0.0638567824047892,-0.2026429992860734,27.400786945485933,0.5024999999999997,1,anode_hold
2179.0,-2.5,3.8599893431912857,3.923598712457489,0.0638894663246244,0.2800970584209139,27.40105373936768,0.5026388888888886,1,anode_hold
2180.0,-2.5,3.860242078874998,3.9237424740208784,0.0645379626555863,1.037567509706072,27.40132053324943,0.5027777777777775,1,anode_hold
2181.0,-2.5,3.860403641997914,3.924637367944095,0.0640211424111036,-0.2125835350765825,27.40158732713117,0.5029166666666665,1,anode_hold
2182.0,-2.5,3.8607695569195934,3.9244416860030142,0.0635610308817138,-0.1110982017067385,27.40185329734101,0.5030555555555553,1,anode_hold
2183.0,-2.5,3.860007301767139,3.924300217378001,0.0639746155656659,-0.3183000451962847,27.402119070432533,0.5031944444444443,1,anode_hold
2184.0,-2.5,3.8607399730672274,3.924759200481937,0.0636895428140815,-0.3296846006284326,27.40238484352406,0.5033333333333332,1,anode_hold
2185.0,-2.5,3.860936625797426,3.925056596587641,0.064074997705947,-0.0449730842682072,27.40265032729857,0.5034722222222219,1,anode_hold
2186.0,-2.5,3.8612218477448015,3.924691000738015,0.0636755416103525,0.20638861713973,27.40291519417259,0.5036111111111109,1,anode_hold
2187.0,-2.5,3.861177515113537,3.9253239202772776,0.0641909987108355,0.0445935470949621,27.40318006104661,0.5037499999999998,1,anode_hold
2188.0,-2.5,3.860850318247849,3.92513445377399,0.0639410679837564,-0.3430675423845564,27.403444927920628,0.5038888888888888,1,anode_hold
2189.0,-2.5,3.861132979998657,3.925737074037194,0.0636704065755697,-0.933687462967292,27.403709117197582,0.5040277777777775,1,anode_hold
2190.0,-2.5,3.860977474865422,3.924787638559896,0.0639042644686003,0.0941007741261934,27.403973169279197,0.5041666666666664,1,anode_hold
2191.0,-2.5,3.861620273958709,3.926145646152244,0.0645321022078546,0.0067300143196113,27.404237221360805,0.5043055555555553,1,anode_hold
2192.0,-2.5,3.8617486183475,3.925687404894397,0.0635946026286229,-0.3441839182736217,27.404501187694063,0.5044444444444443,1,anode_hold
2193.0,-2.5,3.861980542168497,3.926207175680296,0.0639465649827842,-0.280068529014077,27.40476452076183,0.5045833333333332,1,anode_hold
2194.0,-2.5,3.8616721134319976,3.925808978637787,0.0642093527159103,0.0724875101205668,27.4050278538296,0.5047222222222221,1,anode_hold
2195.0,-2.5,3.861757088168775,3.926274114950428,0.0642972897985883,-0.2197369830643225,27.40529118689737,0.504861111111111,1,anode_hold
2196.0,-2.5,3.8626954394971738,3.926592648578208,0.0638171774866303,-0.080031594404506,27.405554301113508,0.5049999999999997,1,anode_hold
2197.0,-2.5,3.86243469063389,3.926424245900271,0.0641953132833808,0.2057580169996242,27.40581709632656,0.5051388888888887,1,anode_hold
2198.0,-2.5,3.8630461131036986,3.9264099222938422,0.0643287171946322,0.9649080044882296,27.40607989153961,0.5052777777777776,1,anode_hold
2199.0,-2.5,3.862796706002486,3.9264483362842353,0.0638820925861027,0.2304623043536402,27.406342654697223,0.5054166666666666,1,anode_hold
2200.0,-2.5,3.862372963836021,3.926586562594362,0.0642704944949802,0.0568957366384736,27.406604962541103,0.5055555555555553,1,anode_hold
2201.0,-2.5,3.863199704241833,3.927177266044727,0.0635934731185551,-0.3840886843384794,27.406867270384996,0.5056944444444442,1,anode_hold
2202.0,-2.5,3.863475221530648,3.9267854020588335,0.0642651361650474,0.9549556368622092,27.40712957822888,0.5058333333333331,1,anode_hold
2203.0,-2.5,3.863118321218343,3.927422508702795,0.064094214172446,-0.2099733120064506,27.407391573621855,0.5059722222222219,1,anode_hold
2204.0,-2.5,3.8628258524149257,3.927357769273772,0.0636286466546349,-0.90327020421066,27.407653450289345,0.5061111111111108,1,anode_hold
2205.0,-2.5,3.863752534183007,3.92741277558804,0.063442108490277,-0.2181329147559196,27.407915326956832,0.5062499999999999,1,anode_hold
2206.0,-2.5,3.863659936230021,3.927408696274227,0.0643281613810505,0.5794013368438655,27.40817690321664,0.5063888888888886,1,anode_hold
2207.0,-2.5,3.863933385008507,3.927612541264923,0.0637079054027327,0.0287491463168976,27.408437996598696,0.5065277777777775,1,anode_hold
2208.0,-2.5,3.863192218633555,3.927280160996765,0.0643487933710041,0.2608510077939385,27.408699089980757,0.5066666666666665,1,anode_hold
2209.0,-2.5,3.86428337483664,3.928210867459831,0.0640856172896086,0.1581246664184021,27.40896018336281,0.5068055555555553,1,anode_hold
2210.0,-2.5,3.8634691476812058,3.9280214113553966,0.063983089270362,-0.5691744038287538,27.409221276744876,0.5069444444444442,1,anode_hold
2211.0,-2.5,3.864182145628158,3.928664846890752,0.0639517946198039,-0.5309066427900966,27.40948237012693,0.5070833333333331,1,anode_hold
2212.0,-2.5,3.8648527586600334,3.928196049049919,0.0640150565818512,0.6717661919668494,27.409743045507867,0.507222222222222,1,anode_hold
2213.0,-2.5,3.86417838835904,3.928320495567419,0.0638438868969876,-0.2982203113908177,27.410003007621757,0.5073611111111109,1,anode_hold
2214.0,-2.5,3.8643053339618407,3.9286823814048137,0.0635054487627698,-0.871598680203256,27.41026296973564,0.5074999999999997,1,anode_hold
2215.0,-2.5,3.864868284345039,3.928714681573724,0.0638889444007568,0.0425471720717496,27.41052293184953,0.5076388888888886,1,anode_hold
2216.0,-2.5,3.865635959335708,3.928622575584666,0.0639152972426262,0.9286809936681628,27.410782893963415,0.5077777777777777,1,anode_hold
2217.0,-2.5,3.865765400263096,3.9284905394591902,0.0637877902008869,1.0626510047928583,27.411042856077305,0.5079166666666666,1,anode_hold
2218.0,-2.5,3.8652341757185225,3.928982300165944,0.0635209791569638,-0.2271452904576421,27.411302428457518,0.5080555555555553,1,anode_hold
2219.0,-2.5,3.865847419252936,3.9291817557864537,0.0635372698990214,0.2029333655038101,27.411561294190925,0.5081944444444443,1,anode_hold
2220.0,-2.5,3.865852139232819,3.9297140732669646,0.0636691187734922,-0.1928152606534006,27.411820159924336,0.5083333333333331,1,anode_hold
2221.0,-2.5,3.865887660847747,3.9298619310120455,0.063801596672211,-0.1726734920874939,27.412079025657743,0.508472222222222,1,anode_hold
2222.0,-2.5,3.866046584783676,3.929465275587704,0.0636017093636589,0.1830185596314315,27.41233789139116,0.5086111111111109,1,anode_hold
2223.0,-2.5,3.865852477523844,3.930139023514195,0.0642238709367862,-0.0626750535648312,27.412595890933986,0.5087499999999998,1,anode_hold
2224.0,-2.5,3.8664402244222313,3.929730383928205,0.0637199011551115,0.4297416491367833,27.412853748649518,0.5088888888888887,1,anode_hold
2225.0,-2.5,3.866648102679345,3.929965510044057,0.0639506396299244,0.6332322652125022,27.41311160636505,0.5090277777777775,1,anode_hold
2226.0,-2.5,3.867269986578428,3.930175607683364,0.0635700381608873,0.6644170559515494,27.41336946408058,0.5091666666666664,1,anode_hold
2227.0,-2.5,3.866865369138031,3.930170819907876,0.0639434946971826,0.6380439273376837,27.413626817483543,0.5093055555555555,1,anode_hold
2228.0,-2.5,3.865986762871204,3.930798783709223,0.0639515582418203,-0.8604625961994294,27.413883286400303,0.5094444444444444,1,anode_hold
2229.0,-2.5,3.8664934167392846,3.931171812583725,0.0639029455638825,-0.7754502805581431,27.41413975531707,0.509583333333333,1,anode_hold
2230.0,-2.5,3.8670869471666047,3.930531127543049,0.0635408125785757,0.0966322021316301,27.41439622423384,0.5097222222222221,1,anode_hold
2231.0,-2.5,3.8671398049888177,3.931088519159247,0.0640552527060042,0.1065385355754067,27.4146526931506,0.5098611111111109,1,anode_hold
2232.0,-2.5,3.866694677658685,3.931101722118158,0.0637009861709738,-0.706058288499456,27.41490898627322,0.5099999999999998,1,anode_hold
2233.0,-2.5,3.8673518889908505,3.931384961525581,0.0640539848207264,0.0209122859962107,27.41516431911305,0.5101388888888887,1,anode_hold
2234.0,-2.5,3.867427342675636,3.931200399726431,0.063710334175934,-0.0627228748615316,27.41541965195288,0.5102777777777776,1,anode_hold
2235.0,-2.5,3.867660952326769,3.931882559661452,0.0637622150641284,-0.4593922705544706,27.415674984792705,0.5104166666666663,1,anode_hold
2236.0,-2.5,3.867780134754696,3.931838357278882,0.0640827878086496,0.0245652844634847,27.415930317632537,0.5105555555555553,1,anode_hold
2237.0,-2.5,3.868234107273454,3.931936224900831,0.0638244633593035,0.1223457319263765,27.416185650472364,0.5106944444444441,1,anode_hold
2238.0,-2.5,3.86854601216668,3.9325283123803487,0.0638163539603771,-0.1659462532921374,27.416440262290344,0.510833333333333,1,anode_hold
2239.0,-2.5,3.868460956384414,3.931832025781792,0.0634855702273009,0.1145008299228145,27.41669483323023,0.5109722222222219,1,anode_hold
2240.0,-2.5,3.868071980113101,3.9321587741594426,0.0639310561381157,-0.1557379082264276,27.416949404170115,0.5111111111111108,1,anode_hold
2241.0,-2.5,3.868295320125726,3.9325212213963816,0.063876554201526,-0.3493470691293687,27.41720397511,0.5112499999999998,1,anode_hold
2242.0,-2.5,3.868508393724016,3.932752178652094,0.0639918807889579,-0.2519041391200183,27.417458119435555,0.5113888888888887,1,anode_hold
2243.0,-2.5,3.868844077219823,3.9326014852424223,0.0639138920070738,0.1564839844747645,27.41771211998618,0.5115277777777775,1,anode_hold
2244.0,-2.5,3.86888687978379,3.9329116174631618,0.0638671915769261,-0.1575461024456714,27.417966120536807,0.5116666666666665,1,anode_hold
2245.0,-2.5,3.869063806253784,3.933285570831857,0.0639101458138208,-0.3116187642526746,27.418220121087437,0.5118055555555552,1,anode_hold
2246.0,-2.5,3.8690482543130646,3.932924105876056,0.063682517053961,-0.1933345090305849,27.41847361701026,0.5119444444444441,1,anode_hold
2247.0,-2.5,3.86976604710077,3.933037355739468,0.063416425575622,0.1451169369244276,27.41872709698517,0.5120833333333331,1,anode_hold
2248.0,-2.5,3.869892983065239,3.9332686979903775,0.063457584210365,0.0818692852257996,27.418980576960088,0.512222222222222,1,anode_hold
2249.0,-2.5,3.87008034879309,3.932640901735505,0.0634900151884706,0.9294622460558344,27.419234003185032,0.512361111111111,1,anode_hold
2250.0,-2.5,3.869926921450428,3.933690079986135,0.0634070001792619,-0.3561583564448689,27.419487201443086,0.5124999999999997,1,anode_hold
2251.0,-2.5,3.87024449518049,3.933813787346234,0.0632688671392709,-0.3004250264733166,27.41974039970114,0.5126388888888886,1,anode_hold
2252.0,-2.5,3.869991731947651,3.934379997445299,0.0636918864663115,-0.6963790313365692,27.419993597959195,0.5127777777777776,1,anode_hold
2253.0,-2.5,3.8701183878750576,3.9335022948487945,0.0628783978405757,-0.5055091331613859,27.42024672272958,0.5129166666666665,1,anode_hold
2254.0,-2.5,3.870415462045592,3.934145939447855,0.0637194499769458,-0.0110274253177777,27.420499742716316,0.5130555555555554,1,anode_hold
2255.0,-2.5,3.87091074363806,3.934313704700344,0.0633132597385712,-0.0897013237124433,27.42075276270305,0.5131944444444443,1,anode_hold
2256.0,-2.5,3.8708473149301943,3.934530962968588,0.0635646477393732,-0.1190002990201222,27.42100578268977,0.5133333333333332,1,anode_hold
2257.0,-2.5,3.87070604932552,3.934095089852751,0.0633144510396927,-0.0745894875384678,27.42125880267651,0.5134722222222221,1,anode_hold
2258.0,-2.5,3.871233328931978,3.933661256776914,0.0632684964791902,0.8405686342545238,27.42151182266324,0.5136111111111109,1,anode_hold
2259.0,-2.5,3.8714889413602007,3.9347362316359193,0.0627164475507328,-0.5308427249857139,27.42176484264997,0.5137499999999998,1,anode_hold
2260.0,-2.5,3.871567733431066,3.934935087511784,0.0630067205757875,-0.3606335049299858,27.422017862636704,0.5138888888888888,1,anode_hold
2261.0,-2.5,3.871479483700271,3.93507008464542,0.063228764980574,-0.3618359645747304,27.422271023054662,0.5140277777777775,1,anode_hold
2262.0,-2.5,3.8718600444518,3.934920828415736,0.0632046634946928,0.1438795307571183,27.42252420727258,0.5141666666666664,1,anode_hold
2263.0,-2.5,3.8718754748274433,3.9350084153630096,0.0633586182461114,0.22567771054538,27.4227773914905,0.5143055555555553,1,anode_hold
2264.0,-2.5,3.8720655299001256,3.935362591396021,0.0631457075066857,-0.1513539892097348,27.423030575708417,0.5144444444444443,1,anode_hold
2265.0,-2.5,3.8722975829779256,3.935245034855674,0.0634784627725063,0.5310108947580439,27.42328375992633,0.5145833333333331,1,anode_hold
2266.0,-2.5,3.872711726140039,3.935377788536687,0.063606721353981,0.9406589573326408,27.42353694414425,0.5147222222222221,1,anode_hold
2267.0,-2.5,3.873194525101885,3.935877749331011,0.0629436429836057,0.2604187544794634,27.423790128362167,0.5148611111111108,1,anode_hold
2268.0,-2.5,3.873276523056756,3.936097074978493,0.0626691892098576,-0.1513627118798766,27.424043374529465,0.5149999999999997,1,anode_hold
2269.0,-2.5,3.873161222137417,3.935733253448396,0.0628986489008382,0.3266175898590795,27.424296766672043,0.5151388888888887,1,anode_hold
2270.0,-2.5,3.873016423281293,3.9356493207434338,0.0632491167470175,0.6162192848773174,27.424550158814625,0.5152777777777775,1,anode_hold
2271.0,-2.5,3.873207589805826,3.936026230051001,0.0633699529000447,0.5513126548701841,27.4248035509572,0.5154166666666664,1,anode_hold
2272.0,-2.5,3.8733841918575447,3.9366743384003713,0.0629393043194216,-0.350842223404868,27.42505694309978,0.5155555555555553,1,anode_hold
2273.0,-2.5,3.87397330883364,3.9365068608328433,0.0631331441674738,0.5995921682706573,27.42531033524236,0.5156944444444442,1,anode_hold
2274.0,-2.5,3.87296210013562,3.936943199912975,0.0628586533595436,-1.1224464178112292,27.425563727384937,0.5158333333333329,1,anode_hold
2275.0,-2.5,3.874035864560513,3.937056217899568,0.0621695883005931,-0.8507650384612653,27.425817056732985,0.5159722222222219,1,anode_hold
2276.0,-2.5,3.87353077795276,3.937353364193518,0.0625186281946987,-1.303958046059428,27.426070322404865,0.5161111111111109,1,anode_hold
2277.0,-2.5,3.874297364476216,3.93703394678772,0.0627211792718272,-0.0154030396761761,27.426323588076748,0.5162499999999999,1,anode_hold
2278.0,-2.5,3.874865889770663,3.937309124268048,0.0632407904104756,0.7975559130906085,27.426576853748628,0.5163888888888886,1,anode_hold
2279.0,-2.5,3.8743652447240953,3.937666353902997,0.0624370286750641,-0.8640805038369059,27.42683011942051,0.5165277777777775,1,anode_hold
2280.0,-2.5,3.874123667447505,3.937411071769557,0.0626112041489464,-0.6762001731051015,27.42708338509239,0.5166666666666665,1,anode_hold
2281.0,-2.5,3.875367664730377,3.9373819320570496,0.0626563656771931,0.6420983505206479,27.427336650764275,0.5168055555555553,1,anode_hold
2282.0,-2.5,3.875600979416286,3.9381391630605047,0.0625531915780041,0.0150079337850606,27.427589645459516,0.5169444444444442,1,anode_hold
2283.0,-2.5,3.875469818556749,3.938396640173999,0.0626131609684138,-0.3136606488363114,27.427842521286,0.5170833333333331,1,anode_hold
2284.0,-2.5,3.875867838670103,3.937816897820612,0.0631053878771702,1.156328726660938,27.42809539711248,0.517222222222222,1,anode_hold
2285.0,-2.5,3.8754215239906022,3.9383689769109087,0.0621225594455375,-0.824893474768551,27.42834827293896,0.5173611111111109,1,anode_hold
2286.0,-2.5,3.8761850681648062,3.938478781133216,0.0627286075007724,0.4348945323626729,27.428601148765445,0.5174999999999997,1,anode_hold
2287.0,-2.5,3.8765145659892215,3.938544341721203,0.0625593932321307,0.5296175001490155,27.428853952729177,0.5176388888888886,1,anode_hold
2288.0,-2.5,3.876367893809528,3.938495043932609,0.0624027452729731,0.2755951498918385,27.42910643688836,0.5177777777777777,1,anode_hold
2289.0,-2.5,3.87643162078674,3.938492863451224,0.0622006051452794,0.1393624807950466,27.429358921047545,0.5179166666666664,1,anode_hold
2290.0,-2.5,3.8769037494338967,3.9385210188933777,0.062175050522969,0.5577810634882496,27.429611405206728,0.5180555555555553,1,anode_hold
2291.0,-2.5,3.8770298085975545,3.939302810739816,0.0627790161379067,0.5060139956456489,27.42986388936591,0.5181944444444443,1,anode_hold
2292.0,-2.5,3.8766370375175376,3.9391429296136415,0.0626911116757721,0.1852195796683275,27.43011637352509,0.5183333333333332,1,anode_hold
2293.0,-2.5,3.877441471547339,3.939450569059268,0.0620886353996183,0.0795378876894403,27.430369010820623,0.518472222222222,1,anode_hold
2294.0,-2.5,3.877428781808774,3.938866171180912,0.0620097747891592,0.5723854170209819,27.43062172290513,0.5186111111111109,1,anode_hold
2295.0,-2.5,3.87742493669234,3.939840630464761,0.0621895281319547,-0.2261656404667356,27.43087443498964,0.5187499999999998,1,anode_hold
2296.0,-2.5,3.877940376273688,3.939965104898824,0.0622538900515639,0.2291614264278152,27.431127147074147,0.5188888888888887,1,anode_hold
2297.0,-2.5,3.877998828705861,3.939900034771549,0.0622392373085393,0.3380312428520327,27.431379859158653,0.5190277777777776,1,anode_hold
2298.0,-2.5,3.878116905662612,3.940565689209934,0.061897505565332,-0.5512779819900615,27.43163257124316,0.5191666666666664,1,anode_hold
2299.0,-2.5,3.877912703199792,3.9401430164475,0.0616111502909531,-0.6191629567546819,27.431885283327667,0.5193055555555555,1,anode_hold
2300.0,-2.5,3.878487032396169,3.940260966154189,0.0615086492507889,-0.2652845072312892,27.432137995412173,0.5194444444444442,1,anode_hold
2301.0,-2.5,3.87807636803755,3.9400627727777215,0.0617607228194354,-0.2256819207362426,27.432390707496683,0.5195833333333331,1,anode_hold
2302.0,-2.5,3.878542919975471,3.940286348648877,0.0622633158353486,0.5198871619427337,27.43264341958119,0.5197222222222221,1,anode_hold
2303.0,-2.5,3.878244808680268,3.9407551075534233,0.0616544878311957,-0.85581104195942,27.432896131665697,0.5198611111111109,1,anode_hold
2304.0,-2.5,3.8784141910652137,3.940843885998257,0.0618981521142661,-0.5315428187770976,27.433150819071397,0.5199999999999998,1,anode_hold
2305.0,-2.5,3.879231574522452,3.941232082586894,0.0616265232045928,-0.3739848598489637,27.433406576417948,0.5201388888888887,1,anode_hold
2306.0,-2.5,3.8792472047379474,3.940838682099887,0.0617415662203901,0.1500888584509141,27.433662333764502,0.5202777777777776,1,anode_hold
2307.0,-2.5,3.879470382124548,3.941299566783264,0.0620148299732246,0.1856453145085979,27.43391809111106,0.5204166666666665,1,anode_hold
2308.0,-2.5,3.8797956898535593,3.941008745168841,0.0618597596949742,0.6467043796929417,27.43417384845762,0.5205555555555553,1,anode_hold
2309.0,-2.5,3.8798962490232336,3.941365738707431,0.0616030682191653,0.1335785349678708,27.434429605804176,0.5206944444444442,1,anode_hold
2310.0,-2.5,3.8796984876678033,3.941364196855404,0.0616732588571798,0.0075496695797205,27.43468536315073,0.520833333333333,1,anode_hold
2311.0,-2.5,3.8801595815644414,3.9410190936837743,0.0612419874559473,0.3824753366155065,27.43494112049729,0.520972222222222,1,anode_hold
2312.0,-2.5,3.880290580023596,3.9420572904285103,0.0610537768673616,-0.7129335375526402,27.435196877843847,0.5211111111111109,1,anode_hold
2313.0,-2.5,3.880327859019693,3.941681333963197,0.0615122624795425,0.1587875360384849,27.4354526351904,0.5212499999999998,1,anode_hold
2314.0,-2.5,3.880619634666765,3.941824153726434,0.0611556084136931,-0.048910645976008,27.43570839253696,0.5213888888888887,1,anode_hold
2315.0,-2.5,3.880714255000056,3.94226848823111,0.0613493590021702,-0.2048742288836003,27.43596506702368,0.5215277777777775,1,anode_hold
2316.0,-2.5,3.880792273706357,3.9420085032101664,0.0612340577343138,0.0178282305047794,27.436222290768796,0.5216666666666665,1,anode_hold
2317.0,-2.5,3.881049854737465,3.942206985336587,0.0612969427729504,0.139812173828524,27.436479514513906,0.5218055555555554,1,anode_hold
2318.0,-2.5,3.8813837541401575,3.941853847392336,0.0618019241636825,1.3318309115035731,27.43673673825902,0.5219444444444441,1,anode_hold
2319.0,-2.5,3.882093350394688,3.9427525375983454,0.0614429356745286,0.7837484708699272,27.436994487362448,0.5220833333333331,1,anode_hold
2320.0,-2.5,3.881386676823449,3.9430843296771534,0.0618568711652632,0.1592183115581846,27.437253215885672,0.5222222222222219,1,anode_hold
2321.0,-2.5,3.881945735529595,3.9428924482044208,0.0612878683703585,0.3411556955330574,27.4375119444089,0.5223611111111108,1,anode_hold
2322.0,-2.5,3.8815081504595823,3.943490421684912,0.0612023556935583,-0.7799155317713691,27.437770672932125,0.5224999999999997,1,anode_hold
2323.0,-2.5,3.8825803366749048,3.9437342908696422,0.0611500124026521,-0.0039417920856266,27.43802948992618,0.5226388888888887,1,anode_hold
2324.0,-2.5,3.882152347087047,3.9436321397509375,0.061856699113516,0.3769064496257357,27.438289433435003,0.5227777777777776,1,anode_hold
2325.0,-2.5,3.882443052840483,3.943466487951294,0.0613828672293426,0.3594321185316218,27.438549376943826,0.5229166666666664,1,anode_hold
2326.0,-2.5,3.882933646355073,3.943910796330223,0.0616209895262752,0.6438395511247919,27.43880932045265,0.5230555555555553,1,anode_hold
2327.0,-2.5,3.882995754200613,3.944046884684306,0.0615558560842232,0.5047256005297207,27.439069263961468,0.5231944444444441,1,anode_hold
2328.0,-2.5,3.882394688578097,3.944002503080109,0.0612573307902139,-0.350483711798244,27.439329600751428,0.523333333333333,1,anode_hold
2329.0,-2.5,3.883150006617426,3.944429046735762,0.0610681184421965,-0.2109216761394527,27.43959003801819,0.5234722222222219,1,anode_hold
2330.0,-2.5,3.883056433437529,3.944357950092095,0.0608555317839219,-0.4459848706441782,27.439850475284956,0.5236111111111108,1,anode_hold
2331.0,-2.5,3.883451590549404,3.9439977968999393,0.0610630771702633,0.5168708197280658,27.440110912551717,0.5237499999999996,1,anode_hold
2332.0,-2.5,3.883447379552025,3.9444132472523967,0.0614295958079222,0.463728107550132,27.440371172583923,0.5238888888888885,1,anode_hold
2333.0,-2.5,3.8837533137924263,3.94464965275607,0.0613663920757187,0.4700531120751527,27.440631269143136,0.5240277777777775,1,anode_hold
2334.0,-2.5,3.883750926476721,3.944382383306772,0.0609369165992886,0.3054597692377925,27.440891365702345,0.5241666666666662,1,anode_hold
2335.0,-2.5,3.883752221260407,3.9444497226623385,0.0608976419167199,0.2001405147886714,27.44115146226156,0.5243055555555551,1,anode_hold
2336.0,-2.5,3.884278109031285,3.9450347295527615,0.0611689978440853,0.4123773226076821,27.44141155882077,0.524444444444444,1,anode_hold
2337.0,-2.5,3.883592639135394,3.9452884318457615,0.0612846036118613,-0.4111890985067923,27.441671655379984,0.524583333333333,1,anode_hold
2338.0,-2.5,3.884056772860552,3.944966239476885,0.0614746238927656,0.5651572764322488,27.4419317519392,0.5247222222222218,1,anode_hold
2339.0,-2.5,3.884030848955395,3.945555607699564,0.0617914500740315,0.2666913298625673,27.44219184849841,0.5248611111111108,1,anode_hold
2340.0,-2.5,3.884405204970783,3.945243651743116,0.0607258185208558,-0.1126282514771759,27.44245194505762,0.5249999999999997,1,anode_hold
2341.0,-2.5,3.884446820521304,3.945294167074265,0.0607525213645392,-0.0948251884218542,27.442710288032178,0.5251388888888884,1,anode_hold
2342.0,-2.5,3.8846587118792,3.94606109289532,0.0607941814911924,-0.608199524928299,27.442968572240797,0.5252777777777774,1,anode_hold
2343.0,-2.5,3.884683317755682,3.9459647069859023,0.0612458951469677,-0.0354940832525407,27.44322685644941,0.5254166666666663,1,anode_hold
2344.0,-2.5,3.8848168927504094,3.945501442639313,0.0613874536034447,0.702903714541403,27.443485140658023,0.5255555555555553,1,anode_hold
2345.0,-2.5,3.884591879606972,3.945686940557429,0.061183486790639,0.0884258401820936,27.443743424866643,0.525694444444444,1,anode_hold
2346.0,-2.5,3.885201117177495,3.9463276165272463,0.0611486997808586,0.0222004311072332,27.44400170907526,0.5258333333333329,1,anode_hold
2347.0,-2.5,3.885433321867599,3.946167796764984,0.0609070209867442,0.1725460893591268,27.444259552680126,0.525972222222222,1,anode_hold
2348.0,-2.5,3.885294137818145,3.946303000450648,0.0610098717127176,0.0010090802140538,27.444515859066808,0.5261111111111109,1,anode_hold
2349.0,-2.5,3.885408175664875,3.946269285641984,0.0609609556508264,0.0998456737173469,27.44477216545349,0.5262499999999997,1,anode_hold
2350.0,-2.5,3.8855440972619295,3.946735519214098,0.0612466752514234,0.0552532992554866,27.44502847184017,0.5263888888888886,1,anode_hold
2351.0,-2.5,3.886373395743078,3.9476358714680697,0.0608047079497583,-0.4577677752330977,27.445284778226856,0.5265277777777775,1,anode_hold
2352.0,-2.5,3.886058302082109,3.9465814969269646,0.061197657087623,0.6744622427676816,27.445541084613534,0.5266666666666664,1,anode_hold
2353.0,-2.5,3.886252094676809,3.947697237479872,0.0611202108434302,-0.3249319596325684,27.445797162256905,0.5268055555555552,1,anode_hold
2354.0,-2.5,3.88618877135719,3.947061852839069,0.0607646825847364,-0.1083988971428695,27.44605196819466,0.5269444444444441,1,anode_hold
2355.0,-2.5,3.8862720298376994,3.947092862265216,0.0609612001229031,0.1403676953861676,27.44630677413242,0.5270833333333329,1,anode_hold
2356.0,-2.5,3.886301559786758,3.947839147401137,0.0614285762586807,-0.1090113556987404,27.446561580070178,0.5272222222222218,1,anode_hold
2357.0,-2.5,3.887170892273851,3.947636936446144,0.0613907410350013,0.9246968627079076,27.44681638600794,0.5273611111111107,1,anode_hold
2358.0,-2.5,3.886341245157849,3.9477543962179578,0.0611924461165435,-0.2207049435658525,27.4470711919457,0.5274999999999996,1,anode_hold
2359.0,-2.5,3.887092841156514,3.9483039610963946,0.0611665841416488,-0.0445357982314931,27.44732554752729,0.5276388888888885,1,anode_hold
2360.0,-2.5,3.8871508821585463,3.9486917101844714,0.0603523502194129,-1.1884778065107682,27.447579699979272,0.5277777777777775,1,anode_hold
2361.0,-2.5,3.887236652497289,3.9483378654662897,0.0607212704541493,-0.3799425148511837,27.44783385243126,0.5279166666666664,1,anode_hold
2362.0,-2.5,3.886998661484603,3.948028547364465,0.0613290267473037,0.2991408674413165,27.448088004883243,0.5280555555555553,1,anode_hold
2363.0,-2.5,3.887259344254687,3.9481519674016505,0.060868179168311,-0.0244439786523109,27.44834198500884,0.528194444444444,1,anode_hold
2364.0,-2.5,3.888087601991893,3.948573403243144,0.061129378181608,0.6435769303569927,27.44859590841641,0.528333333333333,1,anode_hold
2365.0,-2.5,3.887748233370651,3.94903632716832,0.0612316711793077,-0.0564226183610294,27.448849831823992,0.5284722222222218,1,anode_hold
2366.0,-2.5,3.888384851457336,3.948988466417788,0.0600483774448762,-0.555237515575957,27.44910375620603,0.5286111111111107,1,anode_hold
2367.0,-2.5,3.888489909604264,3.949075927056008,0.060782233938227,0.1962164864828253,27.449357682577894,0.5287499999999996,1,anode_hold
2368.0,-2.5,3.888630674988628,3.94945637775796,0.060959034404698,0.1333316353657743,27.44961160894976,0.5288888888888885,1,anode_hold
2369.0,-2.5,3.888853176216553,3.948584975955266,0.0605825137767041,0.85071403799164,27.449865535321624,0.5290277777777774,1,anode_hold
2370.0,-2.5,3.8884327540376495,3.949645199274375,0.0609651722537059,-0.2472729830196307,27.45011967020141,0.5291666666666663,1,anode_hold
2371.0,-2.5,3.88882506069754,3.9495293473135495,0.0605277549093244,-0.1765317066855232,27.450373826944887,0.5293055555555551,1,anode_hold
2372.0,-2.5,3.889342303448556,3.949640396205951,0.0605120799877676,0.213987230373025,27.450627983688364,0.5294444444444442,1,anode_hold
2373.0,-2.5,3.8889312730054746,3.94989248985464,0.0605642999448516,-0.396916904314093,27.45088236746123,0.5295833333333329,1,anode_hold
2374.0,-2.5,3.889980419791109,3.949807444857867,0.0607056736075507,0.8786485407923372,27.45113699575304,0.5297222222222218,1,anode_hold
2375.0,-2.5,3.889484206200121,3.949700573870597,0.0603018803588598,0.0855126883836376,27.45139162404484,0.5298611111111108,1,anode_hold
2376.0,-2.5,3.889803862343426,3.949552476506127,0.0605022870920552,0.7536729293540212,27.451646252336644,0.5299999999999996,1,anode_hold
2377.0,-2.5,3.889686675975677,3.95038506859312,0.0603541875663805,-0.3442050510620298,27.45190088062845,0.5301388888888885,1,anode_hold
2378.0,-2.5,3.890275014418908,3.950046908991794,0.0602319213556983,0.4600267828118731,27.452155508920253,0.5302777777777774,1,anode_hold
2379.0,-2.5,3.890116187700325,3.9505145311763576,0.0599802930218994,-0.418050454132679,27.45241013721206,0.5304166666666663,1,anode_hold
2380.0,-2.5,3.890429926763672,3.950158241763393,0.0600817518723492,0.3534368726283432,27.45266548665748,0.5305555555555552,1,anode_hold
2381.0,-2.5,3.890324691006529,3.950788133785629,0.0601505091631112,-0.3129336159886087,27.452921252096417,0.5306944444444441,1,anode_hold
2382.0,-2.5,3.891187465536152,3.951073262851837,0.0596412304558591,-0.2445668598252126,27.45317701753536,0.5308333333333329,1,anode_hold
2383.0,-2.5,3.890503781007302,3.9509440358548966,0.0596941951371262,-0.7460597104680389,27.453432782974296,0.530972222222222,1,anode_hold
2384.0,-2.5,3.89129253532148,3.951309986671932,0.0600222626089148,0.0048112584627446,27.45368854841324,0.5311111111111106,1,anode_hold
2385.0,-2.5,3.89139195114298,3.951094868142389,0.0600800781870807,0.3771611876715042,27.453944313852176,0.5312499999999996,1,anode_hold
2386.0,-2.5,3.891615800364389,3.951298889132087,0.0602131316110285,0.5300428433310245,27.45420007929112,0.5313888888888885,1,anode_hold
2387.0,-2.5,3.891333587512481,3.951632534366332,0.059710994695125,-0.5879521587259795,27.45445626534144,0.5315277777777774,1,anode_hold
2388.0,-2.5,3.8921029781690217,3.9517054596210506,0.0597893855462498,0.1869040942210631,27.45471256529687,0.5316666666666663,1,anode_hold
2389.0,-2.5,3.892235244802752,3.95197589864082,0.0600725467279668,0.3318928898989881,27.4549688652523,0.5318055555555552,1,anode_hold
2390.0,-2.5,3.8921468758230224,3.9519998825121054,0.0600026512961407,0.1496446070579082,27.45522516520773,0.5319444444444441,1,anode_hold
2391.0,-2.5,3.892345872638592,3.952386136187287,0.0597204146733035,-0.3198488753910489,27.455481465163164,0.532083333333333,1,anode_hold
2392.0,-2.5,3.8923551105058976,3.9527149939819615,0.0603566031875369,-0.0032802885279181,27.455737833790383,0.5322222222222219,1,anode_hold
2393.0,-2.5,3.892741835923372,3.9525433119501,0.059383783548822,-0.4176924779057955,27.45599429082967,0.5323611111111107,1,anode_hold
2394.0,-2.5,3.8924491635499394,3.952767335957422,0.0597376261094079,-0.5805462980745801,27.456250747868957,0.5324999999999998,1,anode_hold
2395.0,-2.5,3.893008582683137,3.95271719068452,0.0598300825652566,0.1214745638735692,27.45650720490824,0.5326388888888884,1,anode_hold
2396.0,-2.5,3.893110065926861,3.952420108122278,0.0595286472084784,0.2186050130612571,27.45676365872663,0.5327777777777774,1,anode_hold
2397.0,-2.5,3.892707928610241,3.953120360008763,0.0599429339647586,-0.4694974337633439,27.45702009373045,0.5329166666666663,1,anode_hold
2398.0,-2.5,3.892486491142561,3.953252050758534,0.0601505466439698,-0.6150129720028374,27.45727652873427,0.5330555555555552,1,anode_hold
2399.0,-2.5,3.8933813064540224,3.952787012708788,0.0598800562392965,0.4743499845312193,27.457532963738085,0.5331944444444441,1,anode_hold
2400.0,-2.5,3.893510776564821,3.953195315839456,0.0597135494609576,0.0290101863225089,27.457789398741905,0.533333333333333,1,anode_hold
2401.0,-2.5,3.894066041765244,3.952908374590809,0.0598813664085441,1.0390335829799646,27.45804571126236,0.5334722222222219,1,anode_hold
2402.0,-2.5,3.893859052521473,3.953596251205642,0.0595610303375438,-0.1761683466257046,27.458302003039385,0.5336111111111108,1,anode_hold
2403.0,-2.5,3.893833581176256,3.9540746066744776,0.0597820188217882,-0.4590066764329492,27.4585582948164,0.5337499999999996,1,anode_hold
2404.0,-2.5,3.893716127913201,3.953800346701035,0.059856745719328,-0.2274730685063453,27.458814586593427,0.5338888888888885,1,anode_hold
2405.0,-2.5,3.894238461130129,3.953668597208359,0.0599250281149461,0.4948920367162657,27.45907066136161,0.5340277777777773,1,anode_hold
2406.0,-2.5,3.8942304498505815,3.954332865525444,0.0590622518996795,-1.0401637751829007,27.45932656848913,0.5341666666666662,1,anode_hold
2407.0,-2.5,3.89421544629237,3.954291159256585,0.0593707908628203,-0.7049221013941676,27.45958247561665,0.5343055555555551,1,anode_hold
2408.0,-2.5,3.894650798169828,3.954319591674231,0.0597101482025943,0.0413546981912205,27.45983838274416,0.5344444444444441,1,anode_hold
2409.0,-2.5,3.895144680325505,3.954634133345061,0.0597652481992143,0.2757951796574787,27.460094289871677,0.534583333333333,1,anode_hold
2410.0,-2.5,3.894996073906911,3.954446051705673,0.0595620121397701,0.1120343410083712,27.460350196999187,0.5347222222222218,1,anode_hold
2411.0,-2.5,3.894794187320058,3.954965071508638,0.0593731206246808,-0.7977635638991565,27.460606104126704,0.5348611111111108,1,anode_hold
2412.0,-2.5,3.895347748994149,3.9541332818801065,0.0594748741981493,0.6893413121917824,27.460862011254218,0.5349999999999997,1,anode_hold
2413.0,-2.5,3.8950608077666615,3.955050154362468,0.0592164700355934,-0.772876560212854,27.46111791838173,0.5351388888888884,1,anode_hold
2414.0,-2.5,3.89505592556538,3.9547710868126935,0.0591667339720866,-0.5484272752274144,27.461373884741874,0.5352777777777774,1,anode_hold
2415.0,-2.5,3.895816475817372,3.955255155808307,0.0596253549870391,0.1866749961036973,27.46162985217686,0.5354166666666663,1,anode_hold
2416.0,-2.5,3.895642064864636,3.955032500827678,0.0592701736616248,-0.1202623014178172,27.461885819611847,0.5355555555555551,1,anode_hold
2417.0,-2.5,3.89628021208085,3.954905531325173,0.0591540825022642,0.5287632579422663,27.46214178704684,0.535694444444444,1,anode_hold
2418.0,-2.5,3.896178418215497,3.9556741052886206,0.0600330290538351,0.5373419807117585,27.46239775448182,0.5358333333333329,1,anode_hold
2419.0,-2.5,3.895982156024439,3.955241816644664,0.0593369304702989,0.0772698500743906,27.46265372191681,0.5359722222222219,1,anode_hold
2420.0,-2.5,3.896428844332657,3.9550415042336415,0.0591579789796767,0.5453190786921525,27.4629096893518,0.5361111111111108,1,anode_hold
2421.0,-2.5,3.8968906778941936,3.955825922330324,0.0594074277673426,0.4721833312122392,27.46316565678678,0.5362499999999997,1,anode_hold
2422.0,-2.5,3.8965804621038114,3.95641806304184,0.06030945837624,0.4718574382120977,27.463422214473013,0.5363888888888886,1,anode_hold
2423.0,-2.5,3.896452426120592,3.9566815437857046,0.059355695878282,-0.873421786830697,27.463678977597517,0.5365277777777775,1,anode_hold
2424.0,-2.5,3.8967060171763297,3.956735722051216,0.0596882975081301,-0.3414073667555861,27.46393574072201,0.5366666666666664,1,anode_hold
2425.0,-2.5,3.896794225355925,3.9558282593636256,0.0599017885664214,0.8677545587203461,27.464192503846512,0.5368055555555552,1,anode_hold
2426.0,-2.5,3.8968175364402247,3.956508426819767,0.0596198030028646,-0.0710873766771591,27.46444926697101,0.5369444444444441,1,anode_hold
2427.0,-2.5,3.896917776567554,3.95635502481166,0.0591536982548731,-0.2835499892324122,27.464706030095503,0.5370833333333329,1,anode_hold
2428.0,-2.5,3.897565925028073,3.956836124450199,0.0592919947829546,0.0217953608285803,27.464962793220007,0.5372222222222218,1,anode_hold
2429.0,-2.5,3.897905737050378,3.9563285552131977,0.0596946005610198,1.2717823981995835,27.465219556344504,0.5373611111111107,1,anode_hold
2430.0,-2.5,3.897594110625191,3.957217286982689,0.0598014107118255,0.178234354327067,27.465476757998548,0.5374999999999996,1,anode_hold
2431.0,-2.5,3.8980645345604144,3.95721200966088,0.0585847183461272,-0.5627567543387002,27.465734395655097,0.5376388888888886,1,anode_hold
2432.0,-2.5,3.89822690314057,3.957665082492644,0.059674871943736,0.2366925916623685,27.465992033311647,0.5377777777777774,1,anode_hold
2433.0,-2.5,3.898585516554314,3.957771018707556,0.0592706671445029,0.0851649912614327,27.4662496709682,0.5379166666666664,1,anode_hold
2434.0,-2.5,3.898150308017687,3.957560533901087,0.0594548486856445,0.0446228022443762,27.466507308624745,0.5380555555555551,1,anode_hold
2435.0,-2.5,3.898227271722593,3.9571715467583055,0.0596269400751611,0.6826650394478051,27.46676494628129,0.538194444444444,1,anode_hold
2436.0,-2.5,3.898584354655733,3.957954763943152,0.0592071649587976,-0.1632443286219143,27.467022583937844,0.5383333333333329,1,anode_hold
2437.0,-2.5,3.898611950914325,3.957707351549144,0.0594916746586352,0.3962740238168116,27.467280527452623,0.5384722222222218,1,anode_hold
2438.0,-2.5,3.898797038363124,3.958045692053276,0.0600685444614185,0.8198907712664294,27.467538715128047,0.5386111111111107,1,anode_hold
2439.0,-2.5,3.8992191441517687,3.958512882089845,0.0598921829325646,0.5984449944880232,27.46779690280347,0.5387499999999996,1,anode_hold
2440.0,-2.5,3.8988251446997,3.957702247713661,0.058958181980994,0.0810789670326883,27.46805509047889,0.5388888888888885,1,anode_hold
2441.0,-2.5,3.899142636790091,3.95832052251812,0.05952162078781,0.3437350597810251,27.46831327815432,0.5390277777777774,1,anode_hold
2442.0,-2.5,3.8989070529394914,3.958232934102692,0.0588722565300417,-0.453624633159233,27.468571465829744,0.5391666666666663,1,anode_hold
2443.0,-2.5,3.899279009473842,3.9587233723042665,0.0589650481804946,-0.4793146499295631,27.46882986855256,0.5393055555555551,1,anode_hold
2444.0,-2.5,3.899250279827105,3.9589163876466262,0.0595734434155518,-0.0926644039704882,27.46908827338905,0.5394444444444442,1,anode_hold
2445.0,-2.5,3.899350441969125,3.959004278589524,0.0590522344563732,-0.6016021640249392,27.469346678225545,0.5395833333333331,1,anode_hold
2446.0,-2.5,3.899637222409202,3.959155448049264,0.0591963097273329,-0.3219159127287874,27.469605083062035,0.5397222222222218,1,anode_hold
2447.0,-2.5,3.899694602962127,3.958911735308648,0.0594035215373936,0.1863891908722159,27.469863487898525,0.5398611111111108,1,anode_hold
2448.0,-2.5,3.900067733099396,3.959099971425334,0.0595374627336513,0.5052244077128343,27.470121705226948,0.5399999999999997,1,anode_hold
2449.0,-2.5,3.900328165561801,3.959376931003905,0.0589622470755377,-0.0865183665657021,27.470379668292956,0.5401388888888885,1,anode_hold
2450.0,-2.5,3.899770060864384,3.959585837585785,0.0590615434171545,-0.754233304247176,27.47063763135896,0.5402777777777774,1,anode_hold
2451.0,-2.5,3.900649531863383,3.959616982106376,0.0592952268849485,0.3277766419564898,27.470895594424963,0.5404166666666663,1,anode_hold
2452.0,-2.5,3.89981137187507,3.959492969753164,0.0589097521810039,-0.771845697089546,27.471153557490968,0.5405555555555552,1,anode_hold
2453.0,-2.5,3.900684269423502,3.959799432761705,0.0595295091109192,0.4143457727163735,27.471411520556977,0.540694444444444,1,anode_hold
2454.0,-2.5,3.900958016445081,3.960073076552888,0.0595490931437712,0.4340330359640099,27.471668584989583,0.5408333333333329,1,anode_hold
2455.0,-2.5,3.90068529053904,3.9598015188208513,0.0596564339173276,0.5402056355161555,27.47192550146189,0.5409722222222217,1,anode_hold
2456.0,-2.5,3.900947350740841,3.959988189139504,0.059025031664131,-0.0158067345314982,27.472182417934192,0.5411111111111107,1,anode_hold
2457.0,-2.5,3.900917125239239,3.960540797404753,0.059417055290522,-0.2066168749923491,27.4724393344065,0.5412499999999996,1,anode_hold
2458.0,-2.5,3.9015556583165423,3.961203051834307,0.0588218496103232,-0.8255439074411619,27.472696250878805,0.5413888888888885,1,anode_hold
2459.0,-2.5,3.900472321551976,3.9606875648626954,0.0592147647904863,-1.0004785202322175,27.47295141653264,0.5415277777777773,1,anode_hold
2460.0,-2.5,3.901269554997061,3.960427001244684,0.0589481245678857,-0.2093216797369734,27.473206271736345,0.5416666666666662,1,anode_hold
2461.0,-2.5,3.9011167639383775,3.961364912472314,0.0592915475770864,-0.9566009568495736,27.473461126940048,0.5418055555555552,1,anode_hold
2462.0,-2.5,3.901891325656442,3.961172617763378,0.0590922838220035,-0.1890082849334007,27.47371598214375,0.5419444444444439,1,anode_hold
2463.0,-2.5,3.9023615171897874,3.96082230394912,0.0586885672239712,0.2277804646388936,27.47397083734745,0.5420833333333328,1,anode_hold
2464.0,-2.5,3.902464495333976,3.961340921244588,0.059478495742059,0.6020698314470607,27.474224170705117,0.5422222222222218,1,anode_hold
2465.0,-2.5,3.902442419411063,3.961498460624477,0.0586125427308246,-0.4434984825887333,27.474477214512536,0.5423611111111107,1,anode_hold
2466.0,-2.5,3.902451393968272,3.961810435061455,0.0595694459385372,0.2104048453541729,27.474730258319955,0.5424999999999995,1,anode_hold
2467.0,-2.5,3.902282059493308,3.9613400533621226,0.0594398655951853,0.3818717263701643,27.474983302127374,0.5426388888888884,1,anode_hold
2468.0,-2.5,3.90301235382896,3.962059717939824,0.0593897577063068,0.3423935954431911,27.4752363459348,0.5427777777777774,1,anode_hold
2469.0,-2.5,3.9029641282667327,3.961745735637278,0.0591623008347061,0.3806934641610304,27.475487813219797,0.5429166666666663,1,anode_hold
2470.0,-2.5,3.902653200553079,3.9620696293005055,0.0592882008630465,-0.1282278843808271,27.47573895968924,0.5430555555555552,1,anode_hold
2471.0,-2.5,3.9026519811296017,3.9617377803096687,0.0588758858783402,-0.2099133017270382,27.475990106158687,0.543194444444444,1,anode_hold
2472.0,-2.5,3.90297660600971,3.962597958245562,0.0588139956110585,-0.807356624793254,27.47624125262813,0.543333333333333,1,anode_hold
2473.0,-2.5,3.903619110937623,3.962413769688083,0.0583520220976339,-0.4426366528260672,27.476492399097577,0.5434722222222217,1,anode_hold
2474.0,-2.5,3.90379450006288,3.9622016115206113,0.0591993149743246,0.7922035165930374,27.47674223228203,0.5436111111111106,1,anode_hold
2475.0,-2.5,3.9040276391394553,3.9627179533680814,0.0586495700218539,-0.0407442067720253,27.47699178044887,0.5437499999999996,1,anode_hold
2476.0,-2.5,3.903433932253868,3.962923582366486,0.0588751474979125,-0.6145026147059696,27.477241328615705,0.5438888888888884,1,anode_hold
2477.0,-2.5,3.903682260579752,3.963114883321963,0.0587892295684143,-0.6433931737972465,27.47749087678254,0.5440277777777773,1,anode_hold
2478.0,-2.5,3.9043286872894014,3.963202259128159,0.0592847113608714,0.4111395221140235,27.477740424949378,0.5441666666666662,1,anode_hold
2479.0,-2.5,3.904103913779693,3.962501132209981,0.0591076436605049,0.7104252302165825,27.47798912308149,0.5443055555555552,1,anode_hold
2480.0,-2.5,3.904391268499352,3.962859005697208,0.0584248159058258,-0.0429212920303179,27.47823762497037,0.5444444444444441,1,anode_hold
2481.0,-2.5,3.903889822858869,3.963282102573404,0.059131981783812,-0.2602979307231301,27.47848612685925,0.544583333333333,1,anode_hold
2482.0,-2.5,3.904299394352543,3.963478832433068,0.0592244525628523,0.045014482326966,27.478734628748136,0.5447222222222218,1,anode_hold
2483.0,-2.5,3.9045295801672544,3.963169875097461,0.0588133422309647,0.1730473007577337,27.47898313063702,0.5448611111111108,1,anode_hold
2484.0,-2.5,3.904552246917988,3.9639866265786976,0.0586534250077799,-0.7809546529302658,27.4792316325259,0.5449999999999997,1,anode_hold
2485.0,-2.5,3.904663026529284,3.9639229185589846,0.0590938966761398,-0.1659953535608771,27.47947999487431,0.5451388888888884,1,anode_hold
2486.0,-2.5,3.90443191375296,3.9633623680785393,0.0586626965443139,-0.2677577812653098,27.47972818363525,0.5452777777777774,1,anode_hold
2487.0,-2.5,3.9055454170515618,3.963652660280165,0.0589708654758547,0.8636222472513388,27.479976372396184,0.5454166666666663,1,anode_hold
2488.0,-2.5,3.905235251425216,3.964499015131405,0.0590865906323224,-0.1771730738666654,27.48022456115712,0.5455555555555551,1,anode_hold
2489.0,-2.5,3.904896809190868,3.9637119362816136,0.0593252561116484,0.5101290209021947,27.480472805020288,0.545694444444444,1,anode_hold
2490.0,-2.5,3.905800934782101,3.9650122125680967,0.0582836077614461,-0.9276700245490764,27.480721060666955,0.545833333333333,1,anode_hold
2491.0,-2.5,3.9056423466726056,3.964999210249711,0.05876649098885,-0.5903725882556721,27.480969316313622,0.5459722222222216,1,anode_hold
2492.0,-2.5,3.9059835725729672,3.964245687811651,0.0584014227350912,0.139307496407337,27.48121763521894,0.5461111111111107,1,anode_hold
2493.0,-2.5,3.9058644986097657,3.964866146265579,0.0587892248670339,-0.2124227887798646,27.481466203998263,0.5462499999999996,1,anode_hold
2494.0,-2.5,3.905841178947578,3.96517810941144,0.0584532667297159,-0.8836637341462783,27.481714772777597,0.5463888888888884,1,anode_hold
2495.0,-2.5,3.906002184827227,3.964563859770362,0.0583034526538302,-0.2582222893048325,27.481963341556924,0.5465277777777773,1,anode_hold
2496.0,-2.5,3.9064931649768058,3.9645293407590025,0.0585363261495164,0.5001503673196517,27.482212437720403,0.5466666666666662,1,anode_hold
2497.0,-2.5,3.9067831849892953,3.9656815366282383,0.0588375108163556,-0.0608408225875045,27.482461566122787,0.5468055555555552,1,anode_hold
2498.0,-2.5,3.9068583364629865,3.965268998148856,0.0583748788042371,-0.0357828816319738,27.48271069452517,0.5469444444444441,1,anode_hold
2499.0,-2.5,3.9070682327623234,3.964949243923016,0.0584672319875914,0.5862208268991864,27.48296030770129,0.5470833333333329,1,anode_hold
2500.0,-2.5,3.907400027444144,3.965914354618703,0.0584623011443638,-0.0520260301950514,27.48321014611936,0.5472222222222218,1,anode_hold
2501.0,-2.5,3.90728980312821,3.9660316999105354,0.0591859061585529,0.4440093762285713,27.483459984537426,0.5473611111111107,1,anode_hold
2502.0,-2.5,3.9076692159534008,3.965955934426888,0.0588095512824521,0.5228328089654788,27.48371018314316,0.5474999999999997,1,anode_hold
2503.0,-2.5,3.907864426712293,3.965922364078048,0.0579108218197153,-0.1471155460390782,27.483960872791176,0.5476388888888885,1,anode_hold
2504.0,-2.5,3.907784172890388,3.965771922001758,0.0582810596825757,0.2933105712057404,27.484211562439192,0.5477777777777774,1,anode_hold
2505.0,-2.5,3.907837026634593,3.965678642176498,0.0585287965550039,0.6871810130988365,27.48446242412151,0.5479166666666662,1,anode_hold
2506.0,-2.5,3.907888915730892,3.9665404763694982,0.0586281911424692,-0.0233694961373487,27.484714165896325,0.5480555555555551,1,anode_hold
2507.0,-2.5,3.907817878659624,3.966578397059473,0.0587452435677852,-0.0152748320636497,27.484965907671132,0.548194444444444,1,anode_hold
2508.0,-2.5,3.907871041872666,3.966108268262528,0.0586012754511335,0.3640490612712987,27.48521764944595,0.5483333333333329,1,anode_hold
2509.0,-2.5,3.908890677440652,3.9663907157599,0.0580093723844135,0.509334065165401,27.48546958492337,0.5484722222222218,1,anode_hold
2510.0,-2.5,3.908645377122372,3.966541345433012,0.0580801162833925,0.1841479727522355,27.485722889673813,0.5486111111111106,1,anode_hold
2511.0,-2.5,3.908637225918777,3.9667696472416862,0.0586394904840156,0.5070691611064326,27.485976194424254,0.5487499999999996,1,anode_hold
2512.0,-2.5,3.909427560333918,3.967001433185072,0.0578611463836971,0.2872735325429865,27.48622949917469,0.5488888888888885,1,anode_hold
2513.0,-2.5,3.909396910326827,3.9675947102073374,0.0577097413556895,-0.4880585248216995,27.486482866770366,0.5490277777777772,1,anode_hold
2514.0,-2.5,3.909261023214007,3.967294074866612,0.0580876152122945,0.054563559690024,27.486736916548395,0.5491666666666662,1,anode_hold
2515.0,-2.5,3.909682449502773,3.967729620280759,0.0578611702821627,-0.1860004958236238,27.486990966326424,0.549305555555555,1,anode_hold
2516.0,-2.5,3.909461360594256,3.967545292081218,0.0579056989815085,-0.1782325054544564,27.48724501610445,0.549444444444444,1,anode_hold
2517.0,-2.5,3.909763508464488,3.967937984036135,0.0579249192538018,-0.2495563178452897,27.487499095962225,0.5495833333333329,1,anode_hold
2518.0,-2.5,3.9103287314086574,3.967716205971642,0.0581940106808658,0.8065361178815067,27.48775381755551,0.5497222222222218,1,anode_hold
2519.0,-2.5,3.9102267232398287,3.96816186996839,0.0584573490399345,0.5222023113731211,27.4880085391488,0.5498611111111107,1,anode_hold
2520.0,-2.5,3.9099529871254046,3.9677759966736192,0.0578244676662105,0.0014581179961226,27.488263309088797,0.5499999999999995,1,anode_hold
2521.0,-2.5,3.910363920326217,3.9675972742404606,0.0579077968920377,0.6744429777945093,27.48851847655826,0.5501388888888884,1,anode_hold
2522.0,-2.5,3.9106311040138895,3.96856163669841,0.0578699326394026,-0.0606000451179866,27.488773644027724,0.5502777777777774,1,anode_hold
2523.0,-2.5,3.9103613810622218,3.96797077543074,0.0578311757491639,0.221781380645325,27.489028855625545,0.5504166666666661,1,anode_hold
2524.0,-2.5,3.910387874979692,3.968131650591375,0.0581917040158656,0.4479284041827291,27.489284279524355,0.550555555555555,1,anode_hold
2525.0,-2.5,3.911192506648156,3.96905392373129,0.0577792545338171,-0.082162549317033,27.48953970342317,0.5506944444444439,1,anode_hold
2526.0,-2.5,3.9106574760258432,3.9686170559123712,0.0585319793593393,0.5723994728112913,27.48979512032597,0.5508333333333328,1,anode_hold
2527.0,-2.5,3.910465880267616,3.968862201108326,0.0576514008713401,-0.7449199693700947,27.49005051454858,0.5509722222222218,1,anode_hold
2528.0,-2.5,3.91102047313973,3.969041739976435,0.0583062014226149,0.2849345859101682,27.49030590877119,0.5511111111111107,1,anode_hold
2529.0,-2.5,3.911780172823885,3.969231277687266,0.0586686272087463,1.2175223453647632,27.4905613029938,0.5512499999999996,1,anode_hold
2530.0,-2.5,3.911398917672529,3.969500014675038,0.0582925518519718,0.1914548494630352,27.49081669721641,0.5513888888888885,1,anode_hold
2531.0,-2.5,3.9116136458833015,3.9692350854131297,0.0579303353692482,0.3088958394199537,27.49107209143902,0.5515277777777774,1,anode_hold
2532.0,-2.5,3.910793860064528,3.969146173313582,0.0578006067535747,-0.5517064954791984,27.49132729767388,0.5516666666666662,1,anode_hold
2533.0,-2.5,3.9113991881690096,3.969848957995208,0.0576553301366455,-0.7944396895522843,27.491582174107556,0.5518055555555552,1,anode_hold
2534.0,-2.5,3.91204761931109,3.969633362798604,0.0579339288479607,0.3481853604472285,27.491837050541225,0.5519444444444441,1,anode_hold
2535.0,-2.5,3.911685028765496,3.9696328912033936,0.0580196545741469,0.0717921362491935,27.4920919269749,0.5520833333333328,1,anode_hold
2536.0,-2.5,3.912321162661912,3.970100382770641,0.0578353254137689,0.0561053050396331,27.492346803408577,0.5522222222222218,1,anode_hold
2537.0,-2.5,3.912189081854375,3.970240541485664,0.0583629336284727,0.3114739971841196,27.49260167984225,0.5523611111111106,1,anode_hold
2538.0,-2.5,3.912288704919336,3.9702076753671465,0.0578998567425144,-0.0191137052962808,27.492856314538376,0.5524999999999995,1,anode_hold
2539.0,-2.5,3.912801358141179,3.969624674655654,0.0580177459696318,1.194429455156687,27.493110698004948,0.5526388888888885,1,anode_hold
2540.0,-2.5,3.9122733934779546,3.971012638213991,0.057887783175683,-0.8514615603534281,27.49336508147152,0.5527777777777774,1,anode_hold
2541.0,-2.5,3.912411204014766,3.970480919203814,0.0581117514801282,0.0420362910800165,27.49361946493809,0.5529166666666663,1,anode_hold
2542.0,-2.5,3.912716400422799,3.970183495950854,0.0580335604832204,0.5664649551651024,27.49387316132073,0.5530555555555552,1,anode_hold
2543.0,-2.5,3.9128837462058272,3.970902168646625,0.0575607357477218,-0.4576866930761092,27.494126736440972,0.553194444444444,1,anode_hold
2544.0,-2.5,3.912442251706964,3.971251661909659,0.0575559191705553,-1.2534910321395645,27.494380311561216,0.553333333333333,1,anode_hold
2545.0,-2.5,3.9134554294328936,3.9713268009335194,0.0581502687100051,0.2788972093803465,27.494633755163264,0.5534722222222219,1,anode_hold
2546.0,-2.5,3.9132965576306304,3.971209110586899,0.058086332722625,0.1737797663561302,27.494886702815887,0.5536111111111106,1,anode_hold
2547.0,-2.5,3.913319581783892,3.971352417869843,0.0578367415950427,-0.1960944909087381,27.49513965046851,0.5537499999999996,1,anode_hold
2548.0,-2.5,3.913697124338756,3.970779059764575,0.0573355496253274,0.253614199508867,27.495392598121136,0.5538888888888885,1,anode_hold
2549.0,-2.5,3.9135382955569895,3.970612118702084,0.0580143146314192,0.9404914863244684,27.495645194339662,0.5540277777777773,1,anode_hold
2550.0,-2.5,3.9141695698655177,3.971941249897751,0.0580411664483098,0.269486416076603,27.495897524592102,0.5541666666666663,1,anode_hold
2551.0,-2.5,3.9139769453520463,3.9717468499794366,0.0584080448235511,0.6381401961608191,27.496149854844543,0.5543055555555552,1,anode_hold
2552.0,-2.5,3.914323931584138,3.971860144942236,0.0577025766659081,0.166363307810613,27.49640218509698,0.5544444444444441,1,anode_hold
2553.0,-2.5,3.913991706542884,3.9714367669209856,0.0576874200527983,0.2423596746963241,27.49665451534942,0.5545833333333329,1,anode_hold
2554.0,-2.5,3.9143241309049657,3.97253818439794,0.0580740349055134,-0.1400185874609327,27.49690684560186,0.5547222222222218,1,anode_hold
2555.0,-2.5,3.914668887971145,3.97195480207522,0.0574889907933361,0.2030766892606728,27.497159175854296,0.5548611111111106,1,anode_hold
2556.0,-2.5,3.91442489502321,3.972511007000621,0.0578701006545382,-0.2160113228719673,27.497411291458267,0.5549999999999995,1,anode_hold
2557.0,-2.5,3.914665358402365,3.971947207991773,0.0574820485829786,0.2001989935704884,27.49766287755341,0.5551388888888884,1,anode_hold
2558.0,-2.5,3.9150023547336383,3.971838879393271,0.0576881029209478,0.8515782613156553,27.497914463648545,0.5552777777777773,1,anode_hold
2559.0,-2.5,3.9155066079801033,3.9726801818582,0.0577975854881469,0.6240116100499904,27.498166049743684,0.5554166666666662,1,anode_hold
2560.0,-2.5,3.915556029775732,3.972888857034292,0.0572404917502607,-0.092335508299346,27.498417635838823,0.5555555555555551,1,anode_hold
2561.0,-2.5,3.915753817116212,3.9725013179767754,0.0575321828040206,0.7846819434575991,27.49866922193396,0.555694444444444,1,anode_hold
2562.0,-2.5,3.915728510884896,3.973711012441075,0.0575855246961083,-0.3969768600713408,27.4989208080291,0.555833333333333,1,anode_hold
2563.0,-2.5,3.9160650456416897,3.9729223341727096,0.0571630548394583,0.305766308438482,27.49917218930454,0.5559722222222219,1,anode_hold
2564.0,-2.5,3.9164144567441617,3.9736268441686025,0.0575080531866688,0.2956657622279479,27.499423497017908,0.5561111111111107,1,anode_hold
2565.0,-2.5,3.916160515233361,3.973666451182881,0.0574694727844732,-0.0364631650469071,27.49967480473127,0.5562499999999996,1,anode_hold
2566.0,-2.5,3.9163984648463432,3.973002734485816,0.0571124719302906,0.5082022908182715,27.49992611244464,0.5563888888888886,1,anode_hold
2567.0,-2.5,3.916600799232248,3.9737043119195694,0.0569076312348898,-0.1958814524316565,27.500177420158003,0.5565277777777773,1,anode_hold
2568.0,-2.5,3.915982945959435,3.9734182434844847,0.0573613089188945,-0.0739886061551509,27.50042872787137,0.5566666666666662,1,anode_hold
2569.0,-2.5,3.916710809453774,3.973861085954585,0.0570325963989808,-0.1176801018303308,27.50068003289233,0.5568055555555552,1,anode_hold
2570.0,-2.5,3.9170211649547375,3.9738791845790007,0.0571386474427114,0.2806278184492861,27.50093132589768,0.556944444444444,1,anode_hold
2571.0,-2.5,3.917277107355936,3.9743360364548335,0.0576251295273644,0.5662004284663347,27.50118261890303,0.5570833333333329,1,anode_hold
2572.0,-2.5,3.917109767749389,3.9739292511320494,0.0568964939869557,0.0770106042953244,27.501433911908386,0.5572222222222218,1,anode_hold
2573.0,-2.5,3.917653761912384,3.974440471558797,0.0573903528519869,0.603643205574933,27.50168520491373,0.5573611111111108,1,anode_hold
2574.0,-2.5,3.917324320243506,3.9746207335015,0.0572317244280341,-0.0646888299589143,27.501936497919083,0.5574999999999994,1,anode_hold
2575.0,-2.5,3.9176185226335214,3.974851048277616,0.0570183101437538,-0.2142155003399537,27.502187790924435,0.5576388888888885,1,anode_hold
2576.0,-2.5,3.918325667856077,3.974379499931447,0.0565324773969404,0.4786453215706032,27.50243918127768,0.5577777777777773,1,anode_hold
2577.0,-2.5,3.917561769964253,3.974959463389701,0.0567821888591375,-0.6155045663094327,27.50269062871444,0.5579166666666662,1,anode_hold
2578.0,-2.5,3.9180890291134727,3.975089183215576,0.0568496603644017,-0.1504937377014847,27.502942076151204,0.5580555555555551,1,anode_hold
2579.0,-2.5,3.918214216196797,3.975305706601965,0.0567979973004292,-0.2934931047384737,27.50319352358797,0.558194444444444,1,anode_hold
2580.0,-2.5,3.918377207764404,3.974377849386309,0.0566932899663727,0.6926483444682496,27.50344497102473,0.5583333333333329,1,anode_hold
2581.0,-2.5,3.918390107706129,3.974623899594351,0.0562773534819256,0.043561593703334,27.503696418461494,0.5584722222222218,1,anode_hold
2582.0,-2.5,3.9188901663280937,3.974724548699006,0.0559283499463751,0.0939675754629831,27.503947864602534,0.5586111111111106,1,anode_hold
2583.0,-2.5,3.918512074066983,3.9752720677478064,0.0564733288152273,-0.2866648655959203,27.5041992953567,0.5587499999999996,1,anode_hold
2584.0,-2.5,3.918574477484218,3.97516119551634,0.0560681998684703,-0.518518163651116,27.504450726110864,0.5588888888888885,1,anode_hold
2585.0,-2.5,3.9192522872743,3.975531774209167,0.056287539343328,0.0080524084613564,27.50470215686503,0.5590277777777772,1,anode_hold
2586.0,-2.5,3.918888410328343,3.9757012741064512,0.056448065384646,-0.3647983934622623,27.50495358761919,0.5591666666666663,1,anode_hold
2587.0,-2.5,3.919494265311662,3.9762167433550255,0.0567142411440397,-0.0082368993239434,27.50520495877918,0.5593055555555552,1,anode_hold
2588.0,-2.5,3.919518463529883,3.976290056694144,0.0564521175253313,-0.3194756389297559,27.50545611041992,0.559444444444444,1,anode_hold
2589.0,-2.5,3.9194365702524174,3.975971460272859,0.0563122969619594,-0.2225930584818236,27.505707262060664,0.5595833333333329,1,anode_hold
2590.0,-2.5,3.9196689155237943,3.976191491500807,0.0564951428312028,-0.0274331458092191,27.505958413701403,0.5597222222222218,1,anode_hold
2591.0,-2.5,3.9198727531718887,3.975818990224676,0.0558969177520115,-0.0493193007757852,27.506209565342143,0.5598611111111107,1,anode_hold
2592.0,-2.5,3.920163290013712,3.976284467525693,0.0565216778067673,0.4005002947859992,27.506460147504143,0.5599999999999995,1,anode_hold
2593.0,-2.5,3.919964673373831,3.9765215470056905,0.0562553505101133,-0.3015231217458058,27.506710617763684,0.5601388888888884,1,anode_hold
2594.0,-2.5,3.920216704462051,3.976542893394195,0.0564618072571529,0.1356183250087461,27.506961088023225,0.5602777777777774,1,anode_hold
2595.0,-2.5,3.9199757224652543,3.97740929724473,0.0564622442345686,-0.9713305449068343,27.50721155828277,0.5604166666666661,1,anode_hold
2596.0,-2.5,3.9204465814928873,3.9761605436851255,0.0563336601478036,0.6196979555652682,27.50746163566663,0.560555555555555,1,anode_hold
2597.0,-2.5,3.9200754110589617,3.9768589177102815,0.0569701727501672,0.1866660988474322,27.507711248174985,0.560694444444444,1,anode_hold
2598.0,-2.5,3.9207583408986206,3.9771490957129703,0.0562794828305752,-0.1112719837750297,27.50796086068334,0.560833333333333,1,anode_hold
2599.0,-2.5,3.92075718371582,3.977527005781018,0.0564765467830262,-0.2932752821722673,27.50821047319169,0.5609722222222218,1,anode_hold
2600.0,-2.5,3.9216428705335353,3.9774932058349246,0.0566223562483605,0.7720209469712636,27.50845998909527,0.5611111111111107,1,anode_hold
2601.0,-2.5,3.92152384095781,3.976978239399376,0.0564657059664566,1.0113075248909809,27.50870839838498,0.5612499999999996,1,anode_hold
2602.0,-2.5,3.9212169520131046,3.9773115422578775,0.0571161682998365,1.0215780550635325,27.50895680767469,0.5613888888888885,1,anode_hold
2603.0,-2.5,3.921669470481524,3.9778716793118023,0.0562383949592399,0.0361861289612797,27.509205216964396,0.5615277777777774,1,anode_hold
2604.0,-2.5,3.9215935429859785,3.977872610146781,0.0563103530677468,0.0312859069442339,27.5094536262541,0.5616666666666662,1,anode_hold
2605.0,-2.5,3.921287750512522,3.978289297878139,0.05629719399115,-0.7043533744668373,27.509702035543807,0.5618055555555552,1,anode_hold
2606.0,-2.5,3.9210285059238736,3.978238941895348,0.0566136888856345,-0.5967470858396773,27.50995042205421,0.5619444444444439,1,anode_hold
2607.0,-2.5,3.922218423441225,3.978114204110708,0.0560846713454845,0.1888906760019182,27.51019811054808,0.5620833333333328,1,anode_hold
2608.0,-2.5,3.9221336702014393,3.9781853323084215,0.0561879969294114,0.1363348224292515,27.51044579904196,0.5622222222222218,1,anode_hold
2609.0,-2.5,3.921561616195098,3.978622235010706,0.0561668589181645,-0.8937598974432248,27.51069348753583,0.5623611111111106,1,anode_hold
2610.0,-2.5,3.9224713610652016,3.9783071586838736,0.0564773326512653,0.6415350325932323,27.510941023989727,0.5624999999999996,1,anode_hold
2611.0,-2.5,3.922693205241956,3.97854996646906,0.0564055209794741,0.5487597523701204,27.511188000215117,0.5626388888888885,1,anode_hold
2612.0,-2.5,3.922353439911394,3.979093799829233,0.0563142184349444,-0.4261414828943266,27.511434976440505,0.5627777777777774,1,anode_hold
2613.0,-2.5,3.922934175929325,3.978729477634163,0.0564117769154845,0.616475210646783,27.511681952665896,0.5629166666666663,1,anode_hold
2614.0,-2.5,3.922324571781104,3.9791124738068535,0.0564071377815086,-0.3807642442406056,27.51192885455772,0.5630555555555552,1,anode_hold
2615.0,-2.5,3.922923548709045,3.978303616887133,0.0560455719520636,0.6655037739746739,27.512175642746627,0.563194444444444,1,anode_hold
2616.0,-2.5,3.9231487059730834,3.978958146520123,0.0561054212243129,0.2959806772730999,27.512422430935533,0.563333333333333,1,anode_hold
2617.0,-2.5,3.923521649640542,3.979315466856528,0.0562304562917716,0.4366390757857274,27.512669219124444,0.5634722222222219,1,anode_hold
2618.0,-2.5,3.923561498195249,3.9795902179725897,0.0565730523734994,0.5443325961587142,27.51291603371169,0.5636111111111106,1,anode_hold
2619.0,-2.5,3.923667960980978,3.97949318842405,0.0557518508713646,-0.0733765717071399,27.513162867638112,0.5637499999999996,1,anode_hold
2620.0,-2.5,3.923927175202248,3.979672126376209,0.055988935982054,0.2439848080935114,27.51340970156453,0.5638888888888884,1,anode_hold
2621.0,-2.5,3.923723720862889,3.979511455326864,0.05570738308721,-0.0803513767646535,27.51365653549096,0.5640277777777774,1,anode_hold
2622.0,-2.5,3.9245257125768735,3.979858787335024,0.0558554637052533,0.522388947103547,27.51390379572623,0.5641666666666663,1,anode_hold
2623.0,-2.5,3.924143858409293,3.9802305625343473,0.055906360771035,-0.1803433540188415,27.514151191304983,0.5643055555555552,1,anode_hold
2624.0,-2.5,3.924647626654552,3.979823232472056,0.0557042714360391,0.5286656185345961,27.51439858688374,0.5644444444444441,1,anode_hold
2625.0,-2.5,3.9245719974008098,3.979805782377258,0.0563914259898719,1.1576410134237491,27.514645982462493,0.564583333333333,1,anode_hold
2626.0,-2.5,3.924662936420072,3.980642114829816,0.0557907268876197,-0.1884515221242111,27.514893378041247,0.5647222222222219,1,anode_hold
2627.0,-2.5,3.9250793269592417,3.981004754363636,0.0549114147933771,-1.0140126110167458,27.51514180285341,0.5648611111111108,1,anode_hold
2628.0,-2.5,3.925205002743926,3.980994126400681,0.0554413937324485,-0.3477299243059839,27.5153903711784,0.5649999999999997,1,anode_hold
2629.0,-2.5,3.925641455628105,3.98048362845782,0.0552324914058913,0.3903185761768846,27.515638939503383,0.5651388888888886,1,anode_hold
2630.0,-2.5,3.925728256379936,3.980716729943964,0.0561756988079357,1.1872252439069086,27.51588750782837,0.5652777777777774,1,anode_hold
2631.0,-2.5,3.925403477875571,3.98078497711662,0.0552210478873716,-0.1604513536768159,27.516136076153355,0.5654166666666663,1,anode_hold
2632.0,-2.5,3.925890178079484,3.981195934725705,0.0554372263516857,0.1314697054639602,27.51638632798725,0.5655555555555551,1,anode_hold
2633.0,-2.5,3.9259367647971,3.981384978423879,0.0550932367123426,-0.3549769144366443,27.51663658619677,0.5656944444444441,1,anode_hold
2634.0,-2.5,3.925833718663845,3.9810369079731376,0.0551891261459628,-0.0140631633298582,27.516886844406304,0.565833333333333,1,anode_hold
2635.0,-2.5,3.9259084866270846,3.9815610103448975,0.0550686970521307,-0.5838266656832403,27.517137102615838,0.5659722222222219,1,anode_hold
2636.0,-2.5,3.926479995079563,3.981604449019121,0.0550055842814738,-0.1188696580842751,27.517387579156168,0.5661111111111108,1,anode_hold
2637.0,-2.5,3.926400318181869,3.982049351605802,0.0548040022673538,-0.8450311565795232,27.51763973874408,0.5662499999999996,1,anode_hold
2638.0,-2.5,3.92630199442073,3.981672401816656,0.0554085673907736,0.0381599948475752,27.517891898331985,0.5663888888888886,1,anode_hold
2639.0,-2.5,3.9268466063062686,3.981935314296976,0.0551288082054993,0.0401002147918383,27.51814405791989,0.5665277777777775,1,anode_hold
2640.0,-2.5,3.9270984160498754,3.981415653820992,0.0549950376633507,0.6777998922342654,27.5183962175078,0.5666666666666662,1,anode_hold
2641.0,-2.5,3.9272157997399946,3.981932696483596,0.0552137564841133,0.4968597405121677,27.518648712144053,0.5668055555555552,1,anode_hold
2642.0,-2.5,3.926967828160052,3.98236964899828,0.0550785101413886,-0.3233106968387744,27.518902307070388,0.5669444444444441,1,anode_hold
2643.0,-2.5,3.927298412082224,3.981907129694509,0.05480151003041,0.1927924181246432,27.51915590199672,0.5670833333333329,1,anode_hold
2644.0,-2.5,3.92802591706528,3.982154109629602,0.0549229225537632,0.7947299894417448,27.519409496923053,0.5672222222222219,1,anode_hold
2645.0,-2.5,3.927526377357253,3.9825044280334136,0.0549120650384994,-0.0659856376610257,27.519663206428348,0.5673611111111108,1,anode_hold
2646.0,-2.5,3.927790896761463,3.982528214273101,0.0544338450643414,-0.30347244729656,27.51991780531975,0.5674999999999997,1,anode_hold
2647.0,-2.5,3.9287118208800833,3.9824645846931785,0.0543703393911881,0.6175755780928327,27.52017240421116,0.5676388888888886,1,anode_hold
2648.0,-2.5,3.928256647538571,3.9826900400475074,0.0546998722032278,0.2664796942912772,27.52042700310256,0.5677777777777774,1,anode_hold
2649.0,-2.5,3.928123621094775,3.9831341420582023,0.0544236940313466,-0.5868269320812303,27.520682394592026,0.5679166666666664,1,anode_hold
2650.0,-2.5,3.927811984706848,3.983512412710464,0.0549961097794339,-0.7043182241814883,27.52093787295036,0.5680555555555553,1,anode_hold
2651.0,-2.5,3.9286085622296327,3.983478114208328,0.0548795987230151,0.0100467443204799,27.521193357783464,0.568194444444444,1,anode_hold
2652.0,-2.5,3.928213498817487,3.983404554138642,0.0544681871573219,-0.7228681638333789,27.521449509563435,0.568333333333333,1,anode_hold
2653.0,-2.5,3.9287366866640734,3.983837219491681,0.054866575620197,-0.2339572074108176,27.521705661343404,0.5684722222222219,1,anode_hold
2654.0,-2.5,3.9285978083756983,3.983077462402191,0.054564172107261,0.0845180807687029,27.52196187149232,0.5686111111111107,1,anode_hold
2655.0,-2.5,3.928464242167781,3.983996193751045,0.0550591410669861,-0.4728105162787877,27.522218517907813,0.5687499999999996,1,anode_hold
2656.0,-2.5,3.929570337132755,3.983791932258881,0.0545042854058183,0.2826902796919661,27.522475164323307,0.5688888888888886,1,anode_hold
2657.0,-2.5,3.929150064847547,3.98384912491446,0.0543828645185301,-0.3161955483834688,27.52273184658742,0.5690277777777775,1,anode_hold
2658.0,-2.5,3.929561160509884,3.983795351409136,0.0553074039819533,1.073213082701585,27.522988651349664,0.5691666666666664,1,anode_hold
2659.0,-2.5,3.929610682498499,3.984096797802241,0.0541959293475191,-0.2901859562234321,27.523245456111912,0.5693055555555552,1,anode_hold
2660.0,-2.5,3.929273507932437,3.984346896152285,0.0547728750470415,-0.3005131728071042,27.52350226087416,0.5694444444444442,1,anode_hold
2661.0,-2.5,3.929622864999351,3.984123964702109,0.0544150545849326,-0.0860451178255061,27.5237590656364,0.5695833333333331,1,anode_hold
2662.0,-2.5,3.929592738171038,3.984149837304206,0.0548889323712528,0.3318332380848332,27.52401587039865,0.5697222222222218,1,anode_hold
2663.0,-2.5,3.930093073133144,3.984674482627367,0.0547157824704996,0.1343729762770529,27.524272549330476,0.5698611111111108,1,anode_hold
2664.0,-2.5,3.930037523628019,3.9851188042028194,0.0550426080362135,-0.0386725385865815,27.52452907016108,0.5699999999999996,1,anode_hold
2665.0,-2.5,3.929906608634189,3.98511279979866,0.0550279416518574,-0.1782495126136929,27.524785590991684,0.5701388888888885,1,anode_hold
2666.0,-2.5,3.930615043437207,3.985213881192727,0.0543350718078748,-0.2637659476456555,27.525042111822287,0.5702777777777774,1,anode_hold
2667.0,-2.5,3.9303777102537873,3.984788295445677,0.0545877925029001,0.1772073110108962,27.52529863265289,0.5704166666666663,1,anode_hold
2668.0,-2.5,3.9304652480765694,3.984952323402385,0.0544039300872433,-0.0831452385723352,27.525555153483506,0.5705555555555553,1,anode_hold
2669.0,-2.5,3.930199502095242,3.985090086041404,0.0541220614323102,-0.7685225138516216,27.52581026981717,0.5706944444444441,1,anode_hold
2670.0,-2.5,3.930665719431623,3.9858903387093783,0.0545844140092078,-0.6402052685476889,27.526064662460705,0.570833333333333,1,anode_hold
2671.0,-2.5,3.930213337162268,3.9852898315313934,0.0545121996109674,-0.5642947581581126,27.526319055104235,0.570972222222222,1,anode_hold
2672.0,-2.5,3.930900528401927,3.9858913565916247,0.054362548067376,-0.6282801223216339,27.526573447747765,0.5711111111111109,1,anode_hold
2673.0,-2.5,3.9305905541316006,3.9858921955824567,0.0551900922093274,-0.1115492415286745,27.52682784039129,0.5712499999999998,1,anode_hold
2674.0,-2.5,3.931035336867153,3.98549989313714,0.0551730706016661,0.7085143316798437,27.527082233034825,0.5713888888888886,1,anode_hold
2675.0,-2.5,3.931015971482642,3.986001389152663,0.0546573507001679,-0.3280669698533245,27.52733456319789,0.5715277777777775,1,anode_hold
2676.0,-2.5,3.931287936183246,3.986387383862329,0.0549440018142401,-0.1554458648431733,27.527586603367595,0.5716666666666663,1,anode_hold
2677.0,-2.5,3.931446841457446,3.986291916981713,0.055290249390943,0.4451738666761962,27.5278386435373,0.5718055555555552,1,anode_hold
2678.0,-2.5,3.931442415491161,3.986272464486007,0.0547254513583543,-0.1045976364912881,27.528090683707006,0.5719444444444441,1,anode_hold
2679.0,-2.5,3.9315630084092152,3.986633908691562,0.0545726540083599,-0.4982462739868687,27.52834272387671,0.572083333333333,1,anode_hold
2680.0,-2.5,3.931257016853099,3.985987415647023,0.054792558207702,0.0621594137779624,27.528593477249448,0.572222222222222,1,anode_hold
2681.0,-2.5,3.931259148827976,3.986366192487866,0.0546920092593648,-0.4150344005249273,27.528843602055023,0.5723611111111108,1,anode_hold
2682.0,-2.5,3.9323324671065167,3.986640978250615,0.0549874767176054,0.6789655735075506,27.5290937268606,0.5724999999999998,1,anode_hold
2683.0,-2.5,3.932251651980196,3.9869549660502863,0.05468138423165,-0.0219298384402932,27.52934385166617,0.5726388888888887,1,anode_hold
2684.0,-2.5,3.931762569274101,3.987218438253409,0.054337046551238,-1.118822428069599,27.52959163758976,0.5727777777777774,1,anode_hold
2685.0,-2.5,3.932906141921604,3.986765205489079,0.0544391360352904,0.5800724678155511,27.529839071294344,0.5729166666666664,1,anode_hold
2686.0,-2.5,3.932246128694637,3.9870750795168153,0.0545318049515665,-0.2971458706122476,27.53008650499893,0.5730555555555553,1,anode_hold
2687.0,-2.5,3.9327408024905273,3.987533290458413,0.0542598834517801,-0.5326045161058168,27.530333803352264,0.5731944444444441,1,anode_hold
2688.0,-2.5,3.932842144266536,3.987621591982904,0.0544370746797364,-0.3423730366320932,27.53057919879941,0.573333333333333,1,anode_hold
2689.0,-2.5,3.932874203071088,3.987193403196435,0.0539014029176577,-0.4177972076888636,27.530824594246564,0.5734722222222219,1,anode_hold
2690.0,-2.5,3.9331512385114737,3.987207216414879,0.0546482800223393,0.5923021189340183,27.531069989693712,0.5736111111111108,1,anode_hold
2691.0,-2.5,3.932682510964331,3.987483368769496,0.0547338606427164,-0.0669971624485121,27.531314469039906,0.5737499999999998,1,anode_hold
2692.0,-2.5,3.9332068421760464,3.987807105339932,0.0546451238368843,0.0448606729990253,27.531556390375865,0.5738888888888886,1,anode_hold
2693.0,-2.5,3.933264465170126,3.9870782413735113,0.0539803219738934,0.1665457705080086,27.531798311711825,0.5740277777777776,1,anode_hold
2694.0,-2.5,3.9334899477652576,3.988336053714555,0.0541946306641926,-0.6514752851045635,27.532040233047788,0.5741666666666665,1,anode_hold
2695.0,-2.5,3.933504422906653,3.9879536043834047,0.0545061261987864,0.0569447220342134,27.53228215438375,0.5743055555555552,1,anode_hold
2696.0,-2.5,3.93351705425436,3.988433852795578,0.0535752911856396,-1.3415073555784751,27.53252407571971,0.5744444444444442,1,anode_hold
2697.0,-2.5,3.933613320902699,3.988674557746753,0.0544106429061435,-0.6505939379102266,27.532765997055677,0.574583333333333,1,anode_hold
2698.0,-2.5,3.934221070347591,3.988210329001879,0.0545708724276639,0.5816137733760662,27.533007918391636,0.5747222222222219,1,anode_hold
2699.0,-2.5,3.933822126568568,3.987998568932041,0.0545694641639436,0.3930218004706276,27.533248177738173,0.5748611111111108,1,anode_hold
2700.0,-2.5,3.93430501469768,3.988037720647456,0.0540158374119523,0.2831314621758451,27.53348757429075,0.5749999999999997,1,anode_hold
2701.0,-2.5,3.934420990635175,3.98915197714405,0.0546661403473904,-0.0648461614849438,27.53372697084333,0.5751388888888884,1,anode_hold
2702.0,-2.5,3.9344064058738537,3.988560950988649,0.0547722630277058,0.6177179129100985,27.533966367395905,0.5752777777777774,1,anode_hold
2703.0,-2.5,3.934682536354528,3.988853547139112,0.0543895530120521,0.2185422274680881,27.534205763948485,0.5754166666666664,1,anode_hold
2704.0,-2.5,3.934837901105977,3.988558667671021,0.0545727030806702,0.8519365156267611,27.53444516050106,0.5755555555555552,1,anode_hold
2705.0,-2.5,3.9346353777861527,3.988920387047739,0.054618853015841,0.3338437542548256,27.53468455705364,0.5756944444444441,1,anode_hold
2706.0,-2.5,3.9350161782485302,3.989266696237135,0.0545782124755485,0.3276944869443632,27.53492297103213,0.575833333333333,1,anode_hold
2707.0,-2.5,3.935607426102664,3.989447157087955,0.0538961279517432,0.0563969664519881,27.53516115958441,0.5759722222222219,1,anode_hold
2708.0,-2.5,3.9348349188740097,3.98939137836975,0.0546242414370007,0.0677819412602254,27.53539934813669,0.5761111111111108,1,anode_hold
2709.0,-2.5,3.935185900476376,3.989195781796647,0.0541319100902311,0.1220287699603694,27.535637536688967,0.5762499999999997,1,anode_hold
2710.0,-2.5,3.935166975774492,3.989544047152061,0.0540954465062956,-0.2816248712740332,27.535875725241244,0.5763888888888886,1,anode_hold
2711.0,-2.5,3.936112989565343,3.9896321771377714,0.0538850063354396,0.3658187630111165,27.53611391379352,0.5765277777777775,1,anode_hold
2712.0,-2.5,3.935217081431893,3.990189018311476,0.0540348727914957,-0.9370640880868032,27.5363521023458,0.5766666666666664,1,anode_hold
2713.0,-2.5,3.9357640754251904,3.989751599147127,0.0539148642671405,-0.0726594547959535,27.53659001763042,0.5768055555555552,1,anode_hold
2714.0,-2.5,3.9361648418761863,3.989663396847816,0.0541043918119312,0.6058368403016878,27.536827924029406,0.5769444444444441,1,anode_hold
2715.0,-2.5,3.9357497899831846,3.9902687633387903,0.0543870000007984,-0.13197335480708,27.537065830428396,0.5770833333333332,1,anode_hold
2716.0,-2.5,3.936093595909497,3.989978741394716,0.0539465432614221,0.0613977762027317,27.537303736827383,0.5772222222222219,1,anode_hold
2717.0,-2.5,3.936044958687813,3.990755030979416,0.0537343556267743,-0.9757166648283188,27.53754164322637,0.5773611111111108,1,anode_hold
2718.0,-2.5,3.935980570259576,3.990863953416228,0.054290928313743,-0.5924548429088183,27.537779549625355,0.5774999999999997,1,anode_hold
2719.0,-2.5,3.936485987333596,3.990462298636317,0.0547452345557841,0.7689232530623258,27.538017545144125,0.5776388888888886,1,anode_hold
2720.0,-2.5,3.9367830555138954,3.990564371670101,0.0538941074257887,0.1127912695819688,27.53825617242175,0.5777777777777775,1,anode_hold
2721.0,-2.5,3.936643369309627,3.990989473170509,0.0536131980524427,-0.7329058084390994,27.53849479969937,0.5779166666666664,1,anode_hold
2722.0,-2.5,3.936939626988033,3.990409249069368,0.0538793798792701,0.409757797935395,27.538733426977,0.5780555555555553,1,anode_hold
2723.0,-2.5,3.937223177948297,3.991321818485876,0.054191604068571,0.0929635309923071,27.538972054254625,0.5781944444444442,1,anode_hold
2724.0,-2.5,3.937504002123634,3.991514903945135,0.0540062615058492,-0.0046403156517271,27.53921068153225,0.5783333333333331,1,anode_hold
2725.0,-2.5,3.936903714817732,3.991296016260719,0.0537275087297883,-0.6647927131981923,27.539449308809875,0.5784722222222219,1,anode_hold
2726.0,-2.5,3.9375855545892855,3.9913620652997976,0.0538402213502891,0.0637106397771702,27.53968865404033,0.578611111111111,1,anode_hold
2727.0,-2.5,3.937344668851409,3.9912498432221706,0.053856817185071,-0.0483571856904063,27.539929856975554,0.5787499999999999,1,anode_hold
2728.0,-2.5,3.937094684358831,3.9912926303871847,0.0542119457869132,0.0139997585590911,27.54017105991078,0.5788888888888886,1,anode_hold
2729.0,-2.5,3.937555383166223,3.991775717901996,0.0535592712466007,-0.6610634891726086,27.540412262846008,0.5790277777777776,1,anode_hold
2730.0,-2.5,3.938109620285665,3.991861378117728,0.0541813320570912,0.4295742250284284,27.54065346578124,0.5791666666666664,1,anode_hold
2731.0,-2.5,3.938138388318421,3.991701399072552,0.0536530740175121,0.0900632633813458,27.54089466871646,0.5793055555555553,1,anode_hold
2732.0,-2.5,3.937846401965832,3.992289975082768,0.0540461280379147,-0.3974450790211747,27.54113587165169,0.5794444444444442,1,anode_hold
2733.0,-2.5,3.938785504134303,3.991983813298699,0.0539655252683283,0.7672161039322667,27.541377074586915,0.5795833333333331,1,anode_hold
2734.0,-2.5,3.938553695675521,3.99249653695056,0.0536230935147887,-0.3197477602507881,27.541618277522144,0.5797222222222218,1,anode_hold
2735.0,-2.5,3.938541232941388,3.9920135043657297,0.0537487472958876,0.2764758715461113,27.54185948045737,0.5798611111111108,1,anode_hold
2736.0,-2.5,3.9385283036283703,3.9925187397351865,0.0536610196573982,-0.329416449417419,27.542102944751285,0.5799999999999996,1,anode_hold
2737.0,-2.5,3.938944778664515,3.9927166004807946,0.053745147692449,-0.0266741238306167,27.54234760095612,0.5801388888888885,1,anode_hold
2738.0,-2.5,3.9388324457376886,3.9929358635760672,0.0536935082928296,-0.4099095455489809,27.54259225716096,0.5802777777777774,1,anode_hold
2739.0,-2.5,3.939417424976433,3.992655513728791,0.0538693255786578,0.6312368263001744,27.542836913365797,0.5804166666666664,1,anode_hold
2740.0,-2.5,3.939300436821095,3.992866069906468,0.053176958591931,-0.3886744934420427,27.54308156957063,0.5805555555555553,1,anode_hold
2741.0,-2.5,3.939519686201831,3.9929990800649446,0.0534340335368518,-0.0453603262622337,27.54332622577547,0.5806944444444442,1,anode_hold
2742.0,-2.5,3.9393727985708527,3.993404168070191,0.0540927529271284,0.0613834277904956,27.543570881980305,0.580833333333333,1,anode_hold
2743.0,-2.5,3.939150981530162,3.992912167225187,0.0533145006293685,-0.4466850656559273,27.543815538185143,0.580972222222222,1,anode_hold
2744.0,-2.5,3.939880214181554,3.993221588216996,0.0535178697244395,0.1764956889975799,27.544060194389974,0.5811111111111109,1,anode_hold
2745.0,-2.5,3.9395515405614336,3.992857926771796,0.052980881893348,-0.3255043170145022,27.544307878923515,0.5812499999999996,1,anode_hold
2746.0,-2.5,3.9399531301737984,3.9939958979933103,0.0541682374489157,0.1254696294039625,27.54455558377355,0.5813888888888886,1,anode_hold
2747.0,-2.5,3.940112031851721,3.993667241604869,0.0538053983680578,0.2501886149102184,27.544803288623587,0.5815277777777775,1,anode_hold
2748.0,-2.5,3.940013853619963,3.99361461524996,0.0537943620569684,0.1936004269715852,27.545050993473627,0.5816666666666663,1,anode_hold
2749.0,-2.5,3.940644858115984,3.993789443073368,0.0536800832156069,0.5354982582228551,27.545298698323663,0.5818055555555552,1,anode_hold
2750.0,-2.5,3.940082817585516,3.9941640889935854,0.0538656284337389,-0.215642974330521,27.5455464031737,0.5819444444444442,1,anode_hold
2751.0,-2.5,3.94108742460223,3.9939426396426994,0.0536632288789243,0.8080138384549684,27.54579410802373,0.5820833333333331,1,anode_hold
2752.0,-2.5,3.9405960528059896,3.9942276877870655,0.052957467780656,-0.6741672004197952,27.54604181287377,0.582222222222222,1,anode_hold
2753.0,-2.5,3.941194139964119,3.993820497637968,0.0530461813616911,0.4198236878418804,27.546290017309264,0.5823611111111109,1,anode_hold
2754.0,-2.5,3.9414299092592895,3.993978947887645,0.0528610364901335,0.3119978617780461,27.54653922772335,0.5824999999999998,1,anode_hold
2755.0,-2.5,3.94092291034164,3.994818538410116,0.0530022819207809,-0.8933461476945403,27.54678843813744,0.5826388888888887,1,anode_hold
2756.0,-2.5,3.941098089334161,3.994587957472088,0.0534736001944786,-0.0162679434487778,27.547037648551523,0.5827777777777776,1,anode_hold
2757.0,-2.5,3.94173627222184,3.9941940764857033,0.0531095633748591,0.6517591109962417,27.547286858965613,0.5829166666666664,1,anode_hold
2758.0,-2.5,3.9416484790828608,3.994817215961461,0.0531872359275695,0.0184990489695557,27.5475360693797,0.5830555555555553,1,anode_hold
2759.0,-2.5,3.941754665171833,3.9951266866001247,0.0531480213753178,-0.2240000529738495,27.547785279793786,0.5831944444444443,1,anode_hold
2760.0,-2.5,3.941320809918875,3.9954683697511912,0.0535203869227836,-0.6271729095326251,27.54803449020788,0.583333333333333,1,anode_hold
2761.0,-2.5,3.941514061323416,3.9948710763825703,0.0532532147183644,-0.103800340789828,27.54828370062196,0.583472222222222,1,anode_hold
2762.0,-2.5,3.942304561720903,3.995265336282779,0.0536549845796155,0.694210017739838,27.548532684931445,0.5836111111111109,1,anode_hold
2763.0,-2.5,3.942713022700459,3.9950737767486255,0.0533707814508167,1.0100274026494382,27.54878155803522,0.5837499999999998,1,anode_hold
2764.0,-2.5,3.942213245585741,3.9949139978874144,0.0527945564184145,0.0938041167413139,27.549030431139,0.5838888888888886,1,anode_hold
2765.0,-2.5,3.9423071057323313,3.995230218889495,0.0526714982349704,-0.2516149221931663,27.549279304242773,0.5840277777777776,1,anode_hold
2766.0,-2.5,3.942768284276283,3.995618545162453,0.0527722920121056,-0.0779688740641937,27.549528177346552,0.5841666666666663,1,anode_hold
2767.0,-2.5,3.9429848112241466,3.9955796285468814,0.0529737388293254,0.3789215065896911,27.549777050450327,0.5843055555555552,1,anode_hold
2768.0,-2.5,3.943151300260741,3.995768855268497,0.0526893619592886,0.071806951532416,27.55002539201015,0.5844444444444442,1,anode_hold
2769.0,-2.5,3.9429827199540215,3.995798797866532,0.0524707612478131,-0.3453166646973926,27.550272680897773,0.584583333333333,1,anode_hold
2770.0,-2.5,3.942664341202268,3.996118272017026,0.0530554639543003,-0.3984668604579688,27.5505199697854,0.5847222222222219,1,anode_hold
2771.0,-2.5,3.9438106078242514,3.996835672929036,0.0527406981435622,-0.2843669612224708,27.550767258673027,0.5848611111111108,1,anode_hold
2772.0,-2.5,3.943358086713295,3.996437054292544,0.0533117613543583,0.2327937751092079,27.55101454756065,0.5849999999999997,1,anode_hold
2773.0,-2.5,3.944011773279286,3.996676318069288,0.0526481618877946,-0.0163829022072903,27.55126183644828,0.5851388888888887,1,anode_hold
2774.0,-2.5,3.943173976083063,3.9970717729674874,0.0531990043533032,-0.6987925311201515,27.551509123988787,0.5852777777777776,1,anode_hold
2775.0,-2.5,3.943993593030924,3.996164069511388,0.0525231514345885,0.352674954124943,27.551754576249586,0.5854166666666664,1,anode_hold
2776.0,-2.5,3.943849041331149,3.996318590747592,0.052132617076447,-0.3369323399962098,27.552000028510378,0.5855555555555554,1,anode_hold
2777.0,-2.5,3.943789760697878,3.9965465479618816,0.0524968716135303,-0.2599156504734523,27.55224548077117,0.5856944444444443,1,anode_hold
2778.0,-2.5,3.944518037430056,3.9965058789806114,0.0533380858391416,1.3502442885857668,27.552490933031965,0.585833333333333,1,anode_hold
2779.0,-2.5,3.944724427414724,3.9973264304722185,0.0529759412624337,0.3739382049388062,27.55273589031328,0.585972222222222,1,anode_hold
2780.0,-2.5,3.944266953194908,3.996745555234724,0.0529013009482814,0.4226989084656907,27.552979882081416,0.5861111111111109,1,anode_hold
2781.0,-2.5,3.9447367382063536,3.997006359970225,0.0527140804382052,0.4444586743339584,27.55322387384956,0.5862499999999997,1,anode_hold
2782.0,-2.5,3.9443258794925407,3.997601057277501,0.052446200139954,-0.8289776450056685,27.55346786561769,0.5863888888888886,1,anode_hold
2783.0,-2.5,3.9445556761051113,3.9971619109575776,0.053197462408419,0.5912275559527558,27.553710624544888,0.5865277777777775,1,anode_hold
2784.0,-2.5,3.9447600101603175,3.997597952066122,0.0526973308476023,-0.1406110582018449,27.55395328967612,0.5866666666666664,1,anode_hold
2785.0,-2.5,3.944822750243791,3.9978724159506274,0.0527544205669106,-0.2952451399256262,27.554195954807344,0.5868055555555552,1,anode_hold
2786.0,-2.5,3.945203146904237,3.9975285472342494,0.0525694690261741,0.2440686961611149,27.554437414314613,0.5869444444444442,1,anode_hold
2787.0,-2.5,3.944738917268712,3.9981892059009434,0.0527074998923072,-0.7427887399229505,27.55467867860761,0.587083333333333,1,anode_hold
2788.0,-2.5,3.945472440140534,3.9981336055278343,0.052801425626248,0.1402602389473095,27.55491994290061,0.5872222222222219,1,anode_hold
2789.0,-2.5,3.945553003423805,3.9981666206299127,0.0529632379875675,0.3496207814599472,27.55516018943233,0.5873611111111108,1,anode_hold
2790.0,-2.5,3.945280126018474,3.998097664630528,0.0530142512259779,0.1967126139250652,27.555400168659254,0.5874999999999998,1,anode_hold
2791.0,-2.5,3.945072192795629,3.997953079642038,0.0528580300240672,-0.0228568223423764,27.555640147886187,0.5876388888888886,1,anode_hold
2792.0,-2.5,3.944795198945328,3.9989298644736175,0.052998750041954,-1.135915486336181,27.55587954575373,0.5877777777777775,1,anode_hold
2793.0,-2.5,3.9455624652069794,3.998278910798492,0.0524359037240829,-0.2805418674296511,27.556118721263346,0.5879166666666664,1,anode_hold
2794.0,-2.5,3.945445892183342,3.998473785801361,0.0529041248002787,-0.1237688177400109,27.55635789677296,0.5880555555555553,1,anode_hold
2795.0,-2.5,3.945768373757316,3.9986197890698274,0.0526965927708423,-0.1548225416692084,27.55659640118909,0.5881944444444442,1,anode_hold
2796.0,-2.5,3.945502867141836,3.998708141795924,0.0528478486739275,-0.3574259801610857,27.55683455163534,0.5883333333333332,1,anode_hold
2797.0,-2.5,3.945897030370409,3.99903096599726,0.0534620387132983,0.3281030864474843,27.557072702081587,0.5884722222222221,1,anode_hold
2798.0,-2.5,3.945960324916859,3.998728705044421,0.0528773728528503,0.1089927252886369,27.55731030598071,0.588611111111111,1,anode_hold
2799.0,-2.5,3.946066674227061,3.999055003465926,0.0527761831406929,-0.2121460981721057,27.557547523802988,0.5887499999999999,1,anode_hold
2800.0,-2.5,3.94623299352849,3.9994567867614,0.0531879628277552,-0.0358304051548685,27.55778474162527,0.5888888888888886,1,anode_hold
2801.0,-2.5,3.946324095515484,3.998945975868346,0.0526990548273385,0.0771744744763047,27.55802151779148,0.5890277777777776,1,anode_hold
2802.0,-2.5,3.9466193494537647,3.999360560877674,0.0526120774308348,-0.1291339930742374,27.55825788197139,0.5891666666666664,1,anode_hold
2803.0,-2.5,3.9461914151585606,3.9990933512942046,0.0531714498933408,0.2695137576971262,27.5584942461513,0.5893055555555553,1,anode_hold
2804.0,-2.5,3.946739964336143,3.999530649998463,0.053075992456788,0.2853067944683651,27.55873019376857,0.5894444444444442,1,anode_hold
2805.0,-2.5,3.946684840245642,3.999746975450052,0.052808013016011,-0.2541221883989308,27.558965629623625,0.5895833333333331,1,anode_hold
2806.0,-2.5,3.94662422550942,3.9995268490861657,0.0527282069546544,-0.1744166220913889,27.559201065478675,0.589722222222222,1,anode_hold
2807.0,-2.5,3.946563714183375,4.000449925541977,0.0526700696782392,-1.216141680362881,27.559436501333728,0.589861111111111,1,anode_hold
2808.0,-2.5,3.947404369278539,3.999556209513564,0.0528178790705758,0.6660388355514968,27.55967193718878,0.5899999999999997,1,anode_hold
2809.0,-2.5,3.947153425261741,4.000437108388378,0.0537727557774596,0.4890726508226528,27.559907373043835,0.5901388888888885,1,anode_hold
2810.0,-2.5,3.947047308084493,4.000140130785771,0.0527706014416564,-0.3222212596210028,27.56014261106755,0.5902777777777775,1,anode_hold
2811.0,-2.5,3.947356432528882,4.000385690841001,0.0526747018028947,-0.3545565092242242,27.56037741166391,0.5904166666666664,1,anode_hold
2812.0,-2.5,3.947470343358464,4.000096832916853,0.0529568940472886,0.3304044888992052,27.560612212260278,0.5905555555555554,1,anode_hold
2813.0,-2.5,3.947447703495581,4.000677544019236,0.0532619206671024,0.032080143447466,27.560847012856637,0.5906944444444442,1,anode_hold
2814.0,-2.5,3.9473275529387233,4.000726143791141,0.0522030435315676,-1.1955473208500322,27.561081813452997,0.5908333333333331,1,anode_hold
2815.0,-2.5,3.9479165624297217,4.000207531510345,0.0525389763250196,0.2480072443966641,27.561316614049357,0.590972222222222,1,anode_hold
2816.0,-2.5,3.94795958100574,4.000752713282008,0.0529525961648478,0.1594638885795696,27.5615514262947,0.5911111111111109,1,anode_hold
2817.0,-2.5,3.948074205646987,4.000836643979645,0.0525710921299105,-0.1913462027474111,27.561786293796175,0.5912499999999998,1,anode_hold
2818.0,-2.5,3.948600172678198,4.001263961567294,0.052821733500075,0.157944610978955,27.56202116129766,0.5913888888888887,1,anode_hold
2819.0,-2.5,3.948068342314608,4.0007436926303965,0.0525024191419958,-0.1729311737928007,27.56225602879914,0.5915277777777775,1,anode_hold
2820.0,-2.5,3.9483246563331194,4.0014376756511805,0.0525904254747362,-0.5225938433257582,27.56249089630062,0.5916666666666666,1,anode_hold
2821.0,-2.5,3.9488054615203008,4.00141754158628,0.0522672452408826,-0.3448348250962851,27.562725763802103,0.5918055555555553,1,anode_hold
2822.0,-2.5,3.9491606788706233,4.001881451679829,0.0523983290406027,-0.3224437686029091,27.5629610264342,0.5919444444444442,1,anode_hold
2823.0,-2.5,3.9492533971587647,4.001125255125626,0.0524895713424582,0.6177133755973507,27.56319650132795,0.5920833333333332,1,anode_hold
2824.0,-2.5,3.949446392250836,4.001920865525861,0.0523590700113141,-0.1154032637105118,27.563431976221707,0.592222222222222,1,anode_hold
2825.0,-2.5,3.948736730337004,4.000922447948391,0.0528665522196179,0.6808346082314287,27.56366745111546,0.5923611111111108,1,anode_hold
2826.0,-2.5,3.949695055733869,4.001442769152129,0.0523195892633822,0.5718758451229711,27.563902926009213,0.5924999999999998,1,anode_hold
2827.0,-2.5,3.9498304294376254,4.001840838341086,0.0519806490713669,-0.0297598320928571,27.564138535782917,0.5926388888888887,1,anode_hold
2828.0,-2.5,3.950070220118559,4.001692547966701,0.0518659829739397,0.2436551257982699,27.56437507305604,0.5927777777777776,1,anode_hold
2829.0,-2.5,3.9498245232194713,4.002369761988126,0.0516989172289947,-0.8463215396599111,27.56461161032917,0.5929166666666664,1,anode_hold
2830.0,-2.5,3.950340539753555,4.002095846150002,0.0520776674538651,0.322361057417897,27.564848147602294,0.5930555555555553,1,anode_hold
2831.0,-2.5,3.950647544968668,4.002377344196627,0.0521250042150418,0.3952049870830088,27.565084684875423,0.5931944444444444,1,anode_hold
2832.0,-2.5,3.9509872520820073,4.002442229860239,0.0521328837425753,0.6779059643440277,27.565321222148555,0.593333333333333,1,anode_hold
2833.0,-2.5,3.9507432329846544,4.002769321067605,0.0512519693326551,-0.7741187502956492,27.565559054142835,0.593472222222222,1,anode_hold
2834.0,-2.5,3.950428107432763,4.002450449585504,0.0513168040857437,-0.7055380669975797,27.56579773718113,0.593611111111111,1,anode_hold
2835.0,-2.5,3.9509928919031503,4.003075982391874,0.0520477451422068,-0.03534534651628,27.566036420219422,0.5937499999999998,1,anode_hold
2836.0,-2.5,3.951321967938524,4.002814439046606,0.0525510502585969,1.0585791505146602,27.56627510325772,0.5938888888888887,1,anode_hold
2837.0,-2.5,3.95143727958344,4.003107259411517,0.0519873278012741,0.3173479731972684,27.566513786296017,0.5940277777777776,1,anode_hold
2838.0,-2.5,3.952006889864735,4.003265653716818,0.0518906803943525,0.6319165422690176,27.56675246933431,0.5941666666666665,1,anode_hold
2839.0,-2.5,3.951534056715551,4.003341006051301,0.0514401053761708,-0.3668439595791994,27.566991152372605,0.5943055555555554,1,anode_hold
2840.0,-2.5,3.95144596705356,4.003055264739865,0.0513932529386167,-0.2160447476882154,27.567229835410902,0.5944444444444442,1,anode_hold
2841.0,-2.5,3.9517133827958113,4.00322801017666,0.051608583611172,0.0939562303230445,27.5674685184492,0.5945833333333331,1,anode_hold
2842.0,-2.5,3.952250890683211,4.003322002519223,0.0511960775397536,0.1249657037418749,27.567707201487494,0.5947222222222222,1,anode_hold
2843.0,-2.5,3.951972803046405,4.003675884738329,0.0509577333682019,-0.7453483237225278,27.567945884525788,0.5948611111111108,1,anode_hold
2844.0,-2.5,3.9520488933505344,4.003768384456524,0.0514192381486923,-0.3002529572966317,27.568186175678093,0.5949999999999998,1,anode_hold
2845.0,-2.5,3.952251819477764,4.003159639521801,0.0509573637776842,0.0495437336471837,27.56842774979828,0.5951388888888887,1,anode_hold
2846.0,-2.5,3.953000020486122,4.003293552782064,0.050941584345312,0.6480520493701292,27.568669323918467,0.5952777777777776,1,anode_hold
2847.0,-2.5,3.952854155813005,4.004249564604898,0.0505096645797671,-0.8857442121255055,27.568910898038656,0.5954166666666665,1,anode_hold
2848.0,-2.5,3.952825910511834,4.00377901031828,0.0513515964401417,0.3984966336956219,27.56915247215884,0.5955555555555554,1,anode_hold
2849.0,-2.5,3.95331936383815,4.004362074320255,0.0513016156384362,0.2589051563308686,27.56939404627903,0.5956944444444443,1,anode_hold
2850.0,-2.5,3.953413257377842,4.004091867369446,0.0511292958661619,0.4506858745574327,27.56963562039921,0.5958333333333332,1,anode_hold
2851.0,-2.5,3.9530626249650815,4.0045514754275535,0.0508001544391583,-0.6886960233125627,27.569877194519403,0.595972222222222,1,anode_hold
2852.0,-2.5,3.9537398483007897,4.0046197647077335,0.0508129870202372,-0.0669293867066045,27.57011876863959,0.5961111111111109,1,anode_hold
2853.0,-2.5,3.953699148612329,4.004324709208187,0.0509177860330738,0.2922254372159649,27.57036179474416,0.5962499999999997,1,anode_hold
2854.0,-2.5,3.953147471125873,4.0050977545258855,0.0510172360807125,-0.9330473192998844,27.57060511454664,0.5963888888888886,1,anode_hold
2855.0,-2.5,3.953538731335861,4.005205137831521,0.0508237886632448,-0.8426178324154598,27.570848434349124,0.5965277777777775,1,anode_hold
2856.0,-2.5,3.9540994280336665,4.005118675275473,0.0507499961910152,-0.2692510507915635,27.57109175415161,0.5966666666666665,1,anode_hold
2857.0,-2.5,3.954297913647934,4.004511422980213,0.050773065832257,0.5595564999785196,27.57133507395409,0.5968055555555554,1,anode_hold
2858.0,-2.5,3.9542004477650576,4.004938099080631,0.0505597754074765,-0.1778759080965919,27.57157839375657,0.5969444444444443,1,anode_hold
2859.0,-2.5,3.954121382633833,4.005410290383003,0.050508593225185,-0.7803145239848597,27.571821713559057,0.5970833333333332,1,anode_hold
2860.0,-2.5,3.954622596177225,4.005651068875645,0.0508592531014485,-0.1692195969713594,27.57206503336154,0.5972222222222221,1,anode_hold
2861.0,-2.5,3.95413753248928,4.00522393893574,0.0505923380766142,-0.4940683698460013,27.572308388343156,0.5973611111111108,1,anode_hold
2862.0,-2.5,3.954968901833314,4.004802500319087,0.0507793658383012,0.9457673525279376,27.572552036057,0.5974999999999998,1,anode_hold
2863.0,-2.5,3.9548831680073824,4.005368542284778,0.0509358196288423,0.4504453514471151,27.57279568377085,0.5976388888888887,1,anode_hold
2864.0,-2.5,3.95504381250149,4.005978609466729,0.0504708776741108,-0.463919291128434,27.573039331484694,0.5977777777777775,1,anode_hold
2865.0,-2.5,3.9549827742954897,4.005638465463672,0.0507868176501371,0.1311264819547908,27.57328297919854,0.5979166666666664,1,anode_hold
2866.0,-2.5,3.955545761508216,4.00641782932478,0.0507742188789097,-0.097848937654188,27.57352662691239,0.5980555555555553,1,anode_hold
2867.0,-2.5,3.954733169144031,4.005990055071168,0.0506327128804612,-0.6241730466758355,27.573770274626234,0.5981944444444443,1,anode_hold
2868.0,-2.5,3.955290702512317,4.006677052667211,0.0511885220366277,-0.1978281182659635,27.57401392234008,0.5983333333333332,1,anode_hold
2869.0,-2.5,3.955843470029212,4.0059479232769295,0.0505153141073754,0.4108608596578023,27.57425757005393,0.598472222222222,1,anode_hold
2870.0,-2.5,3.955585404630947,4.006381420437099,0.0511145966589556,0.3185808528041178,27.5745007831964,0.5986111111111108,1,anode_hold
2871.0,-2.5,3.95634614841823,4.006724172070229,0.0508917980412929,0.5137743892937863,27.57474329568814,0.5987499999999997,1,anode_hold
2872.0,-2.5,3.9561576105134617,4.006330664888009,0.0505767641953124,0.4037098207652079,27.57498580817988,0.5988888888888886,1,anode_hold
2873.0,-2.5,3.955924140182217,4.007735549588824,0.0508106779229224,-1.0007314836841807,27.575228320671616,0.5990277777777776,1,anode_hold
2874.0,-2.5,3.95659827317433,4.007170385205845,0.0505081274128022,-0.0639846187131532,27.57547083316336,0.5991666666666664,1,anode_hold
2875.0,-2.5,3.9563616799259,4.006776561133141,0.0510281395663272,0.6132583590856555,27.575713345655096,0.5993055555555552,1,anode_hold
2876.0,-2.5,3.95668067251666,4.007152040281715,0.0506773159605882,0.20594819553299,27.575955858146838,0.5994444444444442,1,anode_hold
2877.0,-2.5,3.956444578777942,4.007005116932399,0.0510445055443276,0.4839673898704433,27.57619837063857,0.5995833333333331,1,anode_hold
2878.0,-2.5,3.95656836206478,4.007147138593746,0.0502573024655895,-0.3214740633761259,27.576440883130317,0.5997222222222218,1,anode_hold
2879.0,-2.5,3.957077229781452,4.007705187004965,0.0502561823473285,-0.3717748761848938,27.576682111082224,0.599861111111111,1,anode_hold
2880.0,-2.5,3.957017702553726,4.007468417645721,0.0512241841717504,0.7734690797551735,27.57692267237109,0.5999999999999998,1,anode_hold
2881.0,-2.5,3.956884763371308,4.008019447683233,0.0504620271269416,-0.6726571849831053,27.57716323365996,0.6001388888888888,1,anode_hold
2882.0,-2.5,3.956969342662743,4.007594815070862,0.0502620962946231,-0.3633761134955726,27.577403794948825,0.6002777777777775,1,anode_hold
2883.0,-2.5,3.9575435003657495,4.007979232861717,0.0500515827665804,-0.384149729387051,27.57764435623769,0.6004166666666664,1,anode_hold
2884.0,-2.5,3.957993757390693,4.008000180292106,0.0504654134092438,0.4589905078309364,27.57788491752656,0.6005555555555554,1,anode_hold
2885.0,-2.5,3.9573446302150415,4.008270409533619,0.0506113708506763,-0.314408467901206,27.578125478815423,0.6006944444444442,1,anode_hold
2886.0,-2.5,3.9579155553057976,4.007918754592145,0.0506560463928985,0.6528471065507802,27.578366040104296,0.6008333333333331,1,anode_hold
2887.0,-2.5,3.9569734908579095,4.008253234444263,0.050349748175108,-0.9299954112451658,27.57860660139316,0.600972222222222,1,anode_hold
2888.0,-2.5,3.957553706152313,4.008341358595449,0.0500164771384787,-0.7711753046573122,27.57884506084385,0.6011111111111109,1,anode_hold
2889.0,-2.5,3.9582951340158345,4.007880668961144,0.0503359704458452,0.7504355005356622,27.57908337142651,0.6012499999999998,1,anode_hold
2890.0,-2.5,3.958695683017885,4.008665523711259,0.0501061808165382,0.1363401231637695,27.579321682009173,0.6013888888888888,1,anode_hold
2891.0,-2.5,3.958373547753686,4.008611767691687,0.0496880972806563,-0.55012265734522,27.57955999259184,0.6015277777777776,1,anode_hold
2892.0,-2.5,3.9586467274303465,4.008380651891807,0.050333319109243,0.5993946477826917,27.579798303174496,0.6016666666666666,1,anode_hold
2893.0,-2.5,3.958691982010244,4.008928856514882,0.0498745994597402,-0.3622750448979417,27.58003661375716,0.6018055555555553,1,anode_hold
2894.0,-2.5,3.959044012416357,4.009100829167954,0.0498922196227176,-0.1645971288795067,27.580274924339815,0.6019444444444442,1,anode_hold
2895.0,-2.5,3.95855404705034,4.008793196638244,0.0502402006787318,0.0010510908277083,27.58051323492248,0.6020833333333332,1,anode_hold
2896.0,-2.5,3.959194553935531,4.009166597954931,0.0499772249950122,0.0051809756116405,27.580751138335973,0.602222222222222,1,anode_hold
2897.0,-2.5,3.959011972345579,4.009539505721792,0.0497832435968334,-0.7442897793787928,27.580987504296115,0.6023611111111109,1,anode_hold
2898.0,-2.5,3.959174609179356,4.009327229379766,0.049515479613739,-0.6371405866709701,27.58122387025625,0.6024999999999998,1,anode_hold
2899.0,-2.5,3.9594080956513342,4.009339971500582,0.0504738705144969,0.5419946652494012,27.58146023621639,0.6026388888888887,1,anode_hold
2900.0,-2.5,3.959483072073634,4.009367361533823,0.0494120742454708,-0.4722152147182967,27.581696602176528,0.6027777777777776,1,anode_hold
2901.0,-2.5,3.959450791221062,4.009236985950839,0.0499854941672382,0.199299437461331,27.58193296813667,0.6029166666666664,1,anode_hold
2902.0,-2.5,3.959737093531556,4.009932100355496,0.049812260299866,-0.382746524075106,27.582169334096807,0.6030555555555553,1,anode_hold
2903.0,-2.5,3.9596669022140896,4.009677212351525,0.049459360558117,-0.5509495793183383,27.582405700056945,0.6031944444444444,1,anode_hold
2904.0,-2.5,3.96052051991602,4.00954190091188,0.0496865683161173,0.6651873202576652,27.582642066017087,0.603333333333333,1,anode_hold
2905.0,-2.5,3.960422589873768,4.009046424061283,0.049678078368764,1.0542441812493308,27.582878174263996,0.603472222222222,1,anode_hold
2906.0,-2.5,3.9602254145581215,4.010013560255109,0.0498214667278702,0.0333210308838261,27.58311400875477,0.6036111111111109,1,anode_hold
2907.0,-2.5,3.960951861856553,4.009918103289983,0.0497263449107778,0.7601034773476734,27.583349843245543,0.6037499999999998,1,anode_hold
2908.0,-2.5,3.960994330368458,4.010151200763295,0.0500215275665089,0.8646571716712792,27.58358567773632,0.6038888888888887,1,anode_hold
2909.0,-2.5,3.9608905301997823,4.010319091277229,0.049794201830245,0.36564075279788,27.58382151222709,0.6040277777777776,1,anode_hold
2910.0,-2.5,3.960720245109278,4.0103488499035285,0.0492649055589965,-0.3636992352538115,27.584057346717863,0.6041666666666665,1,anode_hold
2911.0,-2.5,3.961087751922448,4.010643064509404,0.0499153270787172,0.3600144917617065,27.58429318120864,0.6043055555555554,1,anode_hold
2912.0,-2.5,3.9613135517908575,4.010913427788677,0.0495643098083318,-0.0355661894864134,27.584529015699413,0.6044444444444442,1,anode_hold
2913.0,-2.5,3.961688500313727,4.010588319940955,0.0489618917831253,0.0620721558970416,27.584764850190187,0.6045833333333331,1,anode_hold
2914.0,-2.5,3.961349417686819,4.010912316882362,0.0498818800946765,0.3189808991335141,27.58500079463658,0.6047222222222219,1,anode_hold
2915.0,-2.5,3.961359065428968,4.010757423447415,0.0491783510683102,-0.2200069501361312,27.585236773723626,0.6048611111111108,1,anode_hold
2916.0,-2.5,3.962330496436097,4.011259113853027,0.0492989146546664,0.3702972377359614,27.585472752810663,0.6049999999999998,1,anode_hold
2917.0,-2.5,3.962186399758661,4.011052469500193,0.04945850169492,0.5924319533874289,27.58570873189771,0.6051388888888887,1,anode_hold
2918.0,-2.5,3.961985104287853,4.011144747156845,0.0495845489434331,0.4249060744418997,27.585945281369668,0.6052777777777776,1,anode_hold
2919.0,-2.5,3.961735696748616,4.011414167356127,0.0494027084508863,-0.27576215662517,27.586181937032595,0.6054166666666665,1,anode_hold
2920.0,-2.5,3.962268831958714,4.011429416285247,0.0498257079932393,0.6651236667067906,27.58641859269552,0.6055555555555554,1,anode_hold
2921.0,-2.5,3.9625718309798494,4.011346083975504,0.0490142211642877,0.2399681686346966,27.586655248358447,0.6056944444444443,1,anode_hold
2922.0,-2.5,3.962568372829612,4.0116991796653085,0.0491780617336167,0.0472548979204567,27.586892235375423,0.605833333333333,1,anode_hold
2923.0,-2.5,3.9626921384503055,4.011935866529849,0.0492236715994184,-0.0200564801251523,27.587129249003137,0.605972222222222,1,anode_hold
2924.0,-2.5,3.962563921146018,4.011807841159033,0.0498408575745249,0.5969375615095807,27.58736626263085,0.6061111111111109,1,anode_hold
2925.0,-2.5,3.962990361606419,4.011758834675316,0.0497736966579812,1.0052235890842809,27.587603445590425,0.60625,1,anode_hold
2926.0,-2.5,3.962574365734738,4.01238275921266,0.048920616539674,-0.8877769382471534,27.58784088253287,0.6063888888888889,1,anode_hold
2927.0,-2.5,3.962722983435489,4.0121533818047626,0.0496098663866561,0.1794680173823337,27.588078319475315,0.6065277777777776,1,anode_hold
2928.0,-2.5,3.962804158086476,4.011978304796736,0.0492511434100054,0.0769966997449245,27.588315893951236,0.6066666666666665,1,anode_hold
2929.0,-2.5,3.9628579468360936,4.012058382005585,0.0485194461776271,-0.6809889918644174,27.588553737753447,0.6068055555555554,1,anode_hold
2930.0,-2.5,3.9637243575305017,4.012370909822959,0.0495618624969038,0.9153102044465732,27.588791581555665,0.6069444444444443,1,anode_hold
2931.0,-2.5,3.962739935212298,4.0128762859053415,0.0487714604634868,-1.364890229556881,27.589029501701404,0.6070833333333332,1,anode_hold
2932.0,-2.5,3.963407491156785,4.013000412006667,0.0487070575167754,-0.8858633331061405,27.589267622051462,0.6072222222222221,1,anode_hold
2933.0,-2.5,3.9631398809593192,4.012946197408446,0.0495394287536204,-0.2668876955067567,27.58950574240152,0.6073611111111108,1,anode_hold
2934.0,-2.5,3.963158625679165,4.012477456210501,0.0495240435673032,0.2052130359664339,27.589743877439403,0.6074999999999998,1,anode_hold
2935.0,-2.5,3.963654818632555,4.012826346398996,0.0492292328716444,0.0577051052035315,27.58998206639803,0.6076388888888887,1,anode_hold
2936.0,-2.5,3.963257438016165,4.013429618296714,0.048996064715747,-1.17611556480135,27.59022025535666,0.6077777777777775,1,anode_hold
2937.0,-2.5,3.963792648650133,4.0133864765222205,0.0493347524925585,-0.2590753795290723,27.59045844431529,0.6079166666666667,1,anode_hold
2938.0,-2.5,3.964598057110389,4.013313862916685,0.049080256864082,0.3644510577860416,27.590696633273915,0.6080555555555553,1,anode_hold
2939.0,-2.5,3.963981209711732,4.013583724352901,0.0492594257875483,-0.3430888536204435,27.590934822232544,0.6081944444444443,1,anode_hold
2940.0,-2.5,3.964248198188741,4.013363520095863,0.0491816476512239,0.0663257441018139,27.59117297930052,0.6083333333333333,1,anode_hold
2941.0,-2.5,3.963964675907992,4.0136524906244695,0.0492843933834583,-0.4034213330195157,27.591410814415443,0.6084722222222221,1,anode_hold
2942.0,-2.5,3.964464985482581,4.013791433628793,0.0489754418517868,-0.3510062944247494,27.591648649530367,0.608611111111111,1,anode_hold
2943.0,-2.5,3.963983331991271,4.013506137346919,0.0490975333851243,-0.4252719705242214,27.591886484645293,0.6087499999999999,1,anode_hold
2944.0,-2.5,3.964590706896468,4.014148108397733,0.0494740295181489,-0.0833719831159207,27.59212411843317,0.6088888888888888,1,anode_hold
2945.0,-2.5,3.964610747527247,4.013836736506111,0.0488313848445584,-0.3946041343056983,27.59236128664257,0.6090277777777777,1,anode_hold
2946.0,-2.5,3.965407968636529,4.014245671155018,0.0494376355362956,0.5999330178072526,27.592598454851977,0.6091666666666665,1,anode_hold
2947.0,-2.5,3.964851205402353,4.013854664349792,0.0493023762440098,0.298917296570611,27.592835623061383,0.6093055555555555,1,anode_hold
2948.0,-2.5,3.964890158958513,4.014677412109759,0.0489411885142814,-0.8460646369639058,27.59307236117601,0.6094444444444445,1,anode_hold
2949.0,-2.5,3.964959072391105,4.01500403696424,0.0488819387394874,-1.1630258336476906,27.59330869203614,0.6095833333333331,1,anode_hold
2950.0,-2.5,3.964896488611433,4.014282640081047,0.0488963431805749,-0.4898082890392174,27.593545022896272,0.6097222222222223,1,anode_hold
2951.0,-2.5,3.965611018462443,4.014753737307236,0.0490253050301484,-0.1174138146438075,27.59378127040491,0.6098611111111111,1,anode_hold
2952.0,-2.5,3.9659507043347095,4.014367925563328,0.0488745278552962,0.4573066266773118,27.59401686540365,0.6099999999999999,1,anode_hold
2953.0,-2.5,3.965545497854956,4.015304735286638,0.0493361659887131,-0.4230714429689364,27.59425246040239,0.6101388888888888,1,anode_hold
2954.0,-2.5,3.966006136388602,4.014448733703284,0.0487622498147456,0.3196525000639383,27.59448791463968,0.6102777777777777,1,anode_hold
2955.0,-2.5,3.9658327979599934,4.01484230675162,0.0490818061557133,0.0722973640874258,27.59472272827809,0.6104166666666667,1,anode_hold
2956.0,-2.5,3.966202045976068,4.014887658902285,0.0487734974159434,0.0878844897269637,27.5949575419165,0.6105555555555555,1,anode_hold
2957.0,-2.5,3.966364071265741,4.015649369443377,0.049057533586274,-0.2277645913619785,27.595192190603548,0.6106944444444443,1,anode_hold
2958.0,-2.5,3.965949217919949,4.014926948942055,0.0490502070487952,0.0724760266890278,27.59542633649779,0.6108333333333333,1,anode_hold
2959.0,-2.5,3.966294552696629,4.015442132507264,0.04848593480565,-0.661645004985445,27.595660482392034,0.610972222222222,1,anode_hold
2960.0,-2.5,3.9669528731552095,4.015757186419723,0.0485958408363359,-0.208472428177675,27.595894444066936,0.6111111111111109,1,anode_hold
2961.0,-2.5,3.9662550788244895,4.015621682176128,0.0487340523535658,-0.6325509980729116,27.59612800310036,0.61125,1,anode_hold
2962.0,-2.5,3.966975350408665,4.0154949150608,0.0489161960245409,0.3966313724057535,27.596361562133776,0.6113888888888888,1,anode_hold
2963.0,-2.5,3.9670203752429902,4.0158181421461165,0.0486246762354241,-0.1730906677019916,27.596595121167194,0.6115277777777777,1,anode_hold
2964.0,-2.5,3.966995674521725,4.01567612385377,0.0487430125626578,0.0625632306126,27.596828680200616,0.6116666666666666,1,anode_hold
2965.0,-2.5,3.967437393462199,4.016119786839174,0.0484059628788585,-0.2764304981166532,27.597062239234035,0.6118055555555555,1,anode_hold
2966.0,-2.5,3.967660545050112,4.016193567307303,0.0483670339997572,-0.1659882574336357,27.597295324612283,0.6119444444444444,1,anode_hold
2967.0,-2.5,3.967871214253548,4.016188533870081,0.048033636229925,-0.2836833866086685,27.597527825584947,0.6120833333333333,1,anode_hold
2968.0,-2.5,3.967066143619612,4.016495910288343,0.0477732113097805,-1.6565553589504844,27.59776032655761,0.6122222222222221,1,anode_hold
2969.0,-2.5,3.968495193612005,4.016188980311824,0.0480306080562615,0.3368213564418632,27.597992827530277,0.6123611111111111,1,anode_hold
2970.0,-2.5,3.967992541660204,4.016326432476627,0.0484494899472581,0.1155991308343651,27.59822532850293,0.6125,1,anode_hold
2971.0,-2.5,3.96858827829861,4.016586505996496,0.0483544512052912,0.3562235074054953,27.5984578294756,0.612638888888889,1,anode_hold
2972.0,-2.5,3.968374278255526,4.01677446138583,0.048059719602754,-0.3404635275496837,27.59869034546558,0.6127777777777778,1,anode_hold
2973.0,-2.5,3.9683650718610095,4.016576107163279,0.0484693783011151,0.25834299884675,27.59892287226691,0.6129166666666666,1,anode_hold
2974.0,-2.5,3.9686479064761455,4.016977733837327,0.0482816371071591,-0.0481902540210299,27.59915539906824,0.6130555555555555,1,anode_hold
2975.0,-2.5,3.969744017507612,4.017089363655506,0.0476153022116849,0.269956063790655,27.59938792586957,0.6131944444444444,1,anode_hold
2976.0,-2.5,3.969392148991756,4.017023933560066,0.0483135834937153,0.6817989254059853,27.599620452670905,0.6133333333333331,1,anode_hold
2977.0,-2.5,3.968939534336103,4.017058495421453,0.0480473294183644,-0.0716316669855388,27.599853186876267,0.613472222222222,1,anode_hold
2978.0,-2.5,3.9692277945764713,4.017059166572023,0.0479207095228718,0.0893375273207652,27.60008599657833,0.6136111111111109,1,anode_hold
2979.0,-2.5,3.969612291319169,4.0176885310950805,0.0478155344167214,-0.2607053591905384,27.600318806280395,0.6137499999999999,1,anode_hold
2980.0,-2.5,3.969565312912224,4.017176305971802,0.0480826876657409,0.471694606162476,27.600551664774382,0.6138888888888887,1,anode_hold
2981.0,-2.5,3.969522889942529,4.017979056800912,0.0481984426980878,-0.2577241602956803,27.600784838313963,0.6140277777777776,1,anode_hold
2982.0,-2.5,3.969547589981985,4.017497775852213,0.0477952488214208,-0.1549370488076462,27.60101801185354,0.6141666666666665,1,anode_hold
2983.0,-2.5,3.9693877416109102,4.017252615516814,0.0480787055295606,0.2138316236575121,27.601251185393117,0.6143055555555554,1,anode_hold
2984.0,-2.5,3.9700365078329902,4.017988716518174,0.0475406045425278,-0.4116041426556194,27.601484670747155,0.6144444444444442,1,anode_hold
2985.0,-2.5,3.970242633181874,4.017935219822127,0.0478355434085176,0.1429567682644794,27.601718192691862,0.6145833333333331,1,anode_hold
2986.0,-2.5,3.970681747151776,4.017852858071227,0.0482078583862135,1.0367474667623,27.60195171463658,0.614722222222222,1,anode_hold
2987.0,-2.5,3.969948099799968,4.0180456474316415,0.0482597173497716,0.1621697180973491,27.602185398283154,0.6148611111111109,1,anode_hold
2988.0,-2.5,3.9704039102752895,4.01811799930344,0.0478209413324283,0.1068523042784264,27.602419166781104,0.6149999999999998,1,anode_hold
2989.0,-2.5,3.970296408462876,4.01848469542729,0.048237804558924,0.0495175945105508,27.602652935279053,0.6151388888888887,1,anode_hold
2990.0,-2.5,3.970779542496164,4.018036178613527,0.0478711822444397,0.6145461270770092,27.602886641334468,0.6152777777777776,1,anode_hold
2991.0,-2.5,3.97046972373545,4.018179061896261,0.0479819769035016,0.2726387426896792,27.603120259990487,0.6154166666666665,1,anode_hold
2992.0,-2.5,3.970401468974648,4.018940476638473,0.0477872222452381,-0.7517854185867812,27.6033538786465,0.6155555555555554,1,anode_hold
2993.0,-2.5,3.970185400957504,4.018837533335503,0.049067065542785,0.4149331647855803,27.60358749730252,0.6156944444444443,1,anode_hold
2994.0,-2.5,3.9710027084624624,4.018719256538314,0.0479432834799496,0.2267354040981217,27.60382111595853,0.615833333333333,1,anode_hold
2995.0,-2.5,3.9709329207738135,4.019323430669202,0.0479219341780726,-0.4685757173152893,27.60405473461455,0.615972222222222,1,anode_hold
2996.0,-2.5,3.9713181195655936,4.018824253863624,0.0478379442625873,0.3318099645577277,27.604288353270565,0.6161111111111109,1,anode_hold
2997.0,-2.5,3.97091793148952,4.019694303012944,0.0483511346448204,-0.4252368786037408,27.604521172433103,0.6162499999999997,1,anode_hold
2998.0,-2.5,3.971962923635811,4.018959046846284,0.048592063962834,1.5959407523609137,27.60475393917638,0.6163888888888887,1,anode_hold
2999.0,-2.5,3.971075140220827,4.019359953002756,0.0477207349567752,-0.5640778251532197,27.604986705919654,0.6165277777777776,1,anode_hold
3000.0,-2.5,3.971543578709144,4.019440909087428,0.0480389623617255,0.1416319834413038,27.605219472662927,0.6166666666666665,1,anode_hold
3001.0,-2.5,3.9716177182272543,4.019912424814591,0.0478436530860412,-0.4510535012958172,27.60545199132812,0.6168055555555554,1,anode_hold
3002.0,-2.5,3.971933392218248,4.019756339155292,0.0480531828753931,0.2302359383481445,27.60568349336343,0.6169444444444442,1,anode_hold
3003.0,-2.5,3.971661862310368,4.019819071657459,0.0478318661912078,-0.3253431558829511,27.60591499539873,0.6170833333333332,1,anode_hold
3004.0,-2.5,3.9715454845816502,4.019961755960419,0.0484948947835206,0.0786234047525091,27.60614649743404,0.6172222222222221,1,anode_hold
3005.0,-2.5,3.971633170163879,4.020155800540903,0.0478154549759668,-0.7071754010570253,27.60637799946935,0.6173611111111108,1,anode_hold
3006.0,-2.5,3.972285306110933,4.02027880455878,0.0482216848217884,0.2281863739410639,27.60660889040513,0.6174999999999998,1,anode_hold
3007.0,-2.5,3.9721872438653407,4.019886412763022,0.0482299611889561,0.5307922912751728,27.606839045932105,0.6176388888888887,1,anode_hold
3008.0,-2.5,3.9723737050818726,4.020012192733431,0.0477746624660776,0.1361748145196628,27.60706920145908,0.6177777777777775,1,anode_hold
3009.0,-2.5,3.9721408763797545,4.02033505290332,0.0482917987964173,0.0976222728517051,27.607299356986047,0.6179166666666664,1,anode_hold
3010.0,-2.5,3.9725424911801777,4.019889358473747,0.0478603072198657,0.5134399262964884,27.607529250621788,0.6180555555555554,1,anode_hold
3011.0,-2.5,3.9726839234029008,4.019955983172446,0.0476900379620418,0.4179781924964487,27.60775799629143,0.6181944444444443,1,anode_hold
3012.0,-2.5,3.9729212610926,4.020644855813385,0.0475461466701508,-0.1774480506351317,27.607986741961067,0.6183333333333332,1,anode_hold
3013.0,-2.5,3.972415841984658,4.020772395358994,0.0479078970391838,-0.4486563351528971,27.60821548763071,0.618472222222222,1,anode_hold
3014.0,-2.5,3.972742231711373,4.02064000553704,0.0479146966679302,0.0169228422621792,27.608444233300347,0.618611111111111,1,anode_hold
3015.0,-2.5,3.9736092623871855,4.020613333252976,0.0474153928983975,0.4113220326074085,27.60867189236693,0.6187499999999999,1,anode_hold
3016.0,-2.5,3.973090730687946,4.020677786746849,0.0477147980830709,0.1277420241678761,27.608899453953125,0.6188888888888886,1,anode_hold
3017.0,-2.5,3.9733015529266544,4.021098434748256,0.0472885610826962,-0.5083207389047217,27.609127015539315,0.6190277777777776,1,anode_hold
3018.0,-2.5,3.973325330033066,4.021652050909722,0.047115167093302,-1.2115537833534695,27.6093545771255,0.6191666666666664,1,anode_hold
3019.0,-2.5,3.973111234937815,4.021129411904179,0.04809945238768,0.0812754213153077,27.60958150481998,0.6193055555555553,1,anode_hold
3020.0,-2.5,3.9733514796532257,4.021457148898933,0.0472660810980664,-0.8395881476408462,27.609808090574894,0.6194444444444442,1,anode_hold
3021.0,-2.5,3.9738993513142367,4.021404771626733,0.0472422220678329,-0.2631982446632541,27.610034676329818,0.6195833333333332,1,anode_hold
3022.0,-2.5,3.9737004598475423,4.021451512904547,0.047703422356189,-0.047630700815926,27.61026126208473,0.6197222222222221,1,anode_hold
3023.0,-2.5,3.974624169893921,4.0218617578503455,0.0473763681037114,0.1387801472869654,27.61048784783965,0.619861111111111,1,anode_hold
3024.0,-2.5,3.973678995334659,4.0212627824316645,0.0474931629116475,-0.0906241853577682,27.61071409430805,0.6199999999999998,1,anode_hold
3025.0,-2.5,3.973655714274472,4.021658528252552,0.047455476156451,-0.5473378216289682,27.610939795083368,0.6201388888888888,1,anode_hold
3026.0,-2.5,3.97423079992604,4.022018374422593,0.0474402960204287,-0.3472784761240355,27.61116549585868,0.6202777777777775,1,anode_hold
3027.0,-2.5,3.974095495041328,4.022051618154841,0.0477920087660865,-0.1641143474269135,27.611391196633992,0.6204166666666664,1,anode_hold
3028.0,-2.5,3.974982529023335,4.021646195940929,0.0477661119248845,1.102445007290509,27.611616897409306,0.6205555555555554,1,anode_hold
3029.0,-2.5,3.974550136449902,4.022731133434792,0.047688961355962,-0.492035628927745,27.611842587389173,0.6206944444444442,1,anode_hold
3030.0,-2.5,3.974940348049428,4.0230323079759565,0.047978265182445,-0.1136947440838476,27.612068196033817,0.6208333333333331,1,anode_hold
3031.0,-2.5,3.9744673144862177,4.022232083744926,0.0472518769766196,-0.5128922820891724,27.61229380467846,0.620972222222222,1,anode_hold
3032.0,-2.5,3.975198528047004,4.0227913529020745,0.0475292843562662,-0.0635404988047483,27.612519413323103,0.621111111111111,1,anode_hold
3033.0,-2.5,3.975297830828092,4.022751555742245,0.047976045476348,0.5223205621951443,27.612745021967747,0.6212499999999999,1,anode_hold
3034.0,-2.5,3.975585206691156,4.02273921360546,0.0474588267431485,0.3048198288442272,27.61297063061239,0.6213888888888887,1,anode_hold
3035.0,-2.5,3.975386176544862,4.022411307339328,0.0480166229964669,0.9914922020008988,27.61319600199396,0.6215277777777776,1,anode_hold
3036.0,-2.5,3.975582098359456,4.023116836580053,0.0476159393662693,0.08120114567145,27.613421331822845,0.6216666666666666,1,anode_hold
3037.0,-2.5,3.975584068178548,4.023109804842718,0.0470466899509906,-0.4790467131789988,27.61364666165173,0.6218055555555553,1,anode_hold
3038.0,-2.5,3.9759181984026593,4.02282682823383,0.0473114705255318,0.4028406943610285,27.613871991480625,0.6219444444444442,1,anode_hold
3039.0,-2.5,3.975623971862706,4.023493484490129,0.0475611898840647,-0.3083227433582358,27.614097321309515,0.6220833333333331,1,anode_hold
3040.0,-2.5,3.976019650794041,4.023114943443917,0.0475148366784482,0.4195440285719165,27.614322165160107,0.622222222222222,1,anode_hold
3041.0,-2.5,3.975795149877496,4.023727858765708,0.0475138147606757,-0.4188941275358182,27.61454666391473,0.6223611111111109,1,anode_hold
3042.0,-2.5,3.9762875034098095,4.023536919673465,0.047503096751306,0.2536804876500653,27.61477116266936,0.6224999999999998,1,anode_hold
3043.0,-2.5,3.976102074107553,4.023465768948776,0.0470497091521012,-0.3139856891216652,27.614995661423983,0.6226388888888887,1,anode_hold
3044.0,-2.5,3.976099935931666,4.024308080277304,0.047401849220308,-0.8062951253302586,27.615220160178605,0.6227777777777777,1,anode_hold
3045.0,-2.5,3.976200955093356,4.024213944440073,0.0475021169982651,-0.5108723484528177,27.61544465893323,0.6229166666666665,1,anode_hold
3046.0,-2.5,3.97695572261364,4.02409919899878,0.0474362709518126,0.2927945666728604,27.61566907522087,0.6230555555555554,1,anode_hold
3047.0,-2.5,3.9761618700400136,4.023717736477307,0.0477358672273315,0.1800007900381039,27.615891567999792,0.6231944444444442,1,anode_hold
3048.0,-2.5,3.976299324501387,4.023969913955428,0.0471636721470201,-0.5069173070206823,27.61611406077871,0.6233333333333331,1,anode_hold
3049.0,-2.5,3.977050145390349,4.024349449518363,0.0478860431918793,0.5867390638654157,27.61633655355763,0.623472222222222,1,anode_hold
3050.0,-2.5,3.976675120862869,4.02412121767009,0.0476628166325555,0.2167198253348878,27.616559046336548,0.6236111111111109,1,anode_hold
3051.0,-2.5,3.97694895867822,4.024182661787047,0.0475395137525956,0.3058106437685559,27.616781539115465,0.6237499999999998,1,anode_hold
3052.0,-2.5,3.977055658710872,4.024605220109917,0.0471297861629265,-0.4197752361188023,27.617004031894385,0.6238888888888887,1,anode_hold
3053.0,-2.5,3.9780041949414606,4.024659107766119,0.0473772451114427,0.7223322867848658,27.617225616471213,0.6240277777777776,1,anode_hold
3054.0,-2.5,3.977236705457304,4.024283268705167,0.0476469461980163,0.6003829501528557,27.61744628357938,0.6241666666666665,1,anode_hold
3055.0,-2.5,3.977340289310517,4.025012853947353,0.0474849804101563,-0.1875842266794158,27.617666950687543,0.6243055555555552,1,anode_hold
3056.0,-2.5,3.977558494521943,4.024872935007765,0.0477805517250357,0.4661112392136957,27.61788761779571,0.6244444444444442,1,anode_hold
3057.0,-2.5,3.9778631648824847,4.025573312982434,0.0466541868597042,-1.0559612402452068,27.618108284903872,0.6245833333333332,1,anode_hold
3058.0,-2.5,3.9780622954941234,4.025044643828124,0.0469361312188571,-0.0462171151438539,27.61832895201204,0.624722222222222,1,anode_hold
3059.0,-2.5,3.977590735102562,4.025115586237267,0.0464116205717402,-1.113230562964862,27.6185482797546,0.6248611111111109,1,anode_hold
3060.0,-2.5,3.9782871586418658,4.025037184249137,0.0470638693297231,0.3138437224516899,27.6187667446053,0.6249999999999998,1,anode_hold
3061.0,-2.5,3.978860316793014,4.025535235650993,0.0472058435300393,0.5309246720610616,27.618985209456,0.6251388888888887,1,anode_hold
3062.0,-2.5,3.977859111963039,4.02534518219762,0.0470146055857824,-0.4714646487991025,27.6192036743067,0.6252777777777776,1,anode_hold
3063.0,-2.5,3.978689074775485,4.025576190194471,0.0473473405869798,0.4602251679939328,27.6194221391574,0.6254166666666664,1,anode_hold
3064.0,-2.5,3.97886805041836,4.025957809785012,0.0473463835528396,0.2566241861883256,27.619640604008097,0.6255555555555552,1,anode_hold
3065.0,-2.5,3.978805133899833,4.026153474096689,0.0465052959152914,-0.8430442815647865,27.619858305413857,0.6256944444444443,1,anode_hold
3066.0,-2.5,3.978821716292429,4.0259128608323405,0.0469512834985058,-0.13986104140562,27.620075708294262,0.625833333333333,1,anode_hold
3067.0,-2.5,3.9782956174433415,4.025853970139575,0.0469414927306587,-0.6168599655742568,27.620293111174675,0.625972222222222,1,anode_hold
3068.0,-2.5,3.979483854556568,4.025991120101396,0.0463308231691575,-0.1764423756700495,27.620510514055084,0.626111111111111,1,anode_hold
3069.0,-2.5,3.979148254198744,4.0258221026434,0.0471456974841245,0.4718490394681751,27.620727916935493,0.6262499999999998,1,anode_hold
3070.0,-2.5,3.979305408797976,4.026631094482063,0.0467003969659338,-0.6252887181537048,27.620945319815903,0.6263888888888887,1,anode_hold
3071.0,-2.5,3.9798595946310846,4.026512878028065,0.0462605398406704,-0.3927435563095827,27.621162731393333,0.6265277777777776,1,anode_hold
3072.0,-2.5,3.978913806123591,4.026036826751695,0.0467289624335425,-0.3940581945616195,27.62138014475699,0.6266666666666665,1,anode_hold
3073.0,-2.5,3.979720059601775,4.026166438262942,0.0468932296721709,0.4468510110031687,27.62159755812065,0.6268055555555554,1,anode_hold
3074.0,-2.5,3.980043920192345,4.026427062947059,0.0466969834897795,0.3138407350657957,27.62181497148431,0.6269444444444442,1,anode_hold
3075.0,-2.5,3.980205704289435,4.027190959160286,0.0468106163594739,-0.174638511377001,27.62203238484797,0.6270833333333332,1,anode_hold
3076.0,-2.5,3.9802970645534415,4.026400668922863,0.0467911722735663,0.6875679041460359,27.622249798211627,0.6272222222222221,1,anode_hold
3077.0,-2.5,3.98085486352145,4.026887121700664,0.0463810697655903,0.3488115863765628,27.62246821308542,0.6273611111111108,1,anode_hold
3078.0,-2.5,3.9804570775010895,4.027059155564743,0.0468290548374459,0.2269767737925754,27.622686691514325,0.6274999999999998,1,anode_hold
3079.0,-2.5,3.980806512469671,4.026793818838234,0.0461741162547496,0.1868098861859124,27.62290516994323,0.6276388888888886,1,anode_hold
3080.0,-2.5,3.9808616546848894,4.027121400862853,0.0463189575642775,0.0592113863144838,27.623123648372133,0.6277777777777774,1,anode_hold
3081.0,-2.5,3.980314683958205,4.02776308247058,0.0461032307316544,-1.3451677807201357,27.62334212680104,0.6279166666666665,1,anode_hold
3082.0,-2.5,3.9806579198465606,4.027756211273803,0.0468054517625063,-0.2928396647359221,27.623560651555763,0.6280555555555554,1,anode_hold
3083.0,-2.5,3.981648918956072,4.027081919224521,0.0472751271934125,1.8421269249628835,27.62378003755404,0.6281944444444441,1,anode_hold
3084.0,-2.5,3.981078012712053,4.0277305685034825,0.0462759283465985,-0.3766274448309126,27.623999423552316,0.6283333333333331,1,anode_hold
3085.0,-2.5,3.981275212691208,4.027707646294514,0.0467699697853162,0.3375361820099343,27.62421880955059,0.6284722222222219,1,anode_hold
3086.0,-2.5,3.981035587300212,4.0281391280269805,0.0463316313927721,-0.7719093339959571,27.624438195548866,0.6286111111111108,1,anode_hold
3087.0,-2.5,3.981463309111334,4.027546744834485,0.0461305527325406,0.0471170093896411,27.62465758154714,0.6287499999999997,1,anode_hold
3088.0,-2.5,3.981308729858553,4.028033067408425,0.046164682773713,-0.5596547761594906,27.62487719920035,0.6288888888888884,1,anode_hold
3089.0,-2.5,3.981661548654551,4.028313960898805,0.0460580106800641,-0.5944015641894396,27.62509801728746,0.6290277777777775,1,anode_hold
3090.0,-2.5,3.982151864151181,4.027878734369626,0.046112444067833,0.3855738493880878,27.625318835374568,0.6291666666666663,1,anode_hold
3091.0,-2.5,3.9818779727065223,4.02829361034907,0.0459065182113189,-0.5091194312281111,27.62553965346168,0.6293055555555552,1,anode_hold
3092.0,-2.5,3.9820844096963626,4.028389408869157,0.045972388853734,-0.3326103190604002,27.625760471548787,0.6294444444444443,1,anode_hold
3093.0,-2.5,3.9828117441061823,4.028630793757404,0.0459551989240422,0.1361492728211288,27.62598128963589,0.6295833333333332,1,anode_hold
3094.0,-2.5,3.982693109189064,4.028427077498689,0.0464070933911656,0.6731250815406042,27.62620270402584,0.6297222222222221,1,anode_hold
3095.0,-2.5,3.982848772890001,4.029482353077314,0.0462317596568151,-0.401820530497865,27.6264257105689,0.6298611111111109,1,anode_hold
3096.0,-2.5,3.9831342688906064,4.02900075275122,0.0464050218357144,0.538537975100617,27.62664871711196,0.6299999999999998,1,anode_hold
3097.0,-2.5,3.982812521211897,4.028589032136738,0.046699199657978,0.922688733137278,27.626871723655015,0.6301388888888888,1,anode_hold
3098.0,-2.5,3.9830026923709134,4.028768055760982,0.0452017790823105,-0.5635843077578251,27.62709473019808,0.6302777777777775,1,anode_hold
3099.0,-2.5,3.982644203454893,4.028777408491855,0.0450344649152756,-1.0987401216868695,27.627317736741137,0.6304166666666664,1,anode_hold
3100.0,-2.5,3.98362377055174,4.029233058999613,0.0459683490505062,0.3590606026331322,27.627540743284197,0.6305555555555554,1,anode_hold
3101.0,-2.5,3.983483541317778,4.029320184568771,0.0458886329223061,0.0519896713133682,27.627763749827253,0.6306944444444442,1,anode_hold
3102.0,-2.5,3.983686347557972,4.029619745108986,0.045498832664566,-0.4345648864485518,27.627986756370312,0.6308333333333331,1,anode_hold
3103.0,-2.5,3.983502590225515,4.029594913214518,0.0456372208895437,-0.4551020994592036,27.62820976291337,0.630972222222222,1,anode_hold
3104.0,-2.5,3.9841575075853135,4.029399683827568,0.0451558717818548,-0.0863044603991447,27.62843276945643,0.631111111111111,1,anode_hold
3105.0,-2.5,3.9842984579014473,4.029565960021707,0.0455494651663489,0.2819630460888511,27.62865508304017,0.6312499999999999,1,anode_hold
3106.0,-2.5,3.9843034051812674,4.029973139764667,0.0452837936983252,-0.3859408850748203,27.62887728006197,0.6313888888888887,1,anode_hold
3107.0,-2.5,3.983910656491015,4.03011877868187,0.0463025761108567,0.0944539200018468,27.62909947708377,0.6315277777777776,1,anode_hold
3108.0,-2.5,3.9842730756164455,4.029611982575183,0.0454623405803278,0.1234336215905074,27.62932167410557,0.6316666666666664,1,anode_hold
3109.0,-2.5,3.984653921449669,4.029943450964152,0.0456203195330887,0.3307900186064749,27.62954387112737,0.6318055555555553,1,anode_hold
3110.0,-2.5,3.9845515743953857,4.030437049621273,0.0460045381678762,0.1190629419887123,27.62976606814917,0.6319444444444442,1,anode_hold
3111.0,-2.5,3.98505557106318,4.030102905366005,0.0454290186766224,0.3816843737980413,27.62998758009821,0.6320833333333329,1,anode_hold
3112.0,-2.5,3.985375697635423,4.030422340086688,0.0452121866654302,0.1655442141643703,27.630207665218407,0.6322222222222219,1,anode_hold
3113.0,-2.5,3.9849814264661223,4.030229599246891,0.0453043110250186,0.0561382442509916,27.630427750338605,0.6323611111111108,1,anode_hold
3114.0,-2.5,3.985287809696412,4.030920419003748,0.0449679318103149,-0.6646774970211489,27.63064783545881,0.6324999999999996,1,anode_hold
3115.0,-2.5,3.985270766290306,4.030587518383381,0.0455965211939409,0.2797691008664671,27.630867920579004,0.6326388888888888,1,anode_hold
3116.0,-2.5,3.985919852713889,4.030641357664283,0.0446744606327698,-0.0470443176245893,27.631088005699205,0.6327777777777774,1,anode_hold
3117.0,-2.5,3.986013688279052,4.03101407010454,0.0447878646285785,-0.2125171969091788,27.63130809081941,0.6329166666666663,1,anode_hold
3118.0,-2.5,3.98667395232892,4.03093309891914,0.0454597594605299,1.200612870309925,27.631526200637964,0.6330555555555554,1,anode_hold
3119.0,-2.5,3.986007469909989,4.031158489536515,0.0447241146522787,-0.4269049742475772,27.631743794088063,0.6331944444444442,1,anode_hold
3120.0,-2.5,3.9858549936123904,4.031541463233396,0.0446118456190302,-1.0746240019749995,27.63196138753817,0.6333333333333331,1,anode_hold
3121.0,-2.5,3.9863879492527583,4.031270989881097,0.0448721349034613,-0.0109057248773858,27.632178980988268,0.633472222222222,1,anode_hold
3122.0,-2.5,3.9863252089222776,4.031397919463911,0.0448665517676422,-0.2061587739907722,27.63239657443837,0.6336111111111109,1,anode_hold
3123.0,-2.5,3.986582159781781,4.031920766299339,0.0450627667087762,-0.2758398087818747,27.63261416788847,0.6337499999999998,1,anode_hold
3124.0,-2.5,3.987027247703498,4.031525109794689,0.0449375141460224,0.4396520548315408,27.63283139053706,0.6338888888888886,1,anode_hold
3125.0,-2.5,3.986696159038988,4.031607845730825,0.0449966937327279,0.085007040890872,27.63304756403993,0.6340277777777776,1,anode_hold
3126.0,-2.5,3.987126013337665,4.032036074568692,0.0452092089135056,0.2991476824787398,27.63326373754281,0.6341666666666665,1,anode_hold
3127.0,-2.5,3.9864017211155263,4.03149664449372,0.0444753023413927,-0.6196210368005772,27.633479911045683,0.6343055555555552,1,anode_hold
3128.0,-2.5,3.987481776659081,4.03231395731403,0.0449788115247938,0.1466308698452323,27.633696084548557,0.6344444444444443,1,anode_hold
3129.0,-2.5,3.9873322378749054,4.032011281749765,0.0453058591517971,0.6268152769388635,27.633912258051428,0.6345833333333332,1,anode_hold
3130.0,-2.5,3.987347750802827,4.031957176260559,0.0448733850422787,0.2639595845468356,27.634128431554306,0.634722222222222,1,anode_hold
3131.0,-2.5,3.98739708476214,4.032116140906499,0.0448593328547712,0.1402767104119462,27.634343470003245,0.6348611111111109,1,anode_hold
3132.0,-2.5,3.9880997266994256,4.032130202851742,0.0446594605155088,0.6289843631921421,27.634558087599636,0.6349999999999998,1,anode_hold
3133.0,-2.5,3.987650416093832,4.032653067933738,0.0445683825962908,-0.434269243614338,27.634772705196017,0.6351388888888885,1,anode_hold
3134.0,-2.5,3.988310381591048,4.032361833865691,0.0443293430634223,0.2778907887797111,27.634987322792405,0.6352777777777775,1,anode_hold
3135.0,-2.5,3.987905496331576,4.032016895009302,0.0441937414363712,0.0823427586458258,27.635201940388797,0.6354166666666663,1,anode_hold
3136.0,-2.5,3.988199089161964,4.032533460262137,0.0448271746096251,0.4928035094526883,27.63541655798518,0.6355555555555551,1,anode_hold
3137.0,-2.5,3.9884197711015297,4.033025951750761,0.0445513331289864,-0.0548475202450937,27.635630972286474,0.6356944444444441,1,anode_hold
3138.0,-2.5,3.9890495827807366,4.032849586302788,0.0446559113749471,0.8559078528955766,27.635844562560788,0.635833333333333,1,anode_hold
3139.0,-2.5,3.988646018288861,4.0328261441976085,0.0442439766431451,0.0638507343975192,27.636058152835098,0.6359722222222217,1,anode_hold
3140.0,-2.5,3.988771245666395,4.032794714104082,0.0445111425601089,0.4876741224224545,27.63627174310941,0.6361111111111107,1,anode_hold
3141.0,-2.5,3.988809177997263,4.033551651606649,0.0445901402716571,-0.1523333377289049,27.63648533338372,0.6362499999999996,1,anode_hold
3142.0,-2.5,3.9888678268768034,4.033137827171764,0.0443712949228887,0.1012946279281834,27.636698923658034,0.6363888888888887,1,anode_hold
3143.0,-2.5,3.9889053140105912,4.033582802990401,0.0445037539346334,-0.1737350451764818,27.636912513932344,0.6365277777777774,1,anode_hold
3144.0,-2.5,3.98975905783537,4.0329058117491225,0.0438116267534105,0.6648728396578818,27.637125773430487,0.6366666666666663,1,anode_hold
3145.0,-2.5,3.989786981787559,4.033514601292568,0.0443133242422478,0.5857047372388458,27.637338867240523,0.6368055555555553,1,anode_hold
3146.0,-2.5,3.989269261370045,4.0334348383328935,0.0436867050619142,-0.4788719009338749,27.63755196105056,0.6369444444444441,1,anode_hold
3147.0,-2.5,3.989653222558813,4.033714340220608,0.0440585319035,-0.0025857582954813,27.637765054860598,0.6370833333333332,1,anode_hold
3148.0,-2.5,3.9893813948764505,4.033939208014618,0.0442700912553057,-0.2877218828616357,27.63797814867063,0.6372222222222219,1,anode_hold
3149.0,-2.5,3.99014626402141,4.03386551886206,0.0444685175821848,0.7492627415346398,27.63819124248067,0.6373611111111108,1,anode_hold
3150.0,-2.5,3.9901991305387705,4.03420608412449,0.0444928950763286,0.4859414906093207,27.63840431338244,0.6374999999999998,1,anode_hold
3151.0,-2.5,3.990153648068071,4.034525418147004,0.0440273781334687,-0.3443919454642064,27.63861723704693,0.6376388888888886,1,anode_hold
3152.0,-2.5,3.990004540933448,4.034319406996718,0.0439178516509026,-0.3970144123677244,27.63883016071141,0.6377777777777774,1,anode_hold
3153.0,-2.5,3.9906032750073006,4.034042573029148,0.0441277493863998,0.6884513645526447,27.639043084375896,0.6379166666666665,1,anode_hold
3154.0,-2.5,3.9906854201543687,4.034778064584335,0.0443327512252817,0.2401067953150537,27.63925600804038,0.6380555555555552,1,anode_hold
3155.0,-2.5,3.990573321875181,4.0343786370237344,0.0441893384466718,0.3840232981184854,27.639468931704865,0.6381944444444441,1,anode_hold
3156.0,-2.5,3.9909750621903695,4.034679998540113,0.0440180884318225,0.3131520820787159,27.63968185536935,0.638333333333333,1,anode_hold
3157.0,-2.5,3.990473626661281,4.03510251242657,0.0438259930376906,-0.8028927275978148,27.63989475072769,0.6384722222222218,1,anode_hold
3158.0,-2.5,3.9908177153379,4.03491752343842,0.0436223331809734,-0.4774749195459726,27.64010762745112,0.6386111111111107,1,anode_hold
3159.0,-2.5,3.990832390592208,4.03493635953029,0.0436920642956705,-0.4119046424113648,27.64032050417455,0.6387499999999997,1,anode_hold
3160.0,-2.5,3.991272392564402,4.035017480282031,0.0439174447372493,0.1723570196205948,27.640533380897978,0.6388888888888884,1,anode_hold
3161.0,-2.5,3.991859019935848,4.0348149578265655,0.043989054838004,1.033116947286139,27.640746257621405,0.6390277777777773,1,anode_hold
3162.0,-2.5,3.9914936436805313,4.0351528925305065,0.0431161260505676,-0.5431227994074916,27.64095913434484,0.6391666666666662,1,anode_hold
3163.0,-2.5,3.991940137940038,4.035010083701652,0.0438785021602297,0.8085563986162114,27.641172023493297,0.6393055555555552,1,anode_hold
3164.0,-2.5,3.9917027410146417,4.035605613559078,0.0437114528786619,-0.1914196657737399,27.641385074261045,0.639444444444444,1,anode_hold
3165.0,-2.5,3.991703477211538,4.035437446570886,0.0439691668608083,0.2351975014605045,27.641598125028796,0.639583333333333,1,anode_hold
3166.0,-2.5,3.992242407987244,4.035672636440902,0.0436955842789022,0.265355825244562,27.64181117579654,0.6397222222222219,1,anode_hold
3167.0,-2.5,3.992214402324537,4.036086702019274,0.0440331094481351,0.1608097533978281,27.64202422656429,0.6398611111111108,1,anode_hold
3168.0,-2.5,3.992590458774093,4.036115740505303,0.0435707952861168,0.0455135549071172,27.64223727733204,0.6399999999999996,1,anode_hold
3169.0,-2.5,3.992570118080038,4.036063487117445,0.0434941649573666,0.0007959199592733,27.642450328099788,0.6401388888888886,1,anode_hold
3170.0,-2.5,3.992144147405011,4.036321257442344,0.0438989442823442,-0.278165754988624,27.642663599499823,0.6402777777777775,1,anode_hold
3171.0,-2.5,3.991730979505786,4.036385124413213,0.0435967657120896,-1.057379195338104,27.642877059023416,0.6404166666666664,1,anode_hold
3172.0,-2.5,3.9926438316759896,4.036270737462877,0.0435077783519582,-0.1191274349285897,27.64309051854701,0.6405555555555553,1,anode_hold
3173.0,-2.5,3.992357076227752,4.036560866591685,0.0429721887512299,-1.2316016127038587,27.6433039780706,0.6406944444444441,1,anode_hold
3174.0,-2.5,3.9923946119558096,4.036883877811436,0.0433443909846261,-1.1448748710005674,27.64351743759419,0.640833333333333,1,anode_hold
3175.0,-2.5,3.992480530850311,4.036492138056587,0.0443344296091586,0.3228224028828386,27.643730897117784,0.640972222222222,1,anode_hold
3176.0,-2.5,3.992839838058436,4.0367461887166645,0.0436870039047319,-0.2193467534969961,27.64394436018981,0.6411111111111107,1,anode_hold
3177.0,-2.5,3.9930802448534526,4.036296670623352,0.0436522632194818,0.4358374495829764,27.64415825559118,0.6412499999999997,1,anode_hold
3178.0,-2.5,3.993249846091487,4.036618144885036,0.0433554321652534,-0.0128666282956935,27.64437215099255,0.6413888888888886,1,anode_hold
3179.0,-2.5,3.993969667425328,4.037001419963336,0.0436194556751343,0.5877031371257502,27.64458604639392,0.6415277777777775,1,anode_hold
3180.0,-2.5,3.993100634679049,4.036942212345461,0.0435457517403828,-0.2958259260297247,27.64479994179529,0.6416666666666663,1,anode_hold
3181.0,-2.5,3.993569216475336,4.037236085553833,0.0437954544351649,0.1285853566677097,27.64501383719666,0.6418055555555551,1,anode_hold
3182.0,-2.5,3.993307188806745,4.037181403359537,0.0437717996357749,-0.102414917017235,27.645227732598038,0.641944444444444,1,anode_hold
3183.0,-2.5,3.993494196637639,4.037311176817169,0.0433060212901644,-0.5109588893650319,27.64544166052909,0.6420833333333329,1,anode_hold
3184.0,-2.5,3.9939298738379927,4.037448708207517,0.0432461968579654,-0.2726375115589263,27.64565562419609,0.6422222222222218,1,anode_hold
3185.0,-2.5,3.9941525317210216,4.037379113925646,0.0433508736836753,0.1242914790506866,27.64586958786309,0.6423611111111107,1,anode_hold
3186.0,-2.5,3.99375843676396,4.037863259808636,0.0437830749555184,-0.3217480891568591,27.64608355153009,0.6424999999999995,1,anode_hold
3187.0,-2.5,3.9946043740489054,4.03754705449916,0.0433094616529527,0.3667812026995065,27.64629751519709,0.6426388888888885,1,anode_hold
3188.0,-2.5,3.994099254770232,4.037874996840573,0.0435789177014483,-0.1968243688934556,27.646511478864088,0.6427777777777774,1,anode_hold
3189.0,-2.5,3.9947828998136776,4.038336806659967,0.0437821488810454,0.2282420347565761,27.64672544253109,0.6429166666666661,1,anode_hold
3190.0,-2.5,3.9946102231913354,4.038096894243108,0.0430443729411183,-0.4422981106544377,27.646938659786844,0.6430555555555552,1,anode_hold
3191.0,-2.5,3.995028951385749,4.037975457373082,0.0429349092255053,-0.0115967618272705,27.64715183351017,0.6431944444444441,1,anode_hold
3192.0,-2.5,3.9950583776775774,4.038103208461663,0.0430547000460744,0.009869261990314,27.647365007233496,0.6433333333333329,1,anode_hold
3193.0,-2.5,3.994933682929076,4.038524352202135,0.0431314655035175,-0.4592037695410056,27.647578180956824,0.6434722222222218,1,anode_hold
3194.0,-2.5,3.995294318436168,4.038654099771918,0.0437383379496421,0.3785566138923002,27.64779135468015,0.6436111111111107,1,anode_hold
3195.0,-2.5,3.99487935998065,4.03834531561567,0.0430261743898376,-0.4397812451832905,27.64800452840348,0.6437499999999997,1,anode_hold
3196.0,-2.5,3.995026133170221,4.038465065763752,0.0433241346404986,-0.114797953032486,27.648216948426576,0.6438888888888885,1,anode_hold
3197.0,-2.5,3.995447384774921,4.039343596122067,0.0433644287632908,-0.5317825838546675,27.648428298389597,0.6440277777777773,1,anode_hold
3198.0,-2.5,3.9961040010334177,4.038597674524647,0.0433556255432133,0.8619520519839163,27.648639648352614,0.6441666666666663,1,anode_hold
3199.0,-2.5,3.9956061900184014,4.039397389129902,0.0427335167012906,-1.0576824102095372,27.64885099831563,0.6443055555555552,1,anode_hold
3200.0,-2.5,3.9957887269602814,4.039101969492123,0.0430907145608484,-0.2225279709926475,27.64906234827865,0.6444444444444439,1,anode_hold
3201.0,-2.5,3.996605828070797,4.03895319933534,0.0427420064011405,0.3946351365979872,27.649273698241668,0.644583333333333,1,anode_hold
3202.0,-2.5,3.9962573884976726,4.039168698963274,0.0426024977153622,-0.3088127502390847,27.649485048204685,0.6447222222222219,1,anode_hold
3203.0,-2.5,3.99637642552474,4.039233587766764,0.042536998546417,-0.3201636956062792,27.649694334485293,0.6448611111111107,1,anode_hold
3204.0,-2.5,3.996192172843215,4.039331362586298,0.0427494356426707,-0.3897541004116434,27.64990334372376,0.6449999999999996,1,anode_hold
3205.0,-2.5,3.996656347632572,4.039647427287747,0.0427962315390656,-0.1948481161089255,27.65011235296223,0.6451388888888885,1,anode_hold
3206.0,-2.5,3.996947140075983,4.03912687392747,0.0434228896656856,1.2431558141980936,27.6503213622007,0.6452777777777775,1,anode_hold
3207.0,-2.5,3.996881648808632,4.040046963237485,0.0432648057137884,0.0994912849354712,27.650529863702992,0.6454166666666665,1,anode_hold
3208.0,-2.5,3.997251358078336,4.039964911615002,0.0421971418412259,-0.5164116954401443,27.65073665063858,0.6455555555555551,1,anode_hold
3209.0,-2.5,3.997244265101705,4.039687834754046,0.0426628293876753,0.2192597353345426,27.65094343757417,0.6456944444444441,1,anode_hold
3210.0,-2.5,3.997584298635195,4.039558640938393,0.0429283190999052,0.9539767967079448,27.651150224509763,0.645833333333333,1,anode_hold
3211.0,-2.5,3.997640817655078,4.040625418014464,0.0430296776291879,0.0450772698017409,27.651357011445352,0.6459722222222217,1,anode_hold
3212.0,-2.5,3.9974700563870553,4.03974509998257,0.0433063926790442,1.0313490835298644,27.65156267376385,0.6461111111111107,1,anode_hold
3213.0,-2.5,3.997883483765005,4.040409703529883,0.0427238352558267,0.1976154909488769,27.651767505875096,0.6462499999999997,1,anode_hold
3214.0,-2.5,3.998276671059946,4.040582526974498,0.0429074408248684,0.6015849103162552,27.65197233798634,0.6463888888888887,1,anode_hold
3215.0,-2.5,3.997938853056429,4.040155143556742,0.0427998400948227,0.5835495945096802,27.652177170097588,0.6465277777777776,1,anode_hold
3216.0,-2.5,3.997594068276313,4.040969836479708,0.0429372677349447,-0.438500468451064,27.65238200220883,0.6466666666666665,1,anode_hold
3217.0,-2.5,3.998118280346186,4.040248750611647,0.0423904650574218,0.259994791961482,27.65258533404025,0.6468055555555553,1,anode_hold
3218.0,-2.5,3.998100885422816,4.040278986264675,0.0422248402583765,0.0467394165180046,27.652788539186076,0.6469444444444441,1,anode_hold
3219.0,-2.5,3.999037737895386,4.0405302057655765,0.043132969211988,1.6405013417974956,27.652991744331896,0.647083333333333,1,anode_hold
3220.0,-2.5,3.9985863469144296,4.040754967963139,0.042271975107754,0.1033540590449355,27.65319494947772,0.6472222222222219,1,anode_hold
3221.0,-2.5,3.998125294711439,4.041518137803286,0.042680387541414,-0.7124555504329777,27.653397798676192,0.6473611111111108,1,anode_hold
3222.0,-2.5,3.998492468067026,4.0408357946758935,0.0423900943718431,0.0467677629760743,27.653599680421674,0.6474999999999997,1,anode_hold
3223.0,-2.5,3.9990791194477486,4.041865160362127,0.0427058569046546,-0.0801840097235384,27.65380156216716,0.6476388888888888,1,anode_hold
3224.0,-2.5,3.9983837220357104,4.041453070029668,0.0425123098968685,-0.5570380970891797,27.654003443912643,0.6477777777777773,1,anode_hold
3225.0,-2.5,3.99867627919677,4.041797919579196,0.0430082989074192,-0.1133414750067451,27.65420532565813,0.6479166666666665,1,anode_hold
3226.0,-2.5,3.998915477485444,4.041751220582198,0.0424578851378986,-0.3778579588558095,27.6544066929979,0.6480555555555554,1,anode_hold
3227.0,-2.5,3.9989616797027416,4.041469676151941,0.0425196083074173,0.0116118582180746,27.65460773939069,0.6481944444444441,1,anode_hold
3228.0,-2.5,3.998919330903115,4.041704690062554,0.0426248875157833,-0.1604716436554021,27.65480878578348,0.6483333333333332,1,anode_hold
3229.0,-2.5,3.999227648602493,4.042030386078424,0.0424259769400127,-0.3767605359183967,27.655009832176276,0.6484722222222218,1,anode_hold
3230.0,-2.5,3.9988561009055994,4.042118506715871,0.0424738167119093,-0.7885890983625465,27.655210878569065,0.6486111111111108,1,anode_hold
3231.0,-2.5,3.999202577446916,4.042688631829135,0.0427948747539048,-0.6911796283146643,27.655411602363323,0.6487499999999997,1,anode_hold
3232.0,-2.5,3.999293665141552,4.041917350894763,0.0428929258505814,0.2692400973707265,27.655612313632343,0.6488888888888884,1,anode_hold
3233.0,-2.5,3.999479954901338,4.041886647500889,0.0432220858468079,0.8153932472567682,27.65581302490137,0.6490277777777775,1,anode_hold
3234.0,-2.5,3.999577643177057,4.042020917542529,0.0424556708364465,0.0123964709746182,27.656013736170397,0.6491666666666664,1,anode_hold
3235.0,-2.5,3.999767462520688,4.042091422936768,0.0430854586468692,0.7614982307893037,27.65621448424113,0.6493055555555554,1,anode_hold
3236.0,-2.5,3.99977372045172,4.042533723849659,0.0428672220531668,0.107218655228003,27.656415314434245,0.6494444444444443,1,anode_hold
3237.0,-2.5,3.9998626493935903,4.042785801719989,0.0429419584516876,0.0188061252885951,27.656616144627364,0.649583333333333,1,anode_hold
3238.0,-2.5,4.00020613041748,4.043371934971223,0.0429372494487971,-0.2285551049459044,27.656816974820483,0.6497222222222219,1,anode_hold
3239.0,-2.5,4.000477669047833,4.042920272111132,0.0428280297648392,0.3854267015412915,27.6570178050136,0.6498611111111108,1,anode_hold
3240.0,-2.5,4.000619445029444,4.04280182521102,0.0428201454211465,0.6377652395701539,27.657219022235605,0.6499999999999996,1,anode_hold
3241.0,-2.5,4.000115339894438,4.043129510425003,0.0431316518412803,0.1174813107152061,27.657420442154777,0.6501388888888886,1,anode_hold
3242.0,-2.5,4.000665280034733,4.043788964921241,0.042585733342183,-0.5379515443246774,27.657621862073952,0.6502777777777775,1,anode_hold
3243.0,-2.5,4.000945350772435,4.0431352390295565,0.042601941263773,0.4120530066513694,27.657823281993128,0.6504166666666664,1,anode_hold
3244.0,-2.5,4.000771454800578,4.043125951602432,0.042502345428834,0.1478486269794743,27.658024701912304,0.6505555555555554,1,anode_hold
3245.0,-2.5,4.0011218216869215,4.043634722576023,0.0427432063903477,0.230305501246697,27.65822612183148,0.6506944444444442,1,anode_hold
3246.0,-2.5,4.0010553297477705,4.043807653448587,0.0429767726724843,0.2244489716680675,27.658428035792397,0.6508333333333332,1,anode_hold
3247.0,-2.5,4.001383470575674,4.043910948881261,0.0418934604849181,-0.6340178206682978,27.65863044945817,0.6509722222222221,1,anode_hold
3248.0,-2.5,4.000962771895113,4.04397893901379,0.042777529658411,-0.238637460266311,27.658832863123948,0.651111111111111,1,anode_hold
3249.0,-2.5,4.001707114744932,4.044194252671794,0.042527530503328,0.0403925764667079,27.659035276789723,0.6512499999999997,1,anode_hold
3250.0,-2.5,4.001573291237184,4.044544249804582,0.0429004223147015,-0.0705362526955966,27.659237690455495,0.6513888888888887,1,anode_hold
3251.0,-2.5,4.001646503371791,4.04465105952973,0.0422377397029367,-0.766816455001873,27.65944010412128,0.6515277777777776,1,anode_hold
3252.0,-2.5,4.001929806237825,4.0445064202197,0.0418045646146119,-0.7720493672636053,27.659642856076346,0.6516666666666666,1,anode_hold
3253.0,-2.5,4.002474581300261,4.04441292685085,0.0424461652895028,0.507819738913895,27.659846270552528,0.6518055555555553,1,anode_hold
3254.0,-2.5,4.002620815003451,4.044154030735131,0.0420044074537499,0.4711917220703299,27.66004968502871,0.6519444444444442,1,anode_hold
3255.0,-2.5,4.002571595450504,4.0443110361186285,0.0421321630519841,0.3927223838591231,27.66025309950489,0.6520833333333332,1,anode_hold
3256.0,-2.5,4.002915406352088,4.044187268307906,0.0421626011675389,0.8907392117212254,27.66045651398108,0.6522222222222218,1,anode_hold
3257.0,-2.5,4.002693254533012,4.044527856276176,0.0424057338866646,0.5711321435013517,27.66065992845726,0.6523611111111108,1,anode_hold
3258.0,-2.5,4.002604129694533,4.044847203837895,0.0416137284005492,-0.6293457428121485,27.660863940726816,0.6524999999999996,1,anode_hold
3259.0,-2.5,4.002580878479964,4.045152524373537,0.041057711123788,-1.51393476978523,27.66106810733959,0.6526388888888885,1,anode_hold
3260.0,-2.5,4.003294066915941,4.044641825377539,0.0420217573510294,0.6739988894306492,27.66127227395237,0.6527777777777777,1,anode_hold
3261.0,-2.5,4.003422444529317,4.045511974253024,0.041487763163575,-0.601766560132333,27.661476440565146,0.6529166666666661,1,anode_hold
3262.0,-2.5,4.003640199867423,4.045145466900473,0.0414751910140942,-0.0300760189553273,27.66168060717792,0.6530555555555553,1,anode_hold
3263.0,-2.5,4.003811754252405,4.0447426746838975,0.0414995606647654,0.5686402332729656,27.66188486408429,0.6531944444444444,1,anode_hold
3264.0,-2.5,4.004316537841883,4.045503091287896,0.0411734041586728,-0.0131492873407523,27.662089389614696,0.6533333333333329,1,anode_hold
3265.0,-2.5,4.003834631359416,4.045223923614574,0.0414735257783745,0.0842335232160707,27.662293915145103,0.653472222222222,1,anode_hold
3266.0,-2.5,4.004038080143899,4.045340937218075,0.0413207187895304,0.0178617153547833,27.662498440675517,0.6536111111111109,1,anode_hold
3267.0,-2.5,4.005004790881904,4.04568354375181,0.0413621893040496,0.6834364341443688,27.66270296620592,0.6537499999999997,1,anode_hold
3268.0,-2.5,4.004820061026483,4.045470243616855,0.0405568556950531,-0.0933268953184907,27.662907491736327,0.6538888888888887,1,anode_hold
3269.0,-2.5,4.004652002482151,4.045920834450316,0.0407857712384551,-0.4830607297101608,27.663111837292576,0.6540277777777773,1,anode_hold
3270.0,-2.5,4.004281460227124,4.046056691196786,0.0418932176357242,0.1179866660621087,27.663316108747853,0.6541666666666663,1,anode_hold
3271.0,-2.5,4.00478802768495,4.046441289312961,0.0406127716579927,-1.0404899700180437,27.66352038020313,0.6543055555555553,1,anode_hold
3272.0,-2.5,4.00508544600138,4.045923491517828,0.041405014832755,0.5669693163072864,27.663724651658413,0.6544444444444439,1,anode_hold
3273.0,-2.5,4.005318505077984,4.045941215725584,0.0412696343319262,0.6469236843260617,27.66392892311369,0.654583333333333,1,anode_hold
3274.0,-2.5,4.005548677959242,4.047178634296694,0.0407414909535979,-0.8884653838538981,27.66413301342181,0.6547222222222219,1,anode_hold
3275.0,-2.5,4.005560232519648,4.046320566691147,0.0408755072397662,0.1151730682673601,27.66433618786946,0.6548611111111109,1,anode_hold
3276.0,-2.5,4.006109099870741,4.0470083003154524,0.0407734660558843,-0.1257343888267925,27.664539362317104,0.6549999999999996,1,anode_hold
3277.0,-2.5,4.005545903493892,4.046666842838909,0.0402059612993747,-0.914978045642556,27.66474253676475,0.6551388888888885,1,anode_hold
3278.0,-2.5,4.005953383497302,4.0466974877187925,0.0401076864594582,-0.6364177620321598,27.664945711212397,0.6552777777777775,1,anode_hold
3279.0,-2.5,4.005971458628818,4.047554093482043,0.0409774365634014,-0.6051982898238606,27.66514888566004,0.6554166666666663,1,anode_hold
3280.0,-2.5,4.006534393625057,4.047268221422606,0.0405488147627284,-0.1850130348204359,27.665350635363836,0.6555555555555552,1,anode_hold
3281.0,-2.5,4.006476564353759,4.046979596573159,0.0404206150498751,-0.0824171695246178,27.66555151888288,0.6556944444444441,1,anode_hold
3282.0,-2.5,4.006781396312972,4.047137434073815,0.0403728397872947,0.016802026451046,27.665752402401928,0.655833333333333,1,anode_hold
3283.0,-2.5,4.006689318425636,4.047531619165565,0.040818378215067,-0.0239225248623853,27.66595328592097,0.655972222222222,1,anode_hold
3284.0,-2.5,4.007913073412463,4.047366039438206,0.0406471934518511,1.1942274261080854,27.666154169440023,0.656111111111111,1,anode_hold
3285.0,-2.5,4.007125125528769,4.047674981118599,0.0406013651767232,0.0515095868935944,27.66635505295907,0.6562499999999996,1,anode_hold
3286.0,-2.5,4.006804542390293,4.047514578886557,0.0405510168840873,-0.1590196121759035,27.66655593647812,0.6563888888888887,1,anode_hold
3287.0,-2.5,4.007137406428107,4.047668888157818,0.0405213052513014,-0.010176478409285,27.66675371661504,0.6565277777777776,1,anode_hold
3288.0,-2.5,4.00712573043967,4.047893226279808,0.0402142181871096,-0.5532776530285943,27.666951075925724,0.6566666666666663,1,anode_hold
3289.0,-2.5,4.007580544107726,4.047860246426462,0.0406133607351095,0.3336584163733391,27.66714843523641,0.6568055555555553,1,anode_hold
3290.0,-2.5,4.007751592863489,4.04760448132341,0.0408909796884766,1.038091228554805,27.667345794547085,0.6569444444444442,1,anode_hold
3291.0,-2.5,4.007682597606533,4.048144716013987,0.0403249848670895,-0.137133540365042,27.667543153857768,0.657083333333333,1,anode_hold
3292.0,-2.5,4.00762122598412,4.047916819772237,0.0405451647452458,0.2495709571288529,27.667740513168447,0.6572222222222222,1,anode_hold
3293.0,-2.5,4.007580763291463,4.048193751912043,0.0404627818514624,-0.150206769117922,27.667937269217735,0.6573611111111108,1,anode_hold
3294.0,-2.5,4.008359280989716,4.048274506092569,0.0404960326524004,0.5808075495483678,27.668130297025595,0.6574999999999998,1,anode_hold
3295.0,-2.5,4.008310139310959,4.0481924410990455,0.0407032704871225,0.8209686990356957,27.668323324833448,0.6576388888888887,1,anode_hold
3296.0,-2.5,4.0071931870086495,4.049181594871474,0.0404293101358716,-1.5590977269530626,27.668516352641305,0.6577777777777776,1,anode_hold
3297.0,-2.5,4.008189070179356,4.048255727534929,0.0401149834288971,0.0483260733243895,27.66870938044916,0.6579166666666665,1,anode_hold
3298.0,-2.5,4.008013863059588,4.049166545960808,0.0407824207745831,-0.3702621266361561,27.66890240825701,0.6580555555555554,1,anode_hold
3299.0,-2.5,4.008249742177501,4.048533519620113,0.0401300315208971,-0.1537459217146874,27.669095436064868,0.6581944444444443,1,anode_hold
3300.0,-2.5,4.008965058399776,4.048859914510787,0.0403198362949352,0.4249801839231182,27.6692866297562,0.6583333333333332,1,anode_hold
3301.0,-2.5,4.008208417473665,4.0493718091682975,0.0404655413203331,-0.6978503742995912,27.669475048723267,0.658472222222222,1,anode_hold
3302.0,-2.5,4.008327483015266,4.049212866407057,0.0406682783051219,-0.2171050866683899,27.66966346769033,0.658611111111111,1,anode_hold
3303.0,-2.5,4.009467293247877,4.0493681770144185,0.0404551144759246,0.5542307093833188,27.6698518866574,0.6587499999999997,1,anode_hold
3304.0,-2.5,4.00867990362,4.049978192850919,0.0407024128308082,-0.5958764001103845,27.670040305624468,0.6588888888888886,1,anode_hold
3305.0,-2.5,4.008843297382152,4.049704515867943,0.0407714424164607,-0.0897760693296945,27.67022872459153,0.6590277777777777,1,anode_hold
3306.0,-2.5,4.009348591518183,4.049981611948298,0.0404553012750401,-0.1777191550749179,27.6704171435586,0.6591666666666665,1,anode_hold
3307.0,-2.5,4.008945585285071,4.049767951926218,0.0403408645790199,-0.4815020621276034,27.670602688686863,0.6593055555555554,1,anode_hold
3308.0,-2.5,4.009202965297286,4.049829074586806,0.040505205778783,-0.1209035107372358,27.670786731067224,0.6594444444444443,1,anode_hold
3309.0,-2.5,4.009359529152248,4.049918822509844,0.0403711069427761,-0.1881864148201018,27.67097077344759,0.6595833333333332,1,anode_hold
3310.0,-2.5,4.009801984749335,4.050498069134456,0.0405538650452413,-0.1422193398790128,27.67115481582795,0.6597222222222221,1,anode_hold
3311.0,-2.5,4.008988171409244,4.0491625174088846,0.0412766709067515,1.1023249071104857,27.671338858208312,0.6598611111111109,1,anode_hold
3312.0,-2.5,4.009316288493747,4.0503270798631945,0.0405963705710157,-0.4144207984317916,27.67152290058868,0.6599999999999998,1,anode_hold
3313.0,-2.5,4.009621375562625,4.050459853285141,0.0403354130510596,-0.5030646714567766,27.67170694296904,0.6601388888888888,1,anode_hold
3314.0,-2.5,4.010035991682919,4.049899163461676,0.0409654451728757,1.1022733941183915,27.671887532143984,0.6602777777777775,1,anode_hold
3315.0,-2.5,4.009673915703492,4.050575344397752,0.0408222375626651,-0.0791911315953797,27.672067801858827,0.6604166666666664,1,anode_hold
3316.0,-2.5,4.010109098850883,4.050533770580475,0.0409452475778846,0.5205758482924594,27.672248071573662,0.6605555555555555,1,anode_hold
3317.0,-2.5,4.009919980990594,4.050416250293615,0.040215459908042,-0.2808093949786538,27.67242834128851,0.6606944444444443,1,anode_hold
3318.0,-2.5,4.010059288533233,4.050865035013241,0.0405431947601086,-0.2625517198993066,27.67260861100335,0.6608333333333332,1,anode_hold
3319.0,-2.5,4.010663554311344,4.050564298485201,0.0404981891576484,0.5974449837911067,27.672788880718198,0.6609722222222221,1,anode_hold
3320.0,-2.5,4.010316770975745,4.0514461699471935,0.0408336770714512,-0.2957218999970479,27.672968684329867,0.661111111111111,1,anode_hold
3321.0,-2.5,4.011394826904394,4.050718211287129,0.0401498030215254,0.8264186387902939,27.67314627537693,0.6612499999999997,1,anode_hold
3322.0,-2.5,4.010732938739685,4.050845108942739,0.0408931727035211,0.7810025004673093,27.67332386642399,0.6613888888888887,1,anode_hold
3323.0,-2.5,4.011081721069994,4.051171153072679,0.0403068750007765,0.217442998091677,27.673501457471048,0.6615277777777776,1,anode_hold
3324.0,-2.5,4.011085387939561,4.051399371439733,0.0410667137557756,0.7527302556029625,27.673679048518107,0.6616666666666666,1,anode_hold
3325.0,-2.5,4.010514787288842,4.051699371925823,0.040422922577638,-0.7616620593431378,27.67385663956517,0.6618055555555553,1,anode_hold
3326.0,-2.5,4.010638329468861,4.051696091210646,0.0407868699027043,-0.2708918390803561,27.674034230612225,0.6619444444444442,1,anode_hold
3327.0,-2.5,4.011372367738683,4.051727028802809,0.0406387406479583,0.284079583832586,27.67421116765337,0.6620833333333331,1,anode_hold
3328.0,-2.5,4.011029486678112,4.0510281954223055,0.040238398823931,0.2396900797370094,27.67438724720764,0.662222222222222,1,anode_hold
3329.0,-2.5,4.011331929549495,4.0517727396198095,0.0400515587083007,-0.3892513620131765,27.6745633267619,0.662361111111111,1,anode_hold
3330.0,-2.5,4.011530290418923,4.051980965616313,0.0403738925397113,-0.0767826576781871,27.67473940631616,0.6624999999999999,1,anode_hold
3331.0,-2.5,4.011491171892344,4.052391571137569,0.0403438782300749,-0.5565210151496913,27.67491548587042,0.6626388888888888,1,anode_hold
3332.0,-2.5,4.012256247252004,4.051897101528913,0.040349400440394,0.7085461634845913,27.675091565424683,0.6627777777777777,1,anode_hold
3333.0,-2.5,4.012269992546317,4.052426595513971,0.039960098364583,-0.1965046030711903,27.675267644978945,0.6629166666666665,1,anode_hold
3334.0,-2.5,4.012235501309077,4.052291005821874,0.0399416870072821,-0.1138175055146462,27.6754435224019,0.6630555555555554,1,anode_hold
3335.0,-2.5,4.012503482237387,4.052270855506591,0.0396799987371648,-0.0873745320397745,27.67561930959352,0.6631944444444442,1,anode_hold
3336.0,-2.5,4.012215118272467,4.052605808647132,0.0401142952032481,-0.2763951714168655,27.675795096785144,0.6633333333333331,1,anode_hold
3337.0,-2.5,4.012901542026571,4.0526476867033,0.0404103730743044,0.6642283975750729,27.675970883976767,0.663472222222222,1,anode_hold
3338.0,-2.5,4.0125360737791,4.052853499076376,0.0400898912678539,-0.2275340294213279,27.676146671168397,0.663611111111111,1,anode_hold
3339.0,-2.5,4.013411602820695,4.052894480392324,0.0396752626042874,0.1923850326592813,27.676322458360016,0.6637499999999998,1,anode_hold
3340.0,-2.5,4.012894999230817,4.053286325005828,0.0398091888582047,-0.5821369168064194,27.67649824555164,0.6638888888888888,1,anode_hold
3341.0,-2.5,4.01309792716797,4.053362771731487,0.0399831648742925,-0.2816796892242124,27.67667444122588,0.6640277777777777,1,anode_hold
3342.0,-2.5,4.013783683649937,4.052901833474849,0.0402202362790485,1.1020864541366748,27.67685065837429,0.6641666666666666,1,anode_hold
3343.0,-2.5,4.013798945707616,4.053778839877181,0.0393402235447566,-0.6396706248086304,27.67702687552271,0.6643055555555553,1,anode_hold
3344.0,-2.5,4.013487612607883,4.053839311678984,0.0398395817704928,-0.5121173006079616,27.677203092671125,0.6644444444444443,1,anode_hold
3345.0,-2.5,4.014125106759795,4.053787856635716,0.0395371411370531,-0.1256087388679105,27.677379309819543,0.6645833333333332,1,anode_hold
3346.0,-2.5,4.01411368052057,4.053688770315848,0.0393609315187769,-0.2141582765009531,27.67755552696796,0.664722222222222,1,anode_hold
3347.0,-2.5,4.014290626219654,4.054314522548544,0.0397195275791374,-0.3043687497523706,27.677731865968155,0.6648611111111109,1,anode_hold
3348.0,-2.5,4.014647509724812,4.053727629665166,0.0394564967822864,0.3763768419329238,27.67790866687074,0.6649999999999998,1,anode_hold
3349.0,-2.5,4.014823206128583,4.054015198327727,0.0391021366211548,-0.0898555779897947,27.67808546777332,0.6651388888888887,1,anode_hold
3350.0,-2.5,4.015120399396688,4.053759289506267,0.0390025422839223,0.3636521743430876,27.6782622686759,0.6652777777777776,1,anode_hold
3351.0,-2.5,4.015135956809083,4.054205177384811,0.0397993218301194,0.7301012543914354,27.67843906957848,0.6654166666666664,1,anode_hold
3352.0,-2.5,4.0152654765532985,4.054604324631792,0.038832158720181,-0.5066893583123289,27.678615898797144,0.6655555555555555,1,anode_hold
3353.0,-2.5,4.015309446355472,4.054226932183396,0.0388682286511377,-0.049257176786277,27.67879319676564,0.6656944444444444,1,anode_hold
3354.0,-2.5,4.015961139066153,4.05469799625733,0.0396868548652526,0.9499976740761084,27.678970494734124,0.665833333333333,1,anode_hold
3355.0,-2.5,4.015450656554664,4.054274652731391,0.0388088950304262,-0.0151011463005445,27.67914779270261,0.6659722222222221,1,anode_hold
3356.0,-2.5,4.016430415860669,4.054818113611703,0.0389289950656936,0.5412973146592392,27.679325090671107,0.666111111111111,1,anode_hold
3357.0,-2.5,4.016684066608643,4.055262224443696,0.0389186250031644,0.3404671681108695,27.679502388639595,0.6662499999999998,1,anode_hold
3358.0,-2.5,4.01684403357081,4.054796984185191,0.0387983334307385,0.8453828163581534,27.67968012703452,0.6663888888888887,1,anode_hold
3359.0,-2.5,4.016315243503918,4.054946210989243,0.038577577771642,-0.0533897136829608,27.679857911557363,0.6665277777777776,1,anode_hold
3360.0,-2.5,4.017151394428485,4.05540819746063,0.0391755066062764,0.9187035741309302,27.680035696080207,0.6666666666666665,1,anode_hold
3361.0,-2.5,4.017027789641104,4.055486658039855,0.0382078271972569,-0.2510412014933294,27.68021348060305,0.6668055555555554,1,anode_hold
3362.0,-2.5,4.017168209749786,4.055267765500715,0.0378226375568452,-0.2769181940838194,27.6803912651259,0.6669444444444442,1,anode_hold
3363.0,-2.5,4.017984616950677,4.055458907527751,0.0390895971219983,1.6153065449255877,27.680569421925675,0.667083333333333,1,anode_hold
3364.0,-2.5,4.017201521171363,4.055502849299132,0.0381506969478169,-0.1506311799523985,27.680747700562637,0.6672222222222222,1,anode_hold
3365.0,-2.5,4.017459656229864,4.055881171639518,0.0379730937027477,-0.4484217069062879,27.680925979199596,0.6673611111111108,1,anode_hold
3366.0,-2.5,4.017056102070109,4.055895647234151,0.0386099592645206,-0.2295858995218225,27.681104257836548,0.6674999999999998,1,anode_hold
3367.0,-2.5,4.016912272737364,4.055889568200971,0.0385444776872367,-0.4328177763701646,27.681282536473507,0.6676388888888887,1,anode_hold
3368.0,-2.5,4.017800520312531,4.055689397769884,0.0383613975206133,0.4725200632602622,27.681461115665037,0.6677777777777776,1,anode_hold
3369.0,-2.5,4.017970547382745,4.0555633071832045,0.03823383694502,0.6410771445608532,27.681639893851457,0.6679166666666665,1,anode_hold
3370.0,-2.5,4.018181136445448,4.055549274719367,0.0379141536550339,0.5460153811149837,27.68181867203788,0.6680555555555554,1,anode_hold
3371.0,-2.5,4.018188366021745,4.056345096368268,0.0383791139381296,0.2223835916073113,27.6819974502243,0.6681944444444441,1,anode_hold
3372.0,-2.5,4.017627084640961,4.057238601423289,0.0382125965823415,-1.398920199986442,27.682176228410725,0.6683333333333332,1,anode_hold
3373.0,-2.5,4.018457730119051,4.056613132981262,0.0377579889957984,-0.3974138664126769,27.682355179102395,0.6684722222222218,1,anode_hold
3374.0,-2.5,4.018793915803565,4.056806495731375,0.0379618297929104,-0.0507501348998573,27.68253434073646,0.6686111111111108,1,anode_hold
3375.0,-2.5,4.019040642213531,4.056619054148404,0.0379592517733275,0.380839838453717,27.68271350237052,0.6687499999999997,1,anode_hold
3376.0,-2.5,4.0183957354599285,4.056862841287062,0.0378918224162692,-0.5752834108641025,27.682892664004587,0.6688888888888886,1,anode_hold
3377.0,-2.5,4.018524402659145,4.056533658108046,0.0374801459453073,-0.5291095035939719,27.683071825638653,0.6690277777777777,1,anode_hold
3378.0,-2.5,4.018692522956673,4.05698037074098,0.0374805785724183,-0.8072692118892277,27.683251008859823,0.6691666666666665,1,anode_hold
3379.0,-2.5,4.018811668724776,4.056699010161687,0.038008237361242,0.120895924331954,27.683430242907654,0.6693055555555553,1,anode_hold
3380.0,-2.5,4.018619732821495,4.057338267135063,0.0381381029591441,-0.5804313544235384,27.68360947695549,0.6694444444444443,1,anode_hold
3381.0,-2.5,4.019003282915074,4.056890366658594,0.0379168028450051,0.0297191014846376,27.683788711003324,0.6695833333333332,1,anode_hold
3382.0,-2.5,4.019786764633224,4.05767277721731,0.0383568585264309,0.4708459423445887,27.683967945051155,0.6697222222222219,1,anode_hold
3383.0,-2.5,4.019095724752569,4.057471971238737,0.0375062220650912,-0.8700244210766428,27.68414711533053,0.6698611111111109,1,anode_hold
3384.0,-2.5,4.018954020062624,4.057783494398771,0.0379805631755707,-0.8489111605758382,27.6843259136112,0.6699999999999997,1,anode_hold
3385.0,-2.5,4.019533886344325,4.057807879416408,0.0382521576397631,-0.0218354323191505,27.68450471189187,0.6701388888888888,1,anode_hold
3386.0,-2.5,4.019566600974798,4.057365464709561,0.0379734929009683,0.1746291662048094,27.684683510172533,0.6702777777777773,1,anode_hold
3387.0,-2.5,4.020024257548902,4.057510476528636,0.0376763276907846,0.1901087110507404,27.6848623084532,0.6704166666666664,1,anode_hold
3388.0,-2.5,4.019698838776376,4.058314714587614,0.0383044356160694,-0.3114401951691548,27.68504110673387,0.6705555555555551,1,anode_hold
3389.0,-2.5,4.0199744908160975,4.058226933002135,0.0381056621899,-0.1467799961378801,27.685218830673005,0.670694444444444,1,anode_hold
3390.0,-2.5,4.019883673002956,4.058453846731877,0.0379772213687733,-0.5929523601473363,27.68539654874048,0.6708333333333331,1,anode_hold
3391.0,-2.5,4.019950651825285,4.058936709818127,0.0385112602325136,-0.4747977603285491,27.685574266807947,0.6709722222222219,1,anode_hold
3392.0,-2.5,4.020461053967464,4.058627019697677,0.037564869037931,-0.6010966922813665,27.68575198487542,0.6711111111111108,1,anode_hold
3393.0,-2.5,4.020493765447692,4.059007987600351,0.0378264319560753,-0.6877901965838262,27.685929702942893,0.6712499999999999,1,anode_hold
3394.0,-2.5,4.020556314368946,4.058577455569373,0.0379248177357653,-0.0963234646613742,27.686105936356423,0.6713888888888884,1,anode_hold
3395.0,-2.5,4.020845130669202,4.058535284226306,0.0382537510042961,0.5635974471926986,27.686281892835208,0.6715277777777775,1,anode_hold
3396.0,-2.5,4.020558534358193,4.0588910907295634,0.037756499201239,-0.5760571701314277,27.686457849314,0.6716666666666663,1,anode_hold
3397.0,-2.5,4.020929604665555,4.058972540787193,0.0379862950065421,-0.0566411150959567,27.686633805792784,0.6718055555555551,1,anode_hold
3398.0,-2.5,4.021102288332235,4.05913460595989,0.0374428752219917,-0.5894424056620551,27.68680976227157,0.671944444444444,1,anode_hold
3399.0,-2.5,4.021522651715125,4.059383337270777,0.0379408105697009,0.0801250140485265,27.686983774485444,0.6720833333333329,1,anode_hold
3400.0,-2.5,4.0207297210402295,4.059503323911029,0.0376724013193002,-1.1012015514992868,27.687156917351885,0.6722222222222218,1,anode_hold
3401.0,-2.5,4.021323354400217,4.05973732267926,0.0374650132380287,-0.948955041013555,27.68733006021832,0.6723611111111107,1,anode_hold
3402.0,-2.5,4.021694838410546,4.0593338291019165,0.0378363765306648,0.1973858392947391,27.687503203084763,0.6724999999999995,1,anode_hold
3403.0,-2.5,4.021517257707717,4.059360726956728,0.0375961018940525,-0.2473673549587829,27.6876763459512,0.6726388888888886,1,anode_hold
3404.0,-2.5,4.021849133220296,4.0598000745842135,0.0376649027125796,-0.2860386513381385,27.68784948881764,0.6727777777777775,1,anode_hold
3405.0,-2.5,4.022158804648114,4.060010584494285,0.0376880575375373,-0.163722308633929,27.68802263168408,0.6729166666666664,1,anode_hold
3406.0,-2.5,4.022229238512135,4.059962696243654,0.0378134717486182,0.080014017099117,27.68819530532257,0.6730555555555552,1,anode_hold
3407.0,-2.5,4.0217095877390365,4.060056675574346,0.0376626377581404,-0.6844500771689965,27.688364910889536,0.6731944444444441,1,anode_hold
3408.0,-2.5,4.022008314960438,4.060641423576949,0.0373788930373992,-1.2542155791122056,27.688534516456503,0.6733333333333331,1,anode_hold
3409.0,-2.5,4.021665322043831,4.060330129876917,0.0375507408576692,-1.1140669754166057,27.688704122023477,0.6734722222222218,1,anode_hold
3410.0,-2.5,4.02285286470911,4.059968897456569,0.0371389823455354,0.0229495980761385,27.68887372759044,0.6736111111111107,1,anode_hold
3411.0,-2.5,4.022862917150658,4.060233482751582,0.0372519578373876,-0.1186077635368931,27.68904333315741,0.6737499999999997,1,anode_hold
3412.0,-2.5,4.023347080966141,4.060985015972549,0.0373331150149257,-0.3048199914825744,27.689212938724378,0.6738888888888885,1,anode_hold
3413.0,-2.5,4.023100863234579,4.06084759009704,0.0375973540402952,-0.1493728221646506,27.689382544291348,0.6740277777777774,1,anode_hold
3414.0,-2.5,4.022886068357841,4.060273246189806,0.0378624682893235,0.4752904573583905,27.689550381640363,0.6741666666666664,1,anode_hold
3415.0,-2.5,4.0236984259892745,4.060530412417155,0.0380767757207839,1.2447892929037252,27.68971690820112,0.6743055555555553,1,anode_hold
3416.0,-2.5,4.023125100128609,4.061013605793089,0.0372962049620823,-0.5923007023973526,27.68988343476187,0.6744444444444442,1,anode_hold
3417.0,-2.5,4.023667117658819,4.060900633713247,0.0367409162022429,-0.4925998521843056,27.690049961322625,0.6745833333333332,1,anode_hold
3418.0,-2.5,4.0237516887864,4.061251765264983,0.0371003828823481,-0.3996935962344849,27.69021648788338,0.6747222222222218,1,anode_hold
3419.0,-2.5,4.02419368101279,4.060887507697696,0.0376620655095266,0.9682388246208262,27.69038301444413,0.6748611111111109,1,anode_hold
3420.0,-2.5,4.024379939704436,4.061305349597475,0.0374289421613736,0.503532268334439,27.690549541004884,0.6749999999999998,1,anode_hold
3421.0,-2.5,4.024124609271568,4.061507521974009,0.0372484945109205,-0.1344181915206022,27.69071603397317,0.6751388888888885,1,anode_hold
3422.0,-2.5,4.024174307462917,4.06171137729756,0.037110980999673,-0.4260888349705283,27.69088044947382,0.6752777777777775,1,anode_hold
3423.0,-2.5,4.024522495140468,4.061657243281124,0.0372320553428456,0.0973072021901444,27.69104486497447,0.6754166666666663,1,anode_hold
3424.0,-2.5,4.024506192821671,4.061718799994504,0.0365832747373787,-0.629332435453378,27.69120928047512,0.6755555555555552,1,anode_hold
3425.0,-2.5,4.025108973434739,4.061812225029247,0.0365942097674525,-0.1090418270557336,27.69137369597577,0.6756944444444444,1,anode_hold
3426.0,-2.5,4.025079316929577,4.062103760450258,0.0369933235858515,-0.0311199348299595,27.69153811147642,0.6758333333333328,1,anode_hold
3427.0,-2.5,4.0255280752551394,4.06224961516711,0.0366976984452754,-0.0238414666950959,27.691702526977068,0.675972222222222,1,anode_hold
3428.0,-2.5,4.026036730210101,4.061943853676674,0.0367246086830462,0.8174852164737345,27.69186694247772,0.6761111111111109,1,anode_hold
3429.0,-2.5,4.025131916143013,4.062026796764986,0.0368851937546145,-0.0096868673580274,27.69203076627144,0.6762499999999997,1,anode_hold
3430.0,-2.5,4.025351447748192,4.062392431839737,0.0365151538967464,-0.5258301947987931,27.692193888545656,0.6763888888888887,1,anode_hold
3431.0,-2.5,4.025816856758943,4.062138216223727,0.0368949289954562,0.5735695306716693,27.692357010819872,0.6765277777777776,1,anode_hold
3432.0,-2.5,4.025933858005876,4.06249127711482,0.0366640499666331,0.1066308576902486,27.69252013309409,0.6766666666666663,1,anode_hold
3433.0,-2.5,4.025848677913047,4.063383154592795,0.0367577715922705,-0.776705087478291,27.692683255368312,0.6768055555555554,1,anode_hold
3434.0,-2.5,4.02557606641007,4.062925599838931,0.0368336235915864,-0.5159098372748971,27.692846377642528,0.6769444444444442,1,anode_hold
3435.0,-2.5,4.02699907983517,4.062740656578353,0.0365741904234467,0.8326136802629946,27.693009499916748,0.677083333333333,1,anode_hold
3436.0,-2.5,4.026398453857626,4.062831297145227,0.0366511457346375,0.2183024470365779,27.693172622190968,0.677222222222222,1,anode_hold
3437.0,-2.5,4.026158139363069,4.062886464322643,0.0363764023642635,-0.3519225953105831,27.6933344802002,0.6773611111111109,1,anode_hold
3438.0,-2.5,4.025923750094752,4.062877547742119,0.0361550891716549,-0.798708475711507,27.693496196444723,0.6774999999999998,1,anode_hold
3439.0,-2.5,4.027206717211312,4.063215686880199,0.0362841995703938,0.2752299015078563,27.69365791268925,0.6776388888888887,1,anode_hold
3440.0,-2.5,4.027020670944028,4.063623586325361,0.03656033983094,-0.0425755503936642,27.69381962893378,0.6777777777777776,1,anode_hold
3441.0,-2.5,4.027059301827236,4.063792307532157,0.0363000470977494,-0.4329586071722957,27.693981345178308,0.6779166666666665,1,anode_hold
3442.0,-2.5,4.026881848502905,4.0638542874386605,0.036500470448118,-0.4719684876377528,27.694143061422835,0.6780555555555554,1,anode_hold
3443.0,-2.5,4.027300765866969,4.063127805237638,0.0370831730612593,1.256133690590744,27.69430477766736,0.6781944444444443,1,anode_hold
3444.0,-2.5,4.027353312450721,4.063898825430003,0.0362500076891037,-0.2955052901780775,27.694465643490005,0.6783333333333331,1,anode_hold
3445.0,-2.5,4.026859454421238,4.063697312759667,0.0364109862346719,-0.4268721037572476,27.6946248643968,0.678472222222222,1,anode_hold
3446.0,-2.5,4.028562880997635,4.064075339101864,0.0361920642691042,0.6796061648755014,27.69478408530359,0.678611111111111,1,anode_hold
3447.0,-2.5,4.0280304028568725,4.064110032560817,0.0364501527776037,0.3705230736592568,27.69494330621038,0.6787499999999997,1,anode_hold
3448.0,-2.5,4.02793649949582,4.064135919364103,0.0361851031593953,-0.0143167088868523,27.69510252711717,0.6788888888888887,1,anode_hold
3449.0,-2.5,4.027890429668927,4.063971301798758,0.0359150539836808,-0.1658181461499097,27.695261748023963,0.6790277777777777,1,anode_hold
3450.0,-2.5,4.0281418805439975,4.064417788188194,0.0361165515221131,-0.1593561220838424,27.695420968930755,0.6791666666666665,1,anode_hold
3451.0,-2.5,4.029199006349443,4.064544946020114,0.0361006550212701,0.7547153505989002,27.695580189837543,0.6793055555555554,1,anode_hold
3452.0,-2.5,4.028734658157254,4.064801556644388,0.0359974680365816,-0.0694304505515219,27.69573691953344,0.6794444444444443,1,anode_hold
3453.0,-2.5,4.02836240445405,4.064777978359379,0.0359711264634576,-0.4444474418709987,27.695892956519213,0.6795833333333332,1,anode_hold
3454.0,-2.5,4.029184873095666,4.06459487288642,0.03589994170832,0.4899419175661279,27.696048993504988,0.6797222222222221,1,anode_hold
3455.0,-2.5,4.029216487915782,4.065420866151015,0.0360070362595969,-0.1973419756353678,27.696205030490766,0.6798611111111109,1,anode_hold
3456.0,-2.5,4.029375457744729,4.065566633752332,0.0356644974577514,-0.5266785498516668,27.69636106747654,0.6799999999999998,1,anode_hold
3457.0,-2.5,4.029326635837096,4.065091289877876,0.0359996121932236,0.234958152443454,27.69651710446232,0.6801388888888888,1,anode_hold
3458.0,-2.5,4.029465491702943,4.064893590670092,0.0358333300943716,0.4052311272229048,27.69667314144809,0.6802777777777775,1,anode_hold
3459.0,-2.5,4.029736505153563,4.066089042117208,0.0354366998303901,-0.9158371332551596,27.696826073265427,0.6804166666666664,1,anode_hold
3460.0,-2.5,4.029763253347336,4.065989066416038,0.0353359051399352,-0.8899079287667533,27.69697894139641,0.6805555555555554,1,anode_hold
3461.0,-2.5,4.029555163112143,4.065833367508435,0.0357114692429536,-0.5667351533382714,27.697131809527384,0.6806944444444443,1,anode_hold
3462.0,-2.5,4.029834067277818,4.065239900357812,0.0355770288061065,0.17119572611346,27.697284677658367,0.6808333333333331,1,anode_hold
3463.0,-2.5,4.030294618385195,4.066332380683583,0.0357105999365078,-0.3271623618799069,27.697437545789345,0.6809722222222221,1,anode_hold
3464.0,-2.5,4.02996308270357,4.0662524353442215,0.035427125990255,-0.8622266503968135,27.697590413920324,0.6811111111111108,1,anode_hold
3465.0,-2.5,4.030561386861893,4.065838588850547,0.035377555073219,0.1003530845649081,27.697742836083787,0.6812499999999999,1,anode_hold
3466.0,-2.5,4.030660840497417,4.0654135885060665,0.0349008304180868,0.1480824094368671,27.69789318987913,0.6813888888888887,1,anode_hold
3467.0,-2.5,4.031133845986729,4.066675350523029,0.0349628945640793,-0.5786099722211446,27.698043543674483,0.6815277777777775,1,anode_hold
3468.0,-2.5,4.031115898492905,4.066161629365437,0.0353694131146469,0.3236822421142094,27.69819389746983,0.6816666666666664,1,anode_hold
3469.0,-2.5,4.031131766348263,4.066494289789664,0.0351113602100733,-0.2511632313275669,27.69834425126518,0.6818055555555553,1,anode_hold
3470.0,-2.5,4.031287329880383,4.066765510069119,0.0351014372648855,-0.3767429238497044,27.698494605060528,0.6819444444444442,1,anode_hold
3471.0,-2.5,4.0316625374919095,4.067006675011044,0.0352610953389602,-0.0830421801740755,27.698644958855876,0.6820833333333329,1,anode_hold
3472.0,-2.5,4.031969018578183,4.066709473662022,0.0347534225726633,0.0129674888240671,27.698794565476305,0.682222222222222,1,anode_hold
3473.0,-2.5,4.031510519135154,4.067081117890588,0.0347546571641436,-0.8159415912896151,27.6989429259411,0.682361111111111,1,anode_hold
3474.0,-2.5,4.031521579808882,4.0670844175968845,0.034582198211177,-0.9806395768254816,27.699091286405896,0.6824999999999996,1,anode_hold
3475.0,-2.5,4.031909975510028,4.067050932175705,0.0349709901871055,-0.1699664785714816,27.69923964687069,0.6826388888888886,1,anode_hold
3476.0,-2.5,4.031586713196551,4.067372463160306,0.0348420526108431,-0.9436973529126648,27.69938800733548,0.6827777777777775,1,anode_hold
3477.0,-2.5,4.032198247203033,4.067248451734071,0.0343052462766115,-0.7449582544261091,27.69953636780028,0.6829166666666664,1,anode_hold
3478.0,-2.5,4.032838327435101,4.06735513712399,0.035481986251035,0.9651765621461196,27.699684728265076,0.6830555555555552,1,anode_hold
3479.0,-2.5,4.033030424899899,4.067478628533669,0.0349503907828459,0.5021871490766827,27.699833192343448,0.683194444444444,1,anode_hold
3480.0,-2.5,4.0333436737422055,4.067164803478086,0.0350266578704597,1.2055281345793034,27.69998173385435,0.6833333333333331,1,anode_hold
3481.0,-2.5,4.0330437920492495,4.067541514216729,0.0347380040671946,0.2402818997149225,27.70013027536525,0.683472222222222,1,anode_hold
3482.0,-2.5,4.033215913213948,4.067505024314404,0.0349729082024134,0.6837971019582056,27.700278816876157,0.683611111111111,1,anode_hold
3483.0,-2.5,4.033134761926897,4.0681566517389145,0.0343248593362809,-0.6970304757363266,27.700427358387053,0.6837499999999997,1,anode_hold
3484.0,-2.5,4.033300600482107,4.067593104159876,0.0341775946419756,-0.1149090357932536,27.700575899897952,0.6838888888888887,1,anode_hold
3485.0,-2.5,4.033687845838269,4.068739662486446,0.0344242412491104,-0.627575399066771,27.70072454438904,0.6840277777777777,1,anode_hold
3486.0,-2.5,4.034014453127715,4.068317129652299,0.0342894601168014,-0.0132164077824015,27.70087331473171,0.6841666666666666,1,anode_hold
3487.0,-2.5,4.034006442759297,4.068365581469776,0.0345453912897235,0.1862525792448721,27.70102208507438,0.6843055555555553,1,anode_hold
3488.0,-2.5,4.033400486839647,4.068098219995315,0.0346921307131935,-0.0056024424743839,27.70117085541705,0.6844444444444442,1,anode_hold
3489.0,-2.5,4.034302328327232,4.0684379141686895,0.0342779646267308,0.1423787852736779,27.701319625759723,0.6845833333333332,1,anode_hold
3490.0,-2.5,4.034291235412169,4.06918957199891,0.0343755294964107,-0.5228070903298132,27.7014683961024,0.6847222222222218,1,anode_hold
3491.0,-2.5,4.034243701928734,4.06882178470715,0.0342374793644379,-0.3406034139779024,27.70161674212936,0.6848611111111109,1,anode_hold
3492.0,-2.5,4.034597879500121,4.068430690018475,0.0343187277619067,0.485917243553402,27.701765061060048,0.6849999999999998,1,anode_hold
3493.0,-2.5,4.034959450797291,4.069276137441519,0.034619906358573,0.3032197143451043,27.70191337999074,0.6851388888888885,1,anode_hold
3494.0,-2.5,4.034862430726394,4.069621558766703,0.0344626075387225,-0.2965205015863503,27.702061698921423,0.6852777777777777,1,anode_hold
3495.0,-2.5,4.034732665960793,4.069092236363743,0.034537850540466,0.1782801375158627,27.70221001785212,0.6854166666666665,1,anode_hold
3496.0,-2.5,4.03609757123512,4.069324463044304,0.0349320113937373,1.7051195845532163,27.702356793195133,0.6855555555555553,1,anode_hold
3497.0,-2.5,4.035022072739447,4.069913206661824,0.0342763254163123,-0.6148085060644348,27.702503538526816,0.6856944444444444,1,anode_hold
3498.0,-2.5,4.035484650640611,4.068826585412965,0.0343041194270087,0.9621846546545854,27.7026502838585,0.6858333333333331,1,anode_hold
3499.0,-2.5,4.035856330132674,4.070032632511123,0.0343079438113755,0.1316414329268767,27.70279702919018,0.685972222222222,1,anode_hold
3500.0,-2.5,4.035344669427732,4.069572173402081,0.0340350575928478,-0.1924463815008437,27.702943716547377,0.6861111111111109,1,anode_hold
3501.0,-2.5,4.035898652329761,4.070001361466544,0.0342352232293969,0.1325140926144996,27.70308781246935,0.6862499999999998,1,anode_hold
3502.0,-2.5,4.035601830620619,4.070356605913792,0.0337072779392499,-1.0474973539231769,27.70323190839132,0.6863888888888887,1,anode_hold
3503.0,-2.5,4.035905044256528,4.070339437388647,0.0337177671688471,-0.716625963272044,27.70337600431329,0.6865277777777776,1,anode_hold
3504.0,-2.5,4.035882379011576,4.070361047242045,0.0340770382907541,-0.4016299397147094,27.703520100235263,0.6866666666666663,1,anode_hold
3505.0,-2.5,4.036771382033551,4.0706966983976125,0.0340451065077418,0.1197901436800208,27.703663987060303,0.6868055555555554,1,anode_hold
3506.0,-2.5,4.035942488892372,4.070217554436474,0.0339965726105953,-0.2784929335062358,27.703804755313364,0.686944444444444,1,anode_hold
3507.0,-2.5,4.036635958277095,4.0705773652528485,0.0342070428405631,0.2656358648094326,27.703945523566414,0.687083333333333,1,anode_hold
3508.0,-2.5,4.036611348245173,4.070401308218051,0.034172466193998,0.3825062211202379,27.704086291819472,0.687222222222222,1,anode_hold
3509.0,-2.5,4.036121091003378,4.070837670457466,0.0342080016838105,-0.5085777702769079,27.70422706007253,0.6873611111111109,1,anode_hold
3510.0,-2.5,4.0373660645733045,4.07069505708034,0.0339833176068313,0.6543250997959049,27.704367574641733,0.6874999999999996,1,anode_hold
3511.0,-2.5,4.036784605708816,4.070664548702559,0.0338172326317814,-0.0627103619619262,27.70450589868389,0.6876388888888885,1,anode_hold
3512.0,-2.5,4.036993198393278,4.070772272397058,0.0339684150874212,0.1893410836411035,27.704644222726056,0.6877777777777775,1,anode_hold
3513.0,-2.5,4.037253607436623,4.071445901127945,0.0334595210379631,-0.7327726533592482,27.70478254676822,0.6879166666666665,1,anode_hold
3514.0,-2.5,4.0370290282186,4.07073394212201,0.0337592610170236,0.0543471136138506,27.704920870810383,0.6880555555555554,1,anode_hold
3515.0,-2.5,4.0371840979214,4.070964783957026,0.0338241879050999,0.0435018694728839,27.70505872049789,0.6881944444444443,1,anode_hold
3516.0,-2.5,4.037520722990351,4.070911474259838,0.0335313331875615,0.1405819180746448,27.70519376733124,0.6883333333333331,1,anode_hold
3517.0,-2.5,4.037378975739245,4.0712034878956604,0.033663897577685,-0.1606145787302892,27.70532881416458,0.688472222222222,1,anode_hold
3518.0,-2.5,4.03778812240601,4.071118181091097,0.0336865420499745,0.356483364886806,27.705463860997924,0.6886111111111111,1,anode_hold
3519.0,-2.5,4.038255037330878,4.071382046430331,0.0334399265407264,0.3129174412732638,27.705598907831263,0.6887499999999998,1,anode_hold
3520.0,-2.5,4.037678304378203,4.071526020097607,0.0339876342726217,0.1399185532182656,27.70573341764288,0.6888888888888887,1,anode_hold
3521.0,-2.5,4.037621568482893,4.072454977168767,0.0337566588541972,-1.0767498316761603,27.705865572556466,0.6890277777777777,1,anode_hold
3522.0,-2.5,4.038176187577963,4.0721182077130855,0.0342054721484452,0.2634520133222295,27.705997727470045,0.6891666666666663,1,anode_hold
3523.0,-2.5,4.038453149182375,4.071957935009661,0.0336410522602201,0.1362664329347396,27.706129882383628,0.6893055555555553,1,anode_hold
3524.0,-2.5,4.03864990668649,4.071732439484555,0.0342156331408063,1.1331003427406117,27.706262037297208,0.6894444444444441,1,anode_hold
3525.0,-2.5,4.0382326172707526,4.07218817068906,0.0336546453742188,-0.3009080440881106,27.70639331701849,0.689583333333333,1,anode_hold
3526.0,-2.5,4.037973969163807,4.072934111217973,0.0337900381104425,-1.1701039437230776,27.706521610524884,0.6897222222222221,1,anode_hold
3527.0,-2.5,4.039074492028433,4.072506918254844,0.0334030426846004,-0.0293835418103682,27.70664990403128,0.6898611111111106,1,anode_hold
3528.0,-2.5,4.039146367215666,4.072994005309111,0.0332375104240959,-0.61012766934887,27.706778197537677,0.6899999999999997,1,anode_hold
3529.0,-2.5,4.039510378536254,4.07294550067837,0.0340304641752501,0.5953420331339387,27.706906491044062,0.6901388888888886,1,anode_hold
3530.0,-2.5,4.038886046086132,4.072968164867186,0.0336410192662647,-0.4410995147896557,27.707034340861508,0.6902777777777775,1,anode_hold
3531.0,-2.5,4.039478967630071,4.072977928654589,0.0335293481619015,0.0303871373841246,27.70716097636809,0.6904166666666665,1,anode_hold
3532.0,-2.5,4.039744194409616,4.073121899657412,0.0338320576537037,0.454352405907521,27.70728761187468,0.6905555555555551,1,anode_hold
3533.0,-2.5,4.03901523605513,4.073165187900001,0.0332403196133658,-0.9096322315045312,27.707414247381266,0.6906944444444442,1,anode_hold
3534.0,-2.5,4.040020764048041,4.073172664381912,0.0338188676777238,0.6669673438528534,27.707540882887848,0.690833333333333,1,anode_hold
3535.0,-2.5,4.04026710046729,4.073506718979695,0.0337057250468625,0.4661065344579995,27.70766716519324,0.6909722222222218,1,anode_hold
3536.0,-2.5,4.040149062944576,4.0739104155502615,0.0336818543029061,-0.0794983027789797,27.70779265601932,0.6911111111111108,1,anode_hold
3537.0,-2.5,4.040275287617111,4.073880226308845,0.0332863051262099,-0.3186335655245287,27.70791814684541,0.6912499999999997,1,anode_hold
3538.0,-2.5,4.0404751532955645,4.0733588899678255,0.0331505716282421,0.2668349559815652,27.708043637671494,0.6913888888888886,1,anode_hold
3539.0,-2.5,4.040311252061818,4.074109556542521,0.0336478714133389,-0.1504330673647302,27.708169128497588,0.6915277777777775,1,anode_hold
3540.0,-2.5,4.040102099594597,4.074157983125381,0.033776158202197,-0.2797253285873324,27.708293839278607,0.6916666666666664,1,anode_hold
3541.0,-2.5,4.040405025580802,4.073982279527459,0.0336400679574695,0.0628140108123176,27.708418407429985,0.6918055555555553,1,anode_hold
3542.0,-2.5,4.040778247614055,4.074520874949097,0.0336862206057697,-0.056406729272318,27.708542975581363,0.6919444444444443,1,anode_hold
3543.0,-2.5,4.040723710565645,4.074557713456096,0.0334338009536616,-0.400201936788136,27.708667543732744,0.6920833333333332,1,anode_hold
3544.0,-2.5,4.041438951000089,4.075043122699084,0.033181247472137,-0.422924226858079,27.70879180971928,0.6922222222222221,1,anode_hold
3545.0,-2.5,4.04115911983803,4.073947425704335,0.0336486757148102,0.8603698485041278,27.70891558743356,0.6923611111111109,1,anode_hold
3546.0,-2.5,4.041401198949744,4.074924652282278,0.0334304042752475,-0.0930490572867981,27.709039365147845,0.6924999999999999,1,anode_hold
3547.0,-2.5,4.041054119274056,4.074482231463096,0.0336111475950088,0.1830354059677574,27.70916314286213,0.6926388888888888,1,anode_hold
3548.0,-2.5,4.0418621848203,4.074961386783138,0.0329852756514467,-0.1139263113918431,27.709286543270927,0.6927777777777775,1,anode_hold
3549.0,-2.5,4.041688079747451,4.075187910373979,0.0331745938567886,-0.325236769739945,27.70940928853943,0.6929166666666665,1,anode_hold
3550.0,-2.5,4.042513351669103,4.075585627993264,0.0333752434649169,0.3029671407563938,27.70953203380793,0.6930555555555554,1,anode_hold
3551.0,-2.5,4.041696848188514,4.075313316299595,0.0327597225880121,-0.8567455230688026,27.709654779076438,0.6931944444444442,1,anode_hold
3552.0,-2.5,4.042472797730936,4.075119184838544,0.0331770260671484,0.5306389595398642,27.70977708733912,0.6933333333333331,1,anode_hold
3553.0,-2.5,4.042414076915688,4.075714681006827,0.0328950099939584,-0.4055940971809946,27.70989857908003,0.693472222222222,1,anode_hold
3554.0,-2.5,4.042588261967965,4.075735510872193,0.0324867307218461,-0.6605181823822193,27.710020070820946,0.693611111111111,1,anode_hold
3555.0,-2.5,4.043371658735342,4.076040351959125,0.032271473104232,-0.3972201195505676,27.71014156256185,0.6937499999999999,1,anode_hold
3556.0,-2.5,4.043309369979632,4.07499172763501,0.0329465672021724,1.2642095467940706,27.710262343145708,0.6938888888888887,1,anode_hold
3557.0,-2.5,4.042926775812244,4.075926822910882,0.032329000626787,-0.671046471850012,27.71038169151357,0.6940277777777777,1,anode_hold
3558.0,-2.5,4.043766237359281,4.075120569723939,0.0329401024809604,1.585770116302676,27.710501039881446,0.6941666666666666,1,anode_hold
3559.0,-2.5,4.043312475103577,4.076208289396448,0.0326550004941183,-0.2408137987526259,27.71062038824932,0.6943055555555553,1,anode_hold
3560.0,-2.5,4.0439113892168015,4.07622726167371,0.0324425190869091,0.1266466300009483,27.71073973661719,0.6944444444444443,1,anode_hold
3561.0,-2.5,4.0433115329729175,4.076097431020062,0.0327339518149789,-0.0519462321655339,27.710859084985056,0.6945833333333331,1,anode_hold
3562.0,-2.5,4.043900055945847,4.076583227874076,0.032618096292916,-0.0650756353133275,27.710978433352928,0.694722222222222,1,anode_hold
3563.0,-2.5,4.044072670267202,4.076628281331644,0.0323621701892444,-0.1934408751971261,27.7110977817208,0.6948611111111109,1,anode_hold
3564.0,-2.5,4.044224165266039,4.077000039468822,0.0320990281340278,-0.6768460687549549,27.71121525661275,0.6949999999999998,1,anode_hold
3565.0,-2.5,4.044009095331099,4.077216969140218,0.0317957695577542,-1.4121042513641768,27.71132832107136,0.6951388888888888,1,anode_hold
3566.0,-2.5,4.044081496807118,4.076929685218278,0.0322967784629595,-0.5514099482004653,27.71144138552997,0.6952777777777777,1,anode_hold
3567.0,-2.5,4.044811617757297,4.076945596438566,0.0319318473430038,-0.2021313382654099,27.71155444998857,0.6954166666666665,1,anode_hold
3568.0,-2.5,4.045163824672127,4.076886100401271,0.0317244164111198,0.0021406819747937,27.71166751444718,0.6955555555555555,1,anode_hold
3569.0,-2.5,4.045155951693976,4.077600684980476,0.0320951762337263,-0.3495570527745073,27.71178057890579,0.6956944444444442,1,anode_hold
3570.0,-2.5,4.045207638087358,4.077313159464823,0.0316987314192992,-0.4067899581663425,27.711893643364395,0.6958333333333331,1,anode_hold
3571.0,-2.5,4.045021454099755,4.077379189624415,0.0324655781064575,0.1078425817970796,27.712006707823004,0.6959722222222221,1,anode_hold
3572.0,-2.5,4.045559959594314,4.077744693408623,0.0311855148715598,-0.999218942749458,27.71211798963482,0.6961111111111109,1,anode_hold
3573.0,-2.5,4.045644670493687,4.0774859972482975,0.0320929437564472,0.2516170018367347,27.712224313994863,0.6962499999999998,1,anode_hold
3574.0,-2.5,4.045767074836856,4.077704830419546,0.0315814778262221,-0.3562777564676267,27.712330638354903,0.6963888888888887,1,anode_hold
3575.0,-2.5,4.0462080088067,4.077884375181135,0.0310201690457156,-0.6561973287189105,27.712436962714943,0.6965277777777776,1,anode_hold
3576.0,-2.5,4.046377812414202,4.078284499793905,0.0319356151759427,0.0289277962401968,27.71254328707499,0.6966666666666665,1,anode_hold
3577.0,-2.5,4.046617721890632,4.077784018959593,0.03126856973599,0.1022726670285578,27.71264961143503,0.6968055555555553,1,anode_hold
3578.0,-2.5,4.046591128091683,4.077854967842715,0.0322913306423948,1.0274908913636691,27.712755935795077,0.6969444444444443,1,anode_hold
3579.0,-2.5,4.0465889041338965,4.078131623457203,0.0310024306265126,-0.5402886967944553,27.71286226015512,0.6970833333333333,1,anode_hold
3580.0,-2.5,4.046951751609248,4.078215067321567,0.031242915902163,-0.0203998101566682,27.712967473673807,0.697222222222222,1,anode_hold
3581.0,-2.5,4.0470914289129984,4.0782957242713085,0.0316501275392214,0.4458321809117649,27.71306898563382,0.6973611111111109,1,anode_hold
3582.0,-2.5,4.046865230443201,4.078866626911538,0.0310442480358713,-0.9571484324659708,27.71317049759384,0.6974999999999999,1,anode_hold
3583.0,-2.5,4.047427495121797,4.078600511160279,0.031994176076137,0.8211600376544226,27.71327200955385,0.6976388888888887,1,anode_hold
3584.0,-2.5,4.047206810658239,4.0794064730834885,0.031267239058022,-0.9324233672272086,27.71337352151387,0.6977777777777775,1,anode_hold
3585.0,-2.5,4.047286829535048,4.079261870239269,0.0306692482024341,-1.305792501786307,27.713475033473888,0.6979166666666665,1,anode_hold
3586.0,-2.5,4.047805951197691,4.079088731002973,0.0310335269907351,-0.2492528145472405,27.713575875128708,0.6980555555555554,1,anode_hold
3587.0,-2.5,4.048033710430427,4.079154447585569,0.0306192686064294,-0.5014685487134685,27.713673678813716,0.6981944444444441,1,anode_hold
3588.0,-2.5,4.0486097047744405,4.079506402508293,0.0312422494932442,0.3455517593922153,27.713771482498714,0.6983333333333331,1,anode_hold
3589.0,-2.5,4.048481323528755,4.080132691123538,0.0311903263629124,-0.4610412318708512,27.71386928618372,0.6984722222222219,1,anode_hold
3590.0,-2.5,4.048906983189573,4.079652478871589,0.0309518365741577,0.2063408921415543,27.71396708986872,0.6986111111111111,1,anode_hold
3591.0,-2.5,4.049355041399593,4.079343240051218,0.0303656588706792,0.377460219055159,27.71406489355373,0.6987499999999995,1,anode_hold
3592.0,-2.5,4.0491307348003,4.079752571431913,0.030622032194624,0.0001955630102301,27.714162318394852,0.6988888888888887,1,anode_hold
3593.0,-2.5,4.04937681768554,4.080868030788359,0.0310057948823782,-0.4854182204407919,27.714257223273872,0.6990277777777776,1,anode_hold
3594.0,-2.5,4.049223273571467,4.079682571917784,0.030314551149161,-0.1447471971562919,27.71435212815289,0.6991666666666664,1,anode_hold
3595.0,-2.5,4.049845509300365,4.079983525673162,0.0300901908915129,-0.047825481284569,27.714447033031902,0.6993055555555553,1,anode_hold
3596.0,-2.5,4.049784567742011,4.080197286712891,0.0300900835469247,-0.3226354239558304,27.714541937910923,0.6994444444444443,1,anode_hold
3597.0,-2.5,4.049953092789926,4.080127163154288,0.0306618595834412,0.4877892190799926,27.714636250813165,0.699583333333333,1,anode_hold
3598.0,-2.5,4.04975791335818,4.080809899520392,0.0306569927321965,-0.3949934300155888,27.714729331309734,0.6997222222222221,1,anode_hold
3599.0,-2.5,4.049978512964327,4.080318479879202,0.0298105001028139,-0.52946681206123,27.714822411806303,0.6998611111111109,1,anode_hold
3600.0,-2.5,4.050220385008095,4.080595182737101,0.029854768241558,-0.5200294874478928,27.714915492302868,0.6999999999999997,1,anode_hold
3601.0,-2.5,4.050616657525073,4.080891692838195,0.0297128976469574,-0.5621376661641975,27.71500857279944,0.7001388888888886,1,anode_hold
3602.0,-2.5,4.051072379643515,4.0810204638612895,0.0302971291033697,0.3490448855956174,27.715100981925048,0.7002777777777776,1,anode_hold
3603.0,-2.5,4.050446725734525,4.080888616563061,0.0298104277525548,-0.6314630759813866,27.715192767017992,0.7004166666666665,1,anode_hold
3604.0,-2.5,4.050947834658304,4.081116466779601,0.0301921312454592,0.0234991241621074,27.715284552110937,0.7005555555555554,1,anode_hold
3605.0,-2.5,4.051120937568798,4.08115871021397,0.0301517515449965,0.1139788998250068,27.71537633720388,0.7006944444444441,1,anode_hold
3606.0,-2.5,4.052053675421885,4.08026355408189,0.0298455348812725,1.6356562212678227,27.71546812229683,0.7008333333333332,1,anode_hold
3607.0,-2.5,4.051462569037654,4.081629927004117,0.0303760409029284,0.2086829364653653,27.71555940564373,0.7009722222222221,1,anode_hold
3608.0,-2.5,4.051512316756795,4.081583460771309,0.0296407680905603,-0.4303759239538962,27.715650486099182,0.7011111111111108,1,anode_hold
3609.0,-2.5,4.052048093870245,4.081585908079732,0.0300835827972193,0.5457685877328089,27.71574156655464,0.7012499999999997,1,anode_hold
3610.0,-2.5,4.0516423872651615,4.082017786586434,0.0295747339432546,-0.8006653780174844,27.71583264701009,0.7013888888888886,1,anode_hold
3611.0,-2.5,4.052288730106191,4.081315555523191,0.0295473277091021,0.5205022921028757,27.715923727465544,0.7015277777777778,1,anode_hold
3612.0,-2.5,4.051772331994913,4.082350120641447,0.029453254463908,-1.1245341826260358,27.716013975368615,0.7016666666666664,1,anode_hold
3613.0,-2.5,4.053030764762994,4.081905935843917,0.0300152304470866,1.1400593661639036,27.716104136743624,0.7018055555555553,1,anode_hold
3614.0,-2.5,4.0525584640565375,4.081905023308959,0.0298528704628553,0.5063112104339851,27.71619429811863,0.7019444444444443,1,anode_hold
3615.0,-2.5,4.052592218495718,4.081996278282785,0.0297795807475109,0.3755209604436871,27.71628445949364,0.7020833333333332,1,anode_hold
3616.0,-2.5,4.052474863485044,4.08253355027023,0.0296915547664825,-0.3671320187041971,27.71637450908732,0.7022222222222221,1,anode_hold
3617.0,-2.5,4.052973598072311,4.082340707353813,0.0294358680336995,0.0687587521976951,27.716463548662865,0.702361111111111,1,anode_hold
3618.0,-2.5,4.053193649279606,4.082867395735006,0.0298282157702302,0.1544693148307629,27.71655258823841,0.7024999999999999,1,anode_hold
3619.0,-2.5,4.053099225769418,4.0823313678662085,0.029689145968379,0.4570038715883129,27.71664162781396,0.7026388888888888,1,anode_hold
3620.0,-2.5,4.053826040911633,4.083237540362836,0.0294498591349603,0.0383596837574273,27.716730667389506,0.7027777777777775,1,anode_hold
3621.0,-2.5,4.053520320817653,4.082922709875287,0.0302245290290922,0.8221399714587463,27.71681852816866,0.7029166666666664,1,anode_hold
3622.0,-2.5,4.053799952154916,4.083651672767062,0.0293926955612951,-0.4590250508504923,27.7169035505216,0.7030555555555555,1,anode_hold
3623.0,-2.5,4.05401012312709,4.0833396397578365,0.0289612199898933,-0.3682966408531385,27.71698857287454,0.7031944444444442,1,anode_hold
3624.0,-2.5,4.054485894143372,4.083199248635258,0.0290465361092685,0.3331816173819391,27.71707359522749,0.7033333333333331,1,anode_hold
3625.0,-2.5,4.054115939517247,4.0833628425420665,0.0294830754951607,0.2361724703412449,27.717158617580427,0.703472222222222,1,anode_hold
3626.0,-2.5,4.054404633668495,4.0829821626861005,0.0295880241902103,1.010495172605097,27.71724363993337,0.7036111111111107,1,anode_hold
3627.0,-2.5,4.054624730159193,4.083593103620995,0.0296498799919235,0.6815065301220002,27.71732866228631,0.7037499999999999,1,anode_hold
3628.0,-2.5,4.054873622828175,4.083400548262426,0.0294353585592939,0.9084331250424073,27.71741368463925,0.7038888888888888,1,anode_hold
3629.0,-2.5,4.054291853670234,4.083693274261185,0.0288640893047992,-0.537331286150966,27.717498706992195,0.7040277777777775,1,anode_hold
3630.0,-2.5,4.0553407050511865,4.084652862685629,0.0290216762285765,-0.290481405865961,27.717583729345137,0.7041666666666666,1,anode_hold
3631.0,-2.5,4.055109639075489,4.083800321411589,0.0294205250454133,0.7298427093136439,27.71766617705426,0.7043055555555551,1,anode_hold
3632.0,-2.5,4.0550791574084295,4.084406929825136,0.0288813692111566,-0.4464032055500055,27.717747418824267,0.7044444444444442,1,anode_hold
3633.0,-2.5,4.055436318254616,4.084508636369121,0.0292520205348577,0.1797024203522568,27.717828660594275,0.7045833333333331,1,anode_hold
3634.0,-2.5,4.055018282857178,4.08437203865287,0.0293442153722533,-0.0095404234388141,27.71790990236428,0.704722222222222,1,anode_hold
3635.0,-2.5,4.055514257119341,4.084542091721199,0.0291634117178235,0.1355771159667895,27.717991144134288,0.7048611111111109,1,anode_hold
3636.0,-2.5,4.0559505598752175,4.084486942732646,0.02925444899323,0.7180661358017204,27.718072385904296,0.7049999999999998,1,anode_hold
3637.0,-2.5,4.056451624808907,4.0853524671789,0.0288438344934611,-0.057007876532289,27.718153627674305,0.7051388888888885,1,anode_hold
3638.0,-2.5,4.056168669345777,4.085087641192493,0.0289917434924056,0.0727716456898619,27.71823486944431,0.7052777777777777,1,anode_hold
3639.0,-2.5,4.056458460591012,4.0853461421149,0.0279505763425072,-0.9371051813804598,27.71831508302317,0.7054166666666666,1,anode_hold
3640.0,-2.5,4.056393605720361,4.084607613311054,0.0289768432862995,0.7628356956068671,27.71839408863396,0.7055555555555553,1,anode_hold
3641.0,-2.5,4.0568827227940085,4.085209886124988,0.0290057699475191,0.6786066165398452,27.718473094244743,0.7056944444444442,1,anode_hold
3642.0,-2.5,4.05664650133111,4.085037746405941,0.0285497772846396,0.1585322098076602,27.718552099855533,0.7058333333333331,1,anode_hold
3643.0,-2.5,4.057046808653082,4.085820349527007,0.0289125937359709,0.139052862046185,27.71863110546632,0.705972222222222,1,anode_hold
3644.0,-2.5,4.05694617780505,4.085512960232078,0.0289760529712904,0.4092705442619859,27.718709099104885,0.7061111111111109,1,anode_hold
3645.0,-2.5,4.0568906732890495,4.085479086662028,0.0286344324143315,0.0460190413527072,27.71878619047311,0.7062499999999998,1,anode_hold
3646.0,-2.5,4.05701743906345,4.085856842829609,0.0286354305185339,-0.2039732476255551,27.71886328184134,0.7063888888888887,1,anode_hold
3647.0,-2.5,4.057256354128525,4.085993145730735,0.0283165753587839,-0.4202162434259193,27.718940373209566,0.7065277777777776,1,anode_hold
3648.0,-2.5,4.057932536966183,4.086030072852124,0.0284452944281588,0.3477585422171358,27.7190174645778,0.7066666666666666,1,anode_hold
3649.0,-2.5,4.058673057472704,4.086656313831998,0.0283519150791445,0.3686587198501456,27.719093746331264,0.7068055555555552,1,anode_hold
3650.0,-2.5,4.057782750880075,4.086586364745445,0.028388481695302,-0.4151321700680555,27.719169482709205,0.7069444444444444,1,anode_hold
3651.0,-2.5,4.05774977518113,4.086465848546247,0.0281519033293055,-0.5641700358109958,27.719245219087146,0.7070833333333333,1,anode_hold
3652.0,-2.5,4.05825900821064,4.086703156029077,0.0287213541115708,0.2772062931342134,27.719320955465083,0.707222222222222,1,anode_hold
3653.0,-2.5,4.05837374354881,4.086526131252964,0.0285646486350741,0.4122609309193947,27.719396528200782,0.7073611111111109,1,anode_hold
3654.0,-2.5,4.0581935626127486,4.086322130939189,0.0281677801046506,0.0392117782102019,27.719471238432263,0.7074999999999998,1,anode_hold
3655.0,-2.5,4.059055027693005,4.086857128667301,0.0283939883533033,0.5918873790076162,27.71954594866374,0.7076388888888887,1,anode_hold
3656.0,-2.5,4.05886722530276,4.086259568569432,0.0284843387426901,1.0919954760186812,27.719620658895217,0.7077777777777776,1,anode_hold
3657.0,-2.5,4.059013492198534,4.087375955999871,0.0284803907026072,0.1179269012698824,27.719695369126693,0.7079166666666665,1,anode_hold
3658.0,-2.5,4.058877344812853,4.08707860782328,0.0282062563671281,0.0049933567014548,27.719769606797367,0.7080555555555554,1,anode_hold
3659.0,-2.5,4.059025400415599,4.0867470768991465,0.0283135686908817,0.5918922073337995,27.719843662003758,0.7081944444444443,1,anode_hold
3660.0,-2.5,4.059406790193907,4.087479203509745,0.0284403148902126,0.3679015743740521,27.719917717210137,0.708333333333333,1,anode_hold
3661.0,-2.5,4.058824542724567,4.088369218634372,0.0282199021395973,-1.3247737702073437,27.719991772416524,0.7084722222222222,1,anode_hold
3662.0,-2.5,4.0591309833534215,4.087466995930646,0.0280645285921398,-0.2714839850854744,27.72006570216343,0.7086111111111109,1,anode_hold
3663.0,-2.5,4.059535023825461,4.087749628179187,0.0281370639479011,-0.0775404058250828,27.720139314685,0.7087499999999998,1,anode_hold
3664.0,-2.5,4.059204246668906,4.088053905699718,0.0284900396365188,-0.359619394293631,27.720212927206568,0.7088888888888887,1,anode_hold
3665.0,-2.5,4.060272816076736,4.087663040488205,0.0282392706377901,0.8490462263219811,27.72028653972814,0.7090277777777776,1,anode_hold
3666.0,-2.5,4.059727780502197,4.088606671112286,0.0282972365474067,-0.5816540626826239,27.720360152249707,0.7091666666666667,1,anode_hold
3667.0,-2.5,4.059930167605654,4.088142216059689,0.0283897641997067,0.1777157456723799,27.720433490311148,0.7093055555555556,1,anode_hold
3668.0,-2.5,4.06030226084617,4.08847638879801,0.028149357871834,-0.024770080005787,27.72050677817096,0.7094444444444445,1,anode_hold
3669.0,-2.5,4.060803480592366,4.088752164245996,0.0282331049183811,0.2844212647508115,27.720580066030774,0.7095833333333335,1,anode_hold
3670.0,-2.5,4.060483620223589,4.08857172738412,0.0278448578396638,-0.2432493208663899,27.720653353890587,0.7097222222222221,1,anode_hold
3671.0,-2.5,4.060416029459791,4.088944397860095,0.0276026361710753,-0.9257322292279824,27.720726560027646,0.7098611111111113,1,anode_hold
3672.0,-2.5,4.060522538293055,4.088364743983172,0.0283509853604353,0.5087796703184821,27.720799647261646,0.7100000000000002,1,anode_hold
3673.0,-2.5,4.06102878252104,4.088532474544396,0.027605016212451,0.1013241890959193,27.720872734495643,0.7101388888888889,1,anode_hold
3674.0,-2.5,4.06094119631036,4.089135010929234,0.0276445910628538,-0.549223556020273,27.72094582172964,0.7102777777777778,1,anode_hold
3675.0,-2.5,4.061983871146875,4.088983082559557,0.0279154776250139,0.9162662123323172,27.72101890896364,0.7104166666666667,1,anode_hold
3676.0,-2.5,4.06182029453811,4.0891174394922745,0.0280837586924765,0.7866137383123473,27.721091172657424,0.7105555555555556,1,anode_hold
3677.0,-2.5,4.060663428428256,4.089425073080681,0.0276998334399994,-1.061811212425212,27.72116341027285,0.7106944444444445,1,anode_hold
3678.0,-2.5,4.061506779697323,4.089727910170451,0.0276767349895077,-0.5443954836197307,27.72123564788828,0.7108333333333334,1,anode_hold
3679.0,-2.5,4.0620632681926665,4.090056956323106,0.0276611601379647,-0.3325279924748514,27.721307885503712,0.7109722222222223,1,anode_hold
3680.0,-2.5,4.0628233239692815,4.090358656674163,0.0273475348497233,-0.1877978551583226,27.721380123119143,0.7111111111111112,1,anode_hold
3681.0,-2.5,4.061694639652359,4.090328104032644,0.0279155455959513,-0.7179187843338042,27.72145236073457,0.7112499999999999,1,anode_hold
3682.0,-2.5,4.062339155114231,4.090300286006693,0.028030455047043,0.0693241545803857,27.721524598350005,0.7113888888888891,1,anode_hold
3683.0,-2.5,4.063005180540437,4.089873220141622,0.0275122772759508,0.6442376747664014,27.721596835965432,0.7115277777777778,1,anode_hold
3684.0,-2.5,4.062608303591453,4.089975884241257,0.0273752575721053,0.0076769223014139,27.72166890266629,0.7116666666666667,1,anode_hold
3685.0,-2.5,4.063021659617074,4.08998651223769,0.0274683364086637,0.5034837880470988,27.7217393072034,0.7118055555555556,1,anode_hold
3686.0,-2.5,4.063033977069897,4.090351054734275,0.0273278286214872,0.010750957109451,27.7218097117405,0.7119444444444445,1,anode_hold
3687.0,-2.5,4.063569475307153,4.09067067781848,0.027025776882355,-0.0754256289718924,27.721880116277603,0.7120833333333334,1,anode_hold
3688.0,-2.5,4.063222124090531,4.091326696608555,0.0271143937229701,-0.990178795054142,27.72195052081471,0.7122222222222223,1,anode_hold
3689.0,-2.5,4.063742667579428,4.090610998309788,0.0271472065117748,0.2788757814151665,27.72202092535181,0.7123611111111112,1,anode_hold
3690.0,-2.5,4.063483121246132,4.091143147626064,0.0271903344577114,-0.469691922220683,27.722091329888915,0.7125000000000001,1,anode_hold
3691.0,-2.5,4.064396672221263,4.090899514474544,0.0264205644969246,-0.0822777563564969,27.722161734426017,0.7126388888888888,1,anode_hold
3692.0,-2.5,4.064469010148559,4.091161030100825,0.026681438952536,-0.0105809997297257,27.72223213896312,0.712777777777778,1,anode_hold
3693.0,-2.5,4.064459505269453,4.09075457809208,0.0267744730260587,0.4794002034325118,27.72230206539594,0.7129166666666669,1,anode_hold
3694.0,-2.5,4.064661379952192,4.0921514306819375,0.0265397820595818,-0.9502686701639008,27.722370268436364,0.7130555555555558,1,anode_hold
3695.0,-2.5,4.06483834657149,4.091602262632235,0.0269288241799897,0.1649081192445223,27.722438471476785,0.7131944444444447,1,anode_hold
3696.0,-2.5,4.064899184521603,4.09164056142829,0.0266923040576617,-0.0490728490252223,27.72250667451721,0.7133333333333334,1,anode_hold
3697.0,-2.5,4.06523693841993,4.091781718116407,0.0261529256595239,-0.3918540369527434,27.72257487755763,0.7134722222222223,1,anode_hold
3698.0,-2.5,4.065479747539287,4.091443930039864,0.0267713665879224,0.8071840873462577,27.72264308059805,0.7136111111111114,1,anode_hold
3699.0,-2.5,4.065528895593594,4.092261079809383,0.0260847065699356,-0.64747764585249,27.722711283638475,0.7137500000000001,1,anode_hold
3700.0,-2.5,4.0655510218561055,4.092229233862747,0.0263881174609856,-0.2900945456554282,27.7227794866789,0.713888888888889,1,anode_hold
3701.0,-2.5,4.065780220326063,4.092511275285264,0.026347180500097,-0.3838744591044829,27.722846183305236,0.7140277777777779,1,anode_hold
3702.0,-2.5,4.065934598744811,4.0928464911275615,0.0264141973513888,-0.4976950313624328,27.722912274338167,0.7141666666666668,1,anode_hold
3703.0,-2.5,4.066378374245236,4.092715159700512,0.026021147584586,-0.3156378706892226,27.722978365371105,0.7143055555555555,1,anode_hold
3704.0,-2.5,4.066458438500097,4.092442969251116,0.0259587246132972,-0.025806137721851,27.72304445640404,0.7144444444444444,1,anode_hold
3705.0,-2.5,4.0671669508403365,4.092618908818242,0.0261750294260623,0.7230714481574196,27.72310959137608,0.7145833333333333,1,anode_hold
3706.0,-2.5,4.066685117313549,4.092388550176041,0.0258019486408999,0.0985157784070267,27.72317459880375,0.7147222222222223,1,anode_hold
3707.0,-2.5,4.066921753286782,4.093669667771854,0.0257862138105347,-0.9617006745372692,27.723239606231424,0.7148611111111112,1,anode_hold
3708.0,-2.5,4.0668717637524585,4.092640584527152,0.0261212689476605,0.3524481729666462,27.72330457816105,0.7150000000000001,1,anode_hold
3709.0,-2.5,4.067240850887834,4.093561757247099,0.025309134599088,-1.0117717601767495,27.723368894034856,0.715138888888889,1,anode_hold
3710.0,-2.5,4.067227047187536,4.093032569676747,0.0262299477373588,0.4244252481475641,27.723433209908663,0.7152777777777779,1,anode_hold
3711.0,-2.5,4.067252663310829,4.093506980801538,0.0255535711284742,-0.7007463622343835,27.72349752578247,0.7154166666666668,1,anode_hold
3712.0,-2.5,4.067705473012945,4.093539905486292,0.0261026347144449,0.2682022410986917,27.72356176918247,0.7155555555555555,1,anode_hold
3713.0,-2.5,4.068269110205246,4.093365346650878,0.0257366401804026,0.6404037347698122,27.723625756176144,0.7156944444444444,1,anode_hold
3714.0,-2.5,4.067666828879745,4.09406894390573,0.0256554152847665,-0.7466997412173271,27.72368974316982,0.7158333333333333,1,anode_hold
3715.0,-2.5,4.067865753371464,4.094134632007303,0.0253151793289889,-0.9536993068497424,27.723753730163494,0.7159722222222222,1,anode_hold
3716.0,-2.5,4.068180052436065,4.094068033781281,0.0260205916120831,0.1326102668670614,27.72381758066437,0.7161111111111111,1,anode_hold
3717.0,-2.5,4.06839258720625,4.094416023473251,0.0252576337796996,-0.7658024873009595,27.72388121713722,0.71625,1,anode_hold
3718.0,-2.5,4.068831205934066,4.0948087044410375,0.0254822824649094,-0.4952160420623741,27.72394485361007,0.716388888888889,1,anode_hold
3719.0,-2.5,4.068371283633597,4.094041174913338,0.0255582719059774,-0.111619373764249,27.72400849008292,0.7165277777777777,1,anode_hold
3720.0,-2.5,4.068642566274403,4.094357357092541,0.02506306613778,-0.6517246803579013,27.72407199263984,0.7166666666666666,1,anode_hold
3721.0,-2.5,4.068559776503228,4.094215192923477,0.0259719841733599,0.3165677531109523,27.72413538930673,0.7168055555555557,1,anode_hold
3722.0,-2.5,4.068649803707712,4.0945159935446656,0.026100874509204,0.234684672250296,27.724198785973623,0.7169444444444446,1,anode_hold
3723.0,-2.5,4.068884530643667,4.094779299199495,0.0258639967524566,-0.0307718033711879,27.72426218264052,0.7170833333333333,1,anode_hold
3724.0,-2.5,4.068798927577934,4.094905403252892,0.0256148370810469,-0.4916385939113254,27.724325546817767,0.7172222222222222,1,anode_hold
3725.0,-2.5,4.069372324677055,4.09513353502957,0.026314099898482,0.5528895459665506,27.724388898823463,0.7173611111111111,1,anode_hold
3726.0,-2.5,4.0696585338837,4.095734035541457,0.0258724561901058,-0.2030454676509308,27.72445225082916,0.7175,1,anode_hold
3727.0,-2.5,4.069292556913976,4.095623172181405,0.0259086328650366,-0.4219824023916629,27.724515602834853,0.7176388888888889,1,anode_hold
3728.0,-2.5,4.069341343046189,4.095356287292326,0.0259472059596285,-0.0677382865079678,27.724578954840545,0.7177777777777778,1,anode_hold
3729.0,-2.5,4.070053837332946,4.095764481240644,0.0257342562106152,0.023612302917364,27.72464230684624,0.7179166666666668,1,anode_hold
3730.0,-2.5,4.06969714470877,4.095542984100407,0.0259291372464751,0.0832978548386265,27.72470565885193,0.7180555555555557,1,anode_hold
3731.0,-2.5,4.07031223201974,4.096138128724246,0.0253491663492267,-0.4767303552792867,27.72476901134135,0.7181944444444444,1,anode_hold
3732.0,-2.5,4.069106137773519,4.095828125428944,0.0259574408080345,-0.764546847389802,27.724832370727786,0.7183333333333335,1,anode_hold
3733.0,-2.5,4.070032818671223,4.09603725302305,0.0255967847502201,-0.4076496016072184,27.724895730114216,0.7184722222222224,1,anode_hold
3734.0,-2.5,4.069885218460987,4.095772972798281,0.0262953611358694,0.4076067985758769,27.724959089500647,0.7186111111111111,1,anode_hold
3735.0,-2.5,4.070138507496629,4.096164346567062,0.0259973801934234,-0.0284588770096405,27.72502244888708,0.71875,1,anode_hold
3736.0,-2.5,4.070648668734589,4.0970499944630125,0.0261324899233268,-0.2688358050964012,27.725085808273512,0.7188888888888889,1,anode_hold
3737.0,-2.5,4.070839324513395,4.09578343164184,0.0258257124366268,0.8816053081828201,27.725149167659943,0.7190277777777776,1,anode_hold
3738.0,-2.5,4.0705780358394,4.096648355180398,0.0262547080462741,0.1843887052759285,27.72521254048559,0.7191666666666667,1,anode_hold
3739.0,-2.5,4.071029803501663,4.096601725670972,0.0260159960206216,0.4440738513125097,27.72527591978264,0.7193055555555556,1,anode_hold
3740.0,-2.5,4.070531515435162,4.096752216818249,0.0259632524965656,-0.2574488865212387,27.725339299079693,0.7194444444444443,1,anode_hold
3741.0,-2.5,4.071067887060812,4.097423207147816,0.0261430399781619,-0.2122801088422221,27.72540267736847,0.7195833333333335,1,anode_hold
3742.0,-2.5,4.071067335497943,4.09692346545422,0.025773217584414,-0.0829123718633084,27.72546599628892,0.7197222222222219,1,anode_hold
3743.0,-2.5,4.070730721008002,4.096803713000842,0.0265483683467774,0.4753763539371292,27.72552931520936,0.7198611111111111,1,anode_hold
3744.0,-2.5,4.071638912192787,4.097331988135919,0.0256304031651102,-0.0626727780215219,27.725592634129807,0.72,1,anode_hold
3745.0,-2.5,4.07129811259921,4.097475068017785,0.0260089392804166,-0.1680161381587552,27.72565590171301,0.7201388888888889,1,anode_hold
3746.0,-2.5,4.071768580530311,4.097834967261738,0.0261750017625381,0.1086150311113698,27.725719077402296,0.7202777777777778,1,anode_hold
3747.0,-2.5,4.071548182793316,4.098186353628153,0.0263856076956865,-0.2525631391492311,27.725782253091577,0.7204166666666665,1,anode_hold
3748.0,-2.5,4.071969416206892,4.09810057219026,0.0255815825956487,-0.5495733877189934,27.725845428780858,0.7205555555555554,1,anode_hold
3749.0,-2.5,4.07224959099034,4.098260934460663,0.0254273935748107,-0.5839498955131361,27.72590851885648,0.7206944444444445,1,anode_hold
3750.0,-2.5,4.072217567450357,4.097921134552675,0.0257070979462342,0.0035308439159109,27.72597157226584,0.7208333333333332,1,anode_hold
3751.0,-2.5,4.072228049275974,4.097977054815557,0.0261561382522757,0.4071327126933255,27.726034625675197,0.7209722222222221,1,anode_hold
3752.0,-2.5,4.072705970277244,4.098449116746689,0.0257046747438044,-0.038471725640754,27.72609766877764,0.721111111111111,1,anode_hold
3753.0,-2.5,4.072747979968106,4.098649442030433,0.0258075396627004,-0.0939223996256899,27.72616047600723,0.72125,1,anode_hold
3754.0,-2.5,4.07271851187393,4.098857306962464,0.0256621704741232,-0.4766246144107811,27.726223283236823,0.7213888888888886,1,anode_hold
3755.0,-2.5,4.073017765837149,4.098884643655456,0.0257130024996499,-0.1538753186567376,27.726286090466417,0.7215277777777778,1,anode_hold
3756.0,-2.5,4.073143164659336,4.0986770554043295,0.0255524921592315,0.0186014142382617,27.726348761651806,0.7216666666666665,1,anode_hold
3757.0,-2.5,4.073233216671808,4.098753296990584,0.0258416482782535,0.3215679594772425,27.72641121422093,0.7218055555555554,1,anode_hold
3758.0,-2.5,4.073773611249542,4.099458271427132,0.0253437885221244,-0.340871655465591,27.726473666790064,0.7219444444444443,1,anode_hold
3759.0,-2.5,4.074192311322322,4.099480091056822,0.026170863543588,0.883083809087637,27.72653611935919,0.722083333333333,1,anode_hold
3760.0,-2.5,4.073688797231264,4.09876072279298,0.0251504020619799,0.0784765002643794,27.72659808626785,0.7222222222222221,1,anode_hold
3761.0,-2.5,4.073979068076587,4.099610424166177,0.0254113641766056,-0.2199919129850513,27.726659869249143,0.722361111111111,1,anode_hold
3762.0,-2.5,4.073905118417895,4.099705819380865,0.0254249126055937,-0.3757883573758391,27.726721652230435,0.7224999999999999,1,anode_hold
3763.0,-2.5,4.073960218335838,4.099447402426633,0.0252473917344733,-0.2397923563215442,27.72678343521173,0.7226388888888888,1,anode_hold
3764.0,-2.5,4.074872138405088,4.099434460015352,0.0250596176136744,0.4972960034113072,27.726845218193017,0.7227777777777775,1,anode_hold
3765.0,-2.5,4.074503103749652,4.100196487920806,0.0256999473694589,0.0065631983039438,27.726907001174308,0.7229166666666664,1,anode_hold
3766.0,-2.5,4.074978644522838,4.100194867118912,0.0248334024176744,-0.3828201783990792,27.726968784155595,0.7230555555555553,1,anode_hold
3767.0,-2.5,4.074641078050968,4.09976483621728,0.0242258101223304,-0.8979480439812448,27.727030153220472,0.7231944444444443,1,anode_hold
3768.0,-2.5,4.075024101950306,4.1002828428131455,0.0254655459582462,0.2068050954067146,27.72709092358126,0.7233333333333332,1,anode_hold
3769.0,-2.5,4.07552579611249,4.100790237877435,0.0249190038830316,-0.3454378819132131,27.72715169394205,0.7234722222222221,1,anode_hold
3770.0,-2.5,4.0756944086696905,4.100414878313912,0.025227439429864,0.5069697856425748,27.72721246430284,0.723611111111111,1,anode_hold
3771.0,-2.5,4.07579045560254,4.101182577829519,0.0252902112039382,-0.1019110230409126,27.72727323466363,0.7237499999999999,1,anode_hold
3772.0,-2.5,4.076010846695761,4.100371690262711,0.025254155535144,0.8933119681939772,27.72733400502442,0.7238888888888888,1,anode_hold
3773.0,-2.5,4.076121590085625,4.1013120776439935,0.0247178442793527,-0.4726432790151946,27.727394772412435,0.7240277777777777,1,anode_hold
3774.0,-2.5,4.076518073008482,4.1009665151561805,0.0244023741053543,-0.0460680423444159,27.72745535766132,0.7241666666666664,1,anode_hold
3775.0,-2.5,4.076887559110455,4.100865374297203,0.0247581036994305,0.7802885126828585,27.727515942910195,0.7243055555555555,1,anode_hold
3776.0,-2.5,4.076707996049295,4.101184746467729,0.0250297602417923,0.5530098233572645,27.727576528159076,0.7244444444444442,1,anode_hold
3777.0,-2.5,4.076666224443145,4.101667344719218,0.0251374573365924,0.1363370605202973,27.72763711340795,0.7245833333333334,1,anode_hold
3778.0,-2.5,4.07654599756135,4.101130613536745,0.0240399391815605,-0.5446767938348529,27.72769769466577,0.7247222222222223,1,anode_hold
3779.0,-2.5,4.07686261765724,4.101992621554473,0.0248566890361489,-0.2733148610838398,27.72775827577925,0.7248611111111112,1,anode_hold
3780.0,-2.5,4.077065535612689,4.101983335088334,0.0251710995081738,0.2533000325284362,27.72781885689274,0.7249999999999999,1,anode_hold
3781.0,-2.5,4.07774876348156,4.101173459137269,0.0252124818573377,1.7877862016284496,27.727879438006227,0.725138888888889,1,anode_hold
3782.0,-2.5,4.076999838231811,4.102106876118506,0.0251722647615975,0.06522687490218,27.727940144013917,0.7252777777777779,1,anode_hold
3783.0,-2.5,4.077371577843688,4.10251295356857,0.0243654827996807,-0.7758929252013047,27.72800086175284,0.7254166666666666,1,anode_hold
3784.0,-2.5,4.077447794137904,4.102042864422036,0.0241970297619502,-0.3980405221817307,27.72806157949176,0.7255555555555555,1,anode_hold
3785.0,-2.5,4.07816302636354,4.10157753873175,0.0244884697416384,1.0739573734284136,27.72812229723068,0.7256944444444444,1,anode_hold
3786.0,-2.5,4.077833348717821,4.102765410642816,0.0245719415374696,-0.3601203875263081,27.72818320663975,0.7258333333333333,1,anode_hold
3787.0,-2.5,4.077628788408986,4.102961073124404,0.0243542094705441,-0.9780752448742548,27.7282441464314,0.7259722222222222,1,anode_hold
3788.0,-2.5,4.077700471902685,4.103234494910907,0.0243073994291091,-1.2266235791136282,27.72830508622304,0.7261111111111112,1,anode_hold
3789.0,-2.5,4.0785462122172005,4.102590883559181,0.0246040882698569,0.5594169278770877,27.728366026014687,0.7262500000000001,1,anode_hold
3790.0,-2.5,4.078101221117565,4.1026831151792775,0.0243895933366685,-0.1923007250432817,27.72842696580633,0.726388888888889,1,anode_hold
3791.0,-2.5,4.079058025143532,4.102960041431674,0.0244641400334394,0.5621237452970718,27.728487905597976,0.7265277777777779,1,anode_hold
3792.0,-2.5,4.079184185245424,4.103649820397266,0.0248535416401562,0.3879064883145489,27.72854884538962,0.7266666666666666,1,anode_hold
3793.0,-2.5,4.078662443874941,4.10308726157817,0.0245587652136671,0.1339475104380483,27.728609785181263,0.7268055555555557,1,anode_hold
3794.0,-2.5,4.079036181812305,4.103528942624494,0.0240719357486707,-0.4208250635180377,27.728670837842856,0.7269444444444446,1,anode_hold
3795.0,-2.5,4.079279290609668,4.103120026246153,0.0250290621563089,1.1883265198227022,27.728731925903617,0.7270833333333333,1,anode_hold
3796.0,-2.5,4.078959774187435,4.104215360474857,0.0244310248413164,-0.8245614461053208,27.728793013964378,0.7272222222222222,1,anode_hold
3797.0,-2.5,4.079172363578441,4.103878485931484,0.0247002245342208,-0.0058978188226532,27.72885410202514,0.7273611111111111,1,anode_hold
3798.0,-2.5,4.079487359340184,4.104045931890811,0.0241717544516948,-0.3868180989323733,27.7289151900859,0.7275,1,anode_hold
3799.0,-2.5,4.0798011703345125,4.105182963221571,0.0239417338292811,-1.440059057776999,27.728976278146664,0.727638888888889,1,anode_hold
3800.0,-2.5,4.080029491748261,4.104580375712159,0.0246383972716339,0.0875133077364864,27.729037366207425,0.7277777777777779,1,anode_hold
3801.0,-2.5,4.079518984901858,4.104564815624139,0.0240652717984236,-0.9805589238567336,27.729098454268183,0.7279166666666668,1,anode_hold
3802.0,-2.5,4.0802921374470245,4.104513771260787,0.0241929408385281,-0.0286929752340014,27.72915922128907,0.7280555555555557,1,anode_hold
3803.0,-2.5,4.080325193234368,4.104576885836113,0.024124953310031,-0.1267392917130294,27.72921982242929,0.7281944444444444,1,anode_hold
3804.0,-2.5,4.080419804983717,4.104292066753358,0.0244594710957702,0.5872093261301004,27.729280423569502,0.7283333333333335,1,anode_hold
3805.0,-2.5,4.080500664755372,4.105160921022367,0.0243621867708936,-0.2980694961012275,27.72934102470972,0.7284722222222224,1,anode_hold
3806.0,-2.5,4.081086834606128,4.10494102055647,0.0240379830165026,0.1837970661613397,27.72940162584993,0.7286111111111111,1,anode_hold
3807.0,-2.5,4.081386820556766,4.105074151989756,0.0239297859297797,0.2424544967896125,27.72946222699015,0.72875,1,anode_hold
3808.0,-2.5,4.080920606949246,4.104769826063563,0.0239334591819593,0.0842400676424048,27.729522828130367,0.7288888888888889,1,anode_hold
3809.0,-2.5,4.081146452642515,4.105773814951927,0.024959771626382,0.3324093169698727,27.729583429270583,0.7290277777777778,1,anode_hold
3810.0,-2.5,4.080863471582279,4.105558223806128,0.0243985585784223,-0.2961936454264346,27.7296436186582,0.7291666666666667,1,anode_hold
3811.0,-2.5,4.081362747979446,4.105690053299036,0.0239413534523786,-0.3859518672113537,27.729703481100888,0.7293055555555557,1,anode_hold
3812.0,-2.5,4.081833843189857,4.105609194424526,0.0241355110901541,0.3601598554858753,27.72976334354357,0.7294444444444446,1,anode_hold
3813.0,-2.5,4.081741431322524,4.10606054186426,0.0240380081050915,-0.2811024366442538,27.72982320598626,0.7295833333333335,1,anode_hold
3814.0,-2.5,4.082023027955961,4.10628622586401,0.0240494401703818,-0.2137577376677413,27.729883068428947,0.7297222222222222,1,anode_hold
3815.0,-2.5,4.082027519841547,4.106319345923832,0.024171415867493,-0.1204102147918106,27.729942930871637,0.7298611111111113,1,anode_hold
3816.0,-2.5,4.082234646983318,4.105927339525518,0.0239603401983598,0.2676476561598306,27.73000279331432,0.73,1,anode_hold
3817.0,-2.5,4.08254979838464,4.10583812222862,0.0236068095820135,0.3184857380347239,27.730062447813747,0.7301388888888889,1,anode_hold
3818.0,-2.5,4.082724582406727,4.106469974926014,0.0240320275246715,0.2866350053842836,27.730121527550743,0.7302777777777778,1,anode_hold
3819.0,-2.5,4.082056230067128,4.106783337540901,0.0245720010649026,-0.1551064088705089,27.730180607287743,0.7304166666666667,1,anode_hold
3820.0,-2.5,4.082720807198794,4.10597741765854,0.0242601408882521,1.0035304285063162,27.730239687024746,0.7305555555555556,1,anode_hold
3821.0,-2.5,4.082058344392313,4.106587387337696,0.0242041750916692,-0.3248678537142169,27.73029876676174,0.7306944444444445,1,anode_hold
3822.0,-2.5,4.083080384130803,4.106835492687022,0.0240148060460395,0.2596974898212423,27.730357846498737,0.7308333333333334,1,anode_hold
3823.0,-2.5,4.083057623665796,4.107135356110385,0.0239454799564476,-0.1322524881421927,27.730416926235737,0.7309722222222224,1,anode_hold
3824.0,-2.5,4.083188416946152,4.1075941587087454,0.0238907972860796,-0.51494447651379,27.730476005972736,0.731111111111111,1,anode_hold
3825.0,-2.5,4.083977324065428,4.107240747439421,0.0241075247654954,0.8441013915030382,27.730534553819343,0.73125,1,anode_hold
3826.0,-2.5,4.083760309604697,4.107777064511174,0.0239823776150396,-0.0343772914366269,27.73059308743467,0.7313888888888891,1,anode_hold
3827.0,-2.5,4.084135535621922,4.107521263368415,0.0237540348300138,0.3683070835203139,27.73065162105,0.7315277777777778,1,anode_hold
3828.0,-2.5,4.0841275918251405,4.108045726299782,0.02370090943183,-0.2172250428111866,27.730710154665324,0.7316666666666667,1,anode_hold
3829.0,-2.5,4.084588471100327,4.107667922797408,0.0237180505912152,0.6385988941337573,27.73076868828065,0.7318055555555556,1,anode_hold
3830.0,-2.5,4.084152653025993,4.107990303032774,0.0237436228902597,-0.0940271165212891,27.73082722189598,0.7319444444444445,1,anode_hold
3831.0,-2.5,4.084293309652,4.108390912647876,0.0239056742946757,-0.1919287012004389,27.730885755511306,0.7320833333333334,1,anode_hold
3832.0,-2.5,4.08448186883585,4.108240155932047,0.0234794825489386,-0.2788045472588152,27.730943919222295,0.7322222222222223,1,anode_hold
3833.0,-2.5,4.085382295992005,4.107621080425455,0.0240502592370459,1.8114748035964467,27.73100191062288,0.7323611111111112,1,anode_hold
3834.0,-2.5,4.084655681988975,4.108390907839918,0.0241211711964674,0.3859453455250516,27.731059902023464,0.7325000000000002,1,anode_hold
3835.0,-2.5,4.084932945540807,4.108757293819727,0.0237556268227508,-0.0687214561692073,27.731117893424045,0.7326388888888888,1,anode_hold
3836.0,-2.5,4.08547571965081,4.108750137504917,0.0242692934789606,0.9948756248530088,27.73117588482463,0.7327777777777778,1,anode_hold
3837.0,-2.5,4.085478793741234,4.108525000685482,0.0233914791770101,0.3452722327619284,27.73123387622521,0.7329166666666667,1,anode_hold
3838.0,-2.5,4.085191590753681,4.108827196025166,0.0229719054691337,-0.6636998023514806,27.7312918676258,0.7330555555555556,1,anode_hold
3839.0,-2.5,4.086001616777913,4.109336327874027,0.0234436785941128,0.108967497998158,27.73134970541602,0.7331944444444445,1,anode_hold
3840.0,-2.5,4.085760148719578,4.109515707729679,0.0235962861876049,-0.1592728224970585,27.731407303426906,0.7333333333333334,1,anode_hold
3841.0,-2.5,4.086187598700395,4.10951116477751,0.0231340099844277,-0.1895560926872264,27.73146490143779,0.7334722222222223,1,anode_hold
3842.0,-2.5,4.086072692095709,4.109273897675806,0.0239891227591505,0.7879171790543538,27.73152249944868,0.7336111111111112,1,anode_hold
3843.0,-2.5,4.086261832211735,4.109327585315873,0.0232542932032545,0.1885400991161745,27.73158009745956,0.7337500000000001,1,anode_hold
3844.0,-2.5,4.085943196449386,4.110406841210841,0.0228466028900738,-1.6170418713805643,27.731637695470447,0.733888888888889,1,anode_hold
3845.0,-2.5,4.086728842269336,4.109521536694739,0.024076056013961,1.2833615885581295,27.73169529348133,0.7340277777777777,1,anode_hold
3846.0,-2.5,4.086229557186735,4.1103664472006365,0.0232452211130475,-0.8916689008540146,27.731752958493686,0.7341666666666669,1,anode_hold
3847.0,-2.5,4.086599204336315,4.110165459137795,0.0235382910347242,-0.0279637667555121,27.73181063743196,0.7343055555555555,1,anode_hold
3848.0,-2.5,4.087038606915272,4.1104306132982815,0.0236792562012591,0.2872498182497907,27.73186831637023,0.7344444444444445,1,anode_hold
3849.0,-2.5,4.086746907932696,4.110496724634899,0.0230459572567829,-0.7038594454202851,27.731925995308504,0.7345833333333334,1,anode_hold
3850.0,-2.5,4.087020841869213,4.110426275367804,0.0234397244031796,0.0342909045896178,27.731983674246777,0.7347222222222223,1,anode_hold
3851.0,-2.5,4.08712380341157,4.110835434235608,0.0228587684062314,-0.8528624178065769,27.73204135318505,0.7348611111111112,1,anode_hold
3852.0,-2.5,4.087303925315324,4.110469327140391,0.0234425933217761,0.2771914967087951,27.732099139093425,0.7350000000000001,1,anode_hold
3853.0,-2.5,4.087567634501461,4.110779130075409,0.0235321055331285,0.3206099591803735,27.732157221140625,0.7351388888888888,1,anode_hold
3854.0,-2.5,4.087074739113254,4.111078446135517,0.0233111258292407,-0.6925811930225123,27.73221530318783,0.7352777777777779,1,anode_hold
3855.0,-2.5,4.087500560558278,4.110339077136068,0.0235075510933117,0.6690345155222488,27.732273385235032,0.7354166666666668,1,anode_hold
3856.0,-2.5,4.088411076362846,4.111693508432783,0.0231224287272758,-0.1600033426614189,27.73233146728224,0.7355555555555555,1,anode_hold
3857.0,-2.5,4.087338973546146,4.111348127806743,0.0229950385137504,-1.0141157468464002,27.73238954932944,0.7356944444444447,1,anode_hold
3858.0,-2.5,4.087867633967915,4.111439542226546,0.0235859187535466,0.0140104949153396,27.73244763137664,0.7358333333333333,1,anode_hold
3859.0,-2.5,4.088428718672722,4.111326307292009,0.0236280700779768,0.7304814586897024,27.73250608971656,0.7359722222222225,1,anode_hold
3860.0,-2.5,4.0877660072587245,4.111719146645326,0.0234934366246631,-0.4597027619386296,27.732564707179524,0.7361111111111114,1,anode_hold
3861.0,-2.5,4.08818891613981,4.111467241245698,0.0231910422507985,-0.0872828550901871,27.73262332464248,0.7362500000000001,1,anode_hold
3862.0,-2.5,4.0883355140773325,4.111707050631412,0.0231841075847606,-0.1874289693191144,27.73268194210544,0.736388888888889,1,anode_hold
3863.0,-2.5,4.089175901787881,4.111942000296768,0.0234895314310293,0.7234329221423863,27.7327405595684,0.7365277777777779,1,anode_hold
3864.0,-2.5,4.088574238890511,4.11228947882487,0.0234658581294816,-0.2493818048767693,27.73279917703136,0.7366666666666666,1,anode_hold
3865.0,-2.5,4.089153304437154,4.112398974050727,0.0231709673529633,-0.0747022606093494,27.732857885025947,0.7368055555555557,1,anode_hold
3866.0,-2.5,4.088901758579706,4.112331122373498,0.0229951908904357,-0.4341729033567887,27.732917148006035,0.7369444444444446,1,anode_hold
3867.0,-2.5,4.089220888315818,4.112513864485805,0.0235852287992767,0.292252629290779,27.73297641098612,0.7370833333333335,1,anode_hold
3868.0,-2.5,4.089004917939562,4.112984356066888,0.0238733478082812,-0.1060903190452933,27.73303567396621,0.7372222222222224,1,anode_hold
3869.0,-2.5,4.0890304556506045,4.112699758789388,0.023893297758374,0.2239946195903286,27.7330949369463,0.7373611111111111,1,anode_hold
3870.0,-2.5,4.089458309841426,4.113526281887762,0.0234208133277332,-0.6471587186034355,27.73315419992639,0.7375000000000003,1,anode_hold
3871.0,-2.5,4.089313029778859,4.113387748524951,0.0231737256247089,-0.9009931213830312,27.73321346290648,0.7376388888888892,1,anode_hold
3872.0,-2.5,4.08980157397126,4.113116322750194,0.0234140642567528,0.0993154778186067,27.733273035770974,0.7377777777777781,1,anode_hold
3873.0,-2.5,4.090019782361383,4.113028455237838,0.0228167288151751,-0.1919440612807577,27.733332835172245,0.7379166666666668,1,anode_hold
3874.0,-2.5,4.090236723654501,4.113609546292939,0.0234101512823326,0.0373286438941633,27.73339263457352,0.7380555555555557,1,anode_hold
3875.0,-2.5,4.090702015553297,4.114025829988007,0.023183333204523,-0.1404812301872837,27.733452433974783,0.7381944444444448,1,anode_hold
3876.0,-2.5,4.090799163061965,4.113872651930122,0.0232338525125572,0.1603636444000855,27.733512233376054,0.7383333333333337,1,anode_hold
3877.0,-2.5,4.090172206658445,4.113991367872919,0.0230977326158863,-0.7214285985881475,27.73357203277732,0.7384722222222224,1,anode_hold
3878.0,-2.5,4.090408380584604,4.113631757703868,0.0237620806461405,0.5387035268773488,27.73363183793751,0.7386111111111113,1,anode_hold
3879.0,-2.5,4.091277715909311,4.114469213058263,0.022877457636926,-0.3140395120260209,27.73369201795354,0.7387500000000002,1,anode_hold
3880.0,-2.5,4.090891951961525,4.114008618409527,0.0234159371308915,0.2992706828885971,27.73375219796957,0.7388888888888892,1,anode_hold
3881.0,-2.5,4.090930172339693,4.114957446348679,0.0231031056793912,-0.9241683295950764,27.7338123779856,0.7390277777777781,1,anode_hold
3882.0,-2.5,4.091504787493888,4.114622372108797,0.0231610013829054,0.0434167679959074,27.73387255800163,0.739166666666667,1,anode_hold
3883.0,-2.5,4.091133642706006,4.115241153598171,0.0235632514967396,-0.5442593954256836,27.73393273801766,0.7393055555555559,1,anode_hold
3884.0,-2.5,4.091738703493283,4.115075134427663,0.0234340695395702,0.0976386051902977,27.73399291803369,0.7394444444444448,1,anode_hold
3885.0,-2.5,4.091511547747599,4.114390792087249,0.0231773451827381,0.2981008430875675,27.734053224114025,0.7395833333333335,1,anode_hold
3886.0,-2.5,4.092141206270403,4.115098440151158,0.0236038808765213,0.6466469957668863,27.73411368268056,0.7397222222222226,1,anode_hold
3887.0,-2.5,4.091859836319787,4.115439913836336,0.0232700298673003,-0.3100476492479131,27.73417414124709,0.7398611111111113,1,anode_hold
3888.0,-2.5,4.092300054417426,4.115824888585693,0.0233851000762475,-0.1397340920190615,27.734234599813632,0.7400000000000004,1,anode_hold
3889.0,-2.5,4.092522465015997,4.115473763008252,0.023323546244582,0.3722482523276227,27.73429505838017,0.7401388888888893,1,anode_hold
3890.0,-2.5,4.092840191907491,4.115802417940348,0.0231332925697304,0.1710665368737096,27.734355516946703,0.7402777777777783,1,anode_hold
3891.0,-2.5,4.0922671643323545,4.115256846893325,0.0232694914623099,0.2798089013396065,27.73441597551324,0.7404166666666672,1,anode_hold
3892.0,-2.5,4.092553063501224,4.115965974309867,0.0231905710478416,-0.2223397608007715,27.734476602405376,0.7405555555555561,1,anode_hold
3893.0,-2.5,4.092406492285048,4.115972707980374,0.0232271837032539,-0.3390319920724138,27.734537250098725,0.740694444444445,1,anode_hold
3894.0,-2.5,4.092478146285011,4.116356008879996,0.0229617672297086,-0.9160953652767034,27.73459789779208,0.7408333333333339,1,anode_hold
3895.0,-2.5,4.093009328200762,4.116269600627096,0.0234532319580014,0.1929595316676469,27.734658545485427,0.7409722222222226,1,anode_hold
3896.0,-2.5,4.093369774901979,4.116356041540668,0.0233126655360716,0.3263988973829512,27.734719193178776,0.7411111111111115,1,anode_hold
3897.0,-2.5,4.093861289099692,4.116518063707087,0.0229583730446146,0.3015984372201075,27.73477984087213,0.7412500000000006,1,anode_hold
3898.0,-2.5,4.093525728377717,4.11688393702928,0.0233229286773174,-0.0352799742451281,27.734840559796616,0.7413888888888893,1,anode_hold
3899.0,-2.5,4.094392666176379,4.117259956321054,0.0228858941262676,0.0186039815925909,27.73490142501857,0.7415277777777782,1,anode_hold
3900.0,-2.5,4.09404285943948,4.1172304311839145,0.0227257666303919,-0.4618051140417023,27.73496229024052,0.7416666666666671,1,anode_hold
3901.0,-2.5,4.094421376848297,4.117424927844632,0.022950843761475,-0.052707234860172,27.735023155462475,0.741805555555556,1,anode_hold
3902.0,-2.5,4.094249047733512,4.116906388338809,0.0228275476252171,0.1702070199200989,27.735084020684425,0.741944444444445,1,anode_hold
3903.0,-2.5,4.094117341733494,4.116907463222842,0.0226312699200526,-0.1588515692949599,27.73514488590638,0.7420833333333339,1,anode_hold
3904.0,-2.5,4.095138663493522,4.117138227799902,0.0228288482111649,0.8292839047845391,27.73520575112833,0.7422222222222228,1,anode_hold
3905.0,-2.5,4.094743932090228,4.117275882125701,0.0227393299868405,0.2073799513668817,27.73526688496718,0.7423611111111117,1,anode_hold
3906.0,-2.5,4.095331854940025,4.11790069916256,0.0224188643182419,-0.1499799042932181,27.73532810136898,0.7425000000000004,1,anode_hold
3907.0,-2.5,4.0950544830060345,4.117828115946916,0.0225285321822605,-0.245100758621497,27.735389317770785,0.7426388888888895,1,anode_hold
3908.0,-2.5,4.095508609966894,4.117910226462197,0.0232240439408731,0.8224274455699288,27.735450534172585,0.7427777777777782,1,anode_hold
3909.0,-2.5,4.095451917984254,4.118830761836942,0.0225725046221178,-0.8063392305706074,27.735511750574386,0.7429166666666671,1,anode_hold
3910.0,-2.5,4.095562907608234,4.118177505029572,0.0226401896128256,0.0255921914877887,27.73557296697619,0.743055555555556,1,anode_hold
3911.0,-2.5,4.095788081589754,4.118669352575119,0.0221902558685504,-0.691015116814242,27.735634318294544,0.7431944444444449,1,anode_hold
3912.0,-2.5,4.096198571750578,4.118542683478921,0.0228535738155814,0.5094620872378997,27.73569620147666,0.7433333333333338,1,anode_hold
3913.0,-2.5,4.09579252098959,4.11832030772337,0.0223615913091371,-0.1661954246436892,27.735758084658777,0.7434722222222228,1,anode_hold
3914.0,-2.5,4.096023888731049,4.118268822142032,0.0222116531680256,-0.0332802429570122,27.735819967840893,0.7436111111111117,1,anode_hold
3915.0,-2.5,4.09677220845442,4.118734327697463,0.0222351035108618,0.2729842678181882,27.735881851023013,0.7437500000000006,1,anode_hold
3916.0,-2.5,4.09641776489407,4.1191797019128185,0.022642607145313,-0.1193298734358805,27.73594373420513,0.7438888888888893,1,anode_hold
3917.0,-2.5,4.096854260944077,4.119346074703834,0.0221862505877698,-0.3055631719881546,27.73600561738725,0.7440277777777782,1,anode_hold
3918.0,-2.5,4.096555565486176,4.119706463844824,0.0218888521627447,-1.2620461959036433,27.73606750056936,0.7441666666666673,1,anode_hold
3919.0,-2.5,4.097051182730186,4.1196114715066345,0.0226194907723293,0.0592019958807199,27.73612974810136,0.744305555555556,1,anode_hold
3920.0,-2.5,4.097595381181179,4.120154646042034,0.0221943325978983,-0.364932262956863,27.73619243045747,0.7444444444444449,1,anode_hold
3921.0,-2.5,4.097440692272401,4.11949448185333,0.0216445707494274,-0.4092188315016898,27.736255112813588,0.7445833333333338,1,anode_hold
3922.0,-2.5,4.097627614271881,4.119629023342935,0.022410653714619,0.4092446435643992,27.7363177951697,0.7447222222222227,1,anode_hold
3923.0,-2.5,4.097596771078153,4.120220772920192,0.0221791608438715,-0.4448409981669954,27.736380477525813,0.7448611111111116,1,anode_hold
3924.0,-2.5,4.09789411853835,4.120063114293359,0.0220491765439303,-0.1198192110782869,27.73644315988193,0.7450000000000006,1,anode_hold
3925.0,-2.5,4.097479253009485,4.120572538564456,0.0218102082300331,-1.2830773249374872,27.73650584223804,0.7451388888888895,1,anode_hold
3926.0,-2.5,4.097673172102126,4.120869121772517,0.0223766661016695,-0.8192835687221844,27.73656852459415,0.7452777777777784,1,anode_hold
3927.0,-2.5,4.098427608290136,4.120622403976166,0.022377569713911,0.1827740278805834,27.736631637446333,0.7454166666666671,1,anode_hold
3928.0,-2.5,4.097912138073851,4.120532742419373,0.0220036510824495,-0.6169532630719843,27.736694926582917,0.745555555555556,1,anode_hold
3929.0,-2.5,4.098971972476753,4.120003081297468,0.0222908937375312,1.259784916816109,27.73675821571949,0.7456944444444451,1,anode_hold
3930.0,-2.5,4.098972091053985,4.120821554379359,0.0225208092191123,0.6713458937381844,27.736821504856074,0.7458333333333338,1,anode_hold
3931.0,-2.5,4.098494072511428,4.121123009371613,0.022462850545837,-0.1660863143477797,27.73688479399265,0.7459722222222227,1,anode_hold
3932.0,-2.5,4.098337733093385,4.120749345838962,0.0222673666026601,-0.1442461429164154,27.736948083129235,0.7461111111111116,1,anode_hold
3933.0,-2.5,4.098403497888865,4.121428631324589,0.0217889790182902,-1.2361544174339656,27.737011372265812,0.7462500000000005,1,anode_hold
3934.0,-2.5,4.099360788159657,4.121505036575738,0.0221773375527254,0.0330891366449037,27.7370746614024,0.7463888888888894,1,anode_hold
3935.0,-2.5,4.099368024571252,4.1216161656380095,0.021956606387868,-0.2915346788894268,27.73713829459409,0.7465277777777783,1,anode_hold
3936.0,-2.5,4.0999288917963534,4.121978702668605,0.0223799563454168,0.3301454731650111,27.73720194098877,0.7466666666666673,1,anode_hold
3937.0,-2.5,4.0997940806154825,4.122297239449129,0.0225027375083547,-0.0004213252911,27.737265587383447,0.7468055555555562,1,anode_hold
3938.0,-2.5,4.100248440808002,4.121635193707078,0.02211132566233,0.7245727632536614,27.73732923377813,0.7469444444444449,1,anode_hold
3939.0,-2.5,4.100171843937186,4.122036441355968,0.0225192024645329,0.6546050457512109,27.737392880172813,0.7470833333333338,1,anode_hold
3940.0,-2.5,4.099753014040891,4.122315179436675,0.022772480184854,0.2103147890704093,27.73745652656749,0.7472222222222229,1,anode_hold
3941.0,-2.5,4.100109307824042,4.122832164743142,0.0221921084531083,-0.5307484659917705,27.73752017296217,0.7473611111111116,1,anode_hold
3942.0,-2.5,4.1000393672892805,4.122505301980512,0.0222422710694536,-0.2236636217780585,27.737583900426163,0.7475000000000005,1,anode_hold
3943.0,-2.5,4.100326389152855,4.122810122688363,0.0220865165224929,-0.3972170130150942,27.737647921082537,0.7476388888888894,1,anode_hold
3944.0,-2.5,4.100394349429226,4.122780925120576,0.0224802907981705,0.0937151068196584,27.73771194173891,0.7477777777777783,1,anode_hold
3945.0,-2.5,4.10060758871869,4.122944210827589,0.022013530326674,-0.3230917822243384,27.73777596239529,0.747916666666667,1,anode_hold
3946.0,-2.5,4.10121314560791,4.123085289887638,0.0217503807633641,-0.1217635163639485,27.73783998305166,0.7480555555555561,1,anode_hold
3947.0,-2.5,4.1007679291425765,4.123493465703099,0.0226374963856815,-0.0880401748410975,27.73790400370803,0.7481944444444448,1,anode_hold
3948.0,-2.5,4.100703269264488,4.123438521708298,0.0219939560788674,-0.7412963649420234,27.73796802436441,0.7483333333333337,1,anode_hold
3949.0,-2.5,4.101000598653757,4.123689814314735,0.0225821178685752,-0.1070977924033655,27.73803204502078,0.7484722222222226,1,anode_hold
3950.0,-2.5,4.101177321144698,4.123574035310311,0.0223129791990314,-0.0837349665809839,27.73809646348714,0.7486111111111116,1,anode_hold
3951.0,-2.5,4.101278670664419,4.123579486257584,0.0222937599086234,-0.0070556845415126,27.738161330225445,0.7487500000000005,1,anode_hold
3952.0,-2.5,4.1015356417079,4.123779205348614,0.0226727751732845,0.4292115325705836,27.73822619696375,0.7488888888888894,1,anode_hold
3953.0,-2.5,4.101590209347142,4.124235184845781,0.0221108447189453,-0.5341307796937755,27.738291063702054,0.7490277777777783,1,anode_hold
3954.0,-2.5,4.102186634247912,4.124094252857011,0.0225982258349082,0.6906072258088258,27.73835593044036,0.7491666666666672,1,anode_hold
3955.0,-2.5,4.102259718206025,4.123721401635026,0.0227467010745635,1.2850176455625473,27.738420818305567,0.7493055555555559,1,anode_hold
3956.0,-2.5,4.101899260412108,4.124468558385143,0.0218983808454975,-0.6709171275369741,27.73848655486403,0.7494444444444448,1,anode_hold
3957.0,-2.5,4.102566062618532,4.124099054572663,0.0229350791501459,1.4020871960154224,27.738552291422486,0.7495833333333337,1,anode_hold
3958.0,-2.5,4.102833263406764,4.123899544454565,0.0223202848324093,1.2540037846084928,27.738618027980948,0.7497222222222228,1,anode_hold
3959.0,-2.5,4.102556816178948,4.124687707516803,0.0225418569469374,0.4109656090829361,27.73868376453941,0.7498611111111113,1,anode_hold
3960.0,-2.5,4.102444604487693,4.1253748793630525,0.0217528456931623,-1.1774291821975424,27.738749501097868,0.7500000000000004,1,anode_hold
3961.0,-2.5,4.102974940723863,4.125245190733891,0.021851416216929,-0.4188337930992603,27.738815723724397,0.7501388888888894,1,anode_hold
3962.0,-2.5,4.102969376377966,4.125303674177276,0.0222546770871814,-0.0796207121291914,27.73888230065152,0.750277777777778,1,anode_hold
3963.0,-2.5,4.103243435182443,4.124995162599958,0.0215632065941287,-0.1885208233858293,27.73894887757865,0.7504166666666672,1,anode_hold
3964.0,-2.5,4.102972864913258,4.125044805656374,0.0218523659800451,-0.2195747630713285,27.739015454505783,0.7505555555555559,1,anode_hold
3965.0,-2.5,4.104069710060783,4.125192624381462,0.0219445171725649,0.8216028518850393,27.739082031432915,0.7506944444444448,1,anode_hold
3966.0,-2.5,4.103533538429792,4.125523610917406,0.0230295332423539,1.0394607547397072,27.739149297090982,0.7508333333333337,1,anode_hold
3967.0,-2.5,4.103904808845849,4.125550388947754,0.0219888013453012,0.3432212433969184,27.739216757125124,0.7509722222222224,1,anode_hold
3968.0,-2.5,4.103720138752489,4.125941295401829,0.0217702478920608,-0.450908757279933,27.739284217159263,0.7511111111111113,1,anode_hold
3969.0,-2.5,4.104098690628953,4.126117538033324,0.0214559943103586,-0.5628530940118281,27.7393516771934,0.7512500000000004,1,anode_hold
3970.0,-2.5,4.103517000443732,4.125902727471964,0.0217836879186338,-0.6020391095971078,27.73941913722754,0.7513888888888893,1,anode_hold
3971.0,-2.5,4.103969150729262,4.126475904868399,0.0218073706807625,-0.6993834583743919,27.73948730512031,0.751527777777778,1,anode_hold
3972.0,-2.5,4.103772528001853,4.125776275970172,0.0214115595255709,-0.5921884427477764,27.739555486434767,0.7516666666666669,1,anode_hold
3973.0,-2.5,4.104965723631744,4.126401406205008,0.0221840937899675,0.7484112167031043,27.73962366774923,0.7518055555555558,1,anode_hold
3974.0,-2.5,4.104407171883152,4.126547708645363,0.0221469000477253,0.0063632855145101,27.73969184906369,0.7519444444444447,1,anode_hold
3975.0,-2.5,4.104510202830831,4.126619276453376,0.0217122608910802,-0.3968127314646352,27.73976015616881,0.7520833333333337,1,anode_hold
3976.0,-2.5,4.105467281018223,4.12691834866322,0.0218443288263968,0.3932611813999287,27.73982902528307,0.7522222222222226,1,anode_hold
3977.0,-2.5,4.105132468237929,4.12704722249482,0.0226965147656199,0.7817605087288015,27.73989789439733,0.7523611111111115,1,anode_hold
3978.0,-2.5,4.105380786916597,4.127332027562984,0.0214421072209072,-0.5091334254796465,27.73996676351159,0.7525000000000004,1,anode_hold
3979.0,-2.5,4.105904103198095,4.127509771658351,0.0223498976051561,0.7442291449004657,27.74003563262585,0.7526388888888891,1,anode_hold
3980.0,-2.5,4.105880033241073,4.126990013383181,0.0216690203925297,0.5590402504216385,27.74010450174011,0.7527777777777782,1,anode_hold
3981.0,-2.5,4.105976806781452,4.127936792494682,0.0215221032471657,-0.4378824660653535,27.74017352387819,0.7529166666666671,1,anode_hold
3982.0,-2.5,4.106225720087497,4.127929177289951,0.0211878761918653,-0.5155810105881287,27.740243297727435,0.7530555555555558,1,anode_hold
3983.0,-2.5,4.1055906953399735,4.128312378054233,0.0220209224913889,-0.7007602228705778,27.74031307157668,0.7531944444444447,1,anode_hold
3984.0,-2.5,4.106709691000992,4.128509922733641,0.0214496028065274,-0.3506289261210327,27.74038284542592,0.7533333333333336,1,anode_hold
3985.0,-2.5,4.106866592732128,4.128741455689405,0.0217314650187662,-0.1433979385110362,27.74045261927516,0.7534722222222225,1,anode_hold
3986.0,-2.5,4.107168769293117,4.128738647960667,0.0217205414967891,0.1506628292391454,27.740522393124404,0.7536111111111115,1,anode_hold
3987.0,-2.5,4.1061301051710695,4.1284736403093065,0.0213943579313672,-0.9491772068699332,27.74059225765678,0.7537500000000004,1,anode_hold
3988.0,-2.5,4.106643924755113,4.129064821275643,0.0214533547218455,-0.9675417986834134,27.740662615109773,0.7538888888888893,1,anode_hold
3989.0,-2.5,4.1068702702489706,4.128760269751916,0.0211929766413629,-0.6970228615825746,27.740732972562764,0.7540277777777782,1,anode_hold
3990.0,-2.5,4.107691260596284,4.12877643531592,0.0223266767368506,1.2415020172156233,27.74080333001576,0.7541666666666669,1,anode_hold
3991.0,-2.5,4.107489128345674,4.129050564497791,0.0214684519080964,-0.0929842440209327,27.74087368746875,0.7543055555555558,1,anode_hold
3992.0,-2.5,4.107991876844279,4.129717570764415,0.0218557892155137,0.1300952953782186,27.740944044921743,0.7544444444444447,1,anode_hold
3993.0,-2.5,4.107734011605189,4.129620900259271,0.0217270225584097,-0.1598660956725339,27.74101445634317,0.7545833333333336,1,anode_hold
3994.0,-2.5,4.107538852513482,4.129480027011423,0.0217833918341846,-0.1577826637566559,27.7410851948406,0.7547222222222225,1,anode_hold
3995.0,-2.5,4.107474017035847,4.129570696085246,0.0222315008043609,0.1348217549628216,27.741155933338028,0.7548611111111114,1,anode_hold
3996.0,-2.5,4.107825298312991,4.129428297084611,0.0213111351220038,-0.2918636496156424,27.74122667183546,0.7550000000000003,1,anode_hold
3997.0,-2.5,4.108549128056146,4.130113002306419,0.0214459651449701,-0.117909105302516,27.741297410332887,0.7551388888888892,1,anode_hold
3998.0,-2.5,4.108006102931964,4.128853821636972,0.0213350747538968,0.4873560488887207,27.74136814883032,0.7552777777777782,1,anode_hold
3999.0,-2.5,4.10785954647526,4.130130747182156,0.0221940185077443,-0.0771821991509824,27.74143901829256,0.7554166666666668,1,anode_hold
4000.0,-2.5,4.108606845698371,4.130125607972378,0.0213722421837462,-0.1465200902606156,27.741510780904232,0.7555555555555558,1,anode_hold
4001.0,-2.5,4.109062568937011,4.130173335527057,0.0216153646418498,0.5045980518039173,27.74158254351591,0.7556944444444447,1,anode_hold
4002.0,-2.5,4.109510502975899,4.130760969340298,0.0221573601949083,0.9068938305096808,27.74165430612759,0.7558333333333338,1,anode_hold
4003.0,-2.5,4.109283309838385,4.130538578851992,0.0214777503332177,0.2224813196107788,27.74172606873927,0.7559722222222225,1,anode_hold
4004.0,-2.5,4.109327455761455,4.131224283800716,0.021750436785772,-0.146391253489142,27.741797831350947,0.7561111111111114,1,anode_hold
4005.0,-2.5,4.1086283390483365,4.130508746196175,0.0216510523808057,-0.2293547670326745,27.741869593962623,0.7562500000000003,1,anode_hold
4006.0,-2.5,4.10917964462971,4.131680023446616,0.0211886991302306,-1.311679686676115,27.7419413565743,0.7563888888888892,1,anode_hold
4007.0,-2.5,4.109308463596292,4.1309809058151385,0.021929206530861,0.2567643120148233,27.742013264689906,0.7565277777777779,1,anode_hold
4008.0,-2.5,4.1095940378129,4.131514368445817,0.0217735116313087,-0.1468190016087334,27.742085672299048,0.756666666666667,1,anode_hold
4009.0,-2.5,4.109404873311924,4.131253422304242,0.0213848289687664,-0.4637200235517724,27.742158079908187,0.756805555555556,1,anode_hold
4010.0,-2.5,4.110053604222205,4.131378845099415,0.0217104805385164,0.3852396613064357,27.742230487517325,0.7569444444444446,1,anode_hold
4011.0,-2.5,4.110323055258911,4.131702606280694,0.0214453978851728,0.0658468633902842,27.742302895126468,0.7570833333333336,1,anode_hold
4012.0,-2.5,4.110110730327242,4.132050819253504,0.0220154568994395,0.0753679731779755,27.742375302735606,0.7572222222222225,1,anode_hold
4013.0,-2.5,4.11012156356344,4.131796469794595,0.0219353151887322,0.2604089575770629,27.742447710344745,0.7573611111111114,1,anode_hold
4014.0,-2.5,4.11039804647948,4.131867661995256,0.0214855463897631,0.0159308739871022,27.742520155752626,0.7575000000000003,1,anode_hold
4015.0,-2.5,4.110595440553226,4.132055776417943,0.020969783885883,-0.4905519788334089,27.74259289631711,0.7576388888888892,1,anode_hold
4016.0,-2.5,4.110859883861551,4.131946002953733,0.0217861782443035,0.70005915212068,27.74266563688159,0.7577777777777781,1,anode_hold
4017.0,-2.5,4.110503035267322,4.132092014798204,0.0220344224497323,0.4454429188509579,27.74273837744607,0.757916666666667,1,anode_hold
4018.0,-2.5,4.111336486456971,4.132668731565307,0.0218000363420445,0.4677912337092138,27.74281111801055,0.7580555555555555,1,anode_hold
4019.0,-2.5,4.111059491802991,4.133001951289508,0.0219568345810922,0.0143750945760245,27.74288406127265,0.7581944444444446,1,anode_hold
4020.0,-2.5,4.111146576256072,4.133123364319178,0.0217078771560116,-0.2689109070939111,27.742957088998804,0.7583333333333335,1,anode_hold
4021.0,-2.5,4.111556413424,4.132991415719418,0.021447151066118,0.0121487707005485,27.74303011672496,0.7584722222222224,1,anode_hold
4022.0,-2.5,4.111288592767138,4.133201737330003,0.0214698399690844,-0.4433045937810576,27.743103144451105,0.7586111111111113,1,anode_hold
4023.0,-2.5,4.111915199518843,4.132501339895391,0.0216551567057547,1.0690163292075283,27.743176246599585,0.7587500000000003,1,anode_hold
4024.0,-2.5,4.1124572261443975,4.1331511485074826,0.0219542767409276,1.2603543778428872,27.743249523891933,0.758888888888889,1,anode_hold
4025.0,-2.5,4.112103733788806,4.133402295940965,0.021712018764087,0.4134566119278204,27.74332280118428,0.7590277777777781,1,anode_hold
4026.0,-2.5,4.112194976992869,4.13380150185583,0.0216111334511284,0.0046085881679758,27.74339607847663,0.7591666666666668,1,anode_hold
4027.0,-2.5,4.112152645009486,4.133939762727427,0.0218747196125414,0.087601894600553,27.743469432153127,0.7593055555555557,1,anode_hold
4028.0,-2.5,4.11291312238268,4.133907342085904,0.0215031885391314,0.5089688359065647,27.743542939994885,0.7594444444444446,1,anode_hold
4029.0,-2.5,4.112972578504186,4.134085652633349,0.0216159943583972,0.5029202292341495,27.743616447836644,0.7595833333333335,1,anode_hold
4030.0,-2.5,4.1123450178126895,4.134879264055066,0.0218488680650285,-0.6853781773479284,27.7436899556784,0.7597222222222222,1,anode_hold
4031.0,-2.5,4.113263434552961,4.134081211996688,0.0211821698987865,0.3643924550589261,27.74376368459124,0.7598611111111113,1,anode_hold
4032.0,-2.5,4.112941028744254,4.1345012418552125,0.0211284497747884,-0.4317633361701212,27.743837482891884,0.76,1,anode_hold
4033.0,-2.5,4.112959428523762,4.134474400396511,0.0215648023492773,0.0498304765290669,27.74391128119253,0.7601388888888889,1,anode_hold
4034.0,-2.5,4.113462710403288,4.1345461068663605,0.0211216118034227,0.0382153403508667,27.743985137342577,0.7602777777777778,1,anode_hold
4035.0,-2.5,4.113458099574295,4.134782995736991,0.0208412927677509,-0.4836033949446872,27.74405923866906,0.7604166666666667,1,anode_hold
4036.0,-2.5,4.114179349302994,4.135061779582865,0.0211564244679795,0.2739941881078067,27.744133339995543,0.7605555555555557,1,anode_hold
4037.0,-2.5,4.11362392061997,4.13492336228249,0.0216228302552512,0.3233885927311775,27.744207441322025,0.7606944444444446,1,anode_hold
4038.0,-2.5,4.113785980483857,4.135858533867838,0.0207877685825301,-1.2847848014505558,27.744281979035502,0.7608333333333335,1,anode_hold
4039.0,-2.5,4.114057540842593,4.135369011845371,0.0207979397226481,-0.5135312801298753,27.744356783415977,0.7609722222222224,1,anode_hold
4040.0,-2.5,4.114469117558178,4.135504841508157,0.0211299353100459,0.0942113600661542,27.74443158779645,0.7611111111111111,1,anode_hold
4041.0,-2.5,4.114857841816088,4.136170494766581,0.0210916374335547,-0.2210155169386496,27.74450639217692,0.76125,1,anode_hold
4042.0,-2.5,4.114522106533957,4.136299882425927,0.0208630065947002,-0.9147692972701904,27.74458119655739,0.7613888888888889,1,anode_hold
4043.0,-2.5,4.114800669590579,4.136364884100565,0.0209636831550058,-0.6005313549799496,27.744656000937866,0.7615277777777778,1,anode_hold
4044.0,-2.5,4.114715828346347,4.13645191190565,0.0206206994619448,-1.1153840973578966,27.744730805318337,0.7616666666666667,1,anode_hold
4045.0,-2.5,4.115292204659494,4.13566630325071,0.0214613830454427,1.087284454226456,27.744806038725866,0.7618055555555556,1,anode_hold
4046.0,-2.5,4.115203993141587,4.136208189322658,0.0209396082907959,-0.0645878902751917,27.744881736365137,0.7619444444444445,1,anode_hold
4047.0,-2.5,4.116322998243967,4.136419815864327,0.0204766899687434,0.3798723483834365,27.74495743400441,0.7620833333333334,1,anode_hold
4048.0,-2.5,4.116409209478842,4.136409898311973,0.0213796312851255,1.378942451994547,27.745033131643687,0.7622222222222224,1,anode_hold
4049.0,-2.5,4.115710439067424,4.137231301259725,0.0211429203739766,-0.3779418183240679,27.74510882928296,0.7623611111111113,1,anode_hold
4050.0,-2.5,4.116191334096651,4.137204338210827,0.0207742123037158,-0.2387918104593822,27.74518452692224,0.7625,1,anode_hold
4051.0,-2.5,4.116435116150336,4.136779393939451,0.0209385796284128,0.5943018392979837,27.745260282694844,0.7626388888888891,1,anode_hold
4052.0,-2.5,4.116295380682534,4.136755999908747,0.0210131121643295,0.5524929381168775,27.74533678923523,0.7627777777777778,1,anode_hold
4053.0,-2.5,4.11649216693427,4.136828150437998,0.0205763712410326,0.2403877373051699,27.74541329577561,0.7629166666666669,1,anode_hold
4054.0,-2.5,4.11695216093385,4.13706224625627,0.0206878655117615,0.5777801893414036,27.745489802315998,0.7630555555555556,1,anode_hold
4055.0,-2.5,4.116828944591796,4.137628563587951,0.020945888876282,0.1462698801271145,27.74556630885637,0.7631944444444445,1,anode_hold
4056.0,-2.5,4.116970357444408,4.137906649665533,0.0204111158484966,-0.5251763726290548,27.74564281539676,0.7633333333333334,1,anode_hold
4057.0,-2.5,4.117196954977973,4.13767939021984,0.0203952579664397,-0.0871772754269528,27.74571996768144,0.7634722222222223,1,anode_hold
4058.0,-2.5,4.117721774814843,4.138449725539026,0.0203418939879114,-0.3860567362714562,27.74579718132134,0.763611111111111,1,anode_hold
4059.0,-2.5,4.117417495188008,4.138056840378243,0.0206533483896388,0.0140031994035894,27.74587439496124,0.7637500000000002,1,anode_hold
4060.0,-2.5,4.117757058605835,4.138382844848202,0.0203627918241119,-0.2629944182555022,27.745951608601143,0.7638888888888891,1,anode_hold
4061.0,-2.5,4.1178567072653856,4.138043483276201,0.0206030631372665,0.4162871264510315,27.74602899318915,0.7640277777777778,1,anode_hold
4062.0,-2.5,4.118142310949065,4.138438478821492,0.0205913274451438,0.2951595727171963,27.74610683890235,0.7641666666666667,1,anode_hold
4063.0,-2.5,4.118012130884424,4.138269367736245,0.0208460148433552,0.5887779915338953,27.74618468461555,0.7643055555555556,1,anode_hold
4064.0,-2.5,4.118065496593454,4.138807179622962,0.0199093381051642,-0.8323449243432535,27.74626253032875,0.7644444444444445,1,anode_hold
4065.0,-2.5,4.118149286924355,4.139181851622575,0.0209822043998319,-0.0503602983874529,27.74634037604195,0.7645833333333334,1,anode_hold
4066.0,-2.5,4.118570072361398,4.139008820868413,0.0210792331127007,0.6404846056859981,27.746418563757096,0.7647222222222223,1,anode_hold
4067.0,-2.5,4.118683600064943,4.139161826739078,0.0207750623642286,0.2968356900936442,27.746496954334805,0.764861111111111,1,anode_hold
4068.0,-2.5,4.11870760728808,4.139699558245053,0.0199476592789691,-1.0442916780037947,27.746575344912515,0.7650000000000001,1,anode_hold
4069.0,-2.5,4.1189943779524105,4.139341949992075,0.0206601362548777,0.3125642152133068,27.746653735490224,0.7651388888888888,1,anode_hold
4070.0,-2.5,4.11978048129451,4.139948380637279,0.0205705784278427,0.4026790850737427,27.746732126067933,0.7652777777777777,1,anode_hold
4071.0,-2.5,4.119452684783622,4.139841563769771,0.0198193021155935,-0.5695768705553661,27.746811278217884,0.7654166666666669,1,anode_hold
4072.0,-2.5,4.118810856534413,4.1396783478035,0.0202149441699663,-0.6525470991203264,27.74689044203684,0.7655555555555555,1,anode_hold
4073.0,-2.5,4.119897644758964,4.139745166411396,0.02056457042049,0.717048768057893,27.746969605855792,0.7656944444444445,1,anode_hold
4074.0,-2.5,4.119695374389169,4.14020875225466,0.0196843801965081,-0.8289976689832557,27.747048769674745,0.7658333333333334,1,anode_hold
4075.0,-2.5,4.119492659251584,4.140566108707083,0.0207329004181177,-0.3405490373813435,27.7471279334937,0.7659722222222223,1,anode_hold
4076.0,-2.5,4.120346319930998,4.140352221831243,0.0203701433650153,0.3642414647702097,27.747207097312653,0.7661111111111112,1,anode_hold
4077.0,-2.5,4.120064654360037,4.140151835922976,0.0209447463291333,0.8575647661954733,27.74728626113161,0.7662500000000001,1,anode_hold
4078.0,-2.5,4.120539032067321,4.140519707178372,0.0205541936049217,0.5735184938711058,27.74736542495057,0.766388888888889,1,anode_hold
4079.0,-2.5,4.120195093852802,4.141103688852269,0.0201879441275695,-0.7206508718970994,27.74744458876952,0.7665277777777777,1,anode_hold
4080.0,-2.5,4.120843172302141,4.141049477010263,0.0205969444258483,0.3906397177262377,27.747524148977096,0.7666666666666666,1,anode_hold
4081.0,-2.5,4.120588931610836,4.1410151916252405,0.0200706446831228,-0.3556153312818111,27.747603879582257,0.7668055555555557,1,anode_hold
4082.0,-2.5,4.1211082321814905,4.141197804523936,0.0200698871262692,-0.0196852161753469,27.747683610187416,0.7669444444444444,1,anode_hold
4083.0,-2.5,4.121214306584849,4.141962262582658,0.0207966646409567,0.0487086431473215,27.747763340792577,0.7670833333333333,1,anode_hold
4084.0,-2.5,4.120770406287829,4.140677468968612,0.0205215007970853,0.6144381163029067,27.74784307139773,0.7672222222222222,1,anode_hold
4085.0,-2.5,4.121373868853668,4.141228664009614,0.0202960682262646,0.4412730703187151,27.747922802002893,0.7673611111111112,1,anode_hold
4086.0,-2.5,4.12155212895744,4.142085825059128,0.0202086816478939,-0.3250144537947363,27.74800253260805,0.7674999999999998,1,anode_hold
4087.0,-2.5,4.121540572902726,4.142088764262525,0.0207272330982635,0.1790417384643916,27.748082263213213,0.767638888888889,1,anode_hold
4088.0,-2.5,4.121172755595886,4.142148916191636,0.0200416881320457,-0.9344724637045942,27.74816225438331,0.7677777777777779,1,anode_hold
4089.0,-2.5,4.121942245794352,4.1419051314844975,0.020385984738621,0.4230990484757058,27.748242659348247,0.7679166666666666,1,anode_hold
4090.0,-2.5,4.121912775160372,4.142569301959473,0.0203878918829204,-0.2686349161811208,27.74832306431318,0.7680555555555555,1,anode_hold
4091.0,-2.5,4.122518215155288,4.142180298044146,0.0210112034512796,1.349120562420758,27.74840346927812,0.7681944444444444,1,anode_hold
4092.0,-2.5,4.121990964086088,4.142377813558594,0.0201166437552644,-0.2702057172419003,27.748483874243053,0.7683333333333335,1,anode_hold
4093.0,-2.5,4.122755865984304,4.142411789609875,0.0208565230969201,1.2005994713488732,27.74856427920799,0.7684722222222222,1,anode_hold
4094.0,-2.5,4.122652875683037,4.142992522966156,0.020686915638519,0.3472683553997768,27.748644684172923,0.7686111111111111,1,anode_hold
4095.0,-2.5,4.123525529583291,4.142577910463708,0.0199537644391448,0.9013835587277086,27.74872508913786,0.76875,1,anode_hold
4096.0,-2.5,4.122611080521838,4.143257945418053,0.0200634201510984,-0.5834447451169567,27.748805551752252,0.768888888888889,1,anode_hold
4097.0,-2.5,4.1233508848757205,4.143050010956846,0.0201652442594546,0.4661181783296442,27.748886741967265,0.7690277777777779,1,anode_hold
4098.0,-2.5,4.123054346272467,4.143558167716794,0.0200428747777087,-0.4609466666174455,27.748967932182275,0.7691666666666668,1,anode_hold
4099.0,-2.5,4.123080788055378,4.143349780511064,0.0200388719790095,-0.2301204766759212,27.749049122397285,0.7693055555555557,1,anode_hold
4100.0,-2.5,4.123838948882811,4.144123475621627,0.0202491029060888,-0.0354238327275879,27.74913031261229,0.7694444444444446,1,anode_hold
4101.0,-2.5,4.123847834391992,4.143663499453314,0.0195060461064249,-0.3096189548967842,27.749211502827304,0.7695833333333333,1,anode_hold
4102.0,-2.5,4.124132165468231,4.143853017861931,0.0195962997081435,-0.1245526855564449,27.74929269304232,0.7697222222222222,1,anode_hold
4103.0,-2.5,4.123485439447737,4.143856435617004,0.0203444414005914,-0.026554768675524,27.749373883257327,0.7698611111111111,1,anode_hold
4104.0,-2.5,4.123759455718759,4.143979089300891,0.0206052007029512,0.3855671208183864,27.749455073472337,0.77,1,anode_hold
4105.0,-2.5,4.124441172684345,4.144268876851492,0.0196897985346996,-0.1379056324477545,27.749536624164797,0.7701388888888889,1,anode_hold
4106.0,-2.5,4.1241541888096585,4.144469222747204,0.0198987002519839,-0.4163336855613764,27.74961828841641,0.7702777777777778,1,anode_hold
4107.0,-2.5,4.124948399171761,4.144066345648926,0.0199090756172179,0.7911291400528597,27.74969995266803,0.7704166666666665,1,anode_hold
4108.0,-2.5,4.125196715408304,4.144466489071718,0.0196581857690106,0.3884121055968137,27.74978161691965,0.7705555555555557,1,anode_hold
4109.0,-2.5,4.124802046710252,4.144852450788073,0.0203327650798095,0.2823610019886402,27.74986328117127,0.7706944444444441,1,anode_hold
4110.0,-2.5,4.124990892781703,4.144718545347345,0.0206415538911034,0.9139013254610971,27.749945212194124,0.7708333333333333,1,anode_hold
4111.0,-2.5,4.125127039768057,4.145073961763782,0.0198353673740227,-0.1115546217027585,27.75002735738931,0.7709722222222222,1,anode_hold
4112.0,-2.5,4.125168862491754,4.145474664670512,0.0200559848209889,-0.2498173577683005,27.750109502584497,0.7711111111111111,1,anode_hold
4113.0,-2.5,4.125382751222268,4.14562906199533,0.019879848121428,-0.366462651634869,27.750191647779683,0.7712499999999998,1,anode_hold
4114.0,-2.5,4.125461544210546,4.145864961057578,0.0200288087054463,-0.3746081415849644,27.75027379297487,0.7713888888888887,1,anode_hold
4115.0,-2.5,4.125794837922967,4.145795252883167,0.0193910321892226,-0.609382770976552,27.75035608396036,0.7715277777777778,1,anode_hold
4116.0,-2.5,4.125696921073649,4.146180687377724,0.0204495570025672,-0.0342093015079925,27.750438646983994,0.7716666666666665,1,anode_hold
4117.0,-2.5,4.125771136623394,4.145395407860256,0.0200290746137613,0.4048033768997428,27.750521210007623,0.7718055555555554,1,anode_hold
4118.0,-2.5,4.125968036725532,4.145829405234728,0.0200825158660471,0.2211473568518585,27.750603773031266,0.7719444444444443,1,anode_hold
4119.0,-2.5,4.126004907905545,4.145857980197079,0.0199939117206716,0.1408394291377845,27.75068633605489,0.7720833333333332,1,anode_hold
4120.0,-2.5,4.126294233160546,4.146106212879519,0.0205460021065074,0.7340223875340612,27.75076896386684,0.7722222222222221,1,anode_hold
4121.0,-2.5,4.126605783923026,4.146644133345873,0.0196832923311019,-0.3550570917454365,27.75085197943453,0.772361111111111,1,anode_hold
4122.0,-2.5,4.127186470487316,4.146525753035635,0.0196518467957954,0.3125642474763879,27.750934995002225,0.7725,1,anode_hold
4123.0,-2.5,4.12620659813836,4.146089986364623,0.019688590291355,-0.1947979349079531,27.751018010569915,0.7726388888888889,1,anode_hold
4124.0,-2.5,4.126407418813706,4.147391621233593,0.020227393834165,-0.7568085857219131,27.751101026137604,0.7727777777777776,1,anode_hold
4125.0,-2.5,4.126925908772198,4.147222560509154,0.0204704570867239,0.1738053497675196,27.751184041705297,0.7729166666666665,1,anode_hold
4126.0,-2.5,4.127081497691116,4.147104987272188,0.0204919107323883,0.4684211513161784,27.75126705727299,0.7730555555555556,1,anode_hold
4127.0,-2.5,4.12718415730176,4.14706864149937,0.0204207227331739,0.5362385355640598,27.751350072840683,0.7731944444444443,1,anode_hold
4128.0,-2.5,4.1278848977277365,4.147059267866411,0.0193940823770956,0.2197122384206551,27.751433088408373,0.7733333333333332,1,anode_hold
4129.0,-2.5,4.126901103909414,4.147140264154633,0.0204540418108844,0.2148815656655145,27.751516103976066,0.7734722222222221,1,anode_hold
4130.0,-2.5,4.127527907799369,4.147253347118549,0.0204055658517468,0.6801265325666606,27.75159911954376,0.773611111111111,1,anode_hold
4131.0,-2.5,4.1273234046935965,4.147956369136971,0.020139466089582,-0.4934983537925319,27.751682671732315,0.7737499999999999,1,anode_hold
4132.0,-2.5,4.127747052702182,4.147406499209602,0.0197979553982182,0.138508890797695,27.751766420743053,0.7738888888888891,1,anode_hold
4133.0,-2.5,4.128124853776141,4.148202169487058,0.0196827503992577,-0.3945653116588232,27.75185016975379,0.7740277777777775,1,anode_hold
4134.0,-2.5,4.127669991040941,4.148528924011625,0.0202067054857377,-0.6522274849469767,27.75193391876453,0.7741666666666667,1,anode_hold
4135.0,-2.5,4.128542828701915,4.14825975233896,0.0200463993024615,0.3294756654153019,27.752017667775267,0.7743055555555554,1,anode_hold
4136.0,-2.5,4.128114498943147,4.14878331707768,0.01961712378184,-1.0516943526930334,27.752101416786005,0.7744444444444443,1,anode_hold
4137.0,-2.5,4.1281865135033184,4.148763995142575,0.0201728467847674,-0.404634854489494,27.752185165796742,0.7745833333333332,1,anode_hold
4138.0,-2.5,4.128139835141696,4.148685560992848,0.0203634787057946,-0.182247145357195,27.75226891480748,0.7747222222222221,1,anode_hold
4139.0,-2.5,4.128559524874724,4.148810593267907,0.0196606206177908,-0.5904477753917448,27.752352866262758,0.774861111111111,1,anode_hold
4140.0,-2.5,4.128692217169493,4.149478329503872,0.0199297050573892,-0.8564072769896569,27.75243741326399,0.7749999999999999,1,anode_hold
4141.0,-2.5,4.129308752964723,4.149640182097555,0.0196782813486139,-0.6531477842175448,27.752521960265227,0.7751388888888886,1,anode_hold
4142.0,-2.5,4.128736997307654,4.148840783800703,0.0201409134878527,0.0371269948038488,27.752606507266467,0.7752777777777777,1,anode_hold
4143.0,-2.5,4.129414894740637,4.149399412954644,0.0198550075061534,-0.1295107078531643,27.752691054267704,0.7754166666666666,1,anode_hold
4144.0,-2.5,4.129748744513786,4.149008630828877,0.0199654880743806,0.7056017592894648,27.75277560126894,0.7755555555555556,1,anode_hold
4145.0,-2.5,4.129566148467656,4.1495092139094325,0.0198640887150075,-0.0789767267690422,27.75286014827018,0.7756944444444445,1,anode_hold
4146.0,-2.5,4.13001932454219,4.150147817046954,0.0201697099611516,0.0412174563875211,27.75294495157624,0.7758333333333334,1,anode_hold
4147.0,-2.5,4.129732722094415,4.149960999292169,0.020211874522829,-0.0164026749249757,27.75303048639734,0.7759722222222221,1,anode_hold
4148.0,-2.5,4.130216734787004,4.149815374194489,0.0202897064533165,0.6910670458308843,27.753116021218435,0.7761111111111112,1,anode_hold
4149.0,-2.5,4.130144176608987,4.150404117300362,0.0198490577581475,-0.4108829332283292,27.75320155603953,0.7762500000000001,1,anode_hold
4150.0,-2.5,4.131043833200435,4.150518949842194,0.0199007492443857,0.4256326026261803,27.753287090860635,0.7763888888888888,1,anode_hold
4151.0,-2.5,4.130462838258226,4.150628926757902,0.0198234083841058,-0.3426801155699266,27.75337262568173,0.7765277777777777,1,anode_hold
4152.0,-2.5,4.130610068102712,4.150870169526022,0.0198200555168466,-0.4400459064637374,27.75345816050283,0.7766666666666666,1,anode_hold
4153.0,-2.5,4.130972750285146,4.150791268763287,0.0198548844530639,0.0363659749229583,27.753543995648226,0.7768055555555557,1,anode_hold
4154.0,-2.5,4.130844419209366,4.150921500228534,0.0194207342815144,-0.6563467376539123,27.753630662754283,0.7769444444444444,1,anode_hold
4155.0,-2.5,4.13109576167311,4.151133331407253,0.0194346881383025,-0.6028815958414313,27.753717329860347,0.7770833333333333,1,anode_hold
4156.0,-2.5,4.131407580740125,4.151310576669199,0.0198584334395415,-0.0445624895331064,27.753803996966408,0.7772222222222223,1,anode_hold
4157.0,-2.5,4.131720110084943,4.151994949755209,0.0191037534250855,-1.1710862451801418,27.753890664072472,0.777361111111111,1,anode_hold
4158.0,-2.5,4.131430269905168,4.15104906155697,0.0194651286186841,-0.1536630331173683,27.75397733117853,0.7774999999999999,1,anode_hold
4159.0,-2.5,4.131778726546457,4.151220362981745,0.0199073554706124,0.4657190353256624,27.7540639982846,0.777638888888889,1,anode_hold
4160.0,-2.5,4.131860096457438,4.151356567968257,0.0197574208574719,0.2609493466527723,27.75415110587657,0.7777777777777777,1,anode_hold
4161.0,-2.5,4.132269980856945,4.151211407114426,0.0198987325188584,0.9573062613776884,27.754239398334263,0.7779166666666668,1,anode_hold
4162.0,-2.5,4.1324563971784825,4.151596909667719,0.0195393445247505,0.3988320355139407,27.75432769079196,0.7780555555555553,1,anode_hold
4163.0,-2.5,4.132480417402265,4.15166806563435,0.0197490485821807,0.5614003500955533,27.754415983249658,0.7781944444444444,1,anode_hold
4164.0,-2.5,4.132588395030132,4.152389547606825,0.0194063303696706,-0.3948222070224716,27.75450427570735,0.7783333333333335,1,anode_hold
4165.0,-2.5,4.133195420519585,4.152581984531806,0.0198133524437274,0.426788431506786,27.754592568165048,0.778472222222222,1,anode_hold
4166.0,-2.5,4.132545516960414,4.151993667934799,0.0197618112506968,0.3136602763120777,27.75468086062274,0.7786111111111111,1,anode_hold
4167.0,-2.5,4.133448610596089,4.152515090612316,0.0194356139405425,0.3691339243152569,27.75476935843214,0.77875,1,anode_hold
4168.0,-2.5,4.133271765029507,4.152271399093285,0.019161931369455,0.1622973056765175,27.75485839281604,0.7788888888888887,1,anode_hold
4169.0,-2.5,4.132803245134974,4.152588417692704,0.0192257192387478,-0.5594533189823281,27.75494742719994,0.7790277777777779,1,anode_hold
4170.0,-2.5,4.133454876912476,4.153005580937006,0.0196128513453928,0.0621473208619605,27.75503646158384,0.7791666666666668,1,anode_hold
4171.0,-2.5,4.133144547327447,4.152989966520052,0.0196041185241698,-0.2413006684349739,27.755125495967743,0.7793055555555557,1,anode_hold
4172.0,-2.5,4.133684763524014,4.153130734298545,0.0194519057248518,0.0059349503214178,27.75521453035164,0.7794444444444446,1,anode_hold
4173.0,-2.5,4.133265886899216,4.153763102699212,0.0193275534641456,-1.1696623358501412,27.75530356473554,0.7795833333333333,1,anode_hold
4174.0,-2.5,4.1342471362569375,4.153606404084456,0.019305564585071,-0.0537032424468009,27.7553927889066,0.7797222222222222,1,anode_hold
4175.0,-2.5,4.133947439150594,4.153366615229231,0.019164781783072,-0.2543942955650635,27.75548249497489,0.7798611111111111,1,anode_hold
4176.0,-2.5,4.1348356546448,4.153475966192923,0.0188671904063638,0.2268788582409087,27.75557220104318,0.78,1,anode_hold
4177.0,-2.5,4.134278864814606,4.153402381544399,0.0196806154409648,0.5570987111722658,27.755661907111467,0.7801388888888889,1,anode_hold
4178.0,-2.5,4.134668414913488,4.15394771897555,0.0195467523455658,0.2674482835036684,27.755751613179758,0.7802777777777778,1,anode_hold
4179.0,-2.5,4.134400680026503,4.15452854190622,0.0195922522648134,-0.5356096149027323,27.75584131924804,0.7804166666666668,1,anode_hold
4180.0,-2.5,4.134925317779974,4.154581646621366,0.0190188908732892,-0.6374379681028941,27.75593102531633,0.7805555555555557,1,anode_hold
4181.0,-2.5,4.135135491111353,4.15430258649129,0.0197924157562355,0.6253203762991433,27.756021189396165,0.7806944444444446,1,anode_hold
4182.0,-2.5,4.1354328169156656,4.154179606158727,0.0192915462004295,0.5447569573684419,27.75611135915665,0.7808333333333335,1,anode_hold
4183.0,-2.5,4.136180735722424,4.15447927539227,0.0194022098763787,1.10367020653257,27.75620152891714,0.7809722222222222,1,anode_hold
4184.0,-2.5,4.13609237722096,4.154325949485244,0.0189479112619562,0.7143389976720371,27.75629169867763,0.7811111111111111,1,anode_hold
4185.0,-2.5,4.135991905635433,4.154130542181566,0.0189363597345907,0.7977231884579439,27.756381868438115,0.78125,1,anode_hold
4186.0,-2.5,4.135817896495256,4.154257298916171,0.0192482620640103,0.8088596430955164,27.75647203819861,0.7813888888888891,1,anode_hold
4187.0,-2.5,4.135986626352679,4.155203753035923,0.0191500138516004,-0.067112831643179,27.756562611090715,0.7815277777777778,1,anode_hold
4188.0,-2.5,4.136134636229647,4.155052772046702,0.0189988080622913,0.0806722452368902,27.75665336261765,0.7816666666666667,1,anode_hold
4189.0,-2.5,4.136125942290077,4.154942708052254,0.0192856577513765,0.4688919891995269,27.756744114144585,0.7818055555555556,1,anode_hold
4190.0,-2.5,4.136738582355647,4.155783236493246,0.0186422126640232,-0.4024414735761539,27.75683486567152,0.7819444444444446,1,anode_hold
4191.0,-2.5,4.136675575311671,4.155906982970119,0.018897425124711,-0.333982533737398,27.75692561719846,0.7820833333333332,1,anode_hold
4192.0,-2.5,4.137005887963406,4.156234202776399,0.0193096491951568,0.0813343821643997,27.75701636872539,0.7822222222222224,1,anode_hold
4193.0,-2.5,4.136925815215481,4.155959592024655,0.0191107304425991,0.0769536334246367,27.7571073977043,0.7823611111111113,1,anode_hold
4194.0,-2.5,4.137260430706025,4.155866248935003,0.0193046818470809,0.6988636181031183,27.757198846103183,0.7825000000000002,1,anode_hold
4195.0,-2.5,4.137824769420117,4.156428838942076,0.0188402126139344,0.2361430919757268,27.75729029450207,0.7826388888888889,1,anode_hold
4196.0,-2.5,4.137551259420331,4.156002363922186,0.01913034606246,0.6792415606051705,27.757381742900957,0.7827777777777778,1,anode_hold
4197.0,-2.5,4.137872432892129,4.1563537979367,0.019171000515456,0.689635470885186,27.75747319129984,0.7829166666666669,1,anode_hold
4198.0,-2.5,4.137488809798614,4.156949983778071,0.0186853603001129,-0.7758136793434289,27.757564639698725,0.7830555555555556,1,anode_hold
4199.0,-2.5,4.137846461470618,4.156384140988903,0.0189163424645742,0.3786629462885216,27.75765614809221,0.7831944444444445,1,anode_hold
4200.0,-2.5,4.137915911777292,4.156886348196534,0.0191488860581364,0.1784496388950174,27.757748177079574,0.7833333333333334,1,anode_hold
4201.0,-2.5,4.138319157005848,4.156873770833565,0.0191552516332014,0.6006378054843609,27.75784020606694,0.7834722222222223,1,anode_hold
4202.0,-2.5,4.138396408875352,4.156736046600654,0.0191248780488693,0.7852403235668604,27.757932235054312,0.7836111111111113,1,anode_hold
4203.0,-2.5,4.138244462744401,4.157778753361423,0.0181505109376238,-1.3837796793980672,27.75802426404168,0.7837500000000004,1,anode_hold
4204.0,-2.5,4.138690830649293,4.157009386328827,0.0189274820653397,0.6089263858051197,27.758116293029047,0.7838888888888891,1,anode_hold
4205.0,-2.5,4.138762039735154,4.157296656395189,0.0190902110456698,0.5555943856343504,27.75820832201642,0.784027777777778,1,anode_hold
4206.0,-2.5,4.138385957462428,4.157609244424472,0.0184020115195109,-0.8212754425329649,27.75830100656182,0.7841666666666669,1,anode_hold
4207.0,-2.5,4.1389756094494405,4.158101988806636,0.0188940694210889,-0.2323099361065672,27.75839384635243,0.7843055555555558,1,anode_hold
4208.0,-2.5,4.139469789462819,4.158029926110576,0.0190182971189401,0.4581604711830778,27.758486686143044,0.7844444444444447,1,anode_hold
4209.0,-2.5,4.13897576772879,4.157804885238345,0.0191749748903339,0.3458573807790799,27.75857952593366,0.7845833333333336,1,anode_hold
4210.0,-2.5,4.139698778060457,4.157911089831214,0.018812253629446,0.599941858689057,27.75867236572427,0.7847222222222225,1,anode_hold
4211.0,-2.5,4.139709197210794,4.158522291733441,0.0188506130161511,0.0375184935048622,27.758765205514884,0.7848611111111115,1,anode_hold
4212.0,-2.5,4.1396796450266375,4.158408317227172,0.0190802053694976,0.3515331689625256,27.75885909292685,0.7850000000000001,1,anode_hold
4213.0,-2.5,4.139889287778817,4.158512069817785,0.018782976094329,0.1601940553603853,27.758953971985814,0.785138888888889,1,anode_hold
4214.0,-2.5,4.139641936312692,4.158704742720488,0.0191535767224032,0.090770314607802,27.75904885104479,0.7852777777777782,1,anode_hold
4215.0,-2.5,4.140222495425682,4.1589173176606185,0.0190042846309103,0.3094623959745135,27.75914373010376,0.7854166666666669,1,anode_hold
4216.0,-2.5,4.13971147590054,4.158882386662807,0.0189936400494756,-0.1772707127916106,27.759238609162725,0.7855555555555558,1,anode_hold
4217.0,-2.5,4.1399282949984535,4.159474097161094,0.018737910283682,-0.8078918789582445,27.759333488221696,0.7856944444444447,1,anode_hold
4218.0,-2.5,4.140554017146854,4.15984675515726,0.0189211259871799,-0.371612023227108,27.759428367280663,0.7858333333333336,1,anode_hold
4219.0,-2.5,4.140188636249739,4.159091223354375,0.0188420689246757,-0.0605181799597787,27.759523246339636,0.7859722222222225,1,anode_hold
4220.0,-2.5,4.141249267869251,4.159372438296658,0.0192387994582558,1.1156290308491634,27.759618125398603,0.7861111111111114,1,anode_hold
4221.0,-2.5,4.140875296518829,4.159858609953158,0.0186656058019847,-0.3177076323437333,27.759713004457574,0.7862500000000003,1,anode_hold
4222.0,-2.5,4.141173118529528,4.159869209263114,0.0185433910699516,-0.1526996636345146,27.75980788351654,0.7863888888888892,1,anode_hold
4223.0,-2.5,4.141321033866675,4.159737100606856,0.0186655193704103,0.249452630229463,27.759902892184822,0.7865277777777782,1,anode_hold
4224.0,-2.5,4.141047968768858,4.159740607190215,0.0193091444893538,0.6165060679972356,27.7599984792007,0.7866666666666671,1,anode_hold
4225.0,-2.5,4.141309193647725,4.15994335359156,0.0190637821006387,0.429622156803866,27.76009406621658,0.7868055555555558,1,anode_hold
4226.0,-2.5,4.141579628698135,4.16048102472495,0.0190824934710856,0.1810974442699731,27.76018965323246,0.7869444444444447,1,anode_hold
4227.0,-2.5,4.141574729776664,4.1606719992988825,0.0187462964956102,-0.3509730266078037,27.76028524024834,0.7870833333333336,1,anode_hold
4228.0,-2.5,4.142182806976147,4.160250958939668,0.0191200242608045,1.0518722972845396,27.76038096997597,0.7872222222222225,1,anode_hold
4229.0,-2.5,4.142163427305997,4.160748276793775,0.0189734060136858,0.3885565259080792,27.760477291592096,0.7873611111111114,1,anode_hold
4230.0,-2.5,4.142062176270784,4.160448755068171,0.0184319178148491,0.0453390174621759,27.760573613208223,0.7875000000000003,1,anode_hold
4231.0,-2.5,4.1425196001846265,4.1612920485443325,0.018717340752693,-0.055107607012772,27.76066993482436,0.7876388888888892,1,anode_hold
4232.0,-2.5,4.142303981021368,4.160943808388219,0.0189246668766875,0.2848395098364875,27.76076625644049,0.7877777777777781,1,anode_hold
4233.0,-2.5,4.142659965895551,4.16101614326367,0.0189540554698257,0.5978781017068613,27.76086272025316,0.7879166666666668,1,anode_hold
4234.0,-2.5,4.142624632993614,4.161008874514599,0.0184985630734374,0.1143215524521679,27.760959733932832,0.7880555555555557,1,anode_hold
4235.0,-2.5,4.1426446444233385,4.161613655626824,0.0183177065071736,-0.6513046963121383,27.761056747612507,0.7881944444444449,1,anode_hold
4236.0,-2.5,4.142592090060833,4.161864926665988,0.0188463445030389,-0.4264921021155388,27.761153761292174,0.7883333333333336,1,anode_hold
4237.0,-2.5,4.142806867158266,4.161284260165507,0.0191368110649098,0.6594180576691144,27.76125077497185,0.7884722222222225,1,anode_hold
4238.0,-2.5,4.1431899644835095,4.162173253376586,0.0186023102558172,-0.3809786372590551,27.7613483210085,0.7886111111111114,1,anode_hold
4239.0,-2.5,4.143456788760868,4.161715646602915,0.0188376683996276,0.5788105575801339,27.761446078677324,0.7887500000000001,1,anode_hold
4240.0,-2.5,4.1428422934646605,4.161967285652325,0.0190602101025129,-0.0647820851513714,27.761543836346146,0.788888888888889,1,anode_hold
4241.0,-2.5,4.143512279928048,4.161987569334935,0.0183943928050016,-0.0808966018848167,27.761641594014964,0.7890277777777779,1,anode_hold
4242.0,-2.5,4.143964315434239,4.1626465639734045,0.0185297413431675,-0.1525071959980195,27.761739511419613,0.7891666666666668,1,anode_hold
4243.0,-2.5,4.143899724954507,4.163059322463086,0.0187775936447451,-0.3820038638338019,27.76183797707283,0.7893055555555557,1,anode_hold
4244.0,-2.5,4.143774056442231,4.162391275944248,0.0186850706434173,0.0678511413996219,27.761936442726043,0.7894444444444444,1,anode_hold
4245.0,-2.5,4.143959032660376,4.163042181562133,0.0184302686599988,-0.6528802417582469,27.76203490837926,0.7895833333333333,1,anode_hold
4246.0,-2.5,4.144925817872164,4.162786189227088,0.0185163174964678,0.6559461415438506,27.76213337403248,0.7897222222222222,1,anode_hold
4247.0,-2.5,4.144100629465056,4.163517071862443,0.018474568578432,-0.9418738189550524,27.76223241872321,0.7898611111111111,1,anode_hold
4248.0,-2.5,4.1446369607184055,4.163203975970966,0.0179012409161687,-0.665774336391145,27.76233167143612,0.79,1,anode_hold
4249.0,-2.5,4.145142833933073,4.163088477328576,0.0182010474183911,0.2554040228881504,27.76243092414903,0.790138888888889,1,anode_hold
4250.0,-2.5,4.1444541013599485,4.163862334069793,0.0188533827315774,-0.5548499782674909,27.762530176861937,0.7902777777777779,1,anode_hold
4251.0,-2.5,4.145413356451094,4.163569221777522,0.0184067493084466,0.2508839820185571,27.762629429574844,0.7904166666666668,1,anode_hold
4252.0,-2.5,4.14490317786272,4.163761050668994,0.0181010512473842,-0.7568215588902305,27.762728682287747,0.7905555555555555,1,anode_hold
4253.0,-2.5,4.145830549684713,4.1640542366939055,0.0181346805855418,-0.0890064236509502,27.76282793500065,0.7906944444444446,1,anode_hold
4254.0,-2.5,4.146485899636335,4.1637745911571855,0.018468443281784,1.179751760933101,27.76292718771356,0.7908333333333335,1,anode_hold
4255.0,-2.5,4.145469449914779,4.164137121058543,0.0183387044820492,-0.3289666617147802,27.76302644042647,0.7909722222222224,1,anode_hold
4256.0,-2.5,4.145977866583412,4.164287149307697,0.0181538765291829,-0.1554061951010155,27.763127082430305,0.7911111111111111,1,anode_hold
4257.0,-2.5,4.146260064170538,4.164396979872048,0.0183295817649524,0.1926660634428145,27.76322817319389,0.79125,1,anode_hold
4258.0,-2.5,4.146130502170266,4.1638718588003245,0.0180577087083726,0.3163520783138196,27.76332926395748,0.7913888888888891,1,anode_hold
4259.0,-2.5,4.146617205139725,4.164522020616641,0.0184019053523115,0.4970898753953179,27.763430354721063,0.7915277777777778,1,anode_hold
4260.0,-2.5,4.146391209666611,4.164918371129057,0.0183309015805057,-0.196259881940719,27.76353144548465,0.7916666666666667,1,anode_hold
4261.0,-2.5,4.14658699841795,4.16503577585324,0.0179954745772,-0.4533028580899767,27.76363253624824,0.7918055555555557,1,anode_hold
4262.0,-2.5,4.146663360704095,4.164775725986695,0.0184761066701732,0.3637413875727802,27.763733627011824,0.7919444444444446,1,anode_hold
4263.0,-2.5,4.147044442104906,4.16506805092135,0.0177335894099974,-0.2900194064467953,27.76383471777541,0.7920833333333335,1,anode_hold
4264.0,-2.5,4.14735384229547,4.164986351464735,0.0182504906755155,0.6179815062505867,27.763935808539,0.7922222222222224,1,anode_hold
4265.0,-2.5,4.147648187549912,4.165109751038406,0.0184221580995843,0.9605946110902152,27.764037648715696,0.7923611111111113,1,anode_hold
4266.0,-2.5,4.147466633164304,4.165039498291278,0.0178100750721711,0.2372099451974918,27.764139705213772,0.7925000000000002,1,anode_hold
4267.0,-2.5,4.147320608066546,4.165581285195365,0.017655712134837,-0.6049649939816604,27.76424176171185,0.7926388888888889,1,anode_hold
4268.0,-2.5,4.147639713485612,4.16589400100754,0.017483236196714,-0.7710513252137119,27.76434381820993,0.7927777777777778,1,anode_hold
4269.0,-2.5,4.1477728669207385,4.165848662316901,0.0175577920693087,-0.5180033268539219,27.76444587470801,0.7929166666666669,1,anode_hold
4270.0,-2.5,4.147952850053078,4.166148839410715,0.0177266359327597,-0.4693534248776387,27.764547931206085,0.7930555555555556,1,anode_hold
4271.0,-2.5,4.148387941088028,4.166099592233152,0.0175618601693427,-0.1497909757821602,27.76464998770416,0.7931944444444445,1,anode_hold
4272.0,-2.5,4.148310454783987,4.166274610521676,0.0176495694974071,-0.314586240281578,27.76475232516969,0.7933333333333334,1,anode_hold
4273.0,-2.5,4.148513831688335,4.1663261102566285,0.0182825082082653,0.4702296399718975,27.76485515727375,0.7934722222222224,1,anode_hold
4274.0,-2.5,4.148634627801402,4.166488175443389,0.0175775076292532,-0.2760400127330698,27.76495798937781,0.7936111111111113,1,anode_hold
4275.0,-2.5,4.14872570723878,4.166219209161988,0.0178783406809923,0.3848387577845003,27.765060821481864,0.7937500000000004,1,anode_hold
4276.0,-2.5,4.148744470597424,4.166599718043458,0.0180842015923094,0.2289541462747735,27.765163653585923,0.7938888888888889,1,anode_hold
4277.0,-2.5,4.149238579435576,4.166482260275224,0.0177318111223135,0.4881302826662548,27.76526648568998,0.794027777777778,1,anode_hold
4278.0,-2.5,4.149125494601561,4.16657165616007,0.0176257965013829,0.1796349428744292,27.76536939354255,0.7941666666666669,1,anode_hold
4279.0,-2.5,4.149243815239886,4.167626132240078,0.0180390749022612,-0.343242097931018,27.765472926416987,0.7943055555555556,1,anode_hold
4280.0,-2.5,4.149066399858041,4.166926189244889,0.0181656666710875,0.3058772842399193,27.765576459291424,0.7944444444444447,1,anode_hold
4281.0,-2.5,4.149316561738728,4.16697404652643,0.0175764084562069,-0.0810763314955664,27.76567999216586,0.7945833333333334,1,anode_hold
4282.0,-2.5,4.149473081028312,4.166273156801733,0.0175302215254524,0.7301457520307864,27.7657835250403,0.7947222222222223,1,anode_hold
4283.0,-2.5,4.149948364209614,4.1675020879136735,0.0183846825352307,0.8309588311714577,27.765887057914732,0.7948611111111115,1,anode_hold
4284.0,-2.5,4.149374064064293,4.167662601755231,0.017837301226401,-0.4512364645368194,27.765990959806647,0.7949999999999999,1,anode_hold
4285.0,-2.5,4.150238723221263,4.1671469123985005,0.0183103283407409,1.402139163503513,27.76609519655916,0.7951388888888891,1,anode_hold
4286.0,-2.5,4.150176134525442,4.167840503195476,0.017645690447348,-0.0186782226849757,27.766199433311677,0.795277777777778,1,anode_hold
4287.0,-2.5,4.150045555347992,4.168188145452008,0.0178324117227005,-0.310178381315751,27.766303670064183,0.7954166666666669,1,anode_hold
4288.0,-2.5,4.150123127151044,4.167818294770813,0.0175128770500454,-0.1822905697235199,27.7664079068167,0.7955555555555558,1,anode_hold
4289.0,-2.5,4.150650744452178,4.168556362140255,0.0175229938471829,-0.3826238408946025,27.7665124887436,0.7956944444444447,1,anode_hold
4290.0,-2.5,4.150681749555778,4.168365943997269,0.0177308945073068,0.0467000658153082,27.766617417482845,0.7958333333333334,1,anode_hold
4291.0,-2.5,4.150142172757202,4.168668826274293,0.0175000747137264,-1.0265788033638756,27.766722346222096,0.7959722222222225,1,anode_hold
4292.0,-2.5,4.15064879714816,4.16839525305109,0.0181427009150831,0.3962450121539618,27.766827274961344,0.7961111111111112,1,anode_hold
4293.0,-2.5,4.150700210280304,4.168799382060834,0.0183858719164521,0.2867001359216914,27.766932203700595,0.7962500000000001,1,anode_hold
4294.0,-2.5,4.151074747990496,4.1690574802227385,0.0178111256939215,-0.1716065383208231,27.767037804884385,0.796388888888889,1,anode_hold
4295.0,-2.5,4.151028597501528,4.169252587338745,0.017786417510079,-0.4375723271374809,27.767144154172268,0.7965277777777777,1,anode_hold
4296.0,-2.5,4.151480266599497,4.168958726479017,0.0179764729005628,0.4980130210432421,27.76725050346015,0.7966666666666666,1,anode_hold
4297.0,-2.5,4.15130930505502,4.1691032719799495,0.017526686216686,-0.2672807082433337,27.76735685274803,0.7968055555555558,1,anode_hold
4298.0,-2.5,4.15150622391064,4.169737991627152,0.0176070037305794,-0.6247639859333631,27.767463202035916,0.7969444444444445,1,anode_hold
4299.0,-2.5,4.15208436831703,4.1693311516822416,0.0180972007556238,0.8504173904118062,27.767569551323795,0.7970833333333334,1,anode_hold
4300.0,-2.5,4.151763318375386,4.169461278675853,0.0174857293147849,-0.2122309856815718,27.767675900611675,0.7972222222222223,1,anode_hold
4301.0,-2.5,4.151809174187726,4.169737720571499,0.0182668483050819,0.3383019213085703,27.76778224989956,0.7973611111111112,1,anode_hold
4302.0,-2.5,4.152092728673171,4.169563160479227,0.0179173670990546,0.4469352929987735,27.76788859918744,0.7975000000000001,1,anode_hold
4303.0,-2.5,4.151815251262562,4.170324863854545,0.0173206289287223,-1.188983663261034,27.76799494847532,0.797638888888889,1,anode_hold
4304.0,-2.5,4.151852291163058,4.169657729267311,0.0183004267693686,0.4949886651148816,27.76810160543286,0.7977777777777779,1,anode_hold
4305.0,-2.5,4.152453419078727,4.170020541821474,0.0179007804119025,0.3336576691550519,27.76820868297456,0.7979166666666668,1,anode_hold
4306.0,-2.5,4.152416786780919,4.170514411358751,0.0173893641711989,-0.7082604066335207,27.76831576051625,0.7980555555555555,1,anode_hold
4307.0,-2.5,4.152296292750848,4.170470795992755,0.0175754993794909,-0.5990038624164029,27.768422838057944,0.7981944444444444,1,anode_hold
4308.0,-2.5,4.153133286691896,4.17028816576123,0.017578140808798,0.4232617394634985,27.76852991559964,0.7983333333333333,1,anode_hold
4309.0,-2.5,4.153194059017522,4.170930119099786,0.016812284678343,-0.923775403921745,27.768637239900087,0.7984722222222225,1,anode_hold
4310.0,-2.5,4.1531923503948285,4.170980633086384,0.0182363640045079,0.4480813129532635,27.76874505416516,0.7986111111111112,1,anode_hold
4311.0,-2.5,4.153101963662757,4.171011914881028,0.0176400155330718,-0.269935685198952,27.768852868430237,0.7987500000000001,1,anode_hold
4312.0,-2.5,4.153338786284938,4.170827859563418,0.0180969862280648,0.6079129495848434,27.768960682695308,0.798888888888889,1,anode_hold
4313.0,-2.5,4.1533628467461305,4.171318781972377,0.017553706145317,-0.4022290809295725,27.769068496960383,0.7990277777777781,1,anode_hold
4314.0,-2.5,4.153930851160832,4.170739883910231,0.0176173405975805,0.8083078481826433,27.769176494846683,0.7991666666666668,1,anode_hold
4315.0,-2.5,4.153383242521613,4.171719042235945,0.0175546835937626,-0.7811161205690809,27.76928505129808,0.7993055555555559,1,anode_hold
4316.0,-2.5,4.154036952067173,4.171779324691847,0.01766480478074,-0.0775678439337568,27.769393607749475,0.7994444444444444,1,anode_hold
4317.0,-2.5,4.154102123497935,4.171157885003531,0.0178940987106333,0.8383372050380089,27.769502164200876,0.7995833333333335,1,anode_hold
4318.0,-2.5,4.153898875813125,4.171371049169788,0.0173994252010751,-0.0727481555875542,27.76961072065227,0.7997222222222224,1,anode_hold
4319.0,-2.5,4.154565675287971,4.1716537654061225,0.017483184645642,0.395094527490869,27.76971940897791,0.7998611111111114,1,anode_hold
4320.0,-2.5,4.1544230561020665,4.172031951455744,0.0169796863833308,-0.6292089703467951,27.76982879030934,0.8000000000000003,1,anode_hold
4321.0,-2.5,4.155230563364283,4.172654177877032,0.0169253232263573,-0.4982912863917832,27.76993817164077,0.800138888888889,1,anode_hold
4322.0,-2.5,4.155166896946279,4.172215694700172,0.0178571041656085,0.808306411715698,27.7700475529722,0.8002777777777779,1,anode_hold
4323.0,-2.5,4.154943022401431,4.172795687191515,0.0173916123734724,-0.4610524166110963,27.770156934303632,0.800416666666667,1,anode_hold
4324.0,-2.5,4.154991759378901,4.172683772309727,0.0169056101878449,-0.7864027429818066,27.770266315635062,0.8005555555555555,1,anode_hold
4325.0,-2.5,4.155044932640016,4.172633595698221,0.0175704412437102,-0.0182218144946233,27.77037569696649,0.8006944444444446,1,anode_hold
4326.0,-2.5,4.155178147002606,4.172477003675959,0.0175112723451886,0.2124156718359415,27.77048507829792,0.8008333333333335,1,anode_hold
4327.0,-2.5,4.1556338894485645,4.173190841699447,0.017382785465536,-0.1741667853467632,27.77059445962935,0.8009722222222224,1,anode_hold
4328.0,-2.5,4.155254275407059,4.173179078444135,0.0171496736951352,-0.7751293419406835,27.77070384096078,0.8011111111111113,1,anode_hold
4329.0,-2.5,4.156120424592583,4.172721716891105,0.0171204645414418,0.5191722429200851,27.77081322229221,0.8012500000000002,1,anode_hold
4330.0,-2.5,4.156179467298195,4.1730496323739485,0.0172002886246574,0.3301235489034937,27.770923751461343,0.8013888888888892,1,anode_hold
4331.0,-2.5,4.156070614682295,4.173745816807584,0.0181682864090393,0.4930842837511662,27.77103429834598,0.8015277777777781,1,anode_hold
4332.0,-2.5,4.156476534694412,4.173253519345447,0.0170607613544206,0.2837767033847527,27.77114484523061,0.801666666666667,1,anode_hold
4333.0,-2.5,4.157081707603479,4.17390135981861,0.016985249688284,0.165597473152701,27.771255392115247,0.8018055555555557,1,anode_hold
4334.0,-2.5,4.156622314437945,4.1738405656914,0.0174552414556255,0.2369902021701619,27.77136593899988,0.8019444444444446,1,anode_hold
4335.0,-2.5,4.15718984886635,4.1739746852549935,0.017600312261703,0.8154758730603007,27.771476485884516,0.8020833333333335,1,anode_hold
4336.0,-2.5,4.156726886029873,4.173871338481912,0.0172747335452172,0.1302810931784748,27.771587032769144,0.8022222222222226,1,anode_hold
4337.0,-2.5,4.156773904000104,4.174106823758265,0.017002237996594,-0.330681761567142,27.77169757965377,0.8023611111111113,1,anode_hold
4338.0,-2.5,4.15739703468026,4.174591765445549,0.0170624574823496,-0.1322732829391881,27.77180812653841,0.8025000000000002,1,anode_hold
4339.0,-2.5,4.156656805729657,4.174534710962632,0.016924590249482,-0.9533149834934918,27.771919981831385,0.8026388888888891,1,anode_hold
4340.0,-2.5,4.157653010864471,4.173579101166836,0.0168362912073392,0.9102009049746228,27.772032110375395,0.8027777777777778,1,anode_hold
4341.0,-2.5,4.157498567268148,4.174295795502538,0.0172316151272995,0.434386892909977,27.7721442389194,0.802916666666667,1,anode_hold
4342.0,-2.5,4.157488409162351,4.175010668283659,0.0173691908931832,-0.1530682281245532,27.77225636746341,0.8030555555555559,1,anode_hold
4343.0,-2.5,4.157791960468718,4.174388290010922,0.016956527029477,0.3601974872733393,27.77236849600742,0.8031944444444445,1,anode_hold
4344.0,-2.5,4.157933273054622,4.174762535847553,0.0172470729240037,0.4178101310730042,27.772480624551427,0.8033333333333337,1,anode_hold
4345.0,-2.5,4.158407833042391,4.174777514361336,0.0171637995342126,0.7941182152677584,27.772592753095434,0.8034722222222221,1,anode_hold
4346.0,-2.5,4.158419781926309,4.175512109113787,0.0169432370453788,-0.1490901420995172,27.772704881639445,0.8036111111111113,1,anode_hold
4347.0,-2.5,4.158361200820915,4.174943865196154,0.0173485475875038,0.765883212264562,27.77281701018345,0.8037500000000004,1,anode_hold
4348.0,-2.5,4.158363986272191,4.175549128444666,0.0172552457217535,0.0701035492784996,27.772929734468025,0.8038888888888889,1,anode_hold
4349.0,-2.5,4.15827380804293,4.175652181972052,0.0166508519382309,-0.7275219908908781,27.773042752608948,0.804027777777778,1,anode_hold
4350.0,-2.5,4.158743925294248,4.176132679504165,0.0172115916827943,-0.1771625271231869,27.773155770749877,0.8041666666666667,1,anode_hold
4351.0,-2.5,4.158038672373809,4.175892194881594,0.01702075546568,-0.8327670421044431,27.7732687888908,0.8043055555555556,1,anode_hold
4352.0,-2.5,4.159228016252677,4.175886368931648,0.0170941114224634,0.4357587434924426,27.77338180703172,0.8044444444444445,1,anode_hold
4353.0,-2.5,4.159064933090632,4.17605929193057,0.0164199319159613,-0.5744269239764677,27.77349482517264,0.8045833333333334,1,anode_hold
4354.0,-2.5,4.158693716676963,4.176060253119535,0.0164940044945514,-0.8725319480209492,27.773607843313567,0.8047222222222223,1,anode_hold
4355.0,-2.5,4.159488272233966,4.176154780827654,0.0166439101880805,-0.0225984056072547,27.77372097449641,0.8048611111111112,1,anode_hold
4356.0,-2.5,4.159174901027097,4.176572197814072,0.0171168267497372,-0.2804700372385227,27.773834949021875,0.8049999999999999,1,anode_hold
4357.0,-2.5,4.159424528585184,4.175823689427441,0.0171365926197182,0.7374317774617722,27.773948923547344,0.8051388888888891,1,anode_hold
4358.0,-2.5,4.159151276690025,4.176183626542892,0.0164057609515521,-0.6265889013148396,27.77406289807281,0.805277777777778,1,anode_hold
4359.0,-2.5,4.159585197178211,4.176767872641984,0.0171035733967438,-0.0791020670281028,27.774176872598275,0.8054166666666669,1,anode_hold
4360.0,-2.5,4.15998048222836,4.177227651411242,0.01703238871784,-0.2147804650407536,27.774290847123744,0.8055555555555558,1,anode_hold
4361.0,-2.5,4.160030067981526,4.176901671345081,0.0167889426292942,-0.0826607342601093,27.77440482164921,0.8056944444444445,1,anode_hold
4362.0,-2.5,4.160263994305143,4.176874888751531,0.0176588163613257,1.047921914937966,27.774519247287103,0.8058333333333334,1,anode_hold
4363.0,-2.5,4.160077984636874,4.177010110554372,0.0164339948835173,-0.4981310339813305,27.774634623360352,0.8059722222222225,1,anode_hold
4364.0,-2.5,4.160585713785968,4.176794426174043,0.0165494876251146,0.3407752370403472,27.774749999433595,0.8061111111111112,1,anode_hold
4365.0,-2.5,4.160092441711916,4.177424513869843,0.0166778070251731,-0.6542651327539062,27.77486537550684,0.8062500000000001,1,anode_hold
4366.0,-2.5,4.160485637820607,4.177771657915197,0.0169064397696153,-0.3795803249753149,27.774980751580088,0.806388888888889,1,anode_hold
4367.0,-2.5,4.159981218576508,4.177787102795967,0.0162623619010045,-1.5435223184541158,27.77509612765333,0.806527777777778,1,anode_hold
4368.0,-2.5,4.160803555058962,4.177834731532498,0.0164116944468763,-0.6194820266598455,27.775211503726577,0.8066666666666666,1,anode_hold
4369.0,-2.5,4.160849840059495,4.17815591391857,0.0168609585784645,-0.4451152806108638,27.775327553815742,0.8068055555555556,1,anode_hold
4370.0,-2.5,4.16107261271966,4.177857912718914,0.016302401700886,-0.4828982983680063,27.77544421241577,0.8069444444444447,1,anode_hold
4371.0,-2.5,4.161418999318079,4.178195522239451,0.0166615544178299,-0.114968503542201,27.775560871015795,0.8070833333333336,1,anode_hold
4372.0,-2.5,4.161758318397878,4.178174149952114,0.0170991205494914,0.6832889952548271,27.775677529615823,0.8072222222222223,1,anode_hold
4373.0,-2.5,4.161128644423424,4.177962268432617,0.0163368454361212,-0.4967785730727314,27.775794188215848,0.8073611111111112,1,anode_hold
4374.0,-2.5,4.161526738077242,4.178281936012517,0.0164057865733834,-0.349411361892038,27.77591084681588,0.8075000000000003,1,anode_hold
4375.0,-2.5,4.1611284416434415,4.178462856337529,0.0169003683453008,-0.4340463487864099,27.7760275054159,0.807638888888889,1,anode_hold
4376.0,-2.5,4.162381397545708,4.17904475995373,0.0171627964259564,0.4994340179340639,27.776145490396065,0.8077777777777781,1,anode_hold
4377.0,-2.5,4.162340183220293,4.178792241275441,0.0171159795616166,0.6639215064678794,27.7762639679294,0.8079166666666668,1,anode_hold
4378.0,-2.5,4.16220702281841,4.178865904885774,0.0164680820152376,-0.1908000521266828,27.776382445462733,0.8080555555555557,1,anode_hold
4379.0,-2.5,4.162548417781049,4.1793531684455205,0.0171587390518624,0.3539883873910909,27.776500922996064,0.8081944444444447,1,anode_hold
4380.0,-2.5,4.162559879938629,4.178590870388222,0.0169757659097826,0.944775460189895,27.7766194005294,0.8083333333333336,1,anode_hold
4381.0,-2.5,4.162229301631912,4.178681670428961,0.0165518118409521,0.0994430439034133,27.776737878062733,0.8084722222222225,1,anode_hold
4382.0,-2.5,4.162753181560594,4.179260251666689,0.0167060853627881,0.1990152566930803,27.776856355596067,0.8086111111111114,1,anode_hold
4383.0,-2.5,4.16300701533543,4.179527979577607,0.016803459414142,0.2824951719651025,27.7769748331294,0.8087500000000001,1,anode_hold
4384.0,-2.5,4.16301421563416,4.179581421931086,0.0164511050886669,-0.1161012082597778,27.77709331066273,0.8088888888888892,1,anode_hold
4385.0,-2.5,4.162864282183673,4.179763049510939,0.0168894121735953,-0.0093551536703984,27.777211788196063,0.8090277777777777,1,anode_hold
4386.0,-2.5,4.162891768239801,4.1798262083907005,0.0166479454104651,-0.2864947404344065,27.7773302657294,0.8091666666666668,1,anode_hold
4387.0,-2.5,4.163839969102424,4.179116378698883,0.0168998028287475,1.6233932322879951,27.777449752116095,0.8093055555555557,1,anode_hold
4388.0,-2.5,4.16333121736286,4.179909026619526,0.0168481149352502,0.270305678584215,27.77756992444527,0.8094444444444446,1,anode_hold
4389.0,-2.5,4.163535572029098,4.1797409106392855,0.0166487522987867,0.4434136885995698,27.77769009677444,0.8095833333333335,1,anode_hold
4390.0,-2.5,4.1630727241528325,4.180412911931895,0.0166994089739683,-0.6407788050939445,27.77781026910361,0.8097222222222225,1,anode_hold
4391.0,-2.5,4.163820056360487,4.180503744237872,0.0170712280158276,0.3875401384432209,27.777930441432787,0.8098611111111114,1,anode_hold
4392.0,-2.5,4.16381103877098,4.180059130083357,0.0167650498992472,0.5169585868696203,27.77805061376196,0.8100000000000003,1,anode_hold
4393.0,-2.5,4.163600154913734,4.180365482802253,0.016561742761264,-0.2035851272550459,27.77817078609113,0.8101388888888892,1,anode_hold
4394.0,-2.5,4.164367287151848,4.180279646852554,0.0168222209766861,0.9098612759794732,27.778290958420303,0.8102777777777779,1,anode_hold
4395.0,-2.5,4.164101363377166,4.181225792005414,0.0163853330810849,-0.7390955471624494,27.778411130749475,0.8104166666666668,1,anode_hold
4396.0,-2.5,4.1644183703765485,4.180946878481948,0.0167700515230924,0.241543417693002,27.778531303078648,0.8105555555555559,1,anode_hold
4397.0,-2.5,4.164483827874634,4.1813839166784055,0.0169778173815214,0.0777285777502356,27.77865147540782,0.8106944444444448,1,anode_hold
4398.0,-2.5,4.164260700486579,4.1813641845368,0.0170542863875039,-0.0491976627179369,27.77877217888262,0.8108333333333335,1,anode_hold
4399.0,-2.5,4.1646856698055394,4.181131343412907,0.0165365166622976,0.0908430549300121,27.77889350256439,0.8109722222222224,1,anode_hold
4400.0,-2.5,4.165142501331008,4.181333267030479,0.0166429557042075,0.4521900047365079,27.77901482624616,0.8111111111111113,1,anode_hold
4401.0,-2.5,4.164523927335408,4.181003645508315,0.0167543965190918,0.2746783461846647,27.779136149927925,0.8112500000000002,1,anode_hold
4402.0,-2.5,4.164672985929251,4.1814636451871445,0.0157877447150883,-1.0029145428056552,27.779257473609697,0.8113888888888892,1,anode_hold
4403.0,-2.5,4.164838905248253,4.181507486280417,0.015898080520511,-0.7705005116527275,27.779378797291464,0.8115277777777781,1,anode_hold
4404.0,-2.5,4.165462926528758,4.181428083714982,0.016299061188883,0.3339040026597573,27.77950012097324,0.811666666666667,1,anode_hold
4405.0,-2.5,4.165230468239498,4.18129783176985,0.0163527232234117,0.2853596930600943,27.779621444655003,0.8118055555555557,1,anode_hold
4406.0,-2.5,4.165588324684027,4.182045700842954,0.016875137276485,0.4177611175579798,27.779743278940515,0.8119444444444446,1,anode_hold
4407.0,-2.5,4.165975966228067,4.181727755872756,0.0169477949023457,1.1960052576567293,27.779865577472545,0.8120833333333335,1,anode_hold
4408.0,-2.5,4.165428877390069,4.181110894447778,0.0164081424448082,0.7261253870991524,27.779987876004565,0.8122222222222226,1,anode_hold
4409.0,-2.5,4.166341806314694,4.182106032778484,0.0163523928555424,0.5881663917524094,27.78011017453659,0.8123611111111111,1,anode_hold
4410.0,-2.5,4.166041715122792,4.182649071755699,0.0161641773974861,-0.4431792354209207,27.78023247306861,0.8125000000000002,1,anode_hold
4411.0,-2.5,4.166113698892926,4.182750647971329,0.016332538702678,-0.3044103757243732,27.78035477160064,0.8126388888888889,1,anode_hold
4412.0,-2.5,4.166758402310176,4.182648451818545,0.0159661012175843,0.076051709215541,27.78047707013266,0.8127777777777778,1,anode_hold
4413.0,-2.5,4.166570763049811,4.182465246264441,0.0161800242146797,0.2855410000490721,27.780600565246587,0.8129166666666667,1,anode_hold
4414.0,-2.5,4.166173161690576,4.182746849882456,0.0163095107905826,-0.2641774012968056,27.780724108101825,0.8130555555555556,1,anode_hold
4415.0,-2.5,4.166684118971545,4.1829825328912005,0.015876313892781,-0.4221000268751496,27.780847650957067,0.8131944444444446,1,anode_hold
4416.0,-2.5,4.166604576385764,4.182687902750812,0.016058642846532,-0.0246835185162552,27.780971193812302,0.8133333333333335,1,anode_hold
4417.0,-2.5,4.1670498805249965,4.182791956179864,0.0159466851806541,0.2046095257863811,27.781094736667544,0.8134722222222222,1,anode_hold
4418.0,-2.5,4.166963231946242,4.182947177348751,0.0160783181760359,0.0943727735265298,27.781218279522783,0.8136111111111111,1,anode_hold
4419.0,-2.5,4.167135735035092,4.183215006822305,0.016152975543308,0.073703756095611,27.78134224975882,0.8137500000000002,1,anode_hold
4420.0,-2.5,4.1676569172573,4.183317739108191,0.0162724424570699,0.6116206061781426,27.781466862433223,0.8138888888888889,1,anode_hold
4421.0,-2.5,4.166993030719154,4.183235591503322,0.016200720710451,-0.0418400737167701,27.78159147510763,0.8140277777777778,1,anode_hold
4422.0,-2.5,4.167717148822101,4.183690094210848,0.0157608769653909,-0.2120684233553049,27.78171608778203,0.8141666666666667,1,anode_hold
4423.0,-2.5,4.167694513459601,4.183737053473289,0.0160044383328667,-0.0381016808210787,27.781840700456435,0.8143055555555556,1,anode_hold
4424.0,-2.5,4.167993412402333,4.184046200491391,0.0160264808518947,-0.0263072371637917,27.78196531313084,0.8144444444444445,1,anode_hold
4425.0,-2.5,4.167316798333684,4.183484915421242,0.0160111321081247,-0.1569849794327282,27.782089925805245,0.8145833333333334,1,anode_hold
4426.0,-2.5,4.167867974781611,4.184422542725164,0.0160207297754517,-0.5338381681010418,27.78221519168784,0.8147222222222223,1,anode_hold
4427.0,-2.5,4.168156958985404,4.183430894742723,0.0157231871971695,0.4492514398499736,27.782340584456747,0.8148611111111113,1,anode_hold
4428.0,-2.5,4.168899997952362,4.184242144371065,0.0158508857343776,0.5087393156752995,27.782465977225662,0.8150000000000002,1,anode_hold
4429.0,-2.5,4.168152407166718,4.184483316804751,0.0152798645097275,-1.051045128305006,27.782591369994577,0.8151388888888889,1,anode_hold
4430.0,-2.5,4.168316940101706,4.184717798435256,0.0159668783281462,-0.4339800054040665,27.78271676276349,0.815277777777778,1,anode_hold
4431.0,-2.5,4.16872169814889,4.18471585116369,0.0159074482749236,-0.0867047398767084,27.782842155532403,0.8154166666666669,1,anode_hold
4432.0,-2.5,4.168994459806603,4.185242075448369,0.0157794461439412,-0.4681694978243556,27.78296868188823,0.8155555555555556,1,anode_hold
4433.0,-2.5,4.168834797718622,4.184656943897788,0.0160446237235027,0.2224775443373516,27.78309531178344,0.8156944444444445,1,anode_hold
4434.0,-2.5,4.169164034136005,4.184371538640725,0.0155902711093931,0.3827666046731792,27.78322194167865,0.8158333333333334,1,anode_hold
4435.0,-2.5,4.168767089737456,4.184190304834676,0.0156710477521304,0.2478326549102405,27.783348571573868,0.8159722222222223,1,anode_hold
4436.0,-2.5,4.169884180047869,4.184912655723946,0.0160554252979323,1.0269496218553442,27.78347520146908,0.8161111111111112,1,anode_hold
4437.0,-2.5,4.169395291279724,4.185057250328713,0.0160200781334397,0.3581190844501591,27.78360183136429,0.8162500000000001,1,anode_hold
4438.0,-2.5,4.169648977712097,4.184807010758734,0.0158551992062787,0.6971661596422152,27.783729338305644,0.816388888888889,1,anode_hold
4439.0,-2.5,4.1705350106183685,4.185598345378154,0.0155749174458174,0.5115826860313533,27.7838568494168,0.8165277777777777,1,anode_hold
4440.0,-2.5,4.169669329736425,4.18575257768742,0.0160299458326026,-0.0533021183919402,27.783984360527946,0.8166666666666667,1,anode_hold
4441.0,-2.5,4.169579476577077,4.185595147312338,0.0158632605924394,-0.1524101428209689,27.78411187163909,0.8168055555555556,1,anode_hold
4442.0,-2.5,4.169768654971599,4.185690884756299,0.0152014987501068,-0.720731034592248,27.784239382750243,0.8169444444444445,1,anode_hold
4443.0,-2.5,4.170680139037775,4.185362701364354,0.0149268526287766,0.2442903021977471,27.78436700851153,0.8170833333333334,1,anode_hold
4444.0,-2.5,4.170231934296377,4.185996917015664,0.0156127792422555,-0.1522034770307101,27.78449606415381,0.8172222222222223,1,anode_hold
4445.0,-2.5,4.170163751659334,4.186301287657059,0.0161779829816875,0.0404469839629939,27.78462511979609,0.8173611111111112,1,anode_hold
4446.0,-2.5,4.17049770466271,4.185936967534181,0.0158109168948239,0.3716540233531518,27.78475417543836,0.8175000000000001,1,anode_hold
4447.0,-2.5,4.170604067245835,4.186066130161637,0.0148006447676172,-0.6614181481854331,27.78488323108064,0.817638888888889,1,anode_hold
4448.0,-2.5,4.171030462520784,4.185934581434835,0.0153011375785105,0.3970186644597362,27.785012286722917,0.8177777777777779,1,anode_hold
4449.0,-2.5,4.171054548732736,4.186527465557738,0.0154408572558437,-0.0320595691576386,27.78514134236519,0.8179166666666666,1,anode_hold
4450.0,-2.5,4.171061515006506,4.186181466355178,0.0151202872242,0.0003358755282789,27.785270398007462,0.8180555555555555,1,anode_hold
4451.0,-2.5,4.171203139205852,4.186652502772087,0.016004410445776,0.555046879540555,27.78539945364974,0.8181944444444444,1,anode_hold
4452.0,-2.5,4.17092636780167,4.186324041210778,0.0155592883088106,0.1616148997021227,27.785528509292018,0.8183333333333336,1,anode_hold
4453.0,-2.5,4.17090028693025,4.186627362633716,0.0155211146737639,-0.2059610297013847,27.785657564934294,0.8184722222222225,1,anode_hold
4454.0,-2.5,4.171510159120987,4.186971154290848,0.0157451690539486,0.284173884087302,27.78578734228246,0.8186111111111112,1,anode_hold
4455.0,-2.5,4.171657158010308,4.186868288491533,0.0155520350648347,0.3409045836093582,27.785918131292068,0.8187500000000001,1,anode_hold
4456.0,-2.5,4.171661486955269,4.187066472562644,0.0151448822412452,-0.2601033661289165,27.78604892030168,0.818888888888889,1,anode_hold
4457.0,-2.5,4.171807237826978,4.187017311039973,0.0153335452643693,0.123472051374307,27.786179709311284,0.8190277777777777,1,anode_hold
4458.0,-2.5,4.1720214960968685,4.1868326647740695,0.015474494974552,0.6633262973512188,27.78631049832089,0.8191666666666668,1,anode_hold
4459.0,-2.5,4.171600536134007,4.187605419100803,0.0155202185670526,-0.484664399743373,27.7864412873305,0.8193055555555557,1,anode_hold
4460.0,-2.5,4.17195174846713,4.186874985505547,0.0152089202712352,0.2856832328186343,27.786572076340107,0.8194444444444446,1,anode_hold
4461.0,-2.5,4.171904494474584,4.187424177641349,0.0157922406191164,0.2725574523516627,27.78670286534972,0.8195833333333336,1,anode_hold
4462.0,-2.5,4.17171718793112,4.187833085297161,0.0160795649084884,-0.0363324575527457,27.786833654359324,0.8197222222222222,1,anode_hold
4463.0,-2.5,4.172545725697988,4.187641193379096,0.0153938519270686,0.2983842459611807,27.78696444336893,0.8198611111111114,1,anode_hold
4464.0,-2.5,4.172428488014181,4.18793364998857,0.0153893488649343,-0.1158131094545211,27.78709523237854,0.8200000000000001,1,anode_hold
4465.0,-2.5,4.1727271305511,4.187594320382752,0.0153871887135822,0.519998881929773,27.78722752527285,0.820138888888889,1,anode_hold
4466.0,-2.5,4.172901474271521,4.188188089058143,0.0155316212724711,0.2450064858487977,27.787360297013603,0.8202777777777779,1,anode_hold
4467.0,-2.5,4.172548016632679,4.188511455350498,0.015429099287777,-0.5343394300414417,27.787493068754348,0.8204166666666668,1,anode_hold
4468.0,-2.5,4.173378532924555,4.188284483773492,0.0145428033846326,-0.3631474643048804,27.787625840495096,0.8205555555555557,1,anode_hold
4469.0,-2.5,4.17312447650383,4.18792183064723,0.0159825083814079,1.1851542380076907,27.787758612235844,0.8206944444444448,1,anode_hold
4470.0,-2.5,4.173443377271314,4.188188409218489,0.0154125668504986,0.6675349033242739,27.78789138397659,0.8208333333333335,1,anode_hold
4471.0,-2.5,4.173755994915612,4.188996422429406,0.0143912410981446,-0.8491864156487949,27.788024155717338,0.8209722222222224,1,anode_hold
4472.0,-2.5,4.173212025284751,4.188823366553869,0.0147682763824753,-0.8430648866433188,27.78815692745809,0.8211111111111113,1,anode_hold
4473.0,-2.5,4.173277242728175,4.188592401594532,0.014708903129936,-0.6062557364208132,27.78828969919883,0.8212500000000003,1,anode_hold
4474.0,-2.5,4.173623064207501,4.188652117680911,0.0158719278252739,0.8428743518642534,27.78842247093958,0.8213888888888892,1,anode_hold
4475.0,-2.5,4.174008637890817,4.188956927333392,0.0150019970252197,0.0537075826443356,27.78855543515473,0.8215277777777781,1,anode_hold
4476.0,-2.5,4.174117754808782,4.189003573436096,0.0151741037858792,0.2882851585654933,27.788690119734493,0.821666666666667,1,anode_hold
4477.0,-2.5,4.1732837751319005,4.189329965334317,0.0153875421368001,-0.6586480656167737,27.788824804314253,0.8218055555555559,1,anode_hold
4478.0,-2.5,4.174405095213027,4.189290594610577,0.0148751903662014,-0.0103090313485765,27.78895948889401,0.8219444444444446,1,anode_hold
4479.0,-2.5,4.173940122578824,4.189441567580191,0.0152461516393965,-0.2552933619703879,27.789094173473774,0.8220833333333335,1,anode_hold
4480.0,-2.5,4.174320532490323,4.18986465856961,0.0149791930800234,-0.5649329992643004,27.78922885805354,0.8222222222222226,1,anode_hold
4481.0,-2.5,4.17387568081659,4.1893513262624325,0.0152202466787758,-0.2553987670657065,27.7893635426333,0.8223611111111113,1,anode_hold
4482.0,-2.5,4.174107734718025,4.18914472981429,0.0151821990725468,0.145203976282815,27.789498227213063,0.8225000000000002,1,anode_hold
4483.0,-2.5,4.174581885418801,4.189491809039273,0.0155209845840091,0.6110609635374686,27.789632911792825,0.8226388888888891,1,anode_hold
4484.0,-2.5,4.174036287994017,4.190088899742929,0.0148019594984367,-1.2506522504756037,27.789767596372585,0.822777777777778,1,anode_hold
4485.0,-2.5,4.17491355211083,4.189854505984417,0.0154747995820598,0.5338457084729242,27.789902280952347,0.822916666666667,1,anode_hold
4486.0,-2.5,4.174608807617432,4.189832060248022,0.0153316496959961,0.1083970654063293,27.790037642661364,0.8230555555555559,1,anode_hold
4487.0,-2.5,4.174952283510144,4.189936825034321,0.0154311356270827,0.4465941029048181,27.790173856601434,0.8231944444444448,1,anode_hold
4488.0,-2.5,4.175012494833651,4.189525772779053,0.015048322531485,0.5350445860834441,27.790310070541505,0.8233333333333337,1,anode_hold
4489.0,-2.5,4.174900605431137,4.190197876096987,0.0149828538704259,-0.3144167954243215,27.790446284481572,0.8234722222222224,1,anode_hold
4490.0,-2.5,4.175559664943082,4.189958298775429,0.0151442150553039,0.7455812229562042,27.79058249842165,0.8236111111111115,1,anode_hold
4491.0,-2.5,4.175966836315122,4.190876097147607,0.0150097427391871,0.100481906702754,27.79071871236172,0.8237500000000002,1,anode_hold
4492.0,-2.5,4.175552471603638,4.190194368314616,0.0153176708781336,0.675774167155474,27.79085492630179,0.8238888888888891,1,anode_hold
4493.0,-2.5,4.174947348954428,4.190272585850611,0.0147692527876971,-0.5559841084856743,27.79099114024186,0.824027777777778,1,anode_hold
4494.0,-2.5,4.175597422106304,4.190488315928923,0.0153570794713683,0.4661856487491178,27.79112735418193,0.8241666666666669,1,anode_hold
4495.0,-2.5,4.175596895086061,4.190961652655069,0.0151861927202939,-0.1785648487144797,27.791264611678617,0.8243055555555561,1,anode_hold
4496.0,-2.5,4.17604349328471,4.190503286009219,0.0146390068183683,0.1792140938592368,27.791402286116284,0.8244444444444448,1,anode_hold
4497.0,-2.5,4.175894528849573,4.190968509687853,0.0153083492973862,0.2343684591066264,27.79153996055395,0.8245833333333337,1,anode_hold
4498.0,-2.5,4.176624838715049,4.190720699139329,0.015387020470498,1.2911600462173212,27.79167763499162,0.8247222222222226,1,anode_hold
4499.0,-2.5,4.176295569321402,4.191841771980415,0.0150464011415179,-0.4998015174946246,27.791815309429285,0.8248611111111113,1,anode_hold
4500.0,-2.5,4.17637288924078,4.191470945480995,0.0146871741155219,-0.4108821246919802,27.791952983866956,0.8250000000000002,1,anode_hold
4501.0,-2.5,4.176196214764082,4.191259351723721,0.0145733697994272,-0.4897671602117626,27.79209065830462,0.8251388888888893,1,anode_hold
4502.0,-2.5,4.176138040085632,4.19129682552729,0.0148739784828117,-0.2848069588470281,27.792228332742287,0.825277777777778,1,anode_hold
4503.0,-2.5,4.17648515831984,4.191584297821999,0.0150322879445788,-0.0668515575794614,27.792366007179957,0.8254166666666669,1,anode_hold
4504.0,-2.5,4.176686840850665,4.191124901068105,0.0149450554380587,0.506995220618478,27.792504869152427,0.8255555555555558,1,anode_hold
4505.0,-2.5,4.176885178883063,4.191717814021573,0.0148860274414693,0.0533923029584215,27.79264374763316,0.8256944444444447,1,anode_hold
4506.0,-2.5,4.176917233917118,4.192211440404659,0.0144865447737575,-0.8076617137833253,27.79278262611389,0.8258333333333336,1,anode_hold
4507.0,-2.5,4.17688837004274,4.191386163635456,0.0147019484810791,0.2041548883635613,27.792921504594624,0.8259722222222226,1,anode_hold
4508.0,-2.5,4.177102660544933,4.191530537588483,0.0145974792256388,0.1696021820887239,27.793060383075357,0.8261111111111115,1,anode_hold
4509.0,-2.5,4.177064486254288,4.1916181331271085,0.0144932106919562,-0.060436180864265,27.793199261556087,0.8262500000000004,1,anode_hold
4510.0,-2.5,4.177025173285126,4.192175773140228,0.014593252820609,-0.5573470344923948,27.793338977798896,0.8263888888888891,1,anode_hold
4511.0,-2.5,4.177181964724886,4.1920151300078645,0.0155011402301724,0.667974947194061,27.79347904126188,0.826527777777778,1,anode_hold
4512.0,-2.5,4.177710250266585,4.192324169258278,0.0141595040035471,-0.4544149881455794,27.793619104724858,0.8266666666666669,1,anode_hold
4513.0,-2.5,4.177900212800476,4.192763222763174,0.0147165593933653,-0.1464505693329343,27.79375916818784,0.8268055555555558,1,anode_hold
4514.0,-2.5,4.177737706663171,4.192575912336968,0.0146717835397039,-0.1664221340922367,27.79389923165082,0.8269444444444447,1,anode_hold
4515.0,-2.5,4.177881808674455,4.192436137695145,0.0142329857776662,-0.3213432430237972,27.794040025588643,0.8270833333333336,1,anode_hold
4516.0,-2.5,4.178206720548087,4.192981499774485,0.0150806677776622,0.3058885512636777,27.79418136255829,0.8272222222222223,1,anode_hold
4517.0,-2.5,4.178121974055782,4.192316278806277,0.0144435541294438,0.2492493789487682,27.79432269952795,0.8273611111111114,1,anode_hold
4518.0,-2.5,4.179225475501144,4.192647694613384,0.0143260727178486,0.9038536056085178,27.7944640364976,0.8274999999999999,1,anode_hold
4519.0,-2.5,4.17844155386732,4.193148586241319,0.0143622118153246,-0.3448205586735753,27.794605373467256,0.827638888888889,1,anode_hold
4520.0,-2.5,4.178365003198828,4.1929735851364685,0.0144996710277296,-0.108910909911053,27.794747919224776,0.827777777777778,1,anode_hold
4521.0,-2.5,4.178092625519831,4.193678641315128,0.0143896285650432,-1.1963872302533929,27.79489200216828,0.8279166666666669,1,anode_hold
4522.0,-2.5,4.178813952951157,4.1926846919447325,0.0139393094508921,0.0685704573166745,27.795036085111786,0.8280555555555558,1,anode_hold
4523.0,-2.5,4.179173445695697,4.192928924427886,0.0146458100144747,0.8903312822861054,27.79518016805529,0.8281944444444447,1,anode_hold
4524.0,-2.5,4.178964081264441,4.193329865534563,0.0143504401325129,-0.0153441376093965,27.7953242509988,0.8283333333333336,1,anode_hold
4525.0,-2.5,4.179468370807024,4.193436845441513,0.0147349801158256,0.7665054813363881,27.7954683339423,0.8284722222222225,1,anode_hold
4526.0,-2.5,4.179033144816586,4.193792540174015,0.0146735410904648,-0.0858542669641693,27.79561241688581,0.8286111111111114,1,anode_hold
4527.0,-2.5,4.179295761082313,4.193718181733306,0.0140490447045229,-0.3733759464701336,27.79575649982931,0.8287500000000003,1,anode_hold
4528.0,-2.5,4.179385520288874,4.19389891898509,0.013925888126048,-0.5875105701678152,27.795900582772813,0.828888888888889,1,anode_hold
4529.0,-2.5,4.179330771506047,4.193956509921425,0.0145179494553863,-0.1077889599923054,27.79604466571632,0.8290277777777781,1,anode_hold
4530.0,-2.5,4.179224828143411,4.193512099834169,0.0140204316434344,-0.2668400473231358,27.79618912237724,0.829166666666667,1,anode_hold
4531.0,-2.5,4.179489666573054,4.19384449887349,0.013908019782778,-0.4468125176586568,27.796335360248083,0.8293055555555557,1,anode_hold
4532.0,-2.5,4.179310848655463,4.193864548141857,0.0138820453875012,-0.6716540988920272,27.79648159811893,0.8294444444444447,1,anode_hold
4533.0,-2.5,4.180214998967634,4.1947296914714505,0.013936312939217,-0.578379564599274,27.796627835989774,0.8295833333333336,1,anode_hold
4534.0,-2.5,4.180041725315374,4.194219173510828,0.0136719577332605,-0.5054904621939471,27.79677407386062,0.8297222222222225,1,anode_hold
4535.0,-2.5,4.180167925523183,4.194584397604587,0.013796804801589,-0.6196672798157721,27.79692031173147,0.8298611111111114,1,anode_hold
4536.0,-2.5,4.180132631477876,4.194294602062333,0.0141856340591217,0.0236634746650921,27.79706654960232,0.8300000000000003,1,anode_hold
4537.0,-2.5,4.180696330344564,4.194510092457301,0.0144187395813293,0.6049774685932263,27.79721278747316,0.830138888888889,1,anode_hold
4538.0,-2.5,4.180262808914075,4.194688499117084,0.0137169239541148,-0.7087662488940438,27.797359025344008,0.8302777777777779,1,anode_hold
4539.0,-2.5,4.181127447794118,4.194377001087564,0.0141985031850009,0.9489498915549176,27.797505396506867,0.8304166666666668,1,anode_hold
4540.0,-2.5,4.181047750830501,4.194492051172539,0.0140891625731686,0.6448622311303609,27.79765302573944,0.8305555555555557,1,anode_hold
4541.0,-2.5,4.180612733119172,4.194891302785003,0.0138586724038594,-0.4198972619722241,27.797800654972,0.8306944444444446,1,anode_hold
4542.0,-2.5,4.180862518085483,4.194984182184862,0.0143875568099952,0.265892710617166,27.79794828420457,0.8308333333333333,1,anode_hold
4543.0,-2.5,4.181211642480626,4.195257836254092,0.0143782027624521,0.3320089889857769,27.79809591343713,0.8309722222222224,1,anode_hold
4544.0,-2.5,4.181498545152335,4.194847712510553,0.014076957377919,0.7277900197015796,27.7982435426697,0.8311111111111111,1,anode_hold
4545.0,-2.5,4.180985657933887,4.1953399878,0.0134502663208641,-0.9040635452493008,27.798391171902264,0.83125,1,anode_hold
4546.0,-2.5,4.181173855503553,4.195477182071164,0.0135196440691749,-0.7836824984357449,27.79853880113483,0.831388888888889,1,anode_hold
4547.0,-2.5,4.182173888511926,4.195133539892184,0.0142376919820492,1.2780406017913748,27.798687531245907,0.8315277777777779,1,anode_hold
4548.0,-2.5,4.181796539661095,4.195098327928867,0.0137852757317742,0.4834874640025077,27.79883672232792,0.8316666666666668,1,anode_hold
4549.0,-2.5,4.181887885623356,4.195191832441442,0.0139255930613685,0.6216462432817593,27.798985913409933,0.8318055555555557,1,anode_hold
4550.0,-2.5,4.18229729229462,4.195601742341343,0.0143717647299353,1.0673146832118618,27.799135104491945,0.8319444444444444,1,anode_hold
4551.0,-2.5,4.181949230996233,4.19494693191966,0.0140653041258141,1.0676032023866355,27.79928429557396,0.8320833333333335,1,anode_hold
4552.0,-2.5,4.181776867945426,4.196069939839699,0.0138099630925928,-0.4831088016805651,27.799433486655968,0.8322222222222224,1,anode_hold
4553.0,-2.5,4.181493338350695,4.195085206679072,0.0141008763977202,0.5090080693435084,27.79958267773798,0.8323611111111113,1,anode_hold
4554.0,-2.5,4.182367186266011,4.195541736383537,0.0139990987302883,0.8245486127620438,27.79973230980484,0.8325000000000002,1,anode_hold
4555.0,-2.5,4.181861696167639,4.19573929410812,0.0136963911186656,-0.1812068218152163,27.799882905692016,0.8326388888888892,1,anode_hold
4556.0,-2.5,4.182495993800606,4.195939123453459,0.0132714974222203,-0.1716322306331008,27.80003350157919,0.8327777777777778,1,anode_hold
4557.0,-2.5,4.181795376913501,4.19580775824506,0.0141723002590064,0.1599189274470447,27.800184097466364,0.832916666666667,1,anode_hold
4558.0,-2.5,4.182338580846977,4.19567409557575,0.0133212368304382,-0.0142778983347469,27.800334693353538,0.8330555555555559,1,anode_hold
4559.0,-2.5,4.182568557376,4.196056922331588,0.0135877392366959,0.0993742811088438,27.80048528924071,0.8331944444444446,1,anode_hold
4560.0,-2.5,4.182291550909243,4.196755552577561,0.0138439575704965,-0.6200440978219035,27.800635885127885,0.8333333333333335,1,anode_hold
4561.0,-2.5,4.1825960273851805,4.196282881854349,0.0139076277047644,0.2207732355961056,27.80078648101506,0.8334722222222224,1,anode_hold
4562.0,-2.5,4.182603590384008,4.196710103646874,0.0139436986357401,-0.1628146271261954,27.80093707690224,0.8336111111111113,1,anode_hold
4563.0,-2.5,4.182982821925374,4.196188895289922,0.0133631747338635,0.157101369316237,27.801088506320617,0.8337500000000002,1,anode_hold
4564.0,-2.5,4.182654172816049,4.196719666578079,0.013501460549032,-0.5640332129974723,27.80124092932051,0.8338888888888891,1,anode_hold
4565.0,-2.5,4.1830412788438025,4.19713784129348,0.0135268057532609,-0.5697566964162348,27.801393352320403,0.834027777777778,1,anode_hold
4566.0,-2.5,4.18362014490785,4.1967852056580215,0.0130049267504486,-0.1601339997234774,27.801545775320296,0.834166666666667,1,anode_hold
4567.0,-2.5,4.183716157593721,4.1964818543765725,0.013217637688536,0.4519409056840118,27.80169819832019,0.8343055555555559,1,anode_hold
4568.0,-2.5,4.183951035303723,4.197212907027529,0.0131294771621926,-0.1323945616134025,27.801850621320085,0.8344444444444448,1,anode_hold
4569.0,-2.5,4.183596481344627,4.197336026176386,0.0132630683172472,-0.476476514512214,27.802003044319974,0.8345833333333337,1,anode_hold
4570.0,-2.5,4.18343779609112,4.19735250037054,0.0135011652601544,-0.4135390192656629,27.80215546731987,0.8347222222222226,1,anode_hold
4571.0,-2.5,4.183746529967465,4.197003211877936,0.0133169445155069,0.0602626050358878,27.802307890319764,0.8348611111111113,1,anode_hold
4572.0,-2.5,4.183946758129097,4.1971349316136095,0.0133388440685463,0.1506705840341737,27.802461336881677,0.8350000000000002,1,anode_hold
4573.0,-2.5,4.183901803277499,4.197136088441231,0.013120477212638,-0.113807951093392,27.802615470119907,0.8351388888888893,1,anode_hold
4574.0,-2.5,4.184337085977044,4.19716699968667,0.0132273445859088,0.3974308762835221,27.802769603358144,0.835277777777778,1,anode_hold
4575.0,-2.5,4.183788919281449,4.196676104161695,0.0131416829626725,0.2544980824259468,27.802923736596377,0.8354166666666669,1,anode_hold
4576.0,-2.5,4.184008226287938,4.19765094655331,0.0134194166970091,-0.2233035683625317,27.803077869834613,0.8355555555555558,1,anode_hold
4577.0,-2.5,4.183698615989576,4.1975083676846365,0.0136706422036728,-0.1391094913882895,27.80323200307285,0.8356944444444447,1,anode_hold
4578.0,-2.5,4.184112440745634,4.197118957837518,0.0130531411012067,0.0466240093217606,27.803386136311083,0.8358333333333337,1,anode_hold
4579.0,-2.5,4.184694903819869,4.1978777826145794,0.0131491534963462,-0.0337252983637625,27.80354026954932,0.8359722222222226,1,anode_hold
4580.0,-2.5,4.184422825966831,4.197259421734922,0.0133062088765677,0.4696131084758193,27.803694402787556,0.8361111111111115,1,anode_hold
4581.0,-2.5,4.184716249770806,4.197966560215228,0.0130947892432445,-0.1555212011776774,27.803849743669836,0.8362500000000004,1,anode_hold
4582.0,-2.5,4.184705070335883,4.198114851854596,0.0134361547926722,0.0263732739593791,27.80400550714021,0.8363888888888893,1,anode_hold
4583.0,-2.5,4.184951020391312,4.198399730834865,0.0137678197929979,0.3191093494443464,27.80416127061059,0.836527777777778,1,anode_hold
4584.0,-2.5,4.18449606645152,4.197581559123144,0.0133158259735228,0.2303333018991438,27.80431703408097,0.8366666666666669,1,anode_hold
4585.0,-2.5,4.184992088887412,4.198060512619077,0.0135980757329399,0.5296520012745276,27.804472797551348,0.836805555555556,1,anode_hold
4586.0,-2.5,4.185120478060003,4.19831555168453,0.0138670070477959,0.6719334232689889,27.80462856102173,0.8369444444444447,1,anode_hold
4587.0,-2.5,4.185348772307166,4.197984692770119,0.0136964460443549,1.0605255814022383,27.804784324492108,0.8370833333333336,1,anode_hold
4588.0,-2.5,4.185504795245457,4.198561416605368,0.0128799013375125,-0.1767200223978804,27.80494008796249,0.8372222222222225,1,anode_hold
4589.0,-2.5,4.185022308954723,4.198233117089711,0.0133037664085108,0.0929582735231804,27.805095851432863,0.8373611111111114,1,anode_hold
4590.0,-2.5,4.184826976184144,4.198809134397666,0.0133054830957961,-0.6766751177256225,27.80525301086257,0.8375000000000004,1,anode_hold
4591.0,-2.5,4.185148832317544,4.198583316779071,0.0131493558484063,-0.2851286131209107,27.805410355135574,0.8376388888888893,1,anode_hold
4592.0,-2.5,4.1858235107382615,4.198911769334252,0.013252381708566,0.1641231125750764,27.805567699408584,0.837777777777778,1,anode_hold
4593.0,-2.5,4.185213488114859,4.198844112962944,0.0130738256513595,-0.5567991967261321,27.80572504368159,0.8379166666666671,1,anode_hold
4594.0,-2.5,4.185183548636277,4.198559319904355,0.0126987247300845,-0.6770465379934976,27.8058823879546,0.8380555555555558,1,anode_hold
4595.0,-2.5,4.185288174525496,4.198896408938839,0.0126483893736471,-0.9598450396950398,27.806039732227607,0.8381944444444449,1,anode_hold
4596.0,-2.5,4.185376384933768,4.1990360586487885,0.0125105509357776,-1.1491227792426173,27.806197076500613,0.8383333333333338,1,anode_hold
4597.0,-2.5,4.186067710075162,4.199073090330171,0.0132580278126004,0.2526475575912457,27.80635442077362,0.8384722222222225,1,anode_hold
4598.0,-2.5,4.185706211544387,4.1993283620021735,0.012744977851901,-0.877172605885157,27.80651181064585,0.8386111111111114,1,anode_hold
4599.0,-2.5,4.185831660318787,4.199244897976548,0.0133507448841293,-0.0624927736323499,27.806670953029457,0.8387500000000006,1,anode_hold
4600.0,-2.5,4.186444498247392,4.1994622040976965,0.0128959931888015,-0.1217126615031816,27.806830095413066,0.838888888888889,1,anode_hold
4601.0,-2.5,4.186464936095379,4.19902145035416,0.0131381602272757,0.5816459684941933,27.806989237796664,0.8390277777777781,1,anode_hold
4602.0,-2.5,4.186531162896739,4.199700945129908,0.0136817183441901,0.51193611102196,27.807148380180266,0.8391666666666671,1,anode_hold
4603.0,-2.5,4.186119699361183,4.199513492196162,0.0126303587183201,-0.7634341166582459,27.80730752256387,0.839305555555556,1,anode_hold
4604.0,-2.5,4.185920828416199,4.199308052862254,0.013145454670956,-0.2417697750995984,27.807466664947476,0.8394444444444449,1,anode_hold
4605.0,-2.5,4.186620055555961,4.199521830935226,0.0129257629447391,0.0239875654743926,27.807625807331075,0.8395833333333338,1,anode_hold
4606.0,-2.5,4.187123640107359,4.199275441820207,0.0129577372174525,0.8059355046041716,27.80778494971468,0.8397222222222227,1,anode_hold
4607.0,-2.5,4.186572756851821,4.199419274114163,0.0129347170092794,0.0881997469370787,27.80794409209828,0.8398611111111116,1,anode_hold
4608.0,-2.5,4.186680607821968,4.199956983392659,0.0131515960420009,-0.1247795286900554,27.808103234481884,0.8400000000000005,1,anode_hold
4609.0,-2.5,4.1858702691631,4.200063809471433,0.0129455851432103,-1.2479551651223275,27.80826237686549,0.8401388888888892,1,anode_hold
4610.0,-2.5,4.187447019644011,4.199750388275378,0.0131259253007088,0.8225566693411679,27.80842151924909,0.8402777777777781,1,anode_hold
4611.0,-2.5,4.186950106291885,4.199296469839643,0.0125023345806183,0.1559710328606911,27.808580661632693,0.8404166666666673,1,anode_hold
4612.0,-2.5,4.186570100676253,4.1996564185360725,0.0132292393703077,0.1429215104877812,27.808739804016295,0.8405555555555559,1,anode_hold
4613.0,-2.5,4.187157264331507,4.200233813457061,0.0128257151741669,-0.2508339513864754,27.8088989463999,0.8406944444444449,1,anode_hold
4614.0,-2.5,4.18707892067113,4.200211834888474,0.012473857698306,-0.6590565190380815,27.8090580887835,0.8408333333333338,1,anode_hold
4615.0,-2.5,4.187528536208839,4.200287809027522,0.0128764400597883,0.1171672411048874,27.809217231167107,0.8409722222222227,1,anode_hold
4616.0,-2.5,4.188068548276624,4.19987545036803,0.0131301889988588,1.3232869074526477,27.8093777404917,0.8411111111111116,1,anode_hold
4617.0,-2.5,4.187263109411135,4.200181963494572,0.0129102924958145,-0.0085615876219691,27.809541293235437,0.8412500000000005,1,anode_hold
4618.0,-2.5,4.1876334273043305,4.200438013597958,0.0128491909603136,0.0446046666855437,27.80970484597917,0.8413888888888894,1,anode_hold
4619.0,-2.5,4.1875534144654,4.200556434104147,0.0129168286680425,-0.0861909707046137,27.8098683987229,0.8415277777777783,1,anode_hold
4620.0,-2.5,4.187551615701489,4.200339727582754,0.0130064143068599,0.2183024255950627,27.810031951466637,0.841666666666667,1,anode_hold
4621.0,-2.5,4.187971076257536,4.200468653475666,0.0125182451611619,0.0206679430316825,27.81019550421037,0.8418055555555559,1,anode_hold
4622.0,-2.5,4.188379346014516,4.20069846432822,0.0128808774493856,0.5617591356825713,27.8103590569541,0.841944444444445,1,anode_hold
4623.0,-2.5,4.188129191908453,4.200433132107506,0.0124761535954081,0.1722133963548699,27.81052260969783,0.842083333333334,1,anode_hold
4624.0,-2.5,4.187951289840373,4.20042426031837,0.0130024264431554,0.5294559651582986,27.810686162441563,0.8422222222222226,1,anode_hold
4625.0,-2.5,4.188316903439544,4.200981043071981,0.0124253194967448,-0.2388201356922081,27.81084971518529,0.8423611111111116,1,anode_hold
4626.0,-2.5,4.188314461306383,4.200871999591722,0.013033945026704,0.4764067413649542,27.811013267929027,0.8425000000000005,1,anode_hold
4627.0,-2.5,4.188570095616545,4.200527657410513,0.0125459802439412,0.5884184499738154,27.811176820672763,0.8426388888888894,1,anode_hold
4628.0,-2.5,4.188242161859058,4.201329308911216,0.0124867993982416,-0.6003476539158115,27.811340373416492,0.8427777777777783,1,anode_hold
4629.0,-2.5,4.188531075564618,4.201499892709434,0.0123406588455894,-0.6281582992260226,27.811503926160228,0.8429166666666672,1,anode_hold
4630.0,-2.5,4.189066039784745,4.20126539146274,0.0120447223754409,-0.1546293025542766,27.81166747890396,0.8430555555555559,1,anode_hold
4631.0,-2.5,4.188659623770365,4.201090773510301,0.0121515527201682,-0.2795970197677633,27.81183103164769,0.843194444444445,1,anode_hold
4632.0,-2.5,4.189029118986232,4.201266987223041,0.0129041813590962,0.6663131222879315,27.811994584391424,0.8433333333333337,1,anode_hold
4633.0,-2.5,4.188814961002677,4.201422494437138,0.0122430313050869,-0.3645021293738892,27.81215813713516,0.8434722222222226,1,anode_hold
4634.0,-2.5,4.18891919881793,4.201201603772255,0.0125157289808094,0.2333240264853486,27.81232317838708,0.8436111111111115,1,anode_hold
4635.0,-2.5,4.188753650165053,4.201519855808674,0.0123075633091104,-0.4586423345109836,27.81248923485456,0.8437500000000004,1,anode_hold
4636.0,-2.5,4.1899097610811245,4.201213395110197,0.0120766439649406,0.7730099358678189,27.812655291322034,0.8438888888888894,1,anode_hold
4637.0,-2.5,4.1894926630329845,4.201495062257621,0.011829345915122,-0.1730533095143371,27.812821347789512,0.8440277777777783,1,anode_hold
4638.0,-2.5,4.189565874289608,4.20117741798075,0.0124144215824823,0.802877891340259,27.812987404256987,0.844166666666667,1,anode_hold
4639.0,-2.5,4.189637409046217,4.201472840409844,0.0125105389800821,0.6751076164546177,27.813153460724465,0.8443055555555561,1,anode_hold
4640.0,-2.5,4.189062544925555,4.201589455952982,0.0119897338161205,-0.5371772113065276,27.813319517191943,0.844444444444445,1,anode_hold
4641.0,-2.5,4.189219420939952,4.201132821144835,0.0117343563443859,-0.1790438604976074,27.81348557365942,0.8445833333333337,1,anode_hold
4642.0,-2.5,4.18947096113791,4.201830944443957,0.0129998837476446,0.6399004415973408,27.81365163012689,0.8447222222222226,1,anode_hold
4643.0,-2.5,4.189099399479852,4.201969658375741,0.0120869888495299,-0.7832700463579201,27.813817686594373,0.8448611111111115,1,anode_hold
4644.0,-2.5,4.189411121936198,4.20214360956001,0.0119299344708636,-0.8025531529485264,27.81398374306185,0.8450000000000006,1,anode_hold
4645.0,-2.5,4.190009588439272,4.202159998444799,0.0120809831170274,-0.069426888498647,27.81414979952933,0.8451388888888893,1,anode_hold
4646.0,-2.5,4.189198514250927,4.202061276051341,0.0122718746253252,-0.5908871750897049,27.814315855996803,0.8452777777777782,1,anode_hold
4647.0,-2.5,4.189647341895088,4.201753425249663,0.0124443275857927,0.3382442312176437,27.81448191246428,0.8454166666666671,1,anode_hold
4648.0,-2.5,4.189961860945113,4.20253333259427,0.0127744229601785,0.2029513110208824,27.81464994280769,0.8455555555555561,1,anode_hold
4649.0,-2.5,4.190038350080764,4.202144293106905,0.012247363498063,0.1414204719223377,27.81481880206761,0.8456944444444447,1,anode_hold
4650.0,-2.5,4.190131124209023,4.2017354609612285,0.0118490624430565,0.2447256908508777,27.814987661327528,0.8458333333333339,1,anode_hold
4651.0,-2.5,4.189986319724689,4.202055699604808,0.0121918338656305,0.1224539855106954,27.815156520587447,0.8459722222222226,1,anode_hold
4652.0,-2.5,4.19056287010883,4.202331344987404,0.0124957431924134,0.7272683138399572,27.81532537984737,0.8461111111111117,1,anode_hold
4653.0,-2.5,4.189655079432018,4.202550446478092,0.0119397067520621,-0.9556602940117288,27.815494239107284,0.8462500000000004,1,anode_hold
4654.0,-2.5,4.190563747089196,4.202538119384003,0.0123425523342404,0.3681800394339518,27.815663098367203,0.8463888888888893,1,anode_hold
4655.0,-2.5,4.190059106222152,4.202978475951412,0.0116639362847605,-1.255433444500298,27.81583195762712,0.8465277777777784,1,anode_hold
4656.0,-2.5,4.1903697867997005,4.202161095896947,0.0121950117985899,0.4037027013437111,27.81600081688704,0.8466666666666671,1,anode_hold
4657.0,-2.5,4.190640090464254,4.202602929527991,0.0121625151074352,0.1996760436977496,27.81616967614696,0.846805555555556,1,anode_hold
4658.0,-2.5,4.191219623535086,4.202311991165482,0.0124494519618917,1.3570843314960612,27.816338535406874,0.8469444444444449,1,anode_hold
4659.0,-2.5,4.190537532721307,4.202446948162295,0.0118431875219754,-0.0662279190120074,27.816507394666797,0.8470833333333336,1,anode_hold
4660.0,-2.5,4.1904509301269055,4.203142795849477,0.0120434913937867,-0.6483743287848398,27.816676253926712,0.8472222222222228,1,anode_hold
4661.0,-2.5,4.191252893798084,4.202906150512002,0.0124856885155769,0.8324318016592613,27.81684511318663,0.8473611111111117,1,anode_hold
4662.0,-2.5,4.19100503120203,4.2034980736522005,0.0122688356338956,-0.2242068162745525,27.81701589714979,0.8475000000000004,1,anode_hold
4663.0,-2.5,4.191102900350528,4.203381049566248,0.0117991027404244,-0.4790464752959522,27.817187120942148,0.8476388888888895,1,anode_hold
4664.0,-2.5,4.191336559117546,4.203330402836542,0.011711947237326,-0.2818964816704294,27.817358344734505,0.8477777777777782,1,anode_hold
4665.0,-2.5,4.191538283143321,4.203331367414641,0.0118222149055424,0.0291306342221631,27.817529568526854,0.8479166666666671,1,anode_hold
4666.0,-2.5,4.191353861841448,4.202937377519049,0.0118162803600943,0.2327646824937801,27.81770079231921,0.848055555555556,1,anode_hold
4667.0,-2.5,4.1907409024963655,4.203050330118551,0.0116966711024015,-0.6127565197839857,27.81787201611157,0.8481944444444449,1,anode_hold
4668.0,-2.5,4.1913819626736455,4.2031943416082855,0.0121369303400484,0.3245514054084353,27.81804323990393,0.8483333333333338,1,anode_hold
4669.0,-2.5,4.191519107227191,4.203131100701967,0.0118800312663599,0.2680377915842413,27.81821446369629,0.8484722222222227,1,anode_hold
4670.0,-2.5,4.191233744379091,4.203346952850567,0.0123552805206808,0.2420720492049,27.818385687488643,0.8486111111111114,1,anode_hold
4671.0,-2.5,4.191342969573002,4.203976386098983,0.0116062698823021,-1.0271466436790888,27.818556911281,0.8487500000000006,1,anode_hold
4672.0,-2.5,4.191911169161407,4.203603066937947,0.012087821699088,0.3959239225475031,27.81872813507336,0.8488888888888895,1,anode_hold
4673.0,-2.5,4.1918621045967885,4.203451413837257,0.0119787813740757,0.3894721336070716,27.818899358865718,0.8490277777777782,1,anode_hold
4674.0,-2.5,4.191585344959943,4.203453188128436,0.0118475789504309,-0.0202642180617829,27.81907058265807,0.8491666666666671,1,anode_hold
4675.0,-2.5,4.192095530890405,4.203696450563401,0.0117175523654732,0.1166326924773031,27.819241806450425,0.849305555555556,1,anode_hold
4676.0,-2.5,4.192028841714857,4.20410593808602,0.0121198769325271,0.0427805613636422,27.8194144504355,0.8494444444444449,1,anode_hold
4677.0,-2.5,4.191661422077934,4.203792050660886,0.011261630852051,-0.8689977309010999,27.81958721169132,0.8495833333333338,1,anode_hold
4678.0,-2.5,4.192028734872494,4.2036942644434445,0.0113024283465594,-0.3631012243907605,27.819759972947143,0.8497222222222227,1,anode_hold
4679.0,-2.5,4.19177770706095,4.204286277021782,0.0117878609000777,-0.7207090607543876,27.819932734202965,0.8498611111111116,1,anode_hold
4680.0,-2.5,4.19197430807629,4.20380435132898,0.0126124064274507,0.7823631747605475,27.820105495458787,0.8500000000000005,1,anode_hold
4681.0,-2.5,4.192385915344743,4.2036763548466745,0.01200825626733,0.7178167653982825,27.82027825671461,0.8501388888888892,1,anode_hold
4682.0,-2.5,4.191988714639451,4.203822892339661,0.0113502808326727,-0.483896867537581,27.820451017970427,0.8502777777777781,1,anode_hold
4683.0,-2.5,4.192043509732788,4.203901213144526,0.0121999894065085,0.342285994770819,27.82062377922625,0.850416666666667,1,anode_hold
4684.0,-2.5,4.192592941101664,4.203839350453388,0.0118472721652487,0.6008628135241167,27.82079654048207,0.8505555555555562,1,anode_hold
4685.0,-2.5,4.192237953606123,4.204205718724632,0.0113672846141388,-0.6004805043700046,27.820969301737893,0.8506944444444449,1,anode_hold
4686.0,-2.5,4.1925203352408165,4.204697378627865,0.0111450010531789,-1.032042333870109,27.821142062993715,0.8508333333333338,1,anode_hold
4687.0,-2.5,4.192588113253669,4.204202827227737,0.0116046441217707,-0.0100698522977893,27.821314824249537,0.8509722222222227,1,anode_hold
4688.0,-2.5,4.192676685165374,4.203791300620422,0.0114745964693092,0.3599810142613791,27.82148758550536,0.8511111111111116,1,anode_hold
4689.0,-2.5,4.192901250611546,4.204476394588315,0.0118235477176306,0.248403740862102,27.82166042025722,0.8512500000000005,1,anode_hold
4690.0,-2.5,4.192719845284637,4.204591361530135,0.0112220581280053,-0.6494581174916192,27.82183537803915,0.8513888888888894,1,anode_hold
4691.0,-2.5,4.192680178834752,4.204222838016801,0.0116981525413612,0.1554933593110874,27.82201033582108,0.8515277777777783,1,anode_hold
4692.0,-2.5,4.192837520800518,4.20423186500589,0.0118469370814004,0.4525928760283904,27.822185293603013,0.8516666666666672,1,anode_hold
4693.0,-2.5,4.193389666947469,4.204774511778225,0.0113378895430722,-0.0469552876838363,27.822360251384943,0.8518055555555559,1,anode_hold
4694.0,-2.5,4.193383099781764,4.205224331137272,0.0111635833680765,-0.6776479874313068,27.822535209166876,0.8519444444444448,1,anode_hold
4695.0,-2.5,4.193150121871921,4.204497879011152,0.0118577129752449,0.5099558360139866,27.8227101669488,0.8520833333333337,1,anode_hold
4696.0,-2.5,4.193599502561475,4.205290755921441,0.0112475834008076,-0.4436699591581217,27.822885124730732,0.8522222222222227,1,anode_hold
4697.0,-2.5,4.193506222911102,4.205217902320292,0.0116900770026582,-0.0216024065311515,27.823060082512665,0.8523611111111116,1,anode_hold
4698.0,-2.5,4.193033519755954,4.204909575660999,0.012034511343568,0.1584554385232195,27.823235040294595,0.8525000000000005,1,anode_hold
4699.0,-2.5,4.193874007093015,4.204722050978953,0.0114698678744833,0.6218239885456001,27.823409998076528,0.8526388888888894,1,anode_hold
4700.0,-2.5,4.1943247797781416,4.204321474270831,0.0116558214418355,1.6591269491463834,27.823584955858458,0.8527777777777783,1,anode_hold
4701.0,-2.5,4.193655009085248,4.205004623317201,0.0115413469869496,0.1917327549962877,27.823759913640387,0.8529166666666672,1,anode_hold
4702.0,-2.5,4.193121898873852,4.204677382215886,0.0114108782283378,-0.1446051136957393,27.82393487142232,0.8530555555555559,1,anode_hold
4703.0,-2.5,4.194123368463859,4.205388003943471,0.0116477245910758,0.3830891114642298,27.8241102704708,0.8531944444444448,1,anode_hold
4704.0,-2.5,4.193917941391328,4.204957413879525,0.0119048960511103,0.8654235629137474,27.82428830981508,0.8533333333333337,1,anode_hold
4705.0,-2.5,4.193764911679619,4.205429550808026,0.0114528210624402,-0.2118180659671509,27.82446634915937,0.8534722222222226,1,anode_hold
4706.0,-2.5,4.19324814345519,4.204967685146112,0.0116025893354144,-0.1169523555084595,27.824644388503657,0.8536111111111115,1,anode_hold
4707.0,-2.5,4.1938908899193175,4.20539472693171,0.0112240838308115,-0.2797531815801335,27.824822427847945,0.8537500000000005,1,anode_hold
4708.0,-2.5,4.193894268122647,4.205124547157904,0.0113144197558295,0.084140720573167,27.825000467192236,0.8538888888888894,1,anode_hold
4709.0,-2.5,4.193952042756434,4.205550443832394,0.0114417838637892,-0.1566172121698628,27.82517850653652,0.854027777777778,1,anode_hold
4710.0,-2.5,4.1939828213987855,4.204963723589358,0.0113186862381823,0.337784047609091,27.82535654588081,0.854166666666667,1,anode_hold
4711.0,-2.5,4.194461244324989,4.205197266084343,0.0113054663589686,0.5694445996144992,27.825534585225096,0.8543055555555559,1,anode_hold
4712.0,-2.5,4.194107931115978,4.205190157484231,0.0109603899452219,-0.1218364230313184,27.82571262456938,0.8544444444444448,1,anode_hold
4713.0,-2.5,4.194426845354602,4.205445034055625,0.0113800755550729,0.3618868540504749,27.82589066391367,0.8545833333333337,1,anode_hold
4714.0,-2.5,4.193786284572351,4.206198724082804,0.0113404334260976,-1.07200608435587,27.82606870325796,0.8547222222222226,1,anode_hold
4715.0,-2.5,4.194123428080789,4.20564990945128,0.0115602880097415,0.0338066392506775,27.82624738283524,0.8548611111111115,1,anode_hold
4716.0,-2.5,4.1944767922428845,4.205505097549482,0.0109609355928731,-0.0673697137241191,27.82642734124173,0.8550000000000002,1,anode_hold
4717.0,-2.5,4.194269142922757,4.205398446570489,0.0109701878011246,-0.1591158466069941,27.826607299648217,0.8551388888888891,1,anode_hold
4718.0,-2.5,4.194607087049411,4.206402776925117,0.0112607633880814,-0.534926487624432,27.8267872580547,0.855277777777778,1,anode_hold
4719.0,-2.5,4.194639017659874,4.206379426004869,0.0111174924553493,-0.6229158896458031,27.82696721646119,0.8554166666666669,1,anode_hold
4720.0,-2.5,4.1947691892931935,4.205784910887316,0.0111206143742728,0.1048927801505783,27.82714717486768,0.8555555555555558,1,anode_hold
4721.0,-2.5,4.194671389150763,4.205477135482499,0.0110965668444797,0.2908205127436503,27.827327133274164,0.8556944444444448,1,anode_hold
4722.0,-2.5,4.195020921239896,4.205282507219804,0.0107473993117279,0.4858133318208502,27.82750709168065,0.8558333333333337,1,anode_hold
4723.0,-2.5,4.194477833638832,4.206210192499656,0.0110006886283571,-0.7316702324668967,27.82768705008714,0.8559722222222226,1,anode_hold
4724.0,-2.5,4.194825443429415,4.206374818922822,0.0107608437206517,-0.7885317727556185,27.827867008493623,0.8561111111111115,1,anode_hold
4725.0,-2.5,4.195462759056723,4.205725076261216,0.011102971818625,0.8406546141319637,27.82804696690011,0.8562500000000002,1,anode_hold
4726.0,-2.5,4.194936854522118,4.2060341055388,0.0107605372976385,-0.3367137190428693,27.8282269253066,0.8563888888888893,1,anode_hold
4727.0,-2.5,4.195582285131732,4.206201866258202,0.0112260282820828,0.6064471556124218,27.82840811456232,0.856527777777778,1,anode_hold
4728.0,-2.5,4.195284984646739,4.2063213110786775,0.0106659915247169,-0.3703349072212702,27.82859042174043,0.8566666666666671,1,anode_hold
4729.0,-2.5,4.1951672380021465,4.205850070191453,0.0112069396399457,0.524107450639022,27.82877272891854,0.856805555555556,1,anode_hold
4730.0,-2.5,4.195324990588783,4.206044391734896,0.0108645541309745,0.1451529848619515,27.82895503609665,0.8569444444444447,1,anode_hold
4731.0,-2.5,4.195837621118304,4.206047952881786,0.0109422391741012,0.73190741061957,27.82913734327477,0.8570833333333336,1,anode_hold
4732.0,-2.5,4.195321383629144,4.2058682928743405,0.0106222460629652,0.0753368177690561,27.82931965045288,0.8572222222222228,1,anode_hold
4733.0,-2.5,4.195140492498796,4.206450797428808,0.0107221362136082,-0.5881687164039917,27.82950195763099,0.8573611111111112,1,anode_hold
4734.0,-2.5,4.195684525833863,4.206194763568391,0.0101966491604714,-0.3135885740563893,27.8296842648091,0.8575000000000004,1,anode_hold
4735.0,-2.5,4.195809073640514,4.20686211947,0.0109081138958206,-0.1449319336659371,27.82986657198721,0.8576388888888893,1,anode_hold
4736.0,-2.5,4.195909260523751,4.206585369245832,0.0110402273265138,0.3641186044331945,27.830048879165325,0.8577777777777782,1,anode_hold
4737.0,-2.5,4.195252585283842,4.206377533292993,0.0107173536357912,-0.4075943733594656,27.83023118634344,0.8579166666666671,1,anode_hold
4738.0,-2.5,4.19588965072579,4.206496895858737,0.0102142554588507,-0.392989674096178,27.830413493521547,0.858055555555556,1,anode_hold
4739.0,-2.5,4.19584930845746,4.206450077708552,0.0105437044845301,-0.0570647665618651,27.830597773481752,0.8581944444444449,1,anode_hold
4740.0,-2.5,4.195813474982777,4.207414091864078,0.0111352514219775,-0.465365459323408,27.830782841875376,0.8583333333333338,1,anode_hold
4741.0,-2.5,4.195804845615171,4.206598014716003,0.0109624249833573,0.1692558825245882,27.830967910269,0.8584722222222227,1,anode_hold
4742.0,-2.5,4.196146691299151,4.206440913717068,0.0106111702731907,0.3169478552740301,27.831152978662622,0.8586111111111117,1,anode_hold
4743.0,-2.5,4.196044642966548,4.2066444199287805,0.0102278526007553,-0.3719243614765943,27.83133804705625,0.8587500000000003,1,anode_hold
4744.0,-2.5,4.196110119061172,4.206626663427223,0.0110487290869017,0.5321847208499264,27.83152311544988,0.8588888888888895,1,anode_hold
4745.0,-2.5,4.196784065342502,4.206576568065779,0.0108687207280513,1.0762180047736436,27.8317081838435,0.8590277777777782,1,anode_hold
4746.0,-2.5,4.196259394386672,4.207061135916498,0.01024632819458,-0.5554133352454471,27.831893252237123,0.8591666666666671,1,anode_hold
4747.0,-2.5,4.1959530771851,4.207002768879759,0.0106794948062392,-0.3701968884195494,27.83207832063075,0.859305555555556,1,anode_hold
4748.0,-2.5,4.196083343243262,4.207014401977327,0.0107524151775215,-0.1786435565431787,27.832263389024373,0.8594444444444449,1,anode_hold
4749.0,-2.5,4.196190260781665,4.207281077802704,0.010872903035083,-0.2179139859554979,27.832448457418,0.8595833333333338,1,anode_hold
4750.0,-2.5,4.195993462698967,4.207348453730626,0.0105168280640391,-0.8381629676197377,27.832633525811623,0.8597222222222227,1,anode_hold
4751.0,-2.5,4.196858762892073,4.206951657127683,0.0105304157370052,0.4375215013947553,27.832820569788428,0.8598611111111116,1,anode_hold
4752.0,-2.5,4.197145022800122,4.207462875060923,0.0110170819139145,0.6992296531134201,27.833007821428215,0.8600000000000005,1,anode_hold
4753.0,-2.5,4.196450610994251,4.2072761974576,0.0107927615160497,-0.0328249472989483,27.83319507306801,0.8601388888888895,1,anode_hold
4754.0,-2.5,4.196966676146369,4.207162293187691,0.0100490481209056,-0.1465689204165343,27.8333823247078,0.8602777777777781,1,anode_hold
4755.0,-2.5,4.196522216160919,4.207361940827245,0.0104108694632705,-0.428855203055356,27.83356957634759,0.8604166666666673,1,anode_hold
4756.0,-2.5,4.196595567875452,4.207284277176674,0.0106489199618702,-0.0397893393522252,27.833756827987383,0.8605555555555562,1,anode_hold
4757.0,-2.5,4.196329280494006,4.2069513988661225,0.0103115910449578,-0.3105273271586384,27.833944079627173,0.8606944444444449,1,anode_hold
4758.0,-2.5,4.196891468355844,4.207291626814992,0.010169059418959,-0.2310990401888091,27.834131331266963,0.8608333333333338,1,anode_hold
4759.0,-2.5,4.197333612190138,4.206875016613012,0.0102707022383859,0.729297815512453,27.834318582906757,0.8609722222222227,1,anode_hold
4760.0,-2.5,4.197396611591748,4.207587564451602,0.0102712188607894,0.0802660009355804,27.834505834546544,0.8611111111111116,1,anode_hold
4761.0,-2.5,4.1972297931597815,4.2071296342576,0.0103155828957603,0.4157417979424593,27.83469308618633,0.8612500000000005,1,anode_hold
4762.0,-2.5,4.197043974333671,4.207539774493407,0.0101951656923476,-0.30063446738815,27.83488056235648,0.8613888888888894,1,anode_hold
4763.0,-2.5,4.197533922663219,4.207591692360224,0.0097661545224287,-0.2916151745768758,27.83507016990249,0.8615277777777783,1,anode_hold
4764.0,-2.5,4.197742274521086,4.207290139538287,0.0107828491587799,1.234984141578188,27.835259777448503,0.8616666666666672,1,anode_hold
4765.0,-2.5,4.197036805690273,4.207929901862754,0.010351338251426,-0.5417579210549306,27.83544938499452,0.8618055555555559,1,anode_hold
4766.0,-2.5,4.197394758385708,4.207490543675955,0.0103980524144995,0.302267124252964,27.83563899254053,0.8619444444444451,1,anode_hold
4767.0,-2.5,4.197346606076598,4.207757023687625,0.0102037109736929,-0.2067066373339088,27.83582860008655,0.8620833333333338,1,anode_hold
4768.0,-2.5,4.197216298608351,4.207490297130969,0.0096841031386482,-0.5898953839702514,27.836018207632563,0.8622222222222227,1,anode_hold
4769.0,-2.5,4.197103802438327,4.208031459999267,0.010237828031847,-0.6898295290937995,27.83620781517858,0.8623611111111116,1,anode_hold
4770.0,-2.5,4.197254456162117,4.208273742076303,0.0102620870469948,-0.7571988671912777,27.836397422724595,0.8625000000000005,1,anode_hold
4771.0,-2.5,4.197585273391605,4.207987299895206,0.0103892579828403,-0.0127685207607086,27.836587030270607,0.8626388888888894,1,anode_hold
4772.0,-2.5,4.197676175383033,4.208052495547019,0.0106509389379848,0.2746187739992578,27.836776637816623,0.8627777777777783,1,anode_hold
4773.0,-2.5,4.197687607994216,4.207707448334561,0.010207109113194,0.1872687728496913,27.836967330010477,0.8629166666666672,1,anode_hold
4774.0,-2.5,4.198074601489001,4.208051446514374,0.0107868230047087,0.8099779793351303,27.837159261710426,0.8630555555555561,1,anode_hold
4775.0,-2.5,4.197527523875473,4.207887827153962,0.0100356454877139,-0.3246577907747294,27.83735119341037,0.863194444444445,1,anode_hold
4776.0,-2.5,4.197400848144529,4.208470662557925,0.0103962289565412,-0.6735854568553634,27.83754312511032,0.8633333333333337,1,anode_hold
4777.0,-2.5,4.19746918530137,4.207873219520295,0.0095391144981726,-0.8649197207519776,27.837735056810278,0.8634722222222229,1,anode_hold
4778.0,-2.5,4.197986593984466,4.208273298553913,0.0107395268921225,0.4528223226758499,27.837926988510223,0.8636111111111116,1,anode_hold
4779.0,-2.5,4.197750532129658,4.208202986878786,0.010231608100496,-0.2208466486317561,27.83811892021017,0.8637500000000005,1,anode_hold
4780.0,-2.5,4.197461911007098,4.208608966107948,0.0099594966855749,-1.187558415275625,27.838310851910123,0.8638888888888894,1,anode_hold
4781.0,-2.5,4.198278842715256,4.2084091271208015,0.010122074854118,-0.0082095514271074,27.83850278361007,0.8640277777777783,1,anode_hold
4782.0,-2.5,4.198465846885739,4.207661336276056,0.0101728242750424,0.9773348847259556,27.83869471531002,0.864166666666667,1,anode_hold
4783.0,-2.5,4.19814445433601,4.208682409542171,0.0109051450467607,0.3671898405990248,27.83888664700997,0.8643055555555561,1,anode_hold
4784.0,-2.5,4.198329357726284,4.208026387071025,0.0102203197045557,0.5232903598137995,27.839080663015267,0.864444444444445,1,anode_hold
4785.0,-2.5,4.197763719445654,4.208592774018802,0.010041570251418,-0.7874843217301475,27.83927508176093,0.8645833333333339,1,anode_hold
4786.0,-2.5,4.197804960618165,4.207875897297675,0.0105309762575977,0.460039578087823,27.839469500506603,0.8647222222222226,1,anode_hold
4787.0,-2.5,4.1983243562276815,4.208425502258517,0.010040268901783,-0.0608771290524501,27.83966391925227,0.8648611111111115,1,anode_hold
4788.0,-2.5,4.198384924823189,4.208624416661825,0.0100491276977615,-0.1903641408755874,27.83985833799794,0.8650000000000007,1,anode_hold
4789.0,-2.5,4.198310630421662,4.2077324856513965,0.01037835413678,0.956498907044967,27.840052756743606,0.8651388888888893,1,anode_hold
4790.0,-2.5,4.198328175488431,4.208063116161198,0.0100207446421028,0.2858039693354186,27.840247175489274,0.8652777777777783,1,anode_hold
4791.0,-2.5,4.198272749044039,4.209250647938954,0.0101056414883941,-0.872257406521193,27.840441594234942,0.8654166666666672,1,anode_hold
4792.0,-2.5,4.19894056283777,4.208510766260231,0.01026954994262,0.6993465201592386,27.84063601298061,0.8655555555555561,1,anode_hold
4793.0,-2.5,4.198297189855635,4.209184412361135,0.0098415749384737,-1.0456475670261869,27.84083043172628,0.865694444444445,1,anode_hold
4794.0,-2.5,4.198561319975031,4.208721545939884,0.0102592343068023,0.0990083419489806,27.841025403735124,0.8658333333333339,1,anode_hold
4795.0,-2.5,4.198962748658984,4.208513846784373,0.0101567073409346,0.6056092155457549,27.84122246405528,0.8659722222222228,1,anode_hold
4796.0,-2.5,4.198394656439254,4.208597870087837,0.009918599043669,-0.2846146049142461,27.84141952437544,0.8661111111111117,1,anode_hold
4797.0,-2.5,4.19879370663088,4.208661777256315,0.0099461170629721,0.0780464375376155,27.84161658469559,0.8662500000000004,1,anode_hold
4798.0,-2.5,4.198765815341279,4.208759296901827,0.0100098439638419,0.0163624032936127,27.841813645015744,0.8663888888888893,1,anode_hold
4799.0,-2.5,4.199035200150054,4.209008309379632,0.0096583136370536,-0.3147955925237866,27.8420107053359,0.8665277777777785,1,anode_hold
4800.0,-2.5,4.198166020064416,4.208869656584099,0.0097855430908065,-0.9180934288766096,27.842207765656056,0.8666666666666671,1,anode_hold
4801.0,-2.5,4.198860327229446,4.209295510828337,0.0100624848264236,-0.3726987724670394,27.84240482597621,0.866805555555556,1,anode_hold
4802.0,-2.5,4.198763368467856,4.208938274038406,0.010155572670367,-0.0193329001829667,27.842601886296364,0.866944444444445,1,anode_hold
4803.0,-2.5,4.199376135751878,4.208720490806001,0.0096652339045089,0.3208788503865634,27.84279894661652,0.8670833333333339,1,anode_hold
4804.0,-2.5,4.199081726288826,4.209149897246358,0.0100509383382033,-0.0172326193288441,27.842996006936676,0.8672222222222228,1,anode_hold
4805.0,-2.5,4.198981748653451,4.208941491628629,0.009837091592226,-0.1226513829513109,27.843194575832893,0.8673611111111117,1,anode_hold
4806.0,-2.5,4.19947038986086,4.209392550771583,0.0096250011714158,-0.2971597393077729,27.84339423345541,0.8675000000000006,1,anode_hold
4807.0,-2.5,4.199450448993692,4.209178745997904,0.00995430263673,0.226005632518067,27.84359389107793,0.8676388888888895,1,anode_hold
4808.0,-2.5,4.199617452081132,4.208973119556805,0.009580718955541,0.2250514798678438,27.84379354870045,0.8677777777777782,1,anode_hold
4809.0,-2.5,4.199691423097945,4.209301077275324,0.0104751645394411,0.8655103620620608,27.843993206322967,0.8679166666666671,1,anode_hold
4810.0,-2.5,4.199651188218274,4.208999599601663,0.009718074894099,0.3696635107104384,27.844192863945487,0.868055555555556,1,anode_hold
4811.0,-2.5,4.199302548370048,4.209234116075974,0.0097990160056274,-0.1325517002994658,27.844392521568007,0.8681944444444449,1,anode_hold
4812.0,-2.5,4.199617655978543,4.208932200978466,0.0093528339456089,0.0382889456860269,27.844592179190528,0.8683333333333338,1,anode_hold
4813.0,-2.5,4.199671087980967,4.209969600291378,0.0096211233001804,-0.6773890102298452,27.844791836813044,0.8684722222222228,1,anode_hold
4814.0,-2.5,4.199744417137638,4.209254090412013,0.0097702935617414,0.2606202873671748,27.844991494435565,0.8686111111111117,1,anode_hold
4815.0,-2.5,4.199791460926849,4.209052856414414,0.0101783912186771,0.9169957311119248,27.845191152058085,0.8687500000000004,1,anode_hold
4816.0,-2.5,4.199779449866051,4.2087292130131,0.0095636876334913,0.6139244864415971,27.84539324670656,0.8688888888888895,1,anode_hold
4817.0,-2.5,4.199688107929534,4.209868920338995,0.0100136298974308,-0.167182512030628,27.84559546368207,0.8690277777777784,1,anode_hold
4818.0,-2.5,4.199854189353852,4.20995464063901,0.0091190940261805,-0.9813572589774112,27.84579768065758,0.8691666666666671,1,anode_hold
4819.0,-2.5,4.199643336129003,4.209597528761278,0.0094887547351719,-0.4654378971027384,27.84599989763309,0.869305555555556,1,anode_hold
4820.0,-2.5,4.1997304689581805,4.209308618511578,0.0096589457252258,0.0807961718285454,27.8462021146086,0.8694444444444449,1,anode_hold
4821.0,-2.5,4.200278967699308,4.209628497133425,0.0095218441067797,0.1723146726630986,27.84640433158411,0.8695833333333338,1,anode_hold
4822.0,-2.5,4.200028052850371,4.209431198570316,0.0094414729042929,0.0383271843480415,27.84660654855962,0.8697222222222227,1,anode_hold
4823.0,-2.5,4.200213621278541,4.2093717551858045,0.0096582387386952,0.5001048314321466,27.846808765535133,0.8698611111111116,1,anode_hold
4824.0,-2.5,4.200086452214819,4.209817702805822,0.0088473382156613,-0.8839123753414668,27.847010982510643,0.8700000000000006,1,anode_hold
4825.0,-2.5,4.199820299645704,4.209907760342935,0.0091219467747699,-0.9655139224609144,27.847213199486152,0.8701388888888895,1,anode_hold
4826.0,-2.5,4.2002553047074205,4.209486787090494,0.0099814108217868,0.7499284387133542,27.84741623370148,0.8702777777777781,1,anode_hold
4827.0,-2.5,4.200933031262316,4.210066829444787,0.0098003556245029,0.6665574420319231,27.847620976267585,0.8704166666666673,1,anode_hold
4828.0,-2.5,4.200490250857806,4.209651746379122,0.0094916453635401,0.3301498422239035,27.847825718833693,0.870555555555556,1,anode_hold
4829.0,-2.5,4.200389737939944,4.208908349986789,0.0087580057490091,0.2393937021647474,27.8480304613998,0.8706944444444449,1,anode_hold
4830.0,-2.5,4.2008750899735805,4.209461603606296,0.0094334713955942,0.8469577628789082,27.848235203965903,0.8708333333333338,1,anode_hold
4831.0,-2.5,4.20059481346678,4.210101515392581,0.0086911697455167,-0.8155321802840731,27.84843994653201,0.8709722222222227,1,anode_hold
4832.0,-2.5,4.200629030095064,4.209985335377621,0.0093347158582004,-0.0215894243575931,27.84864468909812,0.8711111111111116,1,anode_hold
4833.0,-2.5,4.200416760221751,4.210237448458846,0.0091047985354143,-0.7158897016807941,27.848849431664227,0.8712500000000005,1,anode_hold
4834.0,-2.5,4.200443811644852,4.2101573287491645,0.0087629718392903,-0.9505452650220292,27.849054174230336,0.8713888888888894,1,anode_hold
4835.0,-2.5,4.201156370143737,4.210447548074948,0.0095158967363673,0.2247188051569537,27.84925891679644,0.8715277777777781,1,anode_hold
4836.0,-2.5,4.201145806748915,4.209758853343221,0.0090778932051151,0.4648466108090332,27.84946365936255,0.871666666666667,1,anode_hold
4837.0,-2.5,4.2011881556040045,4.2103560460462806,0.0090873570174653,-0.0805334248106248,27.849670216074284,0.8718055555555559,1,anode_hold
4838.0,-2.5,4.201456440270141,4.210736412788298,0.0089103298570431,-0.3696426611137227,27.849877569059448,0.8719444444444449,1,anode_hold
4839.0,-2.5,4.20118306573137,4.210042374266849,0.0085351520872907,-0.3241564481886172,27.85008492204461,0.8720833333333338,1,anode_hold
4840.0,-2.5,4.201398543935474,4.209816367943351,0.0085309636838404,0.1131396759630476,27.850292275029776,0.8722222222222227,1,anode_hold
4841.0,-2.5,4.201204486926202,4.210201210128475,0.008839338553265,-0.157384649007497,27.85049962801494,0.8723611111111116,1,anode_hold
4842.0,-2.5,4.201278439028798,4.210403116173009,0.0089282944251255,-0.1963827190865075,27.850706981000105,0.8725000000000005,1,anode_hold
4843.0,-2.5,4.201384199276275,4.210501569357116,0.0090663752091753,-0.0509948716658215,27.85091433398527,0.8726388888888892,1,anode_hold
4844.0,-2.5,4.2019710893492,4.210497816346237,0.0089452303671844,0.4185033701471496,27.851121686970437,0.8727777777777783,1,anode_hold
4845.0,-2.5,4.201964943643816,4.211287765015324,0.0085735035664966,-0.749317805011529,27.8513290399556,0.8729166666666672,1,anode_hold
4846.0,-2.5,4.201522778582759,4.210138896578503,0.0080752914606602,-0.5408265350839159,27.85153639294076,0.8730555555555559,1,anode_hold
4847.0,-2.5,4.2018004994231,4.210204292927524,0.0086128967573827,0.2091032529580871,27.851743921098752,0.8731944444444448,1,anode_hold
4848.0,-2.5,4.201992427522764,4.210677369376064,0.0083741408522363,-0.310801001064398,27.851953914491705,0.8733333333333337,1,anode_hold
4849.0,-2.5,4.201774870787384,4.210331099706249,0.0083400557096518,-0.2161732092131885,27.85216390788465,0.8734722222222229,1,anode_hold
4850.0,-2.5,4.202279456022859,4.210391416859689,0.008626900006902,0.5149391700722816,27.8523739012776,0.8736111111111116,1,anode_hold
4851.0,-2.5,4.201901236648535,4.210593264426021,0.0085421058906442,-0.1499218868419305,27.852583894670552,0.8737500000000005,1,anode_hold
4852.0,-2.5,4.202096539829109,4.211079002733235,0.0087672385756064,-0.2152243285200583,27.852793888063506,0.8738888888888894,1,anode_hold
4853.0,-2.5,4.202156849032567,4.21044246422448,0.008395558105047,0.1099429131343754,27.85300388145645,0.8740277777777783,1,anode_hold
4854.0,-2.5,4.201763599812706,4.210240123944853,0.0085676681640175,0.0911440318702716,27.85321387484941,0.8741666666666672,1,anode_hold
4855.0,-2.5,4.20185226136997,4.210805950302872,0.0088630266909918,-0.0906622419103442,27.85342386824236,0.8743055555555561,1,anode_hold
4856.0,-2.5,4.2021700671292,4.210867252081642,0.0087975518884543,0.1003669360120085,27.85363590274488,0.874444444444445,1,anode_hold
4857.0,-2.5,4.202833967581193,4.211225917295548,0.0081285476812329,-0.2634020331218067,27.85384834439725,0.8745833333333339,1,anode_hold
4858.0,-2.5,4.202702195200013,4.210788826959735,0.0082075212378943,0.1208894781719038,27.85406078604962,0.8747222222222226,1,anode_hold
4859.0,-2.5,4.202712758543031,4.2107955160006,0.0078724513797541,-0.2103060778146925,27.85427322770199,0.8748611111111115,1,anode_hold
4860.0,-2.5,4.202439205235943,4.210768021019085,0.0081586144559571,-0.1702013271849267,27.854485669354364,0.8750000000000004,1,anode_hold
4861.0,-2.5,4.202536009570131,4.2108718958853375,0.0076124804310876,-0.7234058841190105,27.854698111006737,0.8751388888888894,1,anode_hold
4862.0,-2.5,4.202739200870363,4.210656180185795,0.0076333446229601,-0.2836346924715016,27.854910552659103,0.8752777777777783,1,anode_hold
4863.0,-2.5,4.202852314111704,4.210946837267971,0.0082412620012422,0.1467388449745144,27.85512405909321,0.8754166666666672,1,anode_hold
4864.0,-2.5,4.202355877318812,4.210616211502306,0.008413393089664,0.1530589061697895,27.85533901014197,0.8755555555555561,1,anode_hold
4865.0,-2.5,4.2026395290607566,4.21120844701266,0.0084990659736461,-0.0698519782575957,27.855553961190736,0.875694444444445,1,anode_hold
4866.0,-2.5,4.202663046125363,4.21103317275946,0.008075695119243,-0.2944315148534215,27.8557689122395,0.8758333333333339,1,anode_hold
4867.0,-2.5,4.203327552048811,4.211181096577904,0.008150640287856,0.2970957587633549,27.855983863288262,0.8759722222222226,1,anode_hold
4868.0,-2.5,4.202811274686938,4.21092461976024,0.0083932519042708,0.2799068309684571,27.856198814337024,0.8761111111111115,1,anode_hold
4869.0,-2.5,4.202770037519857,4.211151032121735,0.0086960667941774,0.315072192299759,27.85641376538579,0.8762500000000004,1,anode_hold
4870.0,-2.5,4.203300503358599,4.211017990919142,0.0077682083631388,0.0507208025952721,27.85662875524208,0.8763888888888893,1,anode_hold
4871.0,-2.5,4.202961999295373,4.211767724852342,0.0076851818706894,-1.1205436862793403,27.856846304284076,0.876527777777778,1,anode_hold
4872.0,-2.5,4.20341196686885,4.211425557629214,0.0079933034033632,-0.0202873570014361,27.857063853326064,0.8766666666666671,1,anode_hold
4873.0,-2.5,4.202881211942844,4.211217685524359,0.0074750059660309,-0.8614676154836687,27.85728140236806,0.8768055555555558,1,anode_hold
4874.0,-2.5,4.203774501564824,4.211484469949321,0.0080515027693707,0.3415343848738317,27.85749895141005,0.8769444444444447,1,anode_hold
4875.0,-2.5,4.203223138363297,4.211558338857686,0.0081588445351785,-0.1763559592102836,27.85771650045205,0.8770833333333337,1,anode_hold
4876.0,-2.5,4.203327855412947,4.211433500088889,0.0079874114081386,-0.1182332678029141,27.85793404949404,0.8772222222222226,1,anode_hold
4877.0,-2.5,4.203253005877356,4.211051473997924,0.0079193466164637,0.1208784958954822,27.85815159853604,0.8773611111111115,1,anode_hold
4878.0,-2.5,4.20335264363259,4.212010909545375,0.0079184934976973,-0.739772415088602,27.85837151094145,0.8775000000000006,1,anode_hold
4879.0,-2.5,4.203417383447924,4.211475729756428,0.0080775215183018,0.0191752097977726,27.858592962775266,0.8776388888888891,1,anode_hold
4880.0,-2.5,4.203357030495943,4.211406228066244,0.0081802752286292,0.1310776583283157,27.85881441460908,0.8777777777777782,1,anode_hold
4881.0,-2.5,4.203872909710452,4.211426691168522,0.0079116416553686,0.3578601972993311,27.85903586644289,0.8779166666666669,1,anode_hold
4882.0,-2.5,4.2028690248833565,4.211830418315601,0.0079947638296024,-0.966629602642044,27.85925731827671,0.8780555555555558,1,anode_hold
4883.0,-2.5,4.203226033303558,4.211526012282641,0.0080765608299811,-0.2234181491012066,27.859478770110528,0.8781944444444449,1,anode_hold
4884.0,-2.5,4.203522302085244,4.211823973170239,0.008313616749284,0.0119456642897475,27.85970022194434,0.8783333333333336,1,anode_hold
4885.0,-2.5,4.203641443482749,4.211772874813024,0.0079024661452623,-0.228965185011809,27.8599221617324,0.8784722222222225,1,anode_hold
4886.0,-2.5,4.204168386541072,4.211879966497709,0.007964258177946,0.2526782213090328,27.86014610088549,0.8786111111111115,1,anode_hold
4887.0,-2.5,4.203956940780271,4.212069733789644,0.0086905126138959,0.5777196045233524,27.86037004003859,0.8787500000000001,1,anode_hold
4888.0,-2.5,4.203846115054668,4.211625875252763,0.007758412131707,-0.0213480663875387,27.86059397919168,0.8788888888888893,1,anode_hold
4889.0,-2.5,4.203660414073302,4.211326143732864,0.0076588842056581,-0.0068454539032813,27.86081791834477,0.8790277777777782,1,anode_hold
4890.0,-2.5,4.204545579517366,4.211723387054902,0.0079923566864013,0.8145491488651402,27.86104185749787,0.8791666666666669,1,anode_hold
4891.0,-2.5,4.20427261844537,4.211951811270711,0.0083429563494377,0.6637635240966944,27.86126579665096,0.879305555555556,1,anode_hold
4892.0,-2.5,4.204837642142356,4.212070525989185,0.0077339254720781,0.5010416252488881,27.861490779562317,0.8794444444444447,1,anode_hold
4893.0,-2.5,4.203690938572352,4.2121000789074285,0.0080924289314194,-0.3167114036566332,27.86171669652507,0.8795833333333336,1,anode_hold
4894.0,-2.5,4.204721066881353,4.211697934430441,0.0077829232909241,0.8060557418367864,27.86194261348783,0.8797222222222227,1,anode_hold
4895.0,-2.5,4.204240192658146,4.211904552614678,0.0079049597738763,0.2405998173440338,27.86216853045059,0.8798611111111114,1,anode_hold
4896.0,-2.5,4.204079896876456,4.211976012458064,0.007141178312488,-0.7549372691197931,27.862394447413347,0.8800000000000003,1,anode_hold
4897.0,-2.5,4.204441724402523,4.211621535639755,0.0078967539948904,0.7169427576583232,27.862620763817308,0.8801388888888895,1,anode_hold
4898.0,-2.5,4.204511179692512,4.211623620553177,0.0082155502983312,1.1031094376656725,27.862848488642733,0.8802777777777779,1,anode_hold
4899.0,-2.5,4.20445375117793,4.21256930071657,0.0078552909083828,-0.2602586302575815,27.86307621346816,0.8804166666666671,1,anode_hold
4900.0,-2.5,4.204184965046789,4.211837182348007,0.0074507524001541,-0.2014649010639857,27.863303938293587,0.880555555555556,1,anode_hold
4901.0,-2.5,4.204587482930389,4.212204774968889,0.0079040914318281,0.2867993933284296,27.86353166311901,0.8806944444444449,1,anode_hold
4902.0,-2.5,4.204380775625089,4.212065165234643,0.0073292873715451,-0.3551022380081647,27.86376028660548,0.8808333333333338,1,anode_hold
4903.0,-2.5,4.204867893599984,4.2122792944988925,0.0073501553264707,-0.0612455724375848,27.86399003163093,0.8809722222222225,1,anode_hold
4904.0,-2.5,4.204507865223902,4.212293993792088,0.0075622764771698,-0.2238520910156083,27.864219776656387,0.8811111111111114,1,anode_hold
4905.0,-2.5,4.20505728388278,4.212158161485182,0.0075573228602952,0.4564452578934563,27.86444952168184,0.8812500000000005,1,anode_hold
4906.0,-2.5,4.204943151158415,4.212007684095594,0.0073253353449483,0.2608024077686011,27.86467926670729,0.8813888888888894,1,anode_hold
4907.0,-2.5,4.205429104526665,4.212374042022926,0.0077936131735731,0.8486756773118387,27.864910319427526,0.8815277777777781,1,anode_hold
4908.0,-2.5,4.204982282875914,4.213283997528759,0.0073877242958251,-0.9139903570192232,27.86514201994685,0.881666666666667,1,anode_hold
4909.0,-2.5,4.2048874976464585,4.212711818344388,0.0067867727587518,-1.0375479391777631,27.86537372046617,0.881805555555556,1,anode_hold
4910.0,-2.5,4.204947897085484,4.212374710778141,0.007707506725552,0.2806930328951296,27.86560542098549,0.8819444444444451,1,anode_hold
4911.0,-2.5,4.20552493290351,4.212824916654266,0.0073870232828532,0.0870395320973216,27.86583712150481,0.8820833333333338,1,anode_hold
4912.0,-2.5,4.206700540658334,4.213016149661094,0.0069385075987517,0.6228985959912947,27.866072294942157,0.8822222222222227,1,anode_hold
4913.0,-2.5,4.205175717392901,4.21240373495598,0.006630902766062,-0.597114797016296,27.86630788616455,0.8823611111111116,1,anode_hold
4914.0,-2.5,4.2054740413381095,4.212687782651547,0.0071891442729112,-0.024597040526153,27.866543477386948,0.8825000000000005,1,anode_hold
4915.0,-2.5,4.20619622499229,4.212907140911534,0.0073027217813092,0.5918058620650868,27.866779068609343,0.8826388888888894,1,anode_hold
4916.0,-2.5,4.206001802221405,4.212704043171817,0.0074329129638485,0.730672013436795,27.86701465983174,0.8827777777777783,1,anode_hold
4917.0,-2.5,4.206258831428368,4.212684794755421,0.0072097119747267,0.783748647673832,27.86725025105413,0.8829166666666672,1,anode_hold
4918.0,-2.5,4.206041228754242,4.213050777726083,0.0066555218470832,-0.3540271247572946,27.86748584227653,0.8830555555555561,1,anode_hold
4919.0,-2.5,4.206166393858753,4.2128424792901,0.0065682043419762,-0.1078810893710979,27.867721433498925,0.8831944444444451,1,anode_hold
4920.0,-2.5,4.206108185643678,4.212828497660948,0.0069764369937266,0.2561249764561069,27.86795702472132,0.8833333333333337,1,anode_hold
4921.0,-2.5,4.20582769784279,4.21285349636192,0.0071659120731163,0.1401135539866871,27.86819376804975,0.8834722222222229,1,anode_hold
4922.0,-2.5,4.206288895319763,4.21310557386931,0.0067305038359966,-0.0861747135498802,27.86843274382104,0.8836111111111116,1,anode_hold
4923.0,-2.5,4.205996537681761,4.213295724165572,0.0069033846480346,-0.3958018357756998,27.86867171959233,0.8837500000000005,1,anode_hold
4924.0,-2.5,4.206540668386869,4.212930365844241,0.0073064771079228,0.916779650550481,27.86891069536362,0.8838888888888894,1,anode_hold
4925.0,-2.5,4.205597384866692,4.213484876513093,0.0064544502034544,-1.4330414429464255,27.869149671134917,0.8840277777777783,1,anode_hold
4926.0,-2.5,4.205854598722557,4.212346552086833,0.0066280874422161,0.1361340779402198,27.8693886469062,0.8841666666666672,1,anode_hold
4927.0,-2.5,4.20649586141488,4.213201264332886,0.0073529551925949,0.647552274589458,27.86962762267749,0.8843055555555561,1,anode_hold
4928.0,-2.5,4.206629674544198,4.213420919636266,0.0067393628084803,-0.0518822835875454,27.869866598448784,0.8844444444444448,1,anode_hold
4929.0,-2.5,4.2072178700586935,4.2138122484511085,0.0066685890868853,0.0742106944704446,27.87010600752422,0.8845833333333337,1,anode_hold
4930.0,-2.5,4.2064770253792405,4.213724844363438,0.0064850072229065,-0.7628117612910046,27.87034756282616,0.8847222222222226,1,anode_hold
4931.0,-2.5,4.206971648108432,4.212794508525018,0.0062074898608711,0.3846294442846343,27.87058911812809,0.8848611111111115,1,anode_hold
4932.0,-2.5,4.206300281356413,4.213324956468005,0.0060524975325949,-0.9721775789968136,27.87083067343003,0.8850000000000005,1,anode_hold
4933.0,-2.5,4.207614865587574,4.213432676216445,0.0061713281471209,0.3535175182500794,27.87107222873197,0.8851388888888894,1,anode_hold
4934.0,-2.5,4.206179065612363,4.2130396505884455,0.0065669601278263,-0.2936248482559023,27.871313784033905,0.8852777777777783,1,anode_hold
4935.0,-2.5,4.2074747404692285,4.213083849627951,0.0066886036657062,1.079494506983636,27.87155533933584,0.8854166666666672,1,anode_hold
4936.0,-2.5,4.206968248305525,4.21326668455927,0.0061968391783037,-0.1015970754405515,27.87179962318435,0.8855555555555561,1,anode_hold
4937.0,-2.5,4.206589440364443,4.213362590891885,0.0064587320327606,-0.3144184946810568,27.872044525947537,0.885694444444445,1,anode_hold
4938.0,-2.5,4.207021713533149,4.213716007756718,0.006410595592077,-0.2836986314918022,27.87228942871072,0.8858333333333339,1,anode_hold
4939.0,-2.5,4.207514276329586,4.213671205319441,0.006076962062651,-0.0799669272044667,27.872534331473904,0.8859722222222228,1,anode_hold
4940.0,-2.5,4.207263274593494,4.213179078406099,0.0062069017357893,0.2910979231849353,27.87277923423709,0.8861111111111115,1,anode_hold
4941.0,-2.5,4.207110981476734,4.213451376494959,0.0065730185007714,0.232623482546046,27.873024137000275,0.8862500000000004,1,anode_hold
4942.0,-2.5,4.2074734336213,4.213218885726288,0.0062512838464436,0.5058317414556868,27.87327026861328,0.8863888888888893,1,anode_hold
4943.0,-2.5,4.207472808457089,4.214174157370334,0.0060305030099935,-0.6708459032518377,27.87351782984029,0.8865277777777782,1,anode_hold
4944.0,-2.5,4.207804327681365,4.213667487550255,0.0064399816774151,0.5768218085249188,27.8737653910673,0.8866666666666672,1,anode_hold
4945.0,-2.5,4.20778974078917,4.213754122974082,0.0061342495316005,0.1698673466874467,27.874012952294308,0.8868055555555561,1,anode_hold
4946.0,-2.5,4.207497324554124,4.213903890019845,0.0060631542960404,-0.3434111696805075,27.874260513521318,0.886944444444445,1,anode_hold
4947.0,-2.5,4.207461779691781,4.213775809870243,0.0061738715528618,-0.1401586255997955,27.874508074748324,0.8870833333333337,1,anode_hold
4948.0,-2.5,4.207761381745963,4.214357332416652,0.0062740372478912,-0.3219134227974152,27.87475581229284,0.8872222222222226,1,anode_hold
4949.0,-2.5,4.207752804098809,4.214140294726128,0.005852792401212,-0.5346982261071886,27.875004985611294,0.8873611111111117,1,anode_hold
4950.0,-2.5,4.2079300512620765,4.214290828490851,0.0065786234596628,0.2178462308881634,27.87525415892976,0.8875000000000006,1,anode_hold
4951.0,-2.5,4.207593766618652,4.2140142659486255,0.0061225268077364,-0.2979725222367335,27.87550333224822,0.8876388888888893,1,anode_hold
4952.0,-2.5,4.20799112450382,4.214303249433601,0.0059219202020319,-0.3902047277497544,27.87575250556668,0.8877777777777782,1,anode_hold
4953.0,-2.5,4.207758636093496,4.213959096180127,0.0062118850681883,0.011424981557262,27.87600167888514,0.8879166666666671,1,anode_hold
4954.0,-2.5,4.208225825295521,4.214411831833777,0.0067469585569064,0.5609520186506955,27.8762508522036,0.888055555555556,1,anode_hold
4955.0,-2.5,4.208190534618408,4.214298184765531,0.005942754932397,-0.1648952147261795,27.87650448376269,0.888194444444445,1,anode_hold
4956.0,-2.5,4.2080899209248965,4.214574083169631,0.0062566222235794,-0.2275400211546596,27.876759550302005,0.8883333333333339,1,anode_hold
4957.0,-2.5,4.207744458493702,4.214148544834679,0.0062119616644462,-0.1921246765315132,27.877014616841315,0.8884722222222228,1,anode_hold
4958.0,-2.5,4.208610834577338,4.214412452319039,0.0058190398808887,0.0174221391873174,27.87726968338063,0.8886111111111117,1,anode_hold
4959.0,-2.5,4.208070994521141,4.213682239039587,0.0059080599099005,0.2968153914553184,27.877524749919942,0.8887500000000004,1,anode_hold
4960.0,-2.5,4.208237708409341,4.2140155929638485,0.0060011660599628,0.2232815054554748,27.877779816459256,0.8888888888888895,1,anode_hold
4961.0,-2.5,4.208409703433282,4.214504422175994,0.0058404688681551,-0.2542498745574661,27.87803488299857,0.8890277777777784,1,anode_hold
4962.0,-2.5,4.208612654709172,4.2142384463499445,0.005827571449958,0.2017798091857869,27.878289949537884,0.8891666666666673,1,anode_hold
4963.0,-2.5,4.208380242799574,4.214530652435022,0.0061651394198902,0.0147297844419469,27.878545016077197,0.889305555555556,1,anode_hold
4964.0,-2.5,4.2084413981932665,4.215173282744948,0.0062870213505371,-0.4448632011442299,27.878800082616507,0.8894444444444449,1,anode_hold
4965.0,-2.5,4.208224128299287,4.214407853786986,0.0054806524429113,-0.7030730447867839,27.87905514915582,0.8895833333333341,1,anode_hold
4966.0,-2.5,4.20902426516842,4.214975946500913,0.0058563695980737,-0.0953117344195675,27.879311336513275,0.8897222222222227,1,anode_hold
4967.0,-2.5,4.208625200700557,4.214499274215834,0.0064811830337885,0.6071095185120612,27.87956911416994,0.8898611111111117,1,anode_hold
4968.0,-2.5,4.208694738383168,4.214760684990207,0.0057504393277921,-0.315507279246674,27.879826891826603,0.8900000000000006,1,anode_hold
4969.0,-2.5,4.208272775756427,4.214949398999684,0.0058503127251166,-0.8263105181400832,27.880084669483267,0.8901388888888895,1,anode_hold
4970.0,-2.5,4.2087833081676855,4.214766686033942,0.0057389749735226,-0.2444028927337527,27.88034244713993,0.8902777777777782,1,anode_hold
4971.0,-2.5,4.209287002093186,4.21473386229905,0.0061492794283349,0.7024192224713843,27.880600224796595,0.8904166666666673,1,anode_hold
4972.0,-2.5,4.209407339018955,4.215219907770432,0.0061470725784868,0.3345038270099465,27.880859774701182,0.8905555555555562,1,anode_hold
4973.0,-2.5,4.208848411027475,4.215377214860633,0.0059528415811047,-0.5759622520535856,27.881120695318685,0.8906944444444449,1,anode_hold
4974.0,-2.5,4.20924802240444,4.2146363067006565,0.0060489179814294,0.6606336852126304,27.88138161593619,0.8908333333333338,1,anode_hold
4975.0,-2.5,4.209489937816204,4.214904652867781,0.0060992974265229,0.6845823749461744,27.881642536553688,0.8909722222222227,1,anode_hold
4976.0,-2.5,4.208942936609789,4.215232322521807,0.005844464054496,-0.4449218575217628,27.881903457171187,0.8911111111111116,1,anode_hold
4977.0,-2.5,4.209327537972061,4.215596043254278,0.0056552346325401,-0.613270649677311,27.882164377788687,0.8912500000000005,1,anode_hold
4978.0,-2.5,4.209731263036888,4.215827898926676,0.0053573436501268,-0.7392922396611823,27.882426543640957,0.8913888888888895,1,anode_hold
4979.0,-2.5,4.209928899661177,4.215184002438563,0.0052720586258369,0.0169558484515164,27.882689207451342,0.8915277777777784,1,anode_hold
4980.0,-2.5,4.2092449940333925,4.215616459382806,0.0051495994499469,-1.221865899466934,27.88295187126174,0.8916666666666673,1,anode_hold
4981.0,-2.5,4.209427864228499,4.215716244806137,0.0056487627796842,-0.6396177979528517,27.88321453507213,0.8918055555555562,1,anode_hold
4982.0,-2.5,4.210188612580658,4.2151928348674765,0.0053689816770335,0.3647593902149637,27.88347719888252,0.8919444444444451,1,anode_hold
4983.0,-2.5,4.20979981757908,4.215411293730027,0.0055657189491724,-0.0457572017751317,27.88374082924675,0.892083333333334,1,anode_hold
4984.0,-2.5,4.210112408283476,4.215305872191566,0.0055214580269529,0.3279941188631952,27.884005642110505,0.8922222222222229,1,anode_hold
4985.0,-2.5,4.209738329863483,4.215715363953948,0.0061059113802508,0.1288772897858336,27.88427045497426,0.8923611111111118,1,anode_hold
4986.0,-2.5,4.210521197523742,4.215485085269034,0.0052778996659636,0.3140119206719305,27.88453526783801,0.8925000000000005,1,anode_hold
4987.0,-2.5,4.210371069796224,4.21575785660618,0.0050856889052884,-0.3010979046669249,27.88480008070177,0.8926388888888896,1,anode_hold
4988.0,-2.5,4.210762656729814,4.215405042565074,0.0053794530358209,0.7370672005615475,27.88506636558493,0.8927777777777783,1,anode_hold
4989.0,-2.5,4.210138827896732,4.215348812760404,0.0051310768883431,-0.0789079753289456,27.885333246958204,0.8929166666666672,1,anode_hold
4990.0,-2.5,4.210341821434325,4.21578054174341,0.0052284857902348,-0.2102345188506049,27.88560012833148,0.8930555555555562,1,anode_hold
4991.0,-2.5,4.210223490064971,4.215730659573708,0.0049326772437035,-0.5744922650334772,27.88586700970475,0.8931944444444448,1,anode_hold
4992.0,-2.5,4.210302038833656,4.216293892383271,0.0055366114650267,-0.4552420845884697,27.886133891078025,0.8933333333333338,1,anode_hold
4993.0,-2.5,4.21035345626577,4.216039789419267,0.0051868001591,-0.4995329943975335,27.886404861689904,0.8934722222222227,1,anode_hold
4994.0,-2.5,4.210883130503137,4.216321521151906,0.0051125320148053,-0.3258586339640601,27.886675943582663,0.8936111111111116,1,anode_hold
4995.0,-2.5,4.210633257456654,4.216201017587252,0.0050599662667908,-0.5077938638073931,27.886947025475425,0.8937500000000005,1,anode_hold
4996.0,-2.5,4.210980241254569,4.216269793894205,0.0048216468643939,-0.4679057752419169,27.88721810736818,0.8938888888888894,1,anode_hold
4997.0,-2.5,4.210858764289015,4.215392022411242,0.0045698162787108,0.0365581564834016,27.88748918926094,0.8940277777777783,1,anode_hold
4998.0,-2.5,4.211254271097654,4.21584485762958,0.004604489128242,0.0139025963159511,27.8877602711537,0.8941666666666672,1,anode_hold
4999.0,-2.5,4.211478203257967,4.215888241686792,0.0047253049290845,0.3152665002597032,27.888031353046458,0.8943055555555561,1,anode_hold
5000.0,-2.5,4.211553137861089,4.216144773378881,0.0051296876427427,0.5380521249511716,27.888302434939217,0.894444444444445,1,anode_hold
5001.0,-2.5,4.211655301252217,4.216287314677492,0.0050745875607155,0.4425741354401324,27.888573516831972,0.894583333333334,1,anode_hold
5002.0,-2.5,4.211430859923304,4.216503192122006,0.0043028980037377,-0.7694341949635586,27.888846802028528,0.8947222222222226,1,anode_hold
5003.0,-2.5,4.211761746850411,4.216368267090154,0.0050675776109251,0.461057371182072,27.889122314830576,0.8948611111111118,1,anode_hold
5004.0,-2.5,4.2115470048776,4.215671551118787,0.0053047150482739,1.180168807086268,27.889397827632624,0.8950000000000007,1,anode_hold
5005.0,-2.5,4.211457073472427,4.216903610138081,0.0045356026785656,-0.9109339870887468,27.889673340434676,0.8951388888888894,1,anode_hold
5006.0,-2.5,4.211404811061937,4.216448589478751,0.0047392602188637,-0.3045181979501876,27.88994885323672,0.8952777777777783,1,anode_hold
5007.0,-2.5,4.211840196209233,4.216597001556174,0.0047735005867504,0.0166952398101827,27.89022436603877,0.8954166666666672,1,anode_hold
5008.0,-2.5,4.212012267326309,4.21644580574998,0.0047582119493219,0.3246735256512423,27.890499878840817,0.8955555555555561,1,anode_hold
5009.0,-2.5,4.212500006902414,4.216885161146311,0.0042958424304315,-0.08931181346572,27.890775391642865,0.895694444444445,1,anode_hold
5010.0,-2.5,4.211941493721376,4.2168554492922725,0.0044357448406844,-0.4782107302121474,27.891050904444917,0.8958333333333339,1,anode_hold
5011.0,-2.5,4.212604282402629,4.216331454114161,0.0045501078059742,0.8229360944422837,27.89132648450521,0.8959722222222228,1,anode_hold
5012.0,-2.5,4.21176634377074,4.216652422626194,0.0043177902109364,-0.568288644518411,27.8916051989244,0.8961111111111117,1,anode_hold
5013.0,-2.5,4.2122807952697165,4.216995793699847,0.0042315946104053,-0.4834038197252255,27.89188391334359,0.8962500000000004,1,anode_hold
5014.0,-2.5,4.213085889072835,4.217050827545665,0.0044969517570799,0.5320132842498992,27.89216262776278,0.8963888888888896,1,anode_hold
5015.0,-2.5,4.212353608240236,4.217273104337443,0.0047078640920917,-0.2116320051150921,27.89244134218197,0.8965277777777785,1,anode_hold
5016.0,-2.5,4.21225699134976,4.216865803295089,0.0035888251856222,-1.0199867597071588,27.89272005660116,0.8966666666666672,1,anode_hold
5017.0,-2.5,4.212293454795752,4.217085622450531,0.0041512589285757,-0.6409087262033708,27.892998771020352,0.8968055555555561,1,anode_hold
5018.0,-2.5,4.213343594743803,4.21701985805204,0.0042706678307562,0.5944045225190209,27.89327830379908,0.896944444444445,1,anode_hold
5019.0,-2.5,4.21311999430901,4.217151471847274,0.0044183129801848,0.3868354419216402,27.89356099229088,0.8970833333333339,1,anode_hold
5020.0,-2.5,4.212649595375385,4.217018303561699,0.0041063115576765,-0.2623966286368073,27.89384368078268,0.8972222222222228,1,anode_hold
5021.0,-2.5,4.212750470597993,4.217507126170633,0.0038546439370558,-0.9020116355840102,27.89412636927448,0.8973611111111117,1,anode_hold
5022.0,-2.5,4.212211455831259,4.216947722439367,0.0044376441529976,-0.2986224551104754,27.89440905776628,0.8975000000000006,1,anode_hold
5023.0,-2.5,4.212975456732715,4.217351436628913,0.0042665635232254,-0.1094163729726815,27.89469174625808,0.8976388888888893,1,anode_hold
5024.0,-2.5,4.213568597698792,4.217045740984172,0.0041999204164325,0.72277713105251,27.894974434749876,0.8977777777777782,1,anode_hold
5025.0,-2.5,4.212591536129362,4.217572994543001,0.0042409996188305,-0.7404587948087737,27.89525837815636,0.8979166666666671,1,anode_hold
5026.0,-2.5,4.213569669077237,4.217493667489293,0.0040725446937951,0.1485462817383265,27.89554427744832,0.898055555555556,1,anode_hold
5027.0,-2.5,4.213504836371136,4.218272061738416,0.0046041308204674,-0.1630945468118483,27.89583017674028,0.898194444444445,1,anode_hold
5028.0,-2.5,4.21386441206854,4.217392381026299,0.0042087308097216,0.6807618519628633,27.89611607603224,0.8983333333333339,1,anode_hold
5029.0,-2.5,4.213300752559815,4.218232967348294,0.003692860482386,-1.2393543060937873,27.8964019753242,0.8984722222222226,1,anode_hold
5030.0,-2.5,4.213614749412459,4.217551483927608,0.0043068063192225,0.3700718040740014,27.896687874616163,0.8986111111111117,1,anode_hold
5031.0,-2.5,4.214015684478208,4.217943556469053,0.0037143319531222,-0.2135400377225593,27.89697377390812,0.8987500000000002,1,anode_hold
5032.0,-2.5,4.213829211708953,4.217956073049615,0.0040144603571201,-0.112400983542038,27.897263013644988,0.8988888888888893,1,anode_hold
5033.0,-2.5,4.213970256687622,4.217468279283904,0.004011819071336,0.513796475054562,27.897554714749987,0.8990277777777782,1,anode_hold
5034.0,-2.5,4.2137366161286165,4.217914397660017,0.0035361229436425,-0.6416585877584424,27.897846415854985,0.8991666666666671,1,anode_hold
5035.0,-2.5,4.213851374305064,4.218237791575136,0.0036448661771794,-0.741551092892756,27.89813811695998,0.899305555555556,1,anode_hold
5036.0,-2.5,4.213805205202884,4.217624621584114,0.0042308226362651,0.4114062550355513,27.89842981806498,0.8994444444444447,1,anode_hold
5037.0,-2.5,4.214090622799215,4.218426745432715,0.0038887053325935,-0.4474173009061388,27.898721519169975,0.8995833333333338,1,anode_hold
5038.0,-2.5,4.214140172573663,4.21764160029221,0.0043624145839978,0.8609868654509967,27.899013220274977,0.8997222222222228,1,anode_hold
5039.0,-2.5,4.214127506841081,4.218274571975528,0.0033433364216104,-0.8037287128370707,27.899304921379976,0.8998611111111114,1,anode_hold
5040.0,-2.5,4.213634733705832,4.217939641966062,0.0041153209720768,-0.1895872881529925,27.89959662248497,0.9000000000000004,1,anode_hold
5041.0,-2.5,4.213925847437633,4.218002139848761,0.0037694478945813,-0.3068445165474998,27.899888323589973,0.9001388888888893,1,anode_hold
5042.0,-2.5,4.214405513197651,4.218523022087119,0.0040443431180282,-0.073165771439676,27.90018002469497,0.9002777777777782,1,anode_hold
5043.0,-2.5,4.214852433514163,4.218618862040745,0.0038114067698208,0.0449782432392353,27.90047172579997,0.9004166666666673,1,anode_hold
5044.0,-2.5,4.214307557024522,4.218591667783162,0.0034836204055593,-0.8004903530807184,27.90076342690497,0.9005555555555558,1,anode_hold
5045.0,-2.5,4.214489169842022,4.218353325355353,0.0034306397149361,-0.4335157983952342,27.90105512800997,0.9006944444444449,1,anode_hold
5046.0,-2.5,4.214716060247179,4.218651886084098,0.0040718475345074,0.1360216975880845,27.901352809432957,0.9008333333333338,1,anode_hold
5047.0,-2.5,4.215102145682584,4.218516010673896,0.0032158487350891,-0.1980162562222887,27.901650834948523,0.9009722222222225,1,anode_hold
5048.0,-2.5,4.215393385883499,4.218904021680257,0.0032484224633201,-0.2622133334373444,27.90194886046409,0.9011111111111116,1,anode_hold
5049.0,-2.5,4.215056946882157,4.21812718455794,0.0039987752372161,0.9285375614336288,27.90224688597966,0.9012500000000003,1,anode_hold
5050.0,-2.5,4.2150559404088055,4.218798232729365,0.0040419374193895,0.2996450988295152,27.90254491149523,0.9013888888888892,1,anode_hold
5051.0,-2.5,4.214894787118066,4.219151569642794,0.0035662613153928,-0.6905212093357704,27.9028429370108,0.9015277777777784,1,anode_hold
5052.0,-2.5,4.215333834298291,4.218732460049414,0.0031467239918425,-0.2519017592801376,27.90314096252637,0.9016666666666668,1,anode_hold
5053.0,-2.5,4.21520925191333,4.218760589821927,0.004030051569463,0.478713660865715,27.903438988041938,0.901805555555556,1,anode_hold
5054.0,-2.5,4.215424480681582,4.2186597602271565,0.0031332592577251,-0.1020202878487808,27.903737013557507,0.9019444444444449,1,anode_hold
5055.0,-2.5,4.2151914528983765,4.219037732278768,0.0037345492006301,-0.1117301797606273,27.90403503907308,0.9020833333333338,1,anode_hold
5056.0,-2.5,4.215867601421662,4.218970919688616,0.0039079017820644,0.8045835151104797,27.904333064588645,0.9022222222222227,1,anode_hold
5057.0,-2.5,4.215498901066352,4.219363944394422,0.0030348949182813,-0.830148409789011,27.90463109010421,0.9023611111111114,1,anode_hold
5058.0,-2.5,4.21523878560249,4.218843799592302,0.0030778226349575,-0.5271913548545726,27.904929115619783,0.9025000000000003,1,anode_hold
5059.0,-2.5,4.215775422931652,4.219334568048042,0.0031864673746634,-0.3726777417263349,27.90522889645415,0.9026388888888894,1,anode_hold
5060.0,-2.5,4.21554345117852,4.219113725139838,0.0032218510587325,-0.3484229025856322,27.905532486865383,0.9027777777777781,1,anode_hold
5061.0,-2.5,4.216130629752395,4.218923185089414,0.0038269389165698,1.0343835795501022,27.905836077276614,0.902916666666667,1,anode_hold
5062.0,-2.5,4.216460451728183,4.21909767979787,0.0031995948085339,0.5623667388476861,27.90613966768785,0.9030555555555559,1,anode_hold
5063.0,-2.5,4.216316856744979,4.218936723684989,0.0034714419421625,0.8515750021524937,27.90644325809908,0.9031944444444449,1,anode_hold
5064.0,-2.5,4.216197700152993,4.218833811308591,0.0038560079192877,1.2198967636898317,27.906746848510316,0.9033333333333338,1,anode_hold
5065.0,-2.5,4.216085570112639,4.219377503947327,0.0027583910320146,-0.5335428026738143,27.907050438921544,0.9034722222222227,1,anode_hold
5066.0,-2.5,4.216281409240119,4.220293109386092,0.002784907470779,-1.2267926751947655,27.907354029332776,0.9036111111111116,1,anode_hold
5067.0,-2.5,4.217160691617665,4.2194807906642655,0.0029441153853969,0.6240163387962738,27.90765761974401,0.9037500000000005,1,anode_hold
5068.0,-2.5,4.216931242446061,4.219862104207964,0.0029590488521993,0.0281870902965053,27.907961210155243,0.9038888888888892,1,anode_hold
5069.0,-2.5,4.216398756186587,4.2197067157858354,0.0032358654717004,-0.0720941275478281,27.908264800566474,0.9040277777777781,1,anode_hold
5070.0,-2.5,4.2165122542735896,4.219531448239253,0.0027902077174046,-0.2289862482589555,27.908568390977702,0.9041666666666672,1,anode_hold
5071.0,-2.5,4.217003248358626,4.2200590246380765,0.0031617386446048,0.1059623651542551,27.90887518449962,0.9043055555555559,1,anode_hold
5072.0,-2.5,4.217014637418302,4.219542380825697,0.003192241874001,0.6644984666062115,27.90918289060041,0.9044444444444448,1,anode_hold
5073.0,-2.5,4.2171129326771855,4.220410139012725,0.0028370014564382,-0.4602048791015889,27.9094905967012,0.9045833333333337,1,anode_hold
5074.0,-2.5,4.217360571285255,4.219860712920101,0.0029418883941752,0.4417467593285096,27.909798302801985,0.9047222222222226,1,anode_hold
5075.0,-2.5,4.216944482819824,4.220726049225251,0.0028644939044163,-0.9170725010108072,27.91010600890277,0.9048611111111113,1,anode_hold
5076.0,-2.5,4.217121617728767,4.22054591567742,0.002493960332266,-0.9303376163867229,27.91041371500356,0.9050000000000002,1,anode_hold
5077.0,-2.5,4.217761192650396,4.220422852320779,0.0031619641977649,0.5003045273808127,27.910721421104345,0.9051388888888892,1,anode_hold
5078.0,-2.5,4.217648410862725,4.220376378782536,0.0032782111186104,0.5502431987993717,27.91102912720513,0.9052777777777781,1,anode_hold
5079.0,-2.5,4.217571058010983,4.220387420860058,0.0031231184459196,0.3067555968447877,27.91133781031478,0.905416666666667,1,anode_hold
5080.0,-2.5,4.217707285164084,4.220480944307582,0.0026334669983957,-0.1401921451016363,27.91164870553217,0.9055555555555559,1,anode_hold
5081.0,-2.5,4.218020092112835,4.220702557284967,0.0025711421232361,-0.1113230488956062,27.911959600749555,0.9056944444444448,1,anode_hold
5082.0,-2.5,4.2180074713865485,4.220847738274212,0.0027626092496605,-0.0776576380028259,27.91227049596694,0.9058333333333337,1,anode_hold
5083.0,-2.5,4.2178045059274,4.220801985798784,0.002425169026433,-0.5723108449506853,27.91258139118433,0.9059722222222226,1,anode_hold
5084.0,-2.5,4.217746318103991,4.220694887180695,0.0026240587899429,-0.3245102867612814,27.912892286401718,0.9061111111111113,1,anode_hold
5085.0,-2.5,4.2184248601880086,4.220959769835126,0.002465032296754,-0.0698773503637895,27.9132031816191,0.9062500000000002,1,anode_hold
5086.0,-2.5,4.217908145912582,4.220743506617855,0.0026560364848194,-0.1793242204533029,27.913516607350832,0.9063888888888891,1,anode_hold
5087.0,-2.5,4.218972970202356,4.221337229544489,0.0022795733326526,-0.0846860094805279,27.91383062269356,0.9065277777777783,1,anode_hold
5088.0,-2.5,4.218100168389781,4.2208761845947205,0.0028365836128636,0.0605674079245943,27.914144638036287,0.906666666666667,1,anode_hold
5089.0,-2.5,4.218346887869716,4.221390111879597,0.0025127765761498,-0.5304474337313181,27.91445865337901,0.9068055555555559,1,anode_hold
5090.0,-2.5,4.218944666121783,4.221034380480642,0.0022803799641967,0.1906656053378697,27.914772668721746,0.9069444444444448,1,anode_hold
5091.0,-2.5,4.219139521470728,4.221432214329928,0.0028692628099091,0.5765699507094268,27.91508668406447,0.9070833333333337,1,anode_hold
5092.0,-2.5,4.218812223120335,4.22137275604188,0.0024694482367522,-0.0910846847919089,27.91540164437102,0.9072222222222224,1,anode_hold
5093.0,-2.5,4.218077508303916,4.221510724756949,0.002372474998066,-1.060741454966596,27.91571865292635,0.9073611111111115,1,anode_hold
5094.0,-2.5,4.218926140646676,4.221797499804129,0.0022938842108341,-0.5774749466187501,27.916035661481683,0.9075000000000004,1,anode_hold
5095.0,-2.5,4.2184205922530245,4.221465018951307,0.0026436128266509,-0.4008138716322662,27.91635267003701,0.9076388888888891,1,anode_hold
5096.0,-2.5,4.218983625517807,4.221395300542944,0.0021195028673064,-0.2921721578301728,27.916669678592346,0.907777777777778,1,anode_hold
5097.0,-2.5,4.219475286911209,4.221672304028525,0.0027023725236722,0.5053554063563226,27.91698668714768,0.9079166666666669,1,anode_hold
5098.0,-2.5,4.219544666630188,4.222102635836071,0.002793891453005,0.2359222471222111,27.91730369570301,0.9080555555555558,1,anode_hold
5099.0,-2.5,4.219435367964835,4.222469197415233,0.0026621635191038,-0.3716659312935633,27.917623008909803,0.9081944444444447,1,anode_hold
5100.0,-2.5,4.219564013623952,4.2217620479163545,0.0023674899424418,0.1694556500391186,27.917942826731988,0.9083333333333337,1,anode_hold
5101.0,-2.5,4.219768813848476,4.221379446215704,0.0020644366318262,0.4538042645982898,27.91826264455417,0.9084722222222226,1,anode_hold
5102.0,-2.5,4.219555219923127,4.221779467709133,0.0025223119305785,0.2980641445713416,27.918582462376357,0.9086111111111115,1,anode_hold
5103.0,-2.5,4.2196532252636025,4.222412894453391,0.0022548828633973,-0.5047863263909491,27.918902280198537,0.9087500000000002,1,anode_hold
5104.0,-2.5,4.220219309933534,4.222381535163324,0.0019734553828967,-0.1887698468925336,27.91922209802072,0.9088888888888891,1,anode_hold
5105.0,-2.5,4.220098078617572,4.22271005476987,0.0026710596700036,0.0590835177058934,27.91954277145241,0.9090277777777782,1,anode_hold
5106.0,-2.5,4.220417698316867,4.222601800775832,0.0020853977229743,-0.0987047359908288,27.91986522153692,0.9091666666666669,1,anode_hold
5107.0,-2.5,4.220277668134701,4.222970842455522,0.0022286571615937,-0.4645171592274622,27.920187671621427,0.9093055555555558,1,anode_hold
5108.0,-2.5,4.220374189815334,4.222811198991481,0.0022337921186916,-0.2032170574555181,27.920510121705934,0.9094444444444447,1,anode_hold
5109.0,-2.5,4.220608689970791,4.222747077781639,0.0027454623940957,0.6070745832476021,27.920832571790445,0.9095833333333336,1,anode_hold
5110.0,-2.5,4.220676346135807,4.223235168011311,0.0020999679868518,-0.4588538886514115,27.921155021874952,0.9097222222222225,1,anode_hold
5111.0,-2.5,4.221077460632081,4.222833012587087,0.0016599280623555,-0.095623892649499,27.921477471959463,0.9098611111111115,1,anode_hold
5112.0,-2.5,4.22085192121502,4.222852109065222,0.0018935033426634,-0.1066845075392564,27.921801366720885,0.9100000000000001,1,anode_hold
5113.0,-2.5,4.220643330078585,4.223192380656007,0.0018478102710047,-0.7012403064177164,27.922125557967995,0.9101388888888893,1,anode_hold
5114.0,-2.5,4.220777960516267,4.222548836186748,0.0014236748384869,-0.347200831993355,27.9224497492151,0.9102777777777777,1,anode_hold
5115.0,-2.5,4.220722967374812,4.222833008097985,0.0022727391501711,0.1626984269975651,27.92277394046221,0.9104166666666669,1,anode_hold
5116.0,-2.5,4.22118695340573,4.22290831375649,0.0026706163614424,0.9492560106822978,27.92309813170932,0.9105555555555558,1,anode_hold
5117.0,-2.5,4.221018727123627,4.223257835651776,0.0021723315445179,-0.0667769836306675,27.92342232295643,0.9106944444444447,1,anode_hold
5118.0,-2.5,4.220950561541191,4.223297789049556,0.001634702975383,-0.7125245329824281,27.923747806238968,0.9108333333333334,1,anode_hold
5119.0,-2.5,4.221654444788007,4.222841789563992,0.0020358138607343,0.8484690847501142,27.92407586131851,0.9109722222222223,1,anode_hold
5120.0,-2.5,4.2220219233211145,4.223760309260734,0.0014097000504081,-0.3286858892108668,27.92440391639805,0.9111111111111112,1,anode_hold
5121.0,-2.5,4.221217588389655,4.223639575238993,0.0021151575358114,-0.3068293135264355,27.9247319714776,0.9112500000000001,1,anode_hold
5122.0,-2.5,4.222105048101955,4.222788640222753,0.0014676240815898,0.784031960792575,27.92506002655714,0.911388888888889,1,anode_hold
5123.0,-2.5,4.221997455680075,4.223766423112735,0.0014343444910464,-0.3346229416134605,27.925388081636683,0.9115277777777779,1,anode_hold
5124.0,-2.5,4.221743617186077,4.223388778997554,0.001804678511661,0.1595167001839925,27.92571613671623,0.9116666666666668,1,anode_hold
5125.0,-2.5,4.2219622043092455,4.223386121617063,0.001693474710081,0.2695574022641978,27.92604419179577,0.9118055555555555,1,anode_hold
5126.0,-2.5,4.222229907523438,4.223537217056813,0.0017326234520207,0.4253139186465304,27.926372969888128,0.9119444444444444,1,anode_hold
5127.0,-2.5,4.223094510182874,4.2245158186987215,0.0017277088627667,0.306400346919311,27.926703868864315,0.9120833333333334,1,anode_hold
5128.0,-2.5,4.22259697644721,4.223781863181928,0.0018291645102939,0.6442777755770734,27.927034767840503,0.9122222222222225,1,anode_hold
5129.0,-2.5,4.223119548971628,4.224305645048449,0.0014119231519903,0.2258270751696045,27.927365666816687,0.9123611111111112,1,anode_hold
5130.0,-2.5,4.222584124229565,4.224245479272136,0.0010606086320635,-0.6007464105080018,27.927696565792875,0.9125000000000001,1,anode_hold
5131.0,-2.5,4.223201759145036,4.224976131547998,0.000888142060062,-0.8862303428998075,27.928027464769063,0.912638888888889,1,anode_hold
5132.0,-2.5,4.223245401075284,4.224426614574872,0.0013918194043088,0.210605904720218,27.928358363745247,0.9127777777777781,1,anode_hold
5133.0,-2.5,4.222919572497282,4.2242324157765365,0.0018960372714736,0.5831939922185114,27.928689262721434,0.9129166666666668,1,anode_hold
5134.0,-2.5,4.223065852130135,4.224778489629388,0.0015383800078385,-0.1742574914151973,27.929022804457663,0.913055555555556,1,anode_hold
5135.0,-2.5,4.223503715850207,4.225053431785724,0.0012541156541948,-0.2956002813219172,27.92935639438886,0.9131944444444444,1,anode_hold
5136.0,-2.5,4.223000493358025,4.224707246745735,0.0014296617998905,-0.2770915878187452,27.92968998432006,0.9133333333333336,1,anode_hold
5137.0,-2.5,4.223583880987979,4.225046048568268,0.0014906823673136,0.0285147870240365,27.93002357425125,0.9134722222222222,1,anode_hold
5138.0,-2.5,4.223320656971909,4.224544786446648,0.0008480864293105,-0.3760430454287089,27.930357164182453,0.9136111111111114,1,anode_hold
5139.0,-2.5,4.223827933833731,4.224518792594368,0.0014002764415192,0.709417680882396,27.930690754113648,0.9137500000000001,1,anode_hold
5140.0,-2.5,4.224072156868703,4.225310225242354,0.0012104046970675,-0.0276636765832449,27.931024344044847,0.913888888888889,1,anode_hold
5141.0,-2.5,4.22426884759873,4.225067534878239,0.000823570996257,0.0248837167484694,27.931359872696664,0.9140277777777779,1,anode_hold
5142.0,-2.5,4.2242974846249925,4.225330476685079,0.0007989324694549,-0.2340595906309417,27.931696193424617,0.9141666666666668,1,anode_hold
5143.0,-2.5,4.22423854854874,4.225078681206722,0.0007490919218537,-0.0910407361276455,27.93203251415257,0.9143055555555555,1,anode_hold
5144.0,-2.5,4.224250369386533,4.225051938081471,0.0010764041829903,0.2748354880530712,27.932368834880524,0.9144444444444446,1,anode_hold
5145.0,-2.5,4.224272323977637,4.225282627010028,0.0016586628015047,0.6483597691140375,27.93270515560848,0.9145833333333333,1,anode_hold
5146.0,-2.5,4.224462509336703,4.2253583166543285,0.0004595225735811,-0.4362847440440021,27.933041476336435,0.9147222222222222,1,anode_hold
5147.0,-2.5,4.224632923470065,4.225491728082597,0.0006846162601832,-0.1741883523491694,27.933377797064388,0.9148611111111111,1,anode_hold
5148.0,-2.5,4.224723108938162,4.225542709655194,0.0003338603025486,-0.4857404144837929,27.93371492590759,0.915,1,anode_hold
5149.0,-2.5,4.225049613920771,4.2255387365456025,0.0006192403366112,0.1301177117802865,27.934053092474645,0.9151388888888887,1,anode_hold
5150.0,-2.5,4.224911074820961,4.225984391192328,0.0002687700992724,-0.8045462720946972,27.9343912590417,0.9152777777777779,1,anode_hold
5151.0,-2.5,4.224756937531871,4.225655483520532,0.0009282400651023,0.0296940764412667,27.934729425608754,0.9154166666666668,1,anode_hold
5152.0,-2.5,4.225552739138193,4.22525192429289,0.0006645223567876,0.965337202090133,27.93506759217581,0.9155555555555557,1,anode_hold
5153.0,-2.5,4.225243122401872,4.226134092328352,0.0004518427039997,-0.4391272224806286,27.935405758742867,0.9156944444444446,1,anode_hold
5154.0,-2.5,4.225087360889844,4.226581629981483,0.0005423899463503,-0.9518791452896024,27.93574392530992,0.9158333333333333,1,anode_hold
5155.0,-2.5,4.2254290850709575,4.226565728872552,0.0008830145060362,-0.2536292955577224,27.93608247581436,0.9159722222222224,1,anode_hold
5156.0,-2.5,4.225723056651752,4.226601978426485,0.0006831979374183,-0.1957238373151426,27.93642295999585,0.9161111111111113,1,anode_hold
5157.0,-2.5,4.225879891160798,4.226321442409492,0.0002249512144036,-0.2166000342898044,27.93676344417735,0.91625,1,anode_hold
5158.0,-2.5,4.226129372960139,4.226241530245638,0.0004228063041077,0.3106490186075561,27.937103928358844,0.9163888888888889,1,anode_hold
5159.0,-2.5,4.226762255177986,4.226186585266811,-0.0001602142756738,0.4154556355011607,27.937444412540337,0.9165277777777778,1,anode_hold
5160.0,-2.5,4.225913495963808,4.226727169765879,0.0002969873891902,-0.516686412880496,27.937784896721837,0.9166666666666665,1,anode_hold
5161.0,-2.5,4.226910037142758,4.226785033122833,-0.0001051164227491,0.0198875971761935,27.93812538090333,0.9168055555555557,1,anode_hold
5162.0,-2.5,4.226599221043055,4.227207300677882,0.0001214308404988,-0.4866487943280262,27.938465865084822,0.9169444444444443,1,anode_hold
5163.0,-2.5,4.226575004157502,4.227456736708145,0.000526896344022,-0.3548362066210231,27.93880961421897,0.9170833333333333,1,anode_hold
5164.0,-2.5,4.226119104692125,4.2267291907675295,0.0001422106775071,-0.4678753978977212,27.93915375244511,0.9172222222222224,1,anode_hold
5165.0,-2.5,4.226826908394759,4.227102874461983,2.8903682288588845e-05,-0.2470623849353259,27.939497890671245,0.9173611111111108,1,anode_hold
5166.0,-2.5,4.227230581261769,4.227077706808914,0.0002300646913861,0.3829391442407015,27.93984202889738,0.9175,1,anode_hold
5167.0,-2.5,4.226840219608327,4.227510987540108,0.0001639559920346,-0.5068119397462212,27.94018616712352,0.9176388888888889,1,anode_hold
5168.0,-2.5,4.226819489997014,4.227630639947518,0.000140781347422,-0.6703686030808953,27.94053030534965,0.9177777777777778,1,anode_hold
5169.0,-2.5,4.227006829261084,4.227539955080426,-0.0002502837867366,-0.7834096060781448,27.940874443575787,0.9179166666666667,1,anode_hold
5170.0,-2.5,4.227571567749063,4.227898576642448,0.0005061297239678,0.1791208305830238,27.941218581801923,0.9180555555555556,1,anode_hold
5171.0,-2.5,4.2276526278441215,4.22756411401076,0.0003033759348859,0.3918897682471112,27.941562720028056,0.9181944444444443,1,anode_hold
5172.0,-2.5,4.228242149874164,4.228311674377685,0.0001619659336462,0.0924414301248788,27.941906858254196,0.9183333333333334,1,anode_hold
5173.0,-2.5,4.227739737057498,4.228255950384872,-4.403342617929847e-05,-0.5602467535528177,27.94225099648033,0.9184722222222224,1,anode_hold
5174.0,-2.5,4.228247150370462,4.228439990254931,-0.0003772859751533,-0.5701258596220171,27.942595134706465,0.9186111111111113,1,anode_hold
5175.0,-2.5,4.227760749218416,4.228524330582135,0.0005282042109191,-0.2353771527996428,27.9429392729326,0.91875,1,anode_hold
5176.0,-2.5,4.22818170952381,4.228268443563717,8.733034707098257e-05,0.0005963071636472,27.94328341115873,0.9188888888888889,1,anode_hold
5176.650768828756,-2.5,4.228657129277641,4.227646759468162,-0.0006656481420707,0.3447216674086206,27.943507365589085,0.9189792734484383,1,anode_hold
